x,y,yaw_deg
4.280240745706649,-402.1311923855007,176.52188321837343
4.180429277785231,-402.125125917731,176.52188321837343
4.0806178098638135,-402.1190594499613,176.1746319100802
3.980844948700866,-402.1123881725416,176.17331511012236
3.8810722339382013,-402.10571460162964,175.87725511902624
3.7813353460034476,-402.0985255751814,175.87476708331056
3.681598759152346,-402.09133221691684,175.62953285957533
3.5818938869956174,-402.08371203979107,175.626147667585
3.482189452627117,-402.0760859708767,175.43125549778114
3.382511546656926,-402.06812080201723,175.42737043654287
3.282834169515835,-402.06014887338597,175.28223659262576
3.1831773140800914,-402.05192448218605,175.27835960623898
3.083521006844925,-402.0436933469011,175.1823231810777
2.9838786409912013,-402.03529518455764,175.17905448080376
2.884236749647209,-402.02689133727074,175.13140357962297
2.784601883388132,-402.0184046243371,175.12941276571206
2.6849673106311354,-402.0099144493472,176.88546993368288
2.585121691426244,-402.00448160868723,176.97291062731935
2.485265561783289,-401.9992010279845,176.55877154829045
2.3854503469776107,-401.9931988306756,176.5368277983163
2.2856373001217842,-401.9871583971493,176.1953231412988
2.185862130616518,-401.9805231574228,176.17580390751039
2.08608912606335,-401.97385392041525,175.9064603746332
1.9863486440706966,-401.9667157376804,175.88968929185057
1.8866101871519332,-401.9595483552228,175.69184113812437
1.7868971150747146,-401.9520366122011,175.67834437229166
1.6871857746989707,-401.9445013776127,175.5511748235404
1.5874914229568182,-401.93674485115133,175.54165417462562
1.4877983430832031,-401.9289717574852,177.18938666659122
1.3879263624930662,-401.9240686582691,177.32452671818564
1.2880397072135559,-401.9194009760925,176.88775957915766
1.188191781359189,-401.9139720118351,176.85076986630003
1.0883471355228513,-401.9084785741459,176.50739430192982
0.9885373632613809,-401.90238687598327,176.477052329411
0.8887306725800981,-401.89624231293294,176.22647801956884
0.7889518972891306,-401.88966132662193,176.20318163064553
0.6891757173553856,-401.88303976504943,176.04458878375948
0.589418285476804,-401.8761420545864,176.02898990709494
0.48966269762192655,-401.869217182634,177.63378498559925
0.38975639057142164,-401.8650888804386,177.80114619606036
0.2898343632523907,-401.8612522652267,177.38381714593677
0.1899432127029496,-401.8566879624173,177.33949376741177
0.09005534151953887,-401.8520463732201,174.91487215935229
-0.009537026187129385,-401.8431840475067,174.65075759899491
-0.1090971951403529,-401.8338618204212,173.98775767200547
-0.20854203005028182,-401.8233882636149,173.9082420448228
-0.3079730322882355,-401.81277662124506,173.34246020086636
-0.407293749898229,-401.8011837313227,173.26637667382414
-0.5065996367435677,-401.7894588860064,174.3834853960416
-0.6061123471830762,-401.779672619893,174.55412324278876
-0.7056566517870434,-401.770182489191,173.75800891790917
-0.8050579040841941,-401.759310342503,173.62661017266845
-0.9044355448453958,-401.74821008680476,172.94898566925852
-1.0036736930942447,-401.73593547394523,172.8254520424489
-1.102886410733292,-401.7234467663058,172.26464856849105
-1.2019711675555598,-401.7099877236085,172.14973213649108
-1.301029703025567,-401.69632984271993,173.17925659813963
-1.400313910000478,-401.6844544602121,173.41928888749138
-1.4996507346707681,-401.67299468603227,172.69263903098206
-1.598832212219663,-401.66027629425815,172.5082164761654
-1.697974261932292,-401.64723845936857,171.9148792496758
-1.7969744874088935,-401.6331748701259,171.74778868699036
-1.8959347728980613,-401.6188224119486,171.2837814406283
-1.9947745540572812,-401.6036691654058,171.13665287185248
-2.0935761250289393,-401.588262000405,172.12849875605522
-2.1926242411389207,-401.5745681499218,172.48610076386325
-2.2917612509661827,-401.56149204796674,171.91413806579817
-2.390760848036738,-401.5474272414782,171.68903527706956
-2.4897063639075583,-401.532973312985,171.25515783618258
-2.5885383540418694,-401.5177707224093,171.0658898241686
-2.687320821074233,-401.50224154449063,170.7631481255143
-2.7860191822009917,-401.48619074463886,170.6151252960653
-2.884676420356391,-401.4698849015335,170.11448450948214
-2.9831853411927165,-401.45271800332955,169.83821385693193
-3.0816124147519948,-401.4350759413643,169.16567088881183
-3.1798213466349248,-401.4162805949622,168.74007473955004
-3.2778922330098927,-401.39675542132767,168.21126371787742
-3.375775631868542,-401.3763265957088,167.8173477059602
-3.4735193687337746,-401.3552246274724,167.4220267110216
-3.5711130983524075,-401.3334492343474,167.06711015683774
-3.6685721522576675,-401.3110692439158,167.62890642348515
-3.766240763909796,-401.28964705820283,168.25038065922905
-3.864141193182281,-401.2692844181949,167.86871859616687
-3.9619009575261783,-401.24827070787495,167.36667910508046
-4.0594756917751535,-401.2264005822221,167.10358416403648
-4.156947311614119,-401.20408301829104,166.6782719650865
-4.2542522404188805,-401.1810421417858,166.51616038402236
-4.351490786577841,-401.1577262374364,166.18219221089987
-4.448592577578195,-401.1338437471066,166.56918817621914
-4.545847375029752,-401.11061911027844,167.63116862669764
-4.643522026449508,-401.089199641801,167.50320200913293
-4.741147729289042,-401.06756226849296,167.0481139893318
-4.838599357849085,-401.04514996716483,166.98668065665035
-4.936026620623172,-401.0226332542252,166.68063918514193
-5.033332501296761,-400.999596397969,166.6634468929653
-5.130631430304232,-400.9765303531924,166.52686651454948
-5.227875133382908,-400.9532324268603,166.62739258707703
-5.325156995633876,-400.9301057618333,168.3510602489547
-5.4230930547776515,-400.90991518286154,168.31946697797179
-5.521016832070973,-400.8896708387579,165.91376895140567
-5.618005671532788,-400.8653337029429,165.91376895140567
-5.714994510994602,-400.8409965671279,165.47857279219267
-5.811795554888636,-400.8159234888064,165.45608866729177
-5.908586896354451,-400.79081238813205,166.78248405715746
-6.005930168330561,-400.76794933154827,166.95554921623182
-6.103345461311415,-400.745379620578,166.54210225439587
-6.200594843134509,-400.72210767628997,166.45832385069858
-6.297810605439481,-400.69869343448516,166.2573117022039
-6.394943450572673,-400.6749383157311,166.19869464380804
-6.492052116222901,-400.65108379382303,167.43921896130522
-6.589645328653414,-400.6293392558577,167.93444035371067
-6.687431986459146,-400.6084370857547,166.2690762385179
-6.784549619829416,-400.5847068200338,165.44671996829737
-6.881336853968611,-400.55957989289345,165.1507985618287
-6.977992173483654,-400.53395364113095,164.9559897813062
-7.0745606517251645,-400.5079986768669,165.7438519105074
-7.171468828546124,-400.48337606558965,166.4370600083875
-7.268675894567897,-400.45992574628974,166.20773813456822
-7.365787462694551,-400.43608676365983,165.95375726873124
-7.462793264096858,-400.411817324974,165.86159522708084
-7.559759723400735,-400.3873919258635,165.73047312331659
-7.656670209373921,-400.3627446365953,164.97528266530222
-7.75323177238332,-400.33682639124766,163.5664820722042
-7.849142469674092,-400.3085373597155,163.9642879399671
-7.9452407976728106,-400.28091677362835,165.07496248774743
-8.041862962274571,-400.2551623862837,164.9914457539979
-8.13844705673387,-400.2292673002632,164.64402902288683
-8.234872786186607,-400.20278693283115,164.83062463153735
-8.331380477472027,-400.17662175658813,166.20341005367627
-8.428491106006897,-400.1527752267485,166.18075118279026
-8.525592177697234,-400.12889032342736,165.8267839966322
-8.622543957397381,-400.1044059697948,165.82678399663268
-8.719495737097532,-400.07992161616227,163.5405189686843
-8.815393397555363,-400.05158918787197,163.53428956429255
-8.911288185083842,-400.02324627191933,164.8134073283059
-9.007789444481016,-399.9970517068902,164.9373394112846
-9.104349468996773,-399.9710653099613,164.50738862067433
-9.200711258067393,-399.94435520237295,164.42574512216675
-9.29703540380292,-399.9175076678837,165.56993352310684
-9.3938704875772,-399.89259047190586,165.92317670877998
-9.49086332180023,-399.86826926163144,164.09434680859277
-9.587009786535488,-399.84087096417187,163.31841741873095
-9.682797106655315,-399.81216694939883,162.95329225318906
-9.778398343043193,-399.78285347784305,162.72387082655266
-9.873882655772658,-399.7531570608469,163.44080420648902
-9.969724131512026,-399.7246597813904,164.10381279511745
-10.065895907170951,-399.69727144945074,163.8856430061214
-10.161961810448943,-399.66951737203595,163.60788812108865
-10.257892926380725,-399.64129765984904,163.3717743387559
-10.353705458121292,-399.61268330110283,162.94295653127506
-10.449302624703707,-399.5833522100689,162.72463013878655
-10.544785388186837,-399.5536576626766,162.1127578891344
-10.639947535734322,-399.5229445248691,162.29872511324191
-10.735206259654358,-399.4925412526441,163.26567152715688
-10.830967114574884,-399.4637490692479,163.21580224854213
-10.926702410935029,-399.4348736875031,162.58037806474795
-11.02211205196292,-399.40493823095477,162.58037806474823
-11.117521692990811,-399.3750027744064,160.15720825991394
-11.211578338600784,-399.34106092503146,160.09903229403085
-11.305602491534843,-399.307022860679,161.055677572017
-11.400179496074614,-399.2745601544385,161.22523852484673
-11.494854495415595,-399.2423766857067,160.73178742284614
-11.589247562294789,-399.2093794835401,160.55565003148132
-11.68353999228447,-399.1760918160569,161.35731244303085
-11.778283142859202,-399.1441286216748,161.8572858914067
-11.873307400312216,-399.1129914789778,160.53821768492264
-11.967565804520754,-399.07968356761955,159.2767462121483
-12.061091790719432,-399.0442996579233,159.65497853452743
-12.154845882414929,-399.0095351920423,160.29155819102678
-12.248983879391497,-398.97581326023123,160.10821839566012
-12.343012029984946,-398.9417907986828,159.55279598634405
-12.43670740890052,-398.9068579040175,159.69250241534527
-12.530485511837643,-398.872154378977,160.78270102108507
-12.624909113061031,-398.83924063273264,160.78270102108507
-12.71933271428442,-398.8063268864883,158.2158380318526
-12.812187102155708,-398.7692175512735,158.20419401282413
-12.905034369248217,-398.7320891773085,159.0367674306659
-12.99840947472951,-398.69631456492505,159.1936895755859
-13.091884069747536,-398.66079511608297,158.6902128032134
-13.185041410517597,-398.6244562534659,158.4762724668947
-13.278063940309227,-398.5877691970155,159.16362330945014
-13.371514420571703,-398.5522027808914,159.72198352730763
-13.465312543482852,-398.5175467092996,158.6775637707489
-13.558441974633098,-398.48119504325444,157.23242882675353
-13.65064620221413,-398.44249734854253,157.49576952466512
-13.743024395568238,-398.40422505666646,158.28398359267678
-13.83592327724912,-398.3672260169185,158.2242508474264
-13.928783068907249,-398.3301303336243,157.6716874051322
-14.021281260131284,-398.29214065370843,157.6716874051322
-14.113779451355319,-398.25415097379255,157.0345828515474
-14.205849110489956,-398.21513529006216,156.99054965094274
-14.297889151210535,-398.1760486930757,156.42053724636534
-14.389534373394092,-398.1360489934905,156.24288218779424
-14.481056541141585,-398.09576470411326,156.9208406092447
-14.573044240255362,-398.0565681660241,157.41759974775167
-14.66537305093629,-398.01816866240654,156.42352966798404
-14.757002003388719,-397.9781817610265,154.99857333377486
-14.847627792520996,-397.9359195142336,155.20812655998645
-14.938405176732843,-397.89399009737747,156.02545066048083
-15.0297738111413,-397.8533587817925,156.01695705809115
-15.121136355996079,-397.812713951101,155.4643853007678
-15.212102736412769,-397.7711898762321,155.46438530079743
-15.303069116829459,-397.72966580136324,154.96848351606536
-15.393671936205637,-397.6873563228748,154.8570539322383
-15.484193062115615,-397.6448703613837,154.46120692606843
-15.574417107961061,-397.60176068930673,154.20502054479837
-15.664448887053547,-397.5582473590128,154.67953112068184
-15.754833004038042,-397.51548347139806,155.43542825010604
-15.845778386741891,-397.47391342780077,155.37579290091395
-15.936680237983666,-397.43224884618377,155.11572715859614
-16.02739225206821,-397.3901719919696,155.11572715862656
-16.11810426615276,-397.34809513775554,154.77334321682673
-16.208563192294758,-397.3054769819339,154.76698057464682
-16.299017415185784,-397.26284876685276,154.47623066520967
-16.389253809958024,-397.21976225379666,154.38972287528847
-16.479425393350304,-397.1765393812827,154.1657781604635
-16.56942679228784,-397.1329646670139,153.9845389984711
-16.659290460289945,-397.08910520585624,153.84307472155317
-16.74904500194294,-397.04502428004474,153.55206472057935
-16.838575057560544,-397.00048777478287,153.68746966995727
-16.928207679368835,-396.95616418087025,155.00473376815725
-17.018838012008235,-396.9139116783941,155.00473376815725
-17.109468344647635,-396.8716591759179,153.2571931438035
-17.198762689422537,-396.8266651785094,153.03337973365078
-17.287885903637985,-396.7813200150657,153.932091981317
-17.377703234544896,-396.7373813229128,154.4324278474307
-17.467907008725696,-396.6942256711003,154.21283262390344
-17.55794382578407,-396.65072504870074,153.9159336749845
-17.64775491255149,-396.6067580172626,153.81244415993842
-17.737485846275668,-396.5626291289908,153.39396472440959
-17.826892668708872,-396.51784574745005,153.39396472440959
-17.916299491142077,-396.4730623659093,153.27881524310519
-18.005616122970977,-396.42809939433477,153.27417995172573
-18.094929124214588,-396.3831291934381,153.1806949468722
-18.184168586536117,-396.3380133506096,153.14469710885166
-18.27337973155465,-396.29284142609544,153.79324842762998
-18.3630902439386,-396.24868524990256,154.49552421978902
-18.453341488119484,-396.2056289601921,153.9612519854331
-18.54317643616911,-396.1617382977352,152.47222680986712
-18.631851274095517,-396.11552245328164,152.48377006521886
-18.720535214880243,-396.0693245823833,153.8071374209065
-18.810262652861752,-396.02518709227445,153.80713742093576
-18.89999009084326,-395.9810496021657,152.2483295744148
-18.988474398529142,-395.9344924619906,151.80788376158006
-19.076607416161476,-395.88725156484793,152.48102651274584
-19.165283479707895,-395.84105239885395,153.12679201099607
-19.254480504012676,-395.7958525978035,153.0921613274643
-19.343650147933868,-395.75059891515644,152.99764578567655
-19.432745064171066,-395.7051981766105,152.99486784357464
-19.521837774704274,-395.65979312065076,152.87869659582822
-19.610838244579003,-395.61420751412953,152.87869659585627
-19.69983871445373,-395.56862190760836,153.945934983027
-19.78966831715406,-395.52470410626546,154.25367758861253
-19.879737016412214,-395.4812672489462,153.16129906033365
-19.968948278961612,-395.4361277374806,152.28774122521412
-20.057473847957784,-395.38962661067995,152.70293282062983
-20.146328520134023,-395.3437710543011,153.68849935713047
-20.235964373645277,-395.29944786708336,153.56419963226463
-20.325500836328732,-395.2549318279963,151.78070313029315
-20.4136114333644,-395.2076491266157,151.78070313029315
-20.50172203040007,-395.1603664252351,152.91615313852068
-20.590747782594033,-395.1148413126783,153.20840557907755
-20.680009100135408,-395.06976861195375,152.180576045244
-20.76843611509657,-395.0231080179285,151.35539641482154
-20.856193308265766,-394.97517258002614,151.75674709826586
-20.944278448906914,-394.92785609342087,152.81140409235502
-21.033225318221316,-394.88216598947054,152.7625423493651
-21.122132031061575,-394.836400645365,151.00996263505337
-21.209598630388587,-394.78793699752464,151.00996263505337
-21.2970652297156,-394.73947334968426,152.1103179938093
-21.385440668046375,-394.6927013383212,152.49582289408644
-21.47413453149411,-394.6465220166876,151.6446060759684
-21.56212228009147,-394.59903570814953,150.7428767779746
-21.649362015289217,-394.5501648603724,151.03581686188647
-21.736845694611336,-394.5017433316526,152.2603178467993
-21.82534899671569,-394.4551998393422,152.26031784677048
-21.913852298820043,-394.4086563470317,151.99600447002285
-22.002139881197486,-394.3617051091375,151.97710191681978
-22.090412036175607,-394.3147247109342,151.80844359188367
-22.178545325216156,-394.26748477686476,151.72444439670434
-22.26660945289351,-394.2201155824843,151.07670356681263
-22.354123931303405,-394.17175855759854,150.09062517575262
-22.440801683001894,-394.1218977661856,150.23267914973434
-22.527600059618674,-394.0722535895608,151.68567985719625
-22.615632118621782,-394.024824824581,151.68567985722396
-22.703664177624887,-393.9773960596013,151.53552860746592
-22.79157157352342,-393.9297367945862,151.5019340199367
-22.879451077478745,-393.8820259578256,151.41844077593046
-22.967260883394463,-393.83418715398,151.3476952174357
-23.055011632708798,-393.7862399209566,151.31493121002055
-23.142734909169814,-393.7382425384927,151.2227093009552
-23.230380856933117,-393.6901039988337,151.22270930098568
-23.318026804696427,-393.64196545917474,151.12866598084858
-23.405593619112157,-393.5936831266949,151.12676959387608
-23.493158837800333,-393.54539789462626,151.0800861360349
-23.580684672907076,-393.49704133920363,151.05971701707173
-23.66819332400548,-393.4486536636781,151.0439954399095
-23.75568868983092,-393.4002419808029,151.0214401702139
-23.843164995678595,-393.35179585531205,151.02025031100166
-23.930640295295824,-393.3033479132882,151.01187538066188
-24.01810851247042,-393.25488718543426,151.01187538068936
-24.105576729645012,-393.2064264575804,151.02790467834927
-24.193058500301994,-393.15799020244964,151.0310067286324
-24.280542893880195,-393.1095586833728,151.0574123008768
-24.368049590968774,-393.06116749203625,151.0788660531207
-24.45557440900499,-393.0128090658051,151.48347773373774
-24.54343251447113,-392.9650731971668,152.59621917315516
-24.632207159230585,-392.91904935978164,152.5726937629752
-24.720962363404546,-392.87298935388606,150.88769410684685
-24.808325342791,-392.8243391638294,150.8876941068174
-24.895688322177453,-392.7756889737727,152.03993524607176
-24.984005152899503,-392.7288090127032,152.478124881779
-25.072684747850868,-392.682602296751,151.71406042809258
-25.160731430305884,-392.6352219100891,150.8495446422194
-25.248061997389982,-392.58651356159936,151.1481012857748
-25.335639733213643,-392.53826393881104,152.51746153111623
-25.424351030670543,-392.4921181170788,152.5174615311451
-25.513062328127443,-392.4459722953466,151.08133354904973
-25.600586983714386,-392.3976188787415,150.96407796824155
-25.68801474344191,-392.34908519982827,150.90935254587427
-25.775396084173682,-392.30046805006276,150.87815408638753
-25.862750961860566,-392.25180331432796,150.858282105071
-25.95008894596208,-392.20310828959924,150.82095112459226
-26.037395194220927,-392.1543563647675,150.92310396356356
-26.12478590832384,-392.10576146341106,152.6257822727676
-26.213584288342112,-392.0597834375078,152.62578227279556
-26.30238266836038,-392.0138054116046,152.64164134814297
-26.39119377054863,-391.96785196666787,152.64549978638786
-26.48000796798089,-391.9219045021644,151.66917198275104
-26.568016005170414,-391.87445595741974,150.8781540863581
-26.655370882857294,-391.8257912216849,151.28070557449212
-26.743059444329916,-391.7777447492138,152.4093534222414
-26.831683514029436,-391.7314316254828,152.398938232624
-26.92029892827409,-391.68510251546735,150.72575443602486
-27.00752405495165,-391.63620559904194,150.72575443605328
-27.094749181629208,-391.5873086826166,151.8706482997203
-27.182926819409282,-391.5401681422968,152.3308629788798
-27.27148736084937,-391.49373365447076,151.6006592518604
-27.359440385054146,-391.44617893953864,150.72575443602585
-27.44666551173171,-391.39728202311323,150.9984928702888
-27.5341172818313,-391.3488037081669,152.40935342223952
-27.622741351530813,-391.3024905844359,152.40935342224046
-27.71136542123033,-391.25617746070486,151.02316558294172
-27.79884050763611,-391.2077354527082,150.8781540863915
-27.88619538532301,-391.1590707169734,150.83706300849923
-27.973515325423495,-391.1103433528785,150.81142349147171
-28.060813465587515,-391.0615769106899,151.26354441862625
-28.148488024167914,-391.0135039611534,152.2035561741656
-28.236945173231913,-390.9668728134161,152.0881298102079
-28.3253055691625,-390.9200649515581,150.39396010379554
-28.412246077572178,-390.87066374552734,150.39396010379554
-28.499186585981857,-390.82126253949656,151.50743343674222
-28.587065524909175,-390.77356293001475,151.85256767916061
-28.67523535803685,-390.72639078054004,150.9999036004191
-28.762683568363283,-390.67791725368465,150.13008646156146
-28.84939564009251,-390.62811617160554,150.41824369550721
-28.93635234442833,-390.578754505129,151.65856148199057
-29.02436194530335,-390.53128407945525,151.6585614819619
-29.112371546178373,-390.48381365378145,150.15516903940502
-29.199102675398983,-390.4340521063756,150.01742282132798
-29.2857166531227,-390.38408061427555,150.99004251759928
-29.373158238947994,-390.3355910840484,151.61984495280367
-29.461135742498435,-390.28806119840937,151.56826762546967
-29.549070353126567,-390.2404521737266,151.46526135279905
-29.636919301342648,-390.19268509869414,151.459216625396
-29.72476320153953,-390.144908760226,151.35924743760958
-29.8125236163964,-390.0969792208585,151.35924743760958
-29.90028403125327,-390.049049681491,151.31432410693176
-29.988006831812303,-390.00105135163705,151.30151178584887
-30.075718904615865,-389.9530334024479,150.40668827979025
-30.16265969182621,-389.90365758442704,149.50431107889935
-30.248822683135728,-389.8529124360045,149.75416106550676
-30.335202312467135,-389.8025457315223,150.9182340629283
-30.42259121110178,-389.75394211483325,150.9182340629293
-30.509980109736425,-389.7053384981442,150.97762045541504
-30.597419332571896,-389.65682548838186,150.98510338098657
-30.684864896461278,-389.6083238954606,151.0541143907924
-30.772368773441045,-389.55992768650657,151.09993816391406
-30.85991137070898,-389.5116014532226,150.58636218743368
-30.947009718049067,-389.4624967392369,149.47647723471837
-31.033148047594032,-389.41170973949255,149.47647723471837
-31.119286377138998,-389.3609227397482,151.05293060657115
-31.206789113515047,-389.31252480070003,151.06163160229076
-31.29429938147827,-389.2641400493745,149.96395634942493
-31.38086017178903,-389.2140915224719,149.5135925682542
-31.46703138230391,-389.1633603324777,150.15901301055823
-31.553759909039634,-389.11360801193945,151.1766361746901
-31.64136711893465,-389.06539900931296,151.16856859968956
-31.72896753246924,-389.01717767563235,151.09993816394652
-31.81651012973719,-388.96885144234847,151.09993816394652
-31.904052727005137,-388.9205252090646,151.07636066810008
-31.99157542875802,-388.87216295655816,151.07120558972545
-32.07909378047546,-388.82379282866407,151.08145928292262
-32.166620785927165,-388.7754383645626,151.09035887059116
-32.254155302298585,-388.72709749568907,151.10716789126903
-32.34170398552635,-388.6787823153574,151.15745106202172
-32.42929504804483,-388.6305439807395,151.15745106199515
-32.51688611056331,-388.58230564612154,151.2688885066957
-32.6045708228913,-388.53423776598333,151.27266782042605
-32.69225871128128,-388.48617566667906,150.15457009603298
-32.77898451069076,-388.4364159721925,149.64371934808432
-32.86527071654073,-388.3858806198157,150.22983361852
-32.95206157378342,-388.3362350233202,151.23423394729753
-33.039717202505074,-388.28811411400585,151.09933261441947
-33.12725673770411,-388.2397883639403,149.68096217885292
-33.21357577380863,-388.18930910913383,149.6809621788831
-33.299894809913155,-388.1388298543274,150.96563765392554
-33.38731732192562,-388.09030220168455,151.3496204107645
-33.47506968226359,-388.0423579171978,151.31185740262347
-33.56279040422923,-387.9943558173483,151.27266782039553
-33.65047829261921,-387.946293718044,151.26661640416896
-33.73816110249803,-387.89822235867314,151.24383976390746
-33.82582479760868,-387.85011614577525,151.24383976393796
-33.91348849271934,-387.8020099328774,151.26168207415225
-34.001167163865965,-387.7539310215848,151.26305670049084
-34.0888469888124,-387.7058542136916,151.30663920068278
-34.17656334458554,-387.6578441216352,151.3303716587675
-34.26429959289279,-387.6098703590895,151.3728982750136
-34.352071383027784,-387.56196175285675,151.44597019458766
-34.43990424336634,-387.5141651022986,151.42499374705136
-34.52771954017087,-387.4663363307095,151.21502761773863
-34.61535903318049,-387.41818604073273,151.21502761773863
-34.70299852619011,-387.37003575075596,151.06774758172836
-34.79051389006435,-387.32166037869337,151.03292025261217
-34.87799990107541,-387.27323178138556,150.9629991347709
-34.965426687484715,-387.2246964892918,150.89914446706067
-35.05279938769608,-387.17606375939096,150.87909542315194
-35.14015504736141,-387.12740046862615,150.81332887654784
-35.227454809217036,-387.0786369295854,150.81332887651743
-35.314754571072655,-387.0298733905446,150.77741847666934
-35.402023751963334,-386.981055146131,150.77523462597273
-35.48929107310682,-386.93223357487125,151.7125282559336
-35.5773390272687,-386.8848494674658,152.21529510995595
-35.66580572840924,-386.8382364440803,151.53500916804887
-35.75370307309349,-386.79058159726156,150.4715002265401
-35.84071035802297,-386.74129809567097,150.61312363783452
-35.92783655158554,-386.69223129767744,152.01997726826218
-36.01614383803124,-386.6453169680923,152.0199772682334
-36.10445112447694,-386.5984026385071,150.67737315962404
-36.19162991173126,-386.54943490475785,150.3958499096576
-36.27857204951016,-386.5000365663418,150.3164040431735
-36.36544553321765,-386.45051776503493,150.24488928484453
-36.45225721660954,-386.4008905266824,150.53608608999272
-36.53931606944266,-386.3517073548761,151.5540916832931
-36.62723896924958,-386.30407653660296,151.5540916832664
-36.71516186905651,-386.25644571832976,149.81598114649753
-36.80159742682429,-386.2061712927481,149.72009764716893
-36.88795092228052,-386.1557510093066,150.6110522202004
-36.975071843279494,-386.10668303193296,151.13060378708465
-37.06264029298534,-386.0584036597752,150.53674889497182
-37.149694872974685,-386.00922423033813,149.4227103209261
-37.235785505587494,-385.95835641992574,149.4599962741778
-37.32190849931221,-385.90754507171954,150.93924079277156
-37.409315211937745,-385.85897349826524,150.93924079276957
-37.496721924563275,-385.81040192481095,150.7918289009939
-37.58400327859456,-385.7616056881735,150.73907131749647
-37.671239767704975,-385.7127290462316,149.89736269204226
-37.75773714452302,-385.6625829511929,148.84252616511088
-37.843308278434215,-385.61084599920514,148.98014667302596
-37.92900136160583,-385.55931597840055,150.13384630870092
-38.01571670118064,-385.50952058662324,150.13384630870092
-38.102432040755446,-385.45972519484593,149.81172330062336
-38.18886571522038,-385.40944326811564,149.731284947587
-38.275229053854325,-385.3590398466065,150.24341518028328
-38.36203576902462,-385.30941248514415,150.78856439258726
-38.44931444606266,-385.2606112178008,150.3995018240881
-38.536251342640824,-385.21122318703374,148.77118230922417
-38.62175798814402,-385.1593797232739,148.77118230919632
-38.70726463364721,-385.107536259514,149.78410596301964
-38.79367209176745,-385.0572138235779,149.95743983344016
-38.88023370684947,-385.00715168265066,149.69407710945114
-38.96656352894989,-384.9566926354256,149.4727672594729
-39.0526985697909,-384.90590005822037,149.38481529620995
-39.13875518349584,-384.85497553014324,149.07559672686259
-39.22453606693045,-384.8035870956759,149.0755967268647
-39.31031695036506,-384.7521986612085,148.7981840592322
-39.39584789460877,-384.7003955749779,148.76387107279672
-39.48134792392297,-384.648541200552,149.39132103281275
-39.567406466330695,-384.59762872370516,149.90314291490083
-39.6539206006625,-384.54748457428923,149.4575442701577
-39.74003384876334,-384.49667400769596,148.0384566472983
-39.824870521480406,-384.4437413134312,148.03845664732594
-39.90970719419747,-384.3908086191665,147.67527127824758
-39.994206407883894,-384.3373393752622,147.6264545896015
-40.07866026252735,-384.28379801185326,148.14102346436212
-40.163588308690436,-384.23101928867567,148.628817260311
-40.24896587290224,-384.1789635234898,148.52520710635304
-40.33424848625612,-384.1267538663619,148.02226474516064
-40.419070196700176,-384.07379719919743,148.02226474513301
-40.50389190714423,-384.0208405320329,147.61506815792146
-40.58833462908196,-383.9672826973478,147.52136737106744
-40.6726901405531,-383.9135865257499,147.3452197457538
-40.75687967023021,-383.8596315913267,147.1228566088525
-40.84085966998709,-383.80535000328194,147.18445541518184
-40.924897225131,-383.7511592200647,148.14113802664178
-41.00982862373279,-383.6983786489105,148.14113802661413
-41.094760022334576,-383.6455980777562,146.8310061347428
-41.17845330990076,-383.5908953879684,146.2845561175497
-41.26163014984443,-383.53539093358125,146.64950149385018
-41.34515490331322,-383.48041998432166,147.4964673634491
-41.42948707115478,-383.4266871579771,147.49646736347876
-41.51381923899635,-383.37295433163257,147.18360683560894
-41.597856650909655,-383.3187618785794,147.15990054510888
-41.681871728256716,-383.26453459819214,146.84225556584627
-41.76558382599433,-383.2098430684355,146.58135373986332
-41.84904706708298,-383.15477022079887,146.51121828468644
-41.932442484786876,-383.09959547678665,146.1222725287617
-42.015461781432286,-383.04385565669065,146.12227252878645
-42.09848107807769,-382.9881158365947,145.86700649468102
-42.181250934642,-382.93200689253604,145.77903303736892
-42.26393482532223,-382.8757707352899,146.11965632874612
-42.34694852761559,-382.8200291718833,146.82761811896304
-42.4306477069737,-382.76531556722585,146.82761811896083
-42.51434688633181,-382.71060196256843,146.39578343537968
-42.59763115578911,-382.6552591911166,146.36592877474456
-42.680886740401355,-382.599872922144,145.34028225508214
-42.76312603274353,-382.5430132358288,144.44199013667048
-42.84447521462803,-382.48486307016657,144.5189442263205
-42.92590151304257,-382.4268228670365,145.4741866903863
-43.008285026259216,-382.3701475822122,145.47418669041312
-43.090668539475864,-382.313472297388,145.1957313885489
-43.17277511184113,-382.25639767065223,145.04373258880173
-43.2547305116733,-382.1991050568335,145.24054286482797
-43.336880364998045,-382.1420955884071,145.99666800829215
-43.41977726872762,-382.08617390645924,145.99666800826745
-43.502674172457205,-382.03025222451134,144.60645833245215
-43.58418371085104,-381.9723402374098,144.24558589448017
-43.66533308218644,-381.91391155702337,144.1241639667709
-43.74635807804445,-381.8553113032168,143.87686774106692
-43.82712976287183,-381.7963616120388,143.87686774109082
-43.907901447699196,-381.7374119208609,144.70948229501096
-43.98951974017526,-381.67964322540763,144.8527429183938
-44.071283705918006,-381.6220777403854,144.67002862448334
-44.152863077782655,-381.5642522341788,144.4039543224252
-44.2341736387462,-381.50604807766376,144.40395432245168
-44.31548419970974,-381.4478439211488,144.11534238235765
-44.396500485659374,-381.38923096617293,144.0993260457984
-44.47750044093491,-381.33059532509014,144.02103329125543
-44.55842011457473,-381.2718491148983,143.93563159857058
-44.63925221705654,-381.2129822959916,143.93419295216594
-44.7200828351084,-381.1541134520768,143.57788939175893
-44.800545812942374,-381.0947430860857,143.5778893917327
-44.88100879077635,-381.0353727200946,144.09285440589235
-44.961999083515536,-380.9767301308016,144.5712503146446
-45.04347924595773,-380.91876363799565,144.46891792649498
-45.12485384398444,-380.86065307094395,142.9676538537879
-45.20467993896068,-380.80042910793355,142.9676538538139
-45.28450603393692,-380.7402051449232,143.6784640823479
-45.36506820055122,-380.6809797166248,144.24064700486613
-45.44621253503959,-380.62254404138895,144.23064172649785
-45.52734665198316,-380.56409420583753,144.13378821080772
-45.60838186066725,-380.5055072950694,144.13378821080772
-45.68941706935134,-380.4469203843012,143.95470716565856
-45.770268529588215,-380.38808065223174,143.8475187575586
-45.85101000764298,-380.32908959459274,144.00973795237633
-45.931916321684795,-380.27032872339043,144.9397502160457
-46.01376760998133,-380.21288746849444,144.9397502160457
-46.09561889827786,-380.15544621359845,143.87245765018582
-46.17638018422168,-380.09649458396444,143.42603281933071
-46.256685524579154,-380.0369111679001,143.39667776769838
-46.336960288728584,-379.97728664447897,143.28922793993712
-46.41712313324828,-379.91751165373586,143.28922793993712
-46.49728597776798,-379.85773666299275,143.06468543854513
-46.57721370964321,-379.79764815317384,142.97721390866792
-46.657049852143466,-379.73743751033965,143.19929827533628
-46.737116574593024,-379.677538419837,144.0124834039917
-46.81802756340473,-379.6187800753288,144.0124834040204
-46.89893855221645,-379.56002173082067,142.89078660390243
-46.978678484934164,-379.4996947341723,142.50215137812015
-47.05801265806281,-379.4388242147575,142.4656037663122
-47.13730793056426,-379.37790314586505,142.33729203947743
-47.216466630453446,-379.3168046074891,142.33729203945163
-47.29562533034263,-379.25570606911305,143.14570842761407
-47.37563470076365,-379.19573308550207,143.50027119472796
-47.456017176164664,-379.1362537713817,143.46356957510196
-47.536361471622115,-379.07672302612366,143.3229816038954
-47.616559516427834,-379.0169952706898,143.32298160389783
-47.69675756123356,-378.9572675152559,143.0832036099259
-47.77670466734872,-378.8972048732985,142.98677637016206
-47.85655085767883,-378.8370075556706,142.95197894910356
-47.936360417756404,-378.77676179840614,142.8197804710413
-48.016030816382006,-378.71633201483326,142.81978047103885
-48.0957012150076,-378.65590223126037,142.8197804710413
-48.1753716136332,-378.5954724476875,142.8197804710413
-48.255042012258805,-378.5350426641146,142.7900582152345
-48.33468100576489,-378.47457159477227,142.6614202289594
-48.41418407795506,-378.4139218406742,142.66142022895693
-48.49368715014523,-378.35327208657617,142.4499039416857
-48.57296551948821,-378.29232945109334,142.34669291389048
-48.652134243128515,-378.23124390159927,142.4963154460304
-48.73146063117439,-378.1703665179115,143.37286262572113
-48.8117106438526,-378.11070860456397,143.3728626257187
-48.8919606565308,-378.05105069121646,142.41706145167635
-48.9711984999415,-377.9900669171644,141.91051560885595
-49.04989990622491,-377.92838045342364,141.896620746454
-49.12858633226094,-377.86667491986856,141.78684012874254
-49.20715440233388,-377.8048187194935,141.78684012874254
-49.28572247240682,-377.7429625191184,141.80872007750767
-49.364314153839615,-377.6811363300489,141.8254436681556
-49.4429238822398,-377.6193330796434,141.8299895811865
-49.5215385032185,-377.5575360748415,142.02684271404095
-49.600364988680944,-377.49600952488566,142.02684271404343
-49.679191474143394,-377.43448297492984,141.4987647622336
-49.757444023493136,-377.3722353320913,140.9388140844337
-49.835087997255854,-377.3092230753617,140.93881408441095
-49.91273197101858,-377.246210818632,141.1106242379029
-49.9905645124757,-377.18343170026606,141.12772156739405
-50.06841581888196,-377.1206757822131,141.63379217813048
-50.146812455352986,-377.05861462192746,142.61404191136347
-50.226265348622945,-376.99789914687483,142.61404191138936
-50.305718241892905,-376.93718367182225,142.7703599931096
-50.3853364235687,-376.87668523936196,142.8039144712559
-50.46499008529074,-376.81623339626265,142.4519965350559
-50.54426765248635,-376.75529598368377,141.67742905456876
-50.62271745980299,-376.6932898638906,141.6774290545432
-50.70116726711964,-376.63128374409735,140.9521890107281
-50.778824015831304,-376.5682911814361,140.72693309196313
-50.8562344385762,-376.5049922271771,141.04251733207545
-50.93398693822157,-376.4421249698764,142.48641902137007
-51.01330439444582,-376.38123266906626,142.4864190213984
-51.09262185067007,-376.3203403682562,142.0292365326325
-51.17144960152532,-376.2588181303243,141.79147039279022
-51.25002267014865,-376.19696827950037,141.7292840484844
-51.328528198444396,-376.13503347323393,141.23851020912443
-51.40650070574619,-376.0724282077613,141.23851020912696
-51.48447321304799,-376.0098229422886,141.00196362449734
-51.562186042214805,-375.9468967437777,140.8064265888546
-51.63968421286736,-375.88370525142835,140.8064265888546
-51.71718238351991,-375.820513759079,143.002234882353
-51.79704279539365,-375.76033950602044,143.0777398572917
-51.87698445506182,-375.70026902900116,143.52526542801957
-51.95739004669021,-375.6408268728185,144.04031779972354
-52.03832957086565,-375.58210784195046,144.04031779969716
-52.11926909504109,-375.5233888110824,143.5935628157728
-52.199748295891425,-375.46404046918184,143.59084086924355
-52.28022469209889,-375.4046882930357,143.41779064613738
-52.36052110671656,-375.3450935878939,143.25068860323006
-52.44064372615559,-375.2852646900764,143.26688967695426
-52.52078300802225,-375.225458638136,144.53972553914008
-52.60223126432327,-375.1674473228143,144.53972553911353
-52.683679520624295,-375.1094360074926,145.3340598039207
-52.765917892775725,-375.0525637557589,145.96575397411303
-52.84878461180294,-374.9965973547893,146.13939594143986
-52.931818287124656,-374.94088387547123,147.17578598976124
-53.015848395935514,-374.8866798906264,147.1757859897383
-53.099878504746385,-374.8324759057815,146.9126655422697
-53.1836585326309,-374.77788677925776,146.83112123445147
-53.267361057071575,-374.7231782921457,147.36021655557397
-53.351559198970946,-374.6692489230792,148.24585612815133
-53.43658692143185,-374.61662366704235,148.27952801843085
-53.52164489773948,-374.56404879669753,149.78912662748698
-53.608059076009525,-374.5137325870455,149.78912662751102
-53.69447325427956,-374.46341637739357,149.70865957024253
-53.78081664728475,-374.41297887660266,149.675373947909
-53.86713075958406,-374.36249120307923,150.20218703637735
-53.95389970118391,-374.31280255996376,151.02526658131652
-54.04137924223699,-374.2643622765524,151.13481828359073
-54.12894986405916,-374.21609010589816,152.07849863785765
-54.217305022288166,-374.16926599699946,152.0784986378538
-54.30566018051716,-374.12244188810075,153.03983059283283
-54.394786117581965,-374.0771079707883,153.22235135535237
-54.48405840316156,-374.0320569975777,153.96560590094072
-54.573902535227994,-373.98817030471554,154.46091476198518
-54.66412775483687,-373.9450595066905,154.2310945490755
-54.754178161555316,-373.9015877147047,153.861510203324
-54.84394744490286,-373.85753539436746,153.77701625945502
-54.93365113699919,-373.81335100040525,153.31807182826503
-55.02299856180441,-373.76844923161485,153.3180718282978
-55.11234598660964,-373.7235474628245,156.00220826451618
-55.20368906342569,-373.68288312311057,156.24497641733865
-55.29521270355122,-373.6426021790054,155.89226806689075
-55.3864860109179,-373.6017588729193,155.76300407283182
-55.47766757339354,-373.56070946580627,156.3555343102488
-55.569264569195454,-373.52060703933205,156.86359167683705
-55.66121777459592,-373.4813165929562,157.12226444628416
-55.7533457814238,-373.4424423801076,157.57549434826575
-55.84578006199248,-373.404297459927,157.32366352306266
-55.93804222002923,-373.36574812800643,156.31412377944193
-56.02961440651423,-373.3255776684349,156.350550339126
-56.12121094381376,-373.28546594740436,158.65172063145883
-56.214345378507225,-373.2490639112778,158.6517206314877
-56.307479813200686,-373.2126618751513,158.96312290071663
-56.400810506901465,-373.1767666398665,159.0104153097547
-56.49417100644122,-373.14094837238304,157.81238299439786
-56.58675456444101,-373.1031890620701,157.36007940902437
-56.67904477859875,-373.0646968871439,157.33628575696684
-56.771318993581076,-373.0261663921048,157.3175027770305
-56.86358057863201,-372.9876056467318,156.52975271524352
-56.955289797491446,-372.94778595741445,155.30322354013586
-57.04613901914868,-372.90600617660954,155.58870192374908
-57.13719045149369,-372.8646817643866,156.80865104043596
-57.22910593921284,-372.8253031626189,156.80229225112276
-57.321017015402525,-372.7859143775694,156.34557863275052
-57.41261124129786,-372.7457941963327,156.34557863274725
-57.50420546719318,-372.70567401509606,155.97248933911825
-57.59553610898252,-372.6649584368997,155.89617583750876
-57.686812835629674,-372.6241210724842,155.61759613232442
-57.77788931939592,-372.5828406685307,155.46024776074213
-57.868852700968475,-372.5413100247515,155.27412973954478
-57.95968008686629,-372.4994843981225,155.03759984844675
-58.05033464152976,-372.4572838900853,154.9416870286083
-58.140918010744016,-372.41493188007456,154.6280384771297
-58.23126859447676,-372.3720844393227,154.58104394482496
-58.3215825580279,-372.32916359376253,152.34459067997642
-58.41015422233128,-372.2827503258065,152.34459068000717
-58.498725886634666,-372.2363370578505,151.74328516236653
-58.58680407554568,-372.1889976363475,151.5560244375922
-58.67472858202945,-372.14136978399813,151.17233104643938
-58.76233010713295,-372.0931553338117,150.7695229307797
-58.84959256092355,-372.0443250632997,150.96952155288264
-58.93702274506604,-371.995800904391,151.79040891084918
-59.02514135042437,-371.9485331294324,151.79040891087593
-59.113259955782695,-371.9012653544739,149.76410496033256
-59.19964785062918,-371.85091391882565,149.60278496057919
-59.28589792999188,-371.8003169330483,150.20872345250913
-59.37267513411888,-371.75063670366205,150.60036583981392
-59.45979304385292,-371.70154901718774,150.92051109524948
-59.54718086098779,-371.6529505491353,151.62758599899396
-59.63516478534332,-371.60543255028404,151.61346906946372
-59.72313693257104,-371.5578929108034,151.26113468866578
-59.81081514471071,-371.50981316167946,151.26113468866382
-59.89849335685037,-371.46173341255553,151.00718796369162
-59.98595733402865,-371.4132656814534,150.92587188298128
-60.07335271099714,-371.36467371458275,149.95565004968014
-60.15989871169888,-371.3146169962779,148.8571740992541
-60.24548306960734,-371.26290192264145,149.00056572925178
-60.33119482119621,-371.211402258365,149.94245542199715
-60.41774334070078,-371.1613174809232,149.9424554220274
-60.504291860205356,-371.1112327034814,149.72769448180085
-60.590651908105414,-371.06082394712934,149.680962178855
-60.67697094420994,-371.01034469232286,150.46427819057638
-60.76396402453042,-370.96105475213466,151.23423394729753
-60.85161965325207,-370.9129338428203,150.8801345215889
-60.938970387752384,-370.86427537147694,149.64371934808224
-61.02525659360234,-370.8137400191001,149.64371934808023
-61.111542799452295,-370.7632046667233,149.50079543147496
-61.19770264868398,-370.7124542480855,149.48575341214868
-61.28384919950704,-370.66168119478834,150.2210703120633
-61.370635135387666,-370.6120207948728,150.74668252165895
-61.45787811652943,-370.5631557419073,150.7218097170582
-61.54509985647615,-370.5142528315362,150.66112179052718
-61.632269769381054,-370.46525755172297,150.66112179049478
-61.719439682285945,-370.41626227190966,150.62328006506152
-61.80657721655606,-370.3672094303497,150.62314082373805
-61.89371463168666,-370.3181563769872,150.62979615775936
-61.98085774385841,-370.2691134457602,150.63263340997963
-62.06800328475012,-370.2200748297263,150.65577799000206
-62.15516861723691,-370.1710714259044,150.68962610313824
-62.24236289421645,-370.12211951867044,150.50249252220235
-62.329393157261364,-370.0728851628024,149.0241130205895
-62.415127830470794,-370.02141966980463,149.0241130205937
-62.50086250368024,-369.9699541768069,150.20417571192976
-62.58763369747657,-369.92026824326564,150.5377872158634
-62.6746979415396,-369.87108543564386,149.77210212232842
-62.761088888711576,-369.82074837416985,148.95066110829652
-62.84675751387311,-369.769173013553,149.18531411458554
-62.932632493971795,-369.71795141363856,150.53778721583507
-63.019696738034824,-369.6687686060167,150.53778721583103
-63.10676098209784,-369.6195857983949,151.97319661072123
-63.19502507374435,-369.5726019711463,152.2250794929513
-63.28349973368685,-369.52600405587225,151.34133717506893
-63.371237913917405,-369.4780510468654,150.7276566352622
-63.4584646639069,-369.4291570263097,151.26616843127061
-63.54613794518137,-369.3810899993947,152.53910867347236
-63.634866670839614,-369.33497769731713,152.47896394722525
-63.723545861074896,-369.288772843469,151.1478611580618
-63.811128848456,-369.2405198489378,151.1478611580372
-63.89871183583712,-369.19226685440657,151.22077476500024
-63.98635613575005,-369.1441253678265,151.2438397639055
-64.07401983086069,-369.0960191549286,151.31284946390926
-64.16174133431097,-369.0480186011133,151.38813912091996
-64.24952590671913,-369.00013332146557,151.42673008568147
-64.33734263212575,-368.9523072224538,151.5811566710161
-64.42528802164199,-368.9047179419101,151.58115667101998
-64.51323341115824,-368.85712866136646,151.43814832662693
-64.60105972367926,-368.8093200324805,151.4266861028792
-64.68887649208187,-368.76149382264583,151.35800479086788
-64.77663583320789,-368.713562398597,151.32074993372228
-64.86436402400663,-368.665573903111,151.29948660933354
-64.95207438916485,-368.6175528593467,151.26305670052332
-65.0397542141113,-368.5694760514536,151.26221557533592
-65.12743333316283,-368.52139795644445,151.25344734831276
-65.2151050936823,-368.4733064440202,151.25344734833348
-65.30277685420174,-368.425214931596,151.28444781627516
-65.39047461920829,-368.3771708636016,151.2918953631243
-65.47817863152846,-368.329138193649,150.3957682095647
-65.5651111125348,-368.2797451779911,149.58790822885697
-65.65134805158664,-368.2291257992632,149.90043777154864
-65.7378548786861,-368.1789804286173,151.09993816394453
-65.82539747595403,-368.1306541953334,151.09993816391997
-65.91294007322199,-368.0823279620495,150.88839370655256
-66.00030359633361,-368.03367886673766,150.87052334405251
-66.0876519919995,-367.985002497374,150.75611975196313
-66.17490291946528,-367.93615187152716,150.68962610314424
-66.26209719644484,-367.8871999642932,150.17540944296832
-66.34884181361848,-367.83747140088366,149.17135653877386
-66.43470846393055,-367.7862264057718,149.1872271551764
-66.52058896200353,-367.7350054021034,150.84191814689945
-66.60791304486976,-367.6862854296958,150.84191814690342
-66.69523712773601,-367.63756545728813,150.80080779246475
-66.78252622223539,-367.58878284633647,150.78475553386477
-66.8698016549126,-367.53997577706537,150.78068451819473
-66.95707361920411,-367.4911625069336,150.77523462597273
-67.0443409403476,-367.4423409356739,150.78040699774667
-67.13161266623533,-367.3935272439293,150.81332887654983
-67.21891242809096,-367.3447637048886,150.81332887651345
-67.30621218994656,-367.2960001658478,150.8858277174133
-67.39357357167805,-367.2473471371535,150.89914446705868
-67.48094627188941,-367.1987144072527,150.9734939454819
-67.56838194761195,-367.1501951295067,151.03292025264068
-67.65586795862302,-367.10176653219895,150.6006695709512
-67.74297941493062,-367.05268309038763,149.43012290591017
-67.82907662779576,-367.0018264182916,149.4301229059143
-67.91517384066091,-366.9509697461956,150.94756699044657
-68.00258588628164,-366.90241183311934,151.03292025261612
-68.09007189729272,-366.85398323581154,150.94453971016182
-68.17748304820178,-366.80541977592424,150.89914446706265
-68.26485574841315,-366.7567870460234,150.86725392333975
-68.35220134348022,-366.7081057052021,150.81332887654588
-68.43950110533584,-366.65934216616137,150.81025618829494
-68.52679825051837,-366.6105739462324,150.77523462597668
-68.61406557166187,-366.5617523749727,150.77523462596875
-68.70133289280534,-366.51293080371295,150.78274520872822
-68.78860661274462,-366.4641206723691,150.7847555338932
-68.87588204542183,-366.41531360309807,150.81317998042866
-68.96318166969257,-366.36654984325617,150.84191814689945
-69.0505057525588,-366.3178298708485,150.86363898645396
-69.13784827484602,-366.26914301992326,150.946881726752
-69.2252614641729,-366.2205831034125,150.94688172678048
-69.31267465349978,-366.17202318690175,151.08753336813643
-69.40020676260674,-366.1236780142291,151.09993816391605
-69.48774935987468,-366.07535178094514,150.09362618315603
-69.57442201707437,-366.02549996182626,149.5135925682812
-69.66059322758925,-365.9747687718321,150.02273346601436
-69.74720434369371,-365.92480963017545,151.13827302240398
-69.83477925497351,-365.87654197978554,151.09344155364604
-69.92231549440046,-365.8282063052464,149.62510855819633
-70.00858528082787,-365.7776429280886,149.62510855822444
-70.09485506725528,-365.72707955093085,150.83812161456478
-70.18216798032016,-365.67835822368903,151.330371658735
-70.2699042286274,-365.63038446114325,151.31375903692506
-70.357626558644,-365.58238526458774,151.29189536315675
-70.44533057096419,-365.5343525946352,151.2933509541701
-70.53303580336045,-365.48632215289285,151.30151178585083
-70.62074787616402,-365.4383042037037,151.3015117858755
-70.70845994896757,-365.3902862545146,151.35180977633988
-70.796214136271,-365.3423453259559,151.35924743761058
-70.88397455112788,-365.2944157865884,151.42203370562464
-70.97178739946926,-365.2465824659939,151.46526135279808
-71.05963634768534,-365.19881539096144,151.5140495295768
-71.14752586930182,-365.1511231753681,151.61984495280174
-71.23550337285225,-365.1035932897291,151.5520670796063
-71.32342319656804,-365.05596011931596,150.01742282132696
-71.41003717429176,-365.0059886272159,150.01742282133102
-71.49665115201549,-364.95601713511587,151.22073576883568
-71.58428840880269,-364.90787943955894,151.65856148198768
-71.6722980096777,-364.8604090138852,151.60508733437655
-71.76026322324093,-364.8128564937837,151.54249664095047
-71.84817648211947,-364.76520788338235,151.5299418858085
-71.93607928878735,-364.7175400154285,151.47490958169354
-72.02393627941618,-364.66978773425285,151.47490958172995
-72.11179327004503,-364.6220354530773,151.45736433805436
-72.1996356333322,-364.5742562705973,151.45561489042106
-72.28747653811766,-364.5264744057707,151.47392201475932
-72.37533270305512,-364.47872061168965,151.48455957705224
-72.46319773507719,-364.43098312843387,151.51208611689827
-72.55108567309094,-364.38328787351895,151.56182312425076
-72.63901499935716,-364.33566891991643,151.42492449321801
-72.726827479883,-364.28784154459345,149.88630426184258
-72.81332687361792,-364.23767197170986,149.88630426187075
-72.89982626735285,-364.1875023988263,151.0865779915141
-72.98735184261974,-364.139158930219,151.4459701945818
-73.07518470295828,-364.09136227966087,150.65940527618534
-73.16234468420143,-364.0423691459022,149.84890557821097
-73.24881131231824,-363.99214312294663,150.14244527146786
-73.33552892040007,-363.94236373318796,151.48455957707696
-73.42339395242212,-363.89462624993223,151.48455957708086
-73.51125898444418,-363.8468887666765,151.38006770501033
-73.59903679461438,-363.7989911295781,151.3688762316141
-73.68680526299035,-363.75107633939,151.3268047791415
-73.77453851035963,-363.70309712279914,151.30151178585083
-73.8622505831632,-363.65507917361,151.2948896191354
-73.94995710441759,-363.60705108771265,151.28228070797425
-74.037653055266,-363.55900370105513,151.17015039926318
-74.12525234280756,-363.5107861383752,149.5228758282803
-74.2114317718339,-363.46006891080384,149.52287582831246
-74.29761120086026,-363.40935168323256,150.60222470811442
-74.38472535642877,-363.3602698356142,150.97554531371927
-74.47216282807814,-363.3117536557213,151.02349630478437
-74.5596408358241,-363.26331068973144,151.08078134583235
-74.64716727034482,-363.21495518932124,151.106964621853
-74.73471574899902,-363.166639716694,151.2342339472995
-74.82237137772069,-363.11851880737964,151.23423394729556
-74.91002700644233,-363.07039789806527,151.06377801252629
-74.99753903856168,-363.02201645181754,151.0424889337259
-75.08503313617011,-362.97360246578546,150.9560374046702
-75.17245401860708,-362.9250565546031,150.89914446705868
-75.25982671881845,-362.8764238247023,150.86920153752337
-75.34717396545143,-362.82774545475354,150.80380265917483
-75.4344656184863,-362.7789674015916,150.8027130397932
-75.52175634319755,-362.7301876887508,150.7561981198302
-75.60900743857172,-362.6813371256441,150.75619811985862
-75.6962585339459,-362.6324865625375,150.7561981198302
-75.78350962932006,-362.58363599943084,150.75619811985862
-75.87076072469424,-362.5347854363242,150.77706886936258
-75.95802960133038,-362.4859666629781,150.8038026591828
-76.04532125436528,-362.4371886098162,150.81784168976043
-76.13262484155715,-362.38843195543325,150.89914446705868
-76.2199975417685,-362.33979922553243,150.89914446705868
-76.30737024197987,-362.2911664956316,149.4955045040077
-76.3935211612852,-362.2404106206561,149.26361379052258
-76.47947021456977,-362.18930395377873,150.09195703076605
-76.56614113245575,-362.13944977479184,150.82285686359677
-76.65344900222458,-362.0907007539169,150.4478758110879
-76.74043007546142,-362.0413847171527,149.26361379055473
-76.82637912874601,-361.9902780502754,149.2636137905184
-76.91232818203058,-361.939171383398,150.75775257183767
-76.99957779510146,-361.8903247592918,150.89914446705868
-77.08695049531282,-361.84169202939097,150.8396038438213
-77.17427258185009,-361.7929685456293,150.80380265917483
-77.26156423488496,-361.7441904924674,150.78793479834096
-77.34884236897098,-361.6953882698091,150.7561981198302
-77.43609346434515,-361.6465377067024,150.75619811985862
-77.52334455971932,-361.5976871435958,150.7561981198302
-77.61059565509349,-361.54883658048914,150.75619811985862
-77.69784675046766,-361.4999860173825,150.7918471117824
-77.78512821772904,-361.4511897538539,150.8038026591828
-77.87241987076393,-361.40241170069197,150.84743938034202
-77.95974861805152,-361.35370016012195,150.89914446706265
-78.0471213182629,-361.30506743022113,150.92331844466636
-78.13451449125365,-361.2564715898672,151.0424889337259
-78.22200858886208,-361.20805760383513,151.04248893369348
-78.3095026864705,-361.159643617803,151.2117565081258
-78.39713937957403,-361.1114883523284,151.23423394729164
-78.48479500829566,-361.06336744301404,151.14199080616348
-78.57237297604807,-361.015105516752,151.08078134583235
-78.6598994105688,-360.9667500163418,151.04751686016783
-78.7473977244495,-360.9183437260928,150.9755453137438
-78.83483519609885,-360.8698275462,150.97389788678734
-78.92227127150394,-360.8213088529131,150.9182340629283
-79.00966017013859,-360.77270523622406,150.9182340629243
-79.09704906877322,-360.724101619535,150.91116906407538
-79.1844319733202,-360.6754872276394,150.90868838029493
-79.27181277320497,-360.6268690523206,150.9259247594178
-79.35920819020916,-360.57827716877773,150.94688172678048
-79.44662137953604,-360.529717252267,150.9609325441826
-79.53404646126106,-360.48117878129494,151.03292025261217
-79.62153247227212,-360.43275018398714,151.03292025261217
-79.70901848328319,-360.38432158667933,151.15057635321958
-79.7966037313872,-360.33607275691804,151.1670427342304
-79.88420286807754,-360.28784908626824,151.04192010428832
-79.97169634249241,-360.23943431047553,150.9564344865606
-80.0591176268589,-360.19088896878816,150.90676136764895
-80.14649671717264,-360.14226789602026,150.79427821162818
-80.23378026048087,-360.0934753327817,150.79257203473594
-80.32106234823517,-360.044680171826,150.68012289540823
-80.40824850474121,-359.9957138030252,150.68012289540025
-80.49543466124722,-359.9467474342244,151.66023416462681
-80.58344066534329,-359.899282265215,152.0394773433091
-80.67176391352133,-359.8523979928936,151.85759674855203
-80.7599373580625,-359.80523386542035,151.64113554848876
-80.84793251721605,-359.75773667471003,151.84634829762604
-80.93609471707236,-359.71055629924956,152.75802369747612
-81.02499897998125,-359.66478334657603,152.75802369748357
-81.11390324289016,-359.6190103939025,152.15243712312937
-81.20231840440641,-359.57230052761565,152.10973596901346
-81.2906990777392,-359.5255245964002,152.712358473825
-81.37956442303991,-359.47968204299247,153.00756960572969
-81.46866720149997,-359.434296736664,152.64206176916468
-81.55747621266681,-359.3883451998059,152.1507623386641
-81.64589035702188,-359.34163256513614,151.96466658092996
-81.73414994893331,-359.2946342687525,151.01952707080963
-81.82162463712172,-359.246185222465,151.01952707078115
-81.90909932531012,-359.19773617617744,151.37537568411625
-81.99687299349945,-359.1498314706919,151.4247580823634
-82.08468815248577,-359.10200230582313,151.12733281473095
-82.17225306132403,-359.05371836710293,150.92956635031535
-82.25965157135094,-359.0051320356413,150.9418375037567
-82.34706047879776,-358.95656442717114,150.98106706610196
-82.4345026256792,-358.908056674094,150.98106706609403
-82.52194477256062,-358.8595489210168,149.5892990132718
-82.60818000498286,-358.8089333584825,149.42873391518472
-82.69427598493179,-358.75807459919304,149.40665486915123
-82.78035235445086,-358.7071826696765,149.38761667302683
-82.86641181439818,-358.65626213832223,149.23605866975325
-82.95233503133655,-358.6051148848614,148.60695288997485
-83.03769272457903,-358.55302654293973,148.60695288998332
-83.12305041782155,-358.5009382010181,147.0988667018878
-83.20699915048269,-358.4466269748253,146.6564512117249
-83.29053450373787,-358.39166356957816,146.4874254607517
-83.37390663143059,-358.3364544448176,146.15328511407853
-83.45695608630169,-358.2807595688824,146.1532851140515
-83.54000554117279,-358.2250646929471,145.17974372040626
-83.62209567061285,-358.1679675149745,145.09406222216484
-83.70410136567196,-358.1107469143337,144.7912078710944
-83.78580191953004,-358.053094735641,144.38256913184384
-83.8670907505954,-357.99486023466557,144.38256913187033
-83.94837958166075,-357.93662573369016,143.26209812037055
-84.02851351304821,-357.87681324031695,143.2181955481479
-84.10860218999093,-357.8169389137204,143.22257612820675
-84.18869544411463,-357.7570707107534,143.22836289837448
-84.26879474471936,-357.69721059713453,143.22836289837448
-84.34889404532409,-357.63735048351566,141.1389714209622
-84.42675104833125,-357.57461518986685,140.87167091486546
-84.50432112666337,-357.51151198782935,140.52213097309246
-84.58150208607056,-357.44793896857226,139.86286189011673
-84.65794913791343,-357.3834798386963,139.86286189013637
-84.7343961897563,-357.3190207088204,138.8097191160555
-84.80964337344638,-357.2531693223152,138.62660102761413
-84.88468191537727,-357.1870758401501,138.5892904540946
-84.95967736520996,-357.1209335397751,138.50336183741072
-85.03457357123814,-357.0546788080013,138.50336183741612
-85.10946977726634,-356.98842407622755,136.63093636559717
-85.18214878281098,-356.9197692546259,136.03320045288513
-85.25411987647388,-356.8503481278935,135.7076388019953
-85.32569138436797,-356.780523045348,134.58999723194697
-85.39589120813865,-356.70931127734303,134.58999723194697
-85.46609103190933,-356.6380995093381,134.3312952747151
-85.53596821746532,-356.566571899452,134.1902731934625
-85.60566952796539,-356.49487211929613,134.05296900972164
-85.67519664028484,-356.42300776153763,132.55642218584626
-85.742825293762,-356.3493497925954,132.55642218587428
-85.81045394723917,-356.2756918236532,131.7144093740769
-85.87698544497118,-356.20105630682826,130.84461252941108
-85.94238358666922,-356.1254109882535,130.84461252941108
-86.00778172836726,-356.0497656696788,129.37064702208082
-86.07121189955014,-355.972463807264,129.33353810205787
-86.13459251915889,-355.8951202346943,129.10393143256982
-86.19766201999218,-355.8175241105578,128.80259224342703
-86.26032320473237,-355.73959653465056,128.80259224340028
-86.32298438947255,-355.66166895874323,127.2803021221011
-86.38355157985222,-355.58210642820967,127.16161423588973
-86.4439554893791,-355.50241641080663,126.42445930199855
-86.50332212531676,-355.42196539132004,125.37010844028121
-86.5612051942317,-355.34042594385556,125.37010844026236
-86.61908826314665,-355.258886496391,123.49789890354855
-86.67427259504541,-355.1755054223169,123.24939193855995
-86.72909864856196,-355.09187985795035,122.56243403733026
-86.78291329617964,-355.0076105613208,121.70188926460203
-86.83546098378744,-354.92253487920834,121.70188926460203
-86.88800867139524,-354.8374591970959,121.03675216639841
-86.93956518935634,-354.7517792800742,121.0325888707969
-86.99111550314552,-354.66609558087725,120.07682342850775
-87.04122478748329,-354.57957188241863,119.44460584703185
-87.09038083802604,-354.49249252863797,119.29124009125515
-87.13930297355999,-354.4052830689489,118.72190846547277
-87.18735677196709,-354.3175906313133,118.72190846547139
-87.23541057037421,-354.2298981936776,116.00485054726326
-87.27924764362636,-354.1400381825663,115.68821873760768
-87.32259313992076,-354.04992548029395,114.89198965200382
-87.36467975478502,-353.9592244279052,114.41073983949364
-87.40600547201339,-353.86816776282575,114.24215895616747
-87.4470627737659,-353.77699061424175,113.93696922769689
-87.48763415223095,-353.68559534954346,113.73607978053442
-87.52788360407177,-353.5940611922309,112.7378073276478
-87.56653339557933,-353.5018368745254,112.7378073276553
-87.6051831870869,-353.40961255681987,111.52937734900846
-87.64187940717754,-353.31659366776677,111.52805424578463
-87.67857348815518,-353.22357390867745,110.51177815968131
-87.71361097664557,-353.1299205835118,110.33079002092029
-87.7483534283655,-353.0361544211273,109.50016015973492
-87.78173153538873,-352.941898391941,109.17047495644798
-87.8145681045336,-352.84744792404047,107.50248854568748
-87.84463296684488,-352.75210880205543,106.38290814182662
-87.8728372687235,-352.65617315427335,106.08776842567244
-87.90054667060603,-352.5600947021818,105.80827828379772
-87.92778741400005,-352.4638810178164,105.60246531783683
-87.9546821464229,-352.367570909896,105.33504736739769
-87.98112729877505,-352.2711355166169,105.20978349323946
-88.00736144358609,-352.1746429459114,104.98803953737077
-88.03322206037345,-352.07804915905524,105.42990853343147
-88.05982490585947,-351.98166468432044,106.50938316862987
-88.08824090774135,-351.88579152855266,105.962298003291
-88.11573530768888,-351.78966848566,103.83195087103859
-88.13964176622186,-351.6925725928517,103.72120786319803
-88.16336024814349,-351.59543174820794,103.06580206675703
-88.18596625937305,-351.49802487259785,103.01609588970007
-88.20848767374318,-351.40059878699145,102.52139595398546
-88.2301671495722,-351.30298151655427,102.50883030364443
-88.25182520450564,-351.205359546806,102.22564003779783
-88.27300050173865,-351.1076316697855,102.22564003780472
-88.29417579897166,-351.0099037927651,99.93589159498008
-88.311429610394,-350.91140824551525,99.92666999305663
-88.32866762444408,-350.81290960577115,101.42272893926312
-88.34847114220774,-350.7148957889929,101.47617663811793
-88.36836632469681,-350.6168992948028,101.10046855560692
-88.38761845367976,-350.51877462086946,101.06983617973732
-88.40681815260373,-350.42063949606154,98.98361414366668
-88.42243134985786,-350.3218788557465,98.71685448052
-88.43758585098978,-350.22303821504,98.53966532245184
-88.45243460082165,-350.1241512562119,98.51157206855487
-88.4672348738599,-350.025256953657,96.70339014103435
-88.4789062163925,-349.9259542575848,96.36104393410025
-88.4899850582884,-349.8265742272866,94.4616584962388
-88.49776303004998,-349.72689294988305,94.06802809051719
-88.50485680648433,-349.6271492308039,95.5222230004963
-88.51447890511426,-349.52762454596296,95.83457228825799
-88.52464412249083,-349.42814691272054,95.71591523116321
-88.53460329945909,-349.3286484902786,95.68856325010495
-88.5445149814254,-349.22914527565507,94.05415464530971
-88.55158389898517,-349.12940981679617,93.65243467650232
-88.55795400673689,-349.0296172675399,93.45555446639733
-88.5639811606321,-348.9298035671417,93.40588029184929
-88.56992178484963,-348.829984530161,93.18998155154748
-88.57548622509698,-348.730143999654,93.1342756390786
-88.5809536026307,-348.6302979234029,91.45406310184141
-88.58349075202571,-348.5303457668504,91.0123642319844
-88.58525749224196,-348.4303657198968,90.79676002859304
-88.58664799300313,-348.33037991915023,90.73993664155068
-88.58793933406892,-348.23039260196407,88.67355444909475
-88.58562495450671,-348.13044090027245,88.12822239081817
-88.58235880924859,-348.03049859964364,89.41539549832032
-88.58133861237046,-347.9305148554939,89.75750872946588
-88.5809154049123,-347.8305200953548,87.7745285712334
-88.57703298827118,-347.73061577546946,87.24720282982149
-88.57223050770699,-347.6307355104505,86.7878273845961
-88.56662743725823,-347.5308978255489,86.66387557451343
-88.56080834405047,-347.4310716300185,84.44514899859553
-88.55113090020427,-347.3315661073647,83.83409917932151
-88.54039059934735,-347.23214892023225,83.1501715007831
-88.52846462027514,-347.1328691028777,82.94853166349286
-88.51618906455309,-347.03362978661875,82.37357791262626
-88.50291850785408,-346.93452025012834,82.18898844404204
-88.4893285003017,-346.8354523801878,81.73866408545376
-88.47496043987793,-346.7364954658852,81.57892015307196
-88.4603163776312,-346.6375779113221,79.62299398143969
-88.44230887651337,-346.53924050008396,78.84832282575647
-88.42296902152009,-346.4411329001303,78.33760793422904
-88.40275583088759,-346.34320343448377,78.09471217671293
-88.38212727798768,-346.2453586902964,77.43154857123382
-88.36036848177984,-346.1477630374608,77.04811398932682
-88.3379561804517,-346.0503114089007,76.56802411111279
-88.31472870098365,-345.9530534541045,76.22227359875863
-88.29091414426227,-345.8559349798167,75.91655096510644
-88.2665820349982,-345.7589462231448,75.63659058472967
-88.24177598529998,-345.6620762532976,74.48620948572933
-88.21503651264995,-345.5657468699978,73.12134328888457
-88.18600319898029,-345.470058846415,72.92518498864426
-88.1566427542746,-345.37447174732773,72.58720595790709
-88.12671866783097,-345.2790585395924,71.94210914703133
-88.09572752047126,-345.1840044933539,70.20740911569436
-88.06186736663396,-345.08991612456185,70.14353077439907
-88.02790245996036,-344.99586590794706,69.76818986874662
-87.9933220433882,-344.9020398670548,69.73774819268182
-87.95869212981479,-344.8082331565184,67.566950292095
-87.92053342608176,-344.7158045652208,67.56695029209008
-87.88237472234874,-344.6233759739233,69.04075119786313
-87.84660797870926,-344.5300019742846,69.30080595301379
-87.81126334572225,-344.43646113786093,69.3101508134795
-87.77593396977332,-344.34291453852535,69.31393266746667
-87.74061076832972,-344.2493656069462,68.34553613350793
-87.70371546240403,-344.1564368835532,67.62678076454057
-87.6656532969737,-344.06396849585997,67.73330879852497
-87.62776321428777,-343.97142972953003,67.88592495619777
-87.59011966380882,-343.8787901361201,67.04141227609429
-87.55112735670808,-343.7867451032767,64.53626678098944
-87.50813525480109,-343.69646326494,64.5393508776125
-87.46514801424074,-343.60617911598575,64.61987533663329
-87.42228770134373,-343.5158346378025,64.61987533664725
-87.37942738844673,-343.42549015961924,63.40067077016109
-87.3346566494755,-343.33608244544473,63.13872811306634
-87.28947543131167,-343.24687600685945,63.34285368184877
-87.2446125169122,-343.1575095780386,63.48997356369789
-87.19997901453632,-343.068027838977,63.59485418795499
-87.15550952505502,-342.97846483126455,63.793049051359645
-87.11134997334142,-342.88874824889376,63.652330813034915
-87.06697122347389,-342.79914243616975,62.58833834951456
-87.02093517589839,-342.7103741226595,62.58833834952232
-86.97489912832287,-342.62160580914923,61.54499495888528
-86.92725559728247,-342.5336927717614,61.38043311701445
-86.87935851146946,-342.4459146404846,60.672836459370004
-86.83038370187028,-342.3587394225683,60.17146036624687
-86.78064524849874,-342.2719914115477,60.32812322494646
-86.73114465075024,-342.1851085621578,60.73146124613955
-86.68225642241907,-342.0978785656516,60.73146124615548
-86.63336819408791,-342.0106485691454,59.89362658104271
-86.58320974692876,-341.92414288664804,59.882563118258695
-86.53303452615057,-341.8376467689335,60.50800532505007
-86.48380788380817,-341.75061060140047,60.80951817722082
-86.43503853863359,-341.66331408296435,60.63123355908686
-86.38599817484102,-341.57617041789166,60.344850014306594
-86.33652246740861,-341.48927228480534,60.30780148052746
-86.28699069606537,-341.4024063647486,59.89378739918887
-86.23683242089628,-341.31590041933504,59.89378739918887
-86.18667414572718,-341.2293944739215,59.5566804193063
-86.13600803468131,-341.14318558197266,59.45607587676694
-86.0851903668074,-341.057065341659,60.05876196360882
-86.03528478458935,-340.9704212426664,60.801897628102964
-85.98650382908856,-340.8831312115044,60.52177827523103
-85.93729986431455,-340.79608631633954,59.01308801612862
-85.88581787497858,-340.7103615478427,59.01308801615237
-85.83433588564263,-340.6246367793458,60.142553302117946
-85.78455574433728,-340.5379174833429,60.38451213697546
-85.73514020265108,-340.4509851222816,61.13695266555567
-85.68687433154946,-340.36341821281263,61.8234217604256
-85.6396573368696,-340.2752723871983,61.38148544647888
-85.5917660490683,-340.18750104766036,60.08311228268531
-85.54189389248808,-340.1008298346893,60.083112282676126
-85.49202173590787,-340.0141586217183,61.5099968427745
-85.44432410419525,-339.926273948539,61.59082609303511
-85.39674966627905,-339.8383205289535,60.47605993699065
-85.34747763181477,-339.7513173437008,59.93309246738138
-85.2973787117686,-339.664777009925,60.50423399769134
-85.24814924909904,-339.5777492243663,61.51352016115544
-85.200456183983,-339.48986007429835,61.37793481445255
-85.15255670005638,-339.40208665068224,59.93309246738138
-85.10245778001021,-339.3155463169064,59.9330924673977
-85.05235885996404,-339.22900598313055,61.217422912259345
-85.00421575067915,-339.1413708789064,61.59082609302795
-84.95664131276294,-339.0534174593209,61.542440796161145
-84.90899263361032,-338.96550427813105,61.494211338802344
-84.86126995233764,-338.877631205737,61.48336690367375
-84.81353064303568,-338.7897671728683,61.445970194578535
-84.76573399247751,-338.7019343125298,61.44597019458569
-84.71793734191935,-338.6141014521912,61.44597019458569
-84.6701406913612,-338.52626859185267,61.44597019458569
-84.62234404080304,-338.4384357315141,61.478325153271655
-84.57459700086633,-338.35057590126434,61.49421133879519
-84.52687431959363,-338.26270282887026,61.532343449135034
-84.47921014731796,-338.17479804487914,61.59082609302795
-84.43163570940175,-338.0868446252936,61.39067144628547
-84.38375643731851,-337.9990618374708,59.93309246738138
-84.33365751727234,-337.91252150369496,59.9330924673977
-84.28355859722618,-337.8259811699191,61.212768184597714
-84.2354076739945,-337.73834871300335,61.51352016113991
-84.18771460887845,-337.65045956293545,60.66941615546865
-84.13873658551395,-337.5632908106764,59.9330924673977
-84.08863766546779,-337.4767504769005,60.30280321819256
-84.03910179380186,-337.38989497524653,61.59082609302795
-83.99152735588565,-337.301941555661,61.59082609302079
-83.94395291796943,-337.2139881360755,61.499128613797176
-83.89623778164835,-337.1261109743537,61.49421133879519
-83.84851510037565,-337.03823790195963,61.46174050456163
-83.80074263080681,-336.95039189606644,61.44597019458569
-83.75294598024865,-336.8625590357279,61.44597019459284
-83.70514932969051,-336.77472617538933,61.445970194578535
-83.65735267913234,-336.6868933150508,61.45171040630115
-83.60956483017705,-336.59905566988107,61.49421133879519
-83.56184214890435,-336.511182597487,61.49421133879519
-83.51411946763164,-336.4233095250929,61.57565563596951
-83.46652175252441,-336.3353687216338,61.59082609302795
-83.4189473146082,-336.2474153020483,60.647486673685755
-83.36993632277607,-336.16026599746493,59.9330924673977
-83.3198374027299,-336.07372566368906,60.340805027395774
-83.27035916400602,-335.98683735170835,61.51352016113991
-83.22266609888997,-335.89894820164045,61.51352016114829
-83.17497303377391,-335.8110590515725,59.96091397676087
-83.12491647097151,-335.7244949706705,59.9330924673977
-83.07481755092535,-335.6379546368946,61.046001222186206
-83.02641339900832,-335.55046565200115,61.59082609303511
-82.97883896109212,-335.46251223241563,61.5524311918861
-82.93120561095908,-335.3745907429704,61.49421133879519
-82.88348292968638,-335.2867176705763,61.48835525152726
-82.8357512691361,-335.19884947960304,61.44597019458569
-82.78795461857794,-335.1110166192645,61.445970194578535
-82.74015796801977,-335.02318375892594,61.44597019459284
-82.69236131746163,-334.9353508985874,61.44597019458569
-82.64456466690348,-334.84751803824884,60.45526355840804
-82.59526213316234,-334.7605346422082,59.69959421998348
-82.54481095115183,-334.6741991952957,60.06993557141467
-82.49492197801902,-334.58754486379974,61.176636174699425
-82.44671297539256,-334.49993765390474,61.17663617472226
-82.39850397276611,-334.4123304440097,59.56709415741386
-82.34785393409678,-334.3261130302453,59.513592568249024
-82.29712274410255,-334.23994181973046,60.51497630093133
-82.24790938137664,-334.1529044208357,61.06163160230895
-82.19952463005112,-334.06539415287244,60.488740982634134
-82.15027166255078,-333.9783797283516,59.47647723470722
-82.09948466280643,-333.8922413988067,59.54071226038953
-82.0487950390457,-333.8060475004164,61.09993816393029
-82.00046880576178,-333.71850490314847,61.099938163923156
-81.95214257247785,-333.63096230588053,59.95838539281222
-81.90208508473346,-333.54440544051045,59.58790822888751
-81.85146570600558,-333.45816850145854,60.330459623334136
-81.80197355687444,-333.37129224482123,61.2918953631503
-81.75394088692188,-333.283588232501,61.285921304588534
-81.70589907401649,-333.1958892314709,61.253447348334184
-81.65780756159226,-333.10821747095144,61.25344734832564
-81.60971604916806,-333.02054571043203,61.26184730486337
-81.5616373906199,-332.93286690044295,61.26305670051871
-81.51356058272681,-332.84518707549654,61.29727556375692
-81.46553615446255,-332.75747856391956,61.32074993370016
-81.41754765897655,-332.66975037312085,61.353944874097365
-81.36961001546443,-332.5819944266582,61.4266861028753
-81.32178380562975,-332.4941776582556,61.43222837488724
-81.27396609662482,-332.4063562750323,61.58115667100505
-81.22637681608114,-332.3184108855161,61.58115667102055
-81.17878753553747,-332.2304654959998,61.43412732393126
-81.13097278044643,-332.1426426074106,61.388139120916705
-81.08308750079867,-332.05485803500244,61.3183796202818
-81.03509541406733,-331.9671318990297,61.24383976390674
-80.98698920116945,-331.8794682039191,61.22445306570504
-80.93885333987404,-331.7918208109492,61.14786115803843
-80.8906003453428,-331.7042378235681,61.14786115803843
-80.84234735081156,-331.616654836187,61.103846699439096
-80.79402709078319,-331.52910894475497,61.09993816392168
-80.74570085749929,-331.4415663474871,61.09993816394603
-80.69737462421537,-331.3540237502191,61.099938163923156
-80.64904839093144,-331.26648115295114,61.11667465400474
-80.60074773534166,-331.1789244499547,61.14786115802985
-80.55249474081043,-331.09134146257367,61.15416586124673
-80.50425138816736,-331.0037531736103,61.243839763922416
-80.45614517526948,-330.9160894784996,61.24383976390674
-80.4080389623716,-330.828425783389,59.95245750524069
-80.35797279301346,-330.7418745701098,59.5972056549464
-80.30736740868015,-330.6556294181515,60.32760283123786
-80.25787016802398,-330.5687542955842,61.16704273425574
-80.20964649737422,-330.48115515889384,60.88112484877368
-80.16098901174391,-330.3938026424687,59.59720565492289
-80.11038362741058,-330.3075574905104,59.59720565492991
-80.05977824307728,-330.22131233855214,61.01855540925649
-80.0113300763609,-330.1338427382686,61.243839763915275
-79.96322386346301,-330.0461790431579,61.18800641844103
-79.91503226373014,-329.9585622979103,61.14786115803843
-79.8667792691989,-329.8709793105292,61.133571553688334
-79.8185044364488,-329.78340836661005,61.09993816393029
-79.77017820316489,-329.6958657693421,61.09993816392168
-79.72185196988099,-329.6083231720742,61.09993816394603
-79.67352573659707,-329.5207805748062,61.09993816393029
-79.62519950331315,-329.4332379775383,61.13487279555866
-79.57692665919777,-329.34566593691585,61.14786115804556
-79.52867366466654,-329.25808294953475,61.19061250360284
-79.48048605046095,-329.1704640128491,61.243839763922416
-79.43237983756308,-329.0828003177384,61.202979955583544
-79.38421118302134,-328.9951710648981,60.994663217327215
-79.33572418112172,-328.9077174097051,60.99466321733589
-79.28723717922209,-328.8202637545121,60.81891469846457
-79.23848218350525,-328.73295929664073,60.79427821164009
-79.18968962026668,-328.64567575333245,60.70516804197588
-79.14076140884195,-328.558468275579,60.64212776657023
-79.09173723417561,-328.4713146098034,60.611777812800796
-79.0426669172988,-328.3841869544837,60.53778721584523
-78.993484109677,-328.2971227104207,60.53778721585232
-78.94430130205521,-328.2100584663577,60.4813213436164
-78.89503271533061,-328.1230427352476,60.48096448450252
-78.84576358648992,-328.03602731073505,60.47438420641843
-78.79648446461103,-327.94901754548493,60.471500226549175
-78.74720096302045,-327.86201026055545,60.48651924336212
-78.6979402730297,-327.77499006441565,60.50936788238563
-78.64871428664226,-327.68795022627233,60.517797818346686
-78.59950111182857,-327.6009031550369,60.59467368715731
-78.5504047707105,-327.5137901224376,60.5946736871715
-78.50130842959246,-327.42667708983834,60.701452688246
-78.45237454227424,-327.33947274757713,60.727656635269305
-78.40348052171858,-327.25224599758764,60.621143488565195
-78.35442451218593,-327.16511043711955,60.518839222962
-78.30521291468526,-327.0780624628108,60.484676121083446
-78.25594945528563,-326.99104390413976,60.358067250894635
-78.20649379520417,-326.9041343600969,60.35806725091074
-78.1570381351227,-326.817224816054,60.254933707416804
-78.10742612416436,-326.7304044476306,60.24488928485866
-78.05779888581188,-326.6435927642387,60.20485907939439
-78.0081110156604,-326.55681578823095,60.17898657832435
-77.9583839576921,-326.4700612444557,60.17330382171266
-77.90864829597398,-326.3833116341626,60.16017317348597
-77.85889275432427,-326.2965734232347,60.160173173493035
-77.80913721267459,-326.20983521230676,60.18829066815874
-77.75942424319453,-326.1230725946867,60.188395937420665
-77.7097114331007,-326.03630988569023,60.24046489807114
-77.66007750044736,-325.94950205079795,60.263734569194035
-77.61047881820576,-325.862674049095,60.31129598687282
-77.56095225620396,-325.7758049525431,60.38640158866789
-77.51153958132642,-325.68887096194527,60.401243659220924
-77.46214944510959,-325.6019242048201,60.556742290983024
-77.41299544350946,-325.51484369444876,60.55674229097411
-77.36384144190934,-325.4277631840775,60.729440125707825
-77.31495019544452,-325.3405350172388,60.77523462598693
-77.26612862418482,-325.2532676960953,60.908487079897604
-77.21751027409111,-325.16588730466736,61.04248893370134
-77.16909628805898,-325.0783932070589,61.026215147603565
-77.12065746016187,-324.9909128771186,60.965989015567544
-77.07212669734706,-324.9034834986441,60.96598901556043
-77.02359593453224,-324.8160541201696,60.939475266614906
-76.97502471919701,-324.7286472095303,60.93733073621537
-76.9264502319117,-324.641242116173,60.949499304275335
-76.87789430957756,-324.55382670958437,60.95643448656376
-76.8293489678902,-324.4664054252179,60.979802572675844
-76.78083929253314,-324.3789643624569,61.0233533403896
-76.73239608800102,-324.29148643898765,61.03058284455306
-76.68396392744395,-324.20400241409044,61.13827302238899
-76.63569627705404,-324.11642750281067,61.13827302240471
-76.58742862666412,-324.02885259153084,59.872382115226806
-76.53724150906744,-323.94237137388666,59.51359256826306
-76.48651031907325,-323.8562001633718,60.24043501988015
-76.43688105463379,-323.76940059805025,61.09993816393029
-76.38855482134987,-323.6818580007823,60.83103411027563
-76.33982081715516,-323.59454775300503,59.55073623258537
-76.28914550082408,-323.50834367262263,59.55073623257835
-76.23847018449298,-323.4221395922402,60.971248721535915
-76.18995000713699,-323.3347103707052,61.21502761776785
-76.14179971716025,-323.24707087769553,61.17116733239976
-76.09358236330164,-323.1594682889655,61.13827302240471
-76.04531471291172,-323.0718933776857,61.130001239631255
-75.99703442109441,-322.98432543797134,61.10951922583355
-75.9487228274534,-322.89677476076264,61.10958219003256
-75.90041133003358,-322.8092240304789,61.12868665511758
-75.85212902783933,-322.7216571962627,61.12868665513331
-75.80384672564507,-322.63409036204644,61.176982706329106
-75.7556382595612,-322.546482872724,61.1958283600749
-75.70745860514775,-322.45885951932763,61.2461942578797
-75.6593560186751,-322.3711938910992,61.31112997606075
-75.61135279430805,-322.28347375880224,61.33681720859692
-75.56338892796222,-322.1957321615949,61.47490958173446
-75.51563664678663,-322.107875170966,61.47490958172606
-75.46788436561106,-322.02001818033716,61.66218050037717
-75.4204195334892,-321.9320056450823,61.68761741353548
-75.37299374549357,-321.84397198224343,60.74548424717982
-75.32413111725448,-321.7567376093469,60.13948661078544
-75.27434426213621,-321.67001736824216,60.654373525507005
-75.22534328325845,-321.58286135045904,61.84285060911177
-75.17815618131115,-321.49469951875363,61.79302364873614
-75.1308929397799,-321.4065797110124,60.36562151593467
-75.08144873887332,-321.3196636471546,60.36562151594369
-75.03200453796673,-321.2327475832967,61.676418142419976
-74.98456607337306,-321.1447315968691,62.15467123225084
-74.93785947069578,-321.0563142658408,62.16387207556959
-74.89116706779573,-320.96788943685453,62.17421992657723
-74.84449063486429,-320.87945617519,61.80797479096217
-74.79725352928396,-320.7913298948729,60.422314629291606
-74.74789535440458,-320.70436494945,60.42231462927554
-74.69853717952519,-320.61740000402716,61.80243899314094
-74.65128927469831,-320.5292740263319,61.94010066592364
-74.60425188069786,-320.4410322294017,60.86737472619132
-74.55557545249543,-320.35369501568624,60.271274666490704
-74.50598819720696,-320.2668604875722,60.81150745390875
-74.45722609926764,-320.17956982372175,61.86228651287663
-74.41006890633655,-320.0913919902561,61.849811926133604
-74.36289253075338,-320.003224453238,61.68761741353548
-74.31546674275776,-319.9151907903991,61.68761741353437
-74.26804095476217,-319.82715712756027,61.58703728800905
-74.22046071922188,-319.73920688809955,61.56182312424299
-74.17284176561935,-319.65127756183335,61.521259276606855
-74.12516058320473,-319.563381990449,61.48455957708476
-74.077423099949,-319.4755169584269,61.4773584891362
-74.02967457509509,-319.3876579289696,61.45561489040613
-73.98189271026851,-319.29981702418416,61.45561489042171
-73.93411084544194,-319.2119761193987,61.474368256214
-73.88635773427718,-319.124119580069,61.47490958172731
-73.83860545310158,-319.0362625894401,60.27254358230465
-73.78902490037575,-318.949435333091,59.74620531523976
-73.73864397041275,-318.86305887185364,60.315404577991906
-73.68912759668527,-318.77619316907993,61.243839763922416
-73.64102138378739,-318.68852947396925,61.08145527773446
-73.59266868802254,-318.60100568385997,59.59720565492991
-73.54206330368923,-318.5147605319017,59.59720565493694
-73.49145791935594,-318.4285153799434,60.821155709722646
-73.44270944978251,-318.3412145871451,61.167042734240034
-73.39448577913275,-318.2536154504548,60.387575977911446
-73.34507952241965,-318.1666886042606,59.59720565493694
-73.29447413808636,-318.08044345230235,59.88955482518795
-73.24431249777669,-317.99394642884886,61.24383976390674
-73.19620628487881,-317.90628273373824,61.243839763922416
-73.14810007198093,-317.81861903862756,61.15783234302139
-73.09986232654913,-317.7310276665449,61.14786115804556
-73.0516093320179,-317.6434446791638,61.11850536237024
-73.00331147422473,-317.55588643322295,61.09993816393029
-72.95498524094081,-317.468343835955,61.09993816393029
-72.9066590076569,-317.38080123868707,61.099938163937416
-72.858332774373,-317.29325864141913,61.1020159912737
-72.810009716548,-317.20571429293153,61.14786115805414
-72.76175672201676,-317.1181313055504,61.14786115803843
-72.71350372748552,-317.0305483181693,61.220786582948406
-72.66536225897886,-316.94290400831875,61.24383976390674
-72.61725604608098,-316.8552403132081,60.456153424323254
-72.56795432210579,-316.76825519661685,59.5972056549464
-72.51734893777248,-316.6820100446585,59.847407270678545
-72.46712317965526,-316.5955490783041,61.1670427342329
-72.41889950900548,-316.5079499416138,61.16704273424861
-72.37067583835571,-316.42035080492343,61.015992657993664
-72.3222214198741,-316.33287914850786,60.99466321734146
-72.27373441797451,-316.2454254933149,60.92150274993819
-72.22513581445152,-316.1580338716616,60.870523344074655
-72.1764594450879,-316.0706854759957,60.847675918694705
-72.12774825735593,-315.98335651382644,60.79427821163843
-72.07895569411738,-315.8960729705182,60.7940418598969
-72.03016277087423,-315.8087896285747,60.76571548794479
-71.9813267016694,-315.7215304198661,60.76571548794479
-71.93249063246458,-315.6342712111575,60.7793529804811
-71.8836753345531,-315.54700038198064,60.7847555338798
-71.83486826528201,-315.4597249493034,60.81307845153412
-71.78610435274918,-315.37242541503247,60.85145144302744
-71.7373989106435,-315.2850932269852,60.86686259683662
-71.68871697183454,-315.1977479618557,60.965989015567544
-71.64018620901973,-315.11031858338123,60.965989015576234
-71.59165544620491,-315.0228892049067,59.59452899914643
-71.54104865183838,-314.93665088011267,59.34679665259016
-71.49006682088728,-314.85062772001777,60.172128725054606
-71.44033410390216,-314.76388736887964,60.92778151491078
-71.39174504989086,-314.6764903724203,60.89214244290662
-71.34310167354617,-314.58912367163055,60.77523462597272
-71.29428010228644,-314.50185635048706,60.77523462597982
-71.24545853102671,-314.4145890293436,60.67670800823497
-71.19648697040158,-314.3274057994013,60.6706214578523
-71.14750614407444,-314.240227764254,60.633723178553375
-71.09846919109378,-314.1530813004921,60.61365000783605
-71.04940170444125,-314.0659520119983,60.610307745472085
-71.0003291354709,-313.9788255862028,60.60416096229228
-70.95124721956661,-313.89170442522,60.606308733652995
-70.90216857006797,-313.8045814254501,60.6421277665454
-70.85314439540164,-313.71742775967465,60.642127766563135
-70.80412022073529,-313.63027409389906,60.70728129980084
-70.75519519387615,-313.54306475458765,60.727656635285236
-70.70630117332048,-313.4558380045981,60.790174714868265
-70.65750239190453,-313.3685580148648,60.86098650876726
-70.60881148414676,-313.2812177225504,60.893476123530476
-70.56017014646012,-313.1938498984873,61.0424889336927
-70.511756160428,-313.10635580087893,61.04248893369982
-70.4633421743959,-313.01886170327055,61.24806989846122
-70.41524247086672,-312.93119452424963,61.272667820409126
-70.36718037156243,-312.8435066358597,60.343688206535845
-70.3177070194997,-312.75661673744986,59.75553284739913
-70.26734015195933,-312.6702320755358,60.26345955354839
-70.21774566433109,-312.5834123845486,61.46526135279744
-70.16997858929862,-312.49556343633253,61.46447218831632
-70.1222103044985,-312.40771514644445,61.42668610286814
-70.0743840946638,-312.31989837804184,61.42668610286814
-70.0265578848291,-312.23208160963924,61.43384937505552
-69.97874265458559,-312.14425886279923,61.43632726537704
-69.93093122235814,-312.0564340479222,61.46328548278438
-69.88316112391054,-311.96858675818174,61.494211338802344
-69.83543844263785,-311.88071368578767,61.17322987474315
-69.78722746347601,-311.79311521412046,59.80219707409489
-69.73693096813659,-311.70668955984814,59.80219707411127
-69.68663447279717,-311.62026390557577,61.14869269297449
-69.6383846424709,-311.5326836541617,61.33999515109638
-69.59042561692479,-311.44493934934087,60.37858476678159
-69.54100579379103,-311.35802038763524,59.727555564103575
-69.49059675099714,-311.271660329944,60.1795910356833
-69.4408745810204,-311.18491219264786,61.339995151112
-69.39291555547429,-311.09716788782697,61.33845128840379
-69.34495418295917,-311.0094249070155,59.80219707408784
-69.29465768761973,-310.9229992527432,59.80219707410193
-69.24436119228032,-310.83657359847086,60.96442146128929
-69.19583258900452,-310.749153746893,61.49421133879519
-69.14810990773182,-310.6612806744989,61.47042872569434
-69.10035076168508,-310.573427429491,61.436327265378296
-69.0525393294576,-310.4856026146139,61.43503915240776
-69.00472592285958,-310.3977788747907,61.42668610286814
-68.95689971302488,-310.30996210638807,61.42668610286814
-68.90907350319019,-310.22214533798547,61.45971177099738
-68.86129792080031,-310.13430101927963,61.46526135280459
-68.81353084576786,-310.0464520710636,61.51561863496491
-68.76584101301378,-309.95856119891505,61.552158999638
-68.71820722897945,-309.8706399058263,61.59343848810865
-68.67063682950726,-309.7826843692613,61.68761741352721
-68.62321104151165,-309.69465070642246,61.63424861590632
-68.57570388044243,-309.606662379955,60.064335009261654
-68.52580332219641,-309.5200075160029,60.06433500927792
-68.47590276395039,-309.43335265205076,61.24103040888702
-68.42779610339849,-309.3456983320307,61.68761741353437
-68.3803703154029,-309.25766466919185,61.626252557286506
-68.33285030182718,-309.16968191167285,61.55215899962369
-68.28521651779282,-309.0817606185841,61.53666911383064
-68.23755897405,-308.99385222128814,61.465261352812995
-68.18979189901754,-308.90600327307203,61.465261352812995
-68.14202482398507,-308.8181543248559,61.430481162730956
-68.09420443187358,-308.73033439058077,61.42668610286687
-68.04637822203891,-308.6425176221782,61.43270363380481
-67.99856123564678,-308.5546958315691,61.43632726538546
-67.95074980341931,-308.46687101669204,61.45640662613707
-67.90296915794188,-308.37902946180225,61.49421133880951
-67.85524647666921,-308.2911563894082,61.374296740471245
-67.8073413656959,-308.20338590875065,59.802197074104235
-67.75704487035647,-308.1169602544783,59.80219707409489
-67.70674837501704,-308.03053460020595,60.96594542971278
-67.65822076329985,-307.9431110552377,61.33999515110353
-67.61026173775376,-307.85536675041686,60.57021692298702
-67.56113307098096,-307.76828328686645,59.72755556408013
-67.51072402818706,-307.68192322917525,59.98797049402142
-67.46071070184932,-307.59533959372385,61.33999515111914
-67.41275167630323,-307.50759528890296,61.33999515109638
-67.36479265075712,-307.41985098408213,61.22128384417163
-67.31665194437903,-307.3322062591085,61.20542710491283
-67.26848697015586,-307.24457483541863,61.15364249844629
-67.22024282643679,-307.15698700345246,61.119102056246405
-67.17194587649225,-307.0694282472605,61.107004254795214
-67.1236304422369,-306.9818796949808,61.08078134582521
-67.07527494182669,-306.8943532604601,61.081075134715086
-67.02691989023631,-306.80682657803004,61.09035887058402
-66.97857902136276,-306.7192920616586,61.09035887059114
-66.93023815248922,-306.6317575452872,61.133247633105555
-66.88196282573385,-306.54418687623956,61.14786115804556
-66.83370983120263,-306.45660388885847,60.37087492741076
-66.7842788865044,-306.36969258717465,59.46720282783978
-66.73347794430569,-306.28356247959573,59.68140572332947
-66.6830015205283,-306.19724675115947,60.99466321735012
-66.63451451862869,-306.10979309596644,60.994663217327215
-66.58602751672908,-306.02233944077346,59.62797536685321
-66.53547092842503,-305.9360713430861,59.393071311721265
-66.48455859028297,-305.85000703582267,60.241078296129466
-66.43493040863294,-305.7632071026562,60.994663217327215
-66.38644340673332,-305.67575344746325,60.96223993159394
-66.33790694745018,-305.58832728844624,60.860986508751395
-66.2892160396924,-305.5009869961319,60.86098650876726
-66.24052513193463,-305.41364670381756,60.779294443271205
-66.19170974677951,-305.32637592794276,60.77523462597982
-66.14288817551979,-305.2391086067993,60.750078846297896
-66.09402829656324,-305.1518627335503,60.737168693465506
-66.04514875778146,-305.06462786753724,60.74067155463799
-65.99627455247875,-304.97739001364505,60.7466825216689
-65.94740949951321,-304.89014703250325,60.75100870154425
-65.89855103576237,-304.80290036503646,60.80380265918195
-65.84977298260046,-304.7156087120016,60.80380265919617
-65.80099492943857,-304.62831705896673,60.88609269372031
-65.75234231139015,-304.5409554641249,60.908688380306
-65.70372413607139,-304.45357466424014,60.98450786084474
-65.6552216774596,-304.36612968235124,61.06163160230895
-65.60683692613406,-304.278619414388,61.021443473747425
-65.55839085044057,-304.19114318655613,60.87052334405169
-65.50971448107694,-304.1037947908903,60.870523344074655
-65.46103811171332,-304.01644639522436,60.73899901404983
-65.4121613707903,-303.92920998761446,60.727656635285236
-65.36326735023464,-303.8419832376249,60.66800732382793
-65.31428256218175,-303.7548074653468,60.63263340998273
-65.26524394614786,-303.6676619244551,60.61684730580824
-65.2161813254149,-303.58052990459805,60.58518818242714
-65.16707056312065,-303.49342500125323,60.58518818242714
-65.1179598008264,-303.4063200979084,60.58518818243423
-65.06884903853216,-303.3192151945636,60.58518818244133
-65.01973827623794,-303.23211029121876,60.62032416007587
-64.97068094248617,-303.1449752933841,60.63263340998273
-64.92164232645229,-303.0578297524924,60.67497076320406
-64.87266813456296,-302.97064802909534,60.72765663527642
-64.8237741140073,-302.88342127910585,60.749468486713596
-64.77491332287511,-302.7961759571267,60.870523344074655
-64.72623695351149,-302.7088275614608,60.87052334406754
-64.67756058414786,-302.6214791657949,61.03544815671366
-64.62913587864152,-302.53399107572943,61.06163160229318
-64.58075112731599,-302.44648080776625,60.167561804321515
-64.53101120136222,-302.3597439061407,59.51359256827257
-64.48028001136801,-302.2735726956258,59.94028212965483
-64.43019597561168,-302.18703302989763,61.176636174699425
-64.38198697298522,-302.09942582000264,61.17663617470799
-64.33377797035874,-302.0118186101076,61.101957821945234
-64.28545482406365,-301.92427431142073,61.09993816393029
-64.23712859077973,-301.8367317141528,61.080139543659506
-64.18877211124261,-301.74920582365263,61.07120558970454
-64.14040198334851,-301.66168747193524,61.07894026518848
-64.09204367113394,-301.5741625924404,61.09035887056976
-64.04370280226036,-301.486628076069,61.09834400267422
-63.99537413673988,-301.3990868297263,61.157451062009045
-63.947135802121956,-301.3114957672078,61.15745106202832
-63.898897467504035,-301.2239047046893,61.253735334328475
-63.85080640909751,-301.13623272678996,61.272667820409126
-63.80274430979322,-301.0485448384,60.36881921117478
-63.753309894741804,-300.96163469129476,59.64371934808516
-63.702774542365006,-300.8753484854448,60.020644015591536
-63.65281140106011,-300.7887377331429,61.23423394729487
-63.60469049174575,-300.7010821044213,61.23423394730697
-63.55656958243138,-300.6134264756996,59.75032552369347
-63.506195653794435,-300.5270477459747,59.68096217887727
-63.45571639898799,-300.44072870987014,60.7461701299489
-63.40685534992772,-300.353494707033,61.34962041075182
-63.358911065440964,-300.26574234669505,61.3219781212797
-63.31092446046243,-300.17801314545204,61.2726678204212
-63.262862361158135,-300.09032525706203,61.27040783735986
-63.21479680355699,-300.0026392653106,61.243839763925976
-63.16669059065912,-299.91497557019994,61.243839763903175
-63.11858437776124,-299.8273118750893,61.259154684499556
-63.07050159915578,-299.73963532532036,61.263056700520096
-63.02242479126267,-299.6519555003739,61.297786012912304
-62.97440114679922,-299.5642465653371,61.33037165873858
-62.926427384253444,-299.47651031702986,61.35769488422029
-62.878495484453246,-299.3887512331995,61.445970194589265
-62.8306988338951,-299.30091837286096,61.44597019459284
-62.78290218333696,-299.2130855125224,59.87803075978272
-62.73272091740409,-299.12659473772567,59.81153523270067
-62.68243850852521,-299.04016088719726,60.84153037953863
-62.633722270179064,-298.9528448860224,61.407409078159134
-62.585866517315125,-298.8650442136009,60.834646107284605
-62.537139652516856,-298.7777338236662,59.84890557822324
-62.48691362956126,-298.69126719554936,59.94011698726751
-62.43682642144016,-298.60472262370587,61.52317722164778
-62.38914817049815,-298.5168254363394,61.52317722165615
-62.34146991955613,-298.42892824897285,61.46302529170504
-62.29369942357608,-298.34108117873797,61.44597019458211
-62.24590277301792,-298.2532483183994,61.43144924388072
-62.1980838652986,-298.1654275771856,61.417046707099324
-62.15024288191849,-298.07761885626877,61.42137266524884
-62.1024085288988,-297.98980652436734,61.436327265392606
-62.05459709667135,-297.90198170949026,61.43632726538903
-62.006785664443896,-297.8141568946132,61.500292683630285
-61.95907231190364,-297.7262787605114,61.503864866835485
-61.911364436677424,-297.63839764876815,61.58172303904558
-61.86377604698828,-297.55045182859425,61.619844952805906
-61.81624616134922,-297.4624743250438,60.96717116778183
-61.7677219649982,-297.37505252558753,59.97992495223242
-61.717693798109515,-297.2884712708173,60.120866113720275
-61.66788032413196,-297.201769932526,61.58115667101339
-61.62029104358827,-297.11382454300974,61.58115667100505
-61.57270176304459,-297.0258791534935,61.45543452023687
-61.524919647994054,-296.93803844748396,61.42668610288373
-61.47709343815936,-296.8502216790813,61.369859698488575
-61.429180174866524,-296.7624524255802,61.3207499337073
-61.38119167938053,-296.6747242347815,61.30594283495512
-61.333180518314165,-296.58700845718886,61.26305670052724
-61.28510371042107,-296.4993286322424,61.26305670052724
-61.23702690252797,-296.41164880729593,61.25368156837041
-61.18893574851458,-296.3239768502127,61.253447348337744
-61.140844236090366,-296.23630508969325,61.28014524843672
-61.09279358326381,-296.14861093386025,61.29189536312752
-61.04476091331124,-296.0609069215401,60.58646850943265
-60.99565736617092,-295.9738102660708,59.587908228863995
-60.94503798744303,-295.88757332701897,59.73123705964939
-60.8946359998101,-295.8012126110519,61.099938163926716
-60.846309766526176,-295.71367001378394,61.09993816393386
-60.79798353324227,-295.626127416516,59.78459213195822
-60.747663591122766,-295.53972255458854,59.476477234703715
-60.69687659137841,-295.4535842250436,60.25058868020321
-60.64726273341879,-295.36677590721933,61.06163160230182
-60.59887798209325,-295.2792656392561,61.03059860245439
-60.550445867761205,-295.191781641075,60.908688380306
-60.50182769244244,-295.1044008411902,60.90868838030956
-60.45320951712368,-295.01702004130544,60.81281515562439
-60.40444520176219,-294.92972072816207,60.80380265918551
-60.35566714860028,-294.8424290751272,60.76822233447811
-60.30683490297054,-294.75516773997686,60.746682521672454
-60.25796985000501,-294.66792475883506,60.74353862664737
-60.20910001012461,-294.5806844593806,60.73716869346024
-60.16022047134285,-294.49344959336764,60.738607358116454
-60.11134312338695,-294.4062135007446,60.77523462597272
-60.062521552127215,-294.31894617960114,60.77523462597272
-60.01369998086748,-294.23167885845766,60.83920428067226
-59.964975882671204,-294.14435710188684,60.86098650875496
-59.91628497491344,-294.05701680957253,60.92195531926117
-59.867687066888344,-293.9696248134106,60.994663217316536
-59.819200064988706,-293.8821711582176,60.72374779449412
-59.77030277877384,-293.79495253339024,59.393071311721265
-59.719390440631784,-293.7088882261268,59.39307131173784
-59.66847810248973,-293.62282391886333,60.746951391111644
-59.61961595499296,-293.5355851649074,60.99466321733945
-59.571128953093336,-293.44813150971436,60.14172921924896
-59.5213498546485,-293.3614169190946,59.467202827843295
-59.4705489124498,-293.2752868115157,59.864366976648334
-59.420350122334256,-293.18881334735585,61.14786115804913
-59.37209712780304,-293.10123035997475,61.14786115804199
-59.323844133271805,-293.01364737259365,61.09307414136406
-59.27550741384479,-292.92611056741003,61.09035887058402
-59.22716654497124,-292.8385760510386,61.08396140219494
-59.17881590271723,-292.751046933075,61.08078134581658
-59.13046040230704,-292.6635204985543,61.095455986664696
-59.0821273233774,-292.5759816866816,61.119102056249965
-59.03383037343286,-292.4884229304896,61.127627719645794
-58.98554645772232,-292.40085699748386,61.20542710489714
-58.93738148349915,-292.31322557379406,61.20542710490569
-58.88921650927597,-292.2255941501042,61.315298701642064
-58.84121968721235,-292.13787056167587,61.33999515109638
-58.793260661666245,-292.05012625685504,60.473908282944
-58.74398566859185,-291.9631254669116,59.72755556408364
-58.69357662579795,-291.8767654092204,60.08427187262048
-58.64370962576184,-291.790099100162,61.33999515111557
-58.595750600215744,-291.70235479534114,61.33999515110353
-58.54779157466965,-291.6146104905203,59.8915493279637
-58.4976309093023,-291.5281082096889,59.80219707409841
-58.447334413962885,-291.4416825554166,60.86439482480682
-58.39865366251573,-291.3543482663598,61.49421133879877
-58.35093098124303,-291.26647519396573,61.473850478892835
-58.3031770816108,-291.1786190962681,61.43632726538903
-58.25536564938334,-291.090794281391,61.435609079059425
-58.207553116347206,-291.0029700659093,61.42668610287172
-58.15972690651252,-290.9151532975067,61.426686102864565
-58.111900696677814,-290.8273365291041,61.457431437782134
-58.064121618599515,-290.7394941126724,61.46526135280459
-58.01635454356706,-290.65164516445634,61.51048177575428
-57.968656831463086,-290.5637585688949,61.55215899962607
-57.92102304742876,-290.4758372758062,61.58543101236358
-57.87344035250083,-290.3878883818547,61.68761741354265
-57.82601456450522,-290.2998547190158,61.68761741352362
-57.77858877650961,-290.211821056177,60.10691304763963
-57.72875313849572,-290.12513002242537,60.06433500927792
-57.678852580249696,-290.0384751584732,61.145068407376975
-57.63059962639206,-289.95090234462407,61.68761741354265
-57.583173838396455,-289.8628686817852,61.07781462639041
-57.534818020558994,-289.77535237882825,60.139486610778384
-57.48503116544071,-289.6886321377235,60.28874552686723
-57.43547214145865,-289.6017855618466,61.84285060910717
-57.38828503951137,-289.51362373014126,61.84285060911434
-57.34109793756411,-289.4254618984359,60.63286592300731
-57.29206209038552,-289.3383204505989,60.36562151592051
-57.242617889478915,-289.2514043867411,61.2923691725564
-57.19459179091045,-289.16371065198115,62.15467123227326
-57.14788518823319,-289.07529332095277,62.15967588749074
-57.10118630930336,-288.98687191152715,62.17421992657723
-57.05450987637191,-288.8984386498626,62.17421992658083
-57.00783344344047,-288.8100053881981,60.432093649678855
-56.95849024016249,-288.72303224547437,60.422314629284536
-56.90913206528309,-288.6360673000515,61.476644172972115
-56.861385997622115,-288.5482154025038,61.94010066592004
-56.81434860362165,-288.45997360557357,61.22561719498783
-56.76621951107567,-288.3723343172296,60.271274666490704
-56.7166322557872,-288.2854997891156,60.46998976028567
-56.66734853740452,-288.19849746993697,61.86228651287304
-56.62019134447342,-288.11031963647133,61.862286512857686
-56.573034151542316,-288.02214180300575,60.49914475117795
-56.52379496532995,-287.93511486705034,60.271274666490704
-56.474207710041476,-287.8482803389363,61.19503302168598
-56.4260318899468,-287.76066683953326,61.94010066592364
-56.378994495946344,-287.67242504260304,61.912186550600346
-56.33191413060336,-287.58420619844946,61.84285060909999
-56.284727028656064,-287.4960443667441,61.84195328593731
-56.237538546298,-287.4078832746325,61.79429171705888
-56.1902767430478,-287.31976146624567,61.79429171705425
-56.14301493979762,-287.23163965785886,61.79429171706247
-56.09575313654742,-287.143517849472,61.79429171707787
-56.04849133329723,-287.0553960410851,60.95161942718042
-55.99994434950478,-286.9679891074203,60.036182382974516
-55.950001218895004,-286.88135877286754,60.28991869629068
-55.90044458422229,-286.79451225311414,61.523177221637035
-55.852766333280265,-286.70661506574766,61.523177221637035
-55.80508808233824,-286.6187178783812,60.02424813864975
-55.75512890847501,-286.5321014160424,59.84890557822676
-55.70490288551942,-286.44563478792554,60.7563218266483
-55.65605690654199,-286.35839143827997,61.407409078159134
-55.60820115367805,-286.2705907658585,60.921731861171786
-55.5596068630966,-286.1832060772086,59.811535232697146
-55.50932445421771,-286.0967722266802,59.811535232697146
-55.459042045338826,-286.01033837615176,61.43033978241416
-55.41122161986899,-285.92251889657285,61.445970194570116
-55.363424969310834,-285.83468603623436,61.36350410665366
-55.3155019699938,-285.746922097319,61.3303716587542
-55.267528207448024,-285.6591858490117,61.3011688201649
-55.219509741365705,-285.57147407850806,61.26305670052724
-55.17143293347261,-285.4837942535616,61.26012040130134
-55.12335163256924,-285.3961168932132,61.2438397638996
-55.07524541967135,-285.3084531981026,61.243839763915275
-55.027139206773455,-285.2207895029919,61.268959128961235
-54.97907143231337,-285.1331047270355,61.27266782041982
-54.9310093330091,-285.04541683864556,61.3181109899325
-54.88301680743303,-284.95769087733845,61.34962041074467
-54.83507252294626,-284.8699385170005,60.83002992483812
-54.786338864814944,-284.7826324847182,59.68096217887727
-54.7358596100085,-284.69631344861364,59.680962178857314
-54.68538035520204,-284.60999441250914,61.2255485117452
-54.63724625712993,-284.52234625851764,61.23423394731054
-54.58912534781557,-284.43469062979597,61.0975673657686
-54.54079554762446,-284.3471501326212,61.042488933689135
-54.49238156159234,-284.2596560350128,60.981297617172295
-54.44387419751228,-284.1722137598945,60.899144467077676
-54.39524146761148,-284.0848410596831,60.886002696368
-54.34658870656624,-283.99747953089525,60.80380265918195
-54.297810653404326,-283.9101878778604,60.803802659197835
-54.249032600242415,-283.82289622482546,60.76349738431973
-54.20019315517844,-283.73563891069324,60.75619811984002
-54.151342592071806,-283.6483878153191,60.75619811984527
-54.10249202896515,-283.5611367199449,60.756198119829364
-54.0536414658585,-283.47388562457076,60.76867998453658
-54.004809914790776,-283.38662389501627,60.80380265918551
-53.95603186162887,-283.2993322419814,60.803802659178395
-53.907253808466955,-283.21204058894654,60.89638234411809
-53.85861686844163,-283.12467023673304,60.899144467081236
-53.809984138540834,-283.03729753652163,59.783719981538276
-53.75966422139283,-282.9508957417788,59.26361379054772
-53.70855755451549,-282.86494668849423,59.817171030266074
-53.65828791052723,-282.778515221608,60.82285686359555
-53.60953888965231,-282.69120735183924,60.81184991975782
-53.5607731102873,-282.603908872179,60.65162389340792
-53.51176338102773,-282.5167470823985,60.651623893400824
-53.46275365176814,-282.42958529261807,60.55671132873966
-53.41359962328984,-282.34250484455896,60.52831233410995
-53.36440241871091,-282.2554487349431,60.492540408511914
-53.31515088202075,-282.1684233769194,60.45257702274801
-53.26583864703021,-282.08143237370604,60.447661942457096
-53.216518950621875,-281.99444560255745,60.42420549763515
-53.16716364577592,-281.90747902826945,60.42420549764577
-53.11780834092999,-281.82051245398145,60.440725744764194
-53.0684781137399,-281.7335316530837,60.44311807696101
-53.01915151809863,-281.64654879200015,60.48115886363837
-52.96988269251547,-281.5595332145617,60.509367882396255
-52.92065670612805,-281.4724933764184,60.54081515373837
-52.87147851909301,-281.385426567621,60.62314082373253
-52.82242546573049,-281.2982891524904,60.62314082374851
-52.77337241236797,-281.2111517373597,60.78171371270903
-52.724560713316905,-281.12387890237443,60.784755533886916
-52.67575364404583,-281.0366034696972,60.92950432325135
-52.62716728776428,-280.94920513781886,60.99466321733589
-52.57868028586465,-280.86175148262583,60.9408373146737
-52.53011117977392,-280.7743434738284,60.860986508770814
-52.48142027201615,-280.68700318151406,60.85131683112701
-52.43271463018811,-280.59967111768236,60.775234625976275
-52.38389305892838,-280.5124037965389,60.775234625976275
-52.33507148766865,-280.4251364753954,60.74398421419012
-52.28620232769117,-280.33789579844836,60.73716869346906
-52.2373227889094,-280.2506609324353,60.742194787590435
-52.18845090289099,-280.1634217792521,60.746682521672454
-52.13958584992546,-280.0761787981103,60.76015404973908
-52.090741315474524,-279.9889243379202,60.80380265917485
-52.0419632623126,-279.9016326848853,60.80380265918718
-51.99318520915067,-279.8143410318504,60.9028856558976
-51.94455818870516,-279.72696516395104,60.908688380316676
-51.895940013386415,-279.63958436406625,61.008995193743466
-51.84747492764986,-279.55211865339845,61.06163160230538
-51.79909017632433,-279.4646083854352,60.99084564208266
-51.7505974104667,-279.3771580745328,60.870523344062356
-51.70192104110309,-279.28980967886696,60.85899174430333
-51.65322710383678,-279.2024711019362,60.727656635285236
-51.60433308328111,-279.11524435194667,60.72765663526575
-51.55543906272544,-279.0280176019572,60.65279341429081
-51.50643112388719,-278.940854831845,60.6326334099987
-51.45739250785331,-278.85370929095325,60.60925098017981
-51.40831833598048,-278.76658377746236,60.58518818243068
-51.35920757368624,-278.67947887411754,60.58518818242179
-51.310096811392015,-278.59237397077277,60.58518818243423
-51.26098604909778,-278.50526906742795,60.58518818243423
-51.21187528680355,-278.4181641640831,60.62792048521738
-51.16282950419161,-278.33102265988225,60.63263340998982
-51.113790888157745,-278.24387711899055,60.69018467449567
-51.06483984705379,-278.1566823934277,60.72765663526221
-51.01594582649811,-278.0694556434382,60.77234248494309
-50.9671198829012,-277.98219084510345,60.870523344074655
-50.91844351353758,-277.89484244943753,60.87493767944908
-50.86977388015731,-277.8074903147399,61.06163160228962
-50.821389128831775,-277.7199800467767,61.06163160230538
-50.77300437750624,-277.63246977881346,60.948812626621496
-50.724447440374924,-277.5450550133095,60.908688380293725
-50.675829265056166,-277.45767421342475,61.503900557415406
-50.628124605963286,-277.369798895466,62.234865636302885
-50.581541802878164,-277.2813162778704,62.152188543685746
-50.534831578398006,-277.19290136708156,61.79623322600491
-50.487572761246206,-277.10477795724495,61.79623322601313
-50.44031394409439,-277.0166545474083,61.458411482907735
-50.392536440068156,-276.92881144518526,61.42861419404238
-50.34471318542995,-276.84099306740677,61.23743532359662
-50.29659732358662,-276.7533350227699,61.13060378708944
-50.248317951428874,-276.66576657306405,61.56120051552412
-50.20070045829639,-276.57784222525487,62.334784827361254
-50.154272032474545,-276.4892785056201,62.280520573168445
-50.1077599388393,-276.4007591575835,61.78846761361486
-50.06048917827076,-276.31264215380384,61.78846761361128
-50.013218417702205,-276.2245251500242,61.08551473567582
-49.96487089559499,-276.1369960739133,60.94115092011539
-49.91630223613365,-276.04958774205664,61.3013349476563
-49.868284819580424,-275.9618772848883,61.6063008408188
-49.820734138324795,-275.8739110193545,60.95550595379367
-49.77219593870663,-275.78650593398316,59.176886982988776
-49.72095923206562,-275.70063433767564,59.176886982994986
-49.66972252542458,-275.61476274136805,59.95546116743983
-49.61965769624803,-275.52820337571205,60.00617048500424
-49.5696691949652,-275.4415992135758,59.98640683598414
-49.5196508251039,-275.3550123026944,59.9747743004225
-49.469614875123376,-275.2684355455977,60.08198453940393
-49.41974128209528,-275.18176578256373,60.41287810767846
-49.37036878490044,-275.0948089675313,60.41287810766237
-49.320996287705604,-275.00785215249897,59.37337273417939
-49.270055400162896,-274.921807105738,59.244809790216785
-49.218920528270914,-274.8358748298667,59.41085946468786
-49.16803510494558,-274.7497950463593,59.56057966909606
-49.11737459925577,-274.66358226121065,59.32328128795635
-49.06635936699164,-274.5775832353869,58.29282784259953
-49.01380383529979,-274.4925123987364,58.29282784259953
-48.96124830360794,-274.40744156208586,57.06693875058688
-48.90688725673069,-274.3235184003999,56.82304665540527
-48.85216697413342,-274.23982358674755,56.819957061875016
-48.79744217858576,-274.15613172407416,56.81630654649578
-48.74271205075261,-274.07244334813583,56.66944196766324
-48.68776925493063,-273.9888980713108,55.3123932439292
-48.630861559479854,-273.9066749276206,55.312393243941045
-48.573953864029065,-273.82445178393033,55.27495820878738
-48.51699246402104,-273.74226584645515,55.25960806603082
-48.460009042592,-273.6600951652965,54.76348154989652
-48.40232058957141,-273.5784271279409,53.767364735317976
-48.34321663627428,-273.4977682545017,53.76736473530201
-48.28411268297715,-273.4171093810625,53.71156264463709
-48.22493020392996,-273.33650811215364,53.70695035263586
-48.16574123437783,-273.2559116045172,52.331122347899516
-48.104650153524105,-273.1767801846085,51.08303533569776
-48.04183353662707,-273.09897784658807,51.09655314629568
-47.97903531096395,-273.0211607319718,51.3560899284612
-47.91659018873791,-272.9430599133461,51.3560899284504
-47.8541450665119,-272.8649590947204,50.74008464018333
-47.79086638615174,-272.7875372076969,50.31840203836405
-47.72701709289598,-272.7105800838514,50.191987192365325
-47.66299942435078,-272.6337655380043,49.16661613156522
-47.59761610865904,-272.55810740434384,49.16661613155906
-47.532232792967285,-272.4824492706834,48.60339859205998
-47.46611114193723,-272.40744001077616,48.21321281027528
-47.399477982752906,-272.3328802813175,48.181704964233724
-47.33280406759237,-272.25835746898116,47.44566539077275
-47.265178097894506,-272.18469703603205,47.445665390769754
-47.197552128196634,-272.11103660308294,47.663258399776666
-47.130206944285426,-272.0371204897112,47.91304198078385
-47.06318408518621,-271.96291087094113,47.913041980755985
-46.996161226086976,-271.88870125217113,46.31261933650092
-46.92709446995916,-271.81639514352213,46.160613628664194
-46.85783356258276,-271.7442698506685,46.38777399211511
-46.78886047960015,-271.67187191868663,46.94338435631688
-46.72059137563234,-271.598807148768,46.94338435631688
-46.652322271664524,-271.5257423788494,45.97289677499185
-46.58282965219079,-271.4538487545623,45.56226832422794
-46.51281932387684,-271.3824506797339,45.49747239254575
-46.44272906102798,-271.31113260371905,44.39167630176072
-46.371274733715524,-271.2411796890682,44.39167630178683
-46.29982040640307,-271.1712267744173,44.813888772489946
-46.22888703181205,-271.1007527286175,45.5887031287786
-46.158909652190616,-271.02932236041784,45.58870312878975
-46.08893227256915,-270.9578919922181,44.96612598503871
-46.018184630190284,-270.8872279542857,44.70456202275691
-45.94711337129939,-270.8168858806776,44.72191780338875
-45.876063703295245,-270.74652255892676,46.21223594246319
-45.80686780742077,-270.67433489270906,46.21223594246319
-45.7376719115463,-270.60214722649135,45.97923200606472
-45.6681839478867,-270.5302425103043,45.60462975665155
-45.59822642661766,-270.4587926931057,45.604629756668515
-45.5282689053486,-270.38734287590705,46.94753274141958
-45.46001228154801,-270.31428085935573,47.4624789466794
-45.39240793055631,-270.24060058460856,47.56218109497526
-45.32493254325162,-270.166803489867,48.194666294827805
-45.258275252741285,-270.0922653333185,48.19466629482477
-45.19161796223094,-270.01772717677,48.7170730808375
-45.125645105410676,-269.94258670448664,49.10845003175176
-45.06018501604721,-269.8669949862871,49.10807380976604
-44.99472443036606,-269.79140369796653,49.09748192130613
-44.92924987170666,-269.7158245121533,49.0974819212848
-44.863775313047256,-269.6402453263401,49.7107358261342
-44.799117342663834,-269.56397429757334,50.357577153796186
-44.73532068258828,-269.4869735357392,50.357577153799326
-44.671524022512735,-269.40997277390505,50.34417764062185
-44.60770935639501,-269.33298693407545,50.34383846915956
-44.54389423450434,-269.25600147195496,50.919699808897654
-44.480859945867685,-269.17838328573174,51.61913991373578
-44.418774048250626,-269.0999966001473,51.61913991371875
-44.35668815063357,-269.0216099145629,53.01940644999596
-44.29653706182201,-268.94173044596204,53.077590837612384
-44.23646637688395,-268.8617889425305,53.91055899659518
-44.177570330377876,-268.7809910295959,54.73206327337563
-44.11983275723525,-268.6993484928431,54.75195250147531
-44.06212356647312,-268.6176859723676,54.97002485756745
-44.00472556917408,-268.5358043439893,54.97002485756079
-43.94732757187502,-268.453922715611,56.04861537376897
-43.89148627621032,-268.3709828747283,56.61591889773407
-43.836463789946784,-268.2874864247127,56.657329553832284
-43.78150170662717,-268.2039502916932,56.77654608396891
-43.726713516346045,-268.1202999159287,56.77654608398675
-43.67192532606492,-268.0366495401641,57.01614472756787
-43.61748750736769,-267.95277091600394,57.05925859615266
-43.563112735425676,-267.8688512202462,58.51392662378896
-43.51090848743097,-267.78361513241447,60.468303228079876
-43.46162013107162,-267.6966105975486,60.50601493187567
-43.41238918614312,-267.609573878839,60.98324204500359
-43.36388475245232,-267.52212989064,60.983242045015835
-43.31538031876151,-267.4346859024409,61.74512687806961
-43.26804460852945,-267.34660782943587,62.05313158967094
-43.22118138598989,-267.2582734107021,62.775852985105274
-43.175440585049785,-267.1693636249655,63.66640720266409
-43.13108283926053,-267.0797448682885,63.633439975736465
-43.086673562013715,-266.99015170303164,63.514000897908076
-43.04207758827379,-266.9006512545075,63.514000897915366
-42.99748161453388,-266.8111508059834,64.92705669795403
-42.95510652192026,-266.7205783530491,64.95341569303997
-42.91277286158936,-266.62998590103007,64.65105258115321
-42.86996188964872,-266.5396184814006,64.56276425313007
-42.8270115448109,-266.44931677024215,65.23626454513604
-42.785127902232375,-266.35852138164756,65.76716148367002
-42.74408511140785,-266.2673368408461,65.52056103973965
-42.702650909857674,-266.1763312529401,65.09310117720098
-42.66053823694399,-266.08563586198835,65.23953713176101
-42.61865821427434,-265.99483468563045,66.00458228685528
-42.577993622933974,-265.9034808560941,66.00458228685156
-42.5373290315936,-265.8121270265578,65.03734654412571
-42.49512829999512,-265.721473039164,65.00884106753365
-42.45288229454424,-265.6308396778489,65.44269051964498
-42.41132414529725,-265.53988982924653,65.57620194590689
-42.369977676523504,-265.4488425850281,64.81231184593203
-42.32742391674756,-265.35836077994395,64.23137149090311
-42.28395199763901,-265.2683089981246,64.9731288134716
-42.241656178303685,-265.17771627118,66.36865514482635
-42.201572890912715,-265.0861058938652,66.15217222456609
-42.16114522742084,-264.9946509485245,65.0478741003885
-42.118960976193705,-264.9039888279436,65.04787410038112
-42.07677672496656,-264.81332670736265,65.26481145171257
-42.03493605982945,-264.7225055446096,65.27434106341668
-41.99311048775868,-264.63167739544434,63.996592183745136
-41.94927345103282,-264.54181171683035,63.58413799254655
-41.90478707025663,-264.4522567444097,63.69964652702219
-41.86048140518156,-264.36261243565593,63.8051245879884
-41.81634076292467,-264.2728865483046,63.86730531235162
-41.77229758479175,-264.18311293694694,64.01685163874056
-41.72848881029684,-264.0932245481691,63.90116871200485
-41.68449985191273,-264.0034272761664,62.33282386792927
-41.638068395007195,-263.91486514560563,62.332823867925676
-41.59163693810165,-263.82630301504486,63.6648519299256
-41.547279564138776,-263.7366911281528,63.97646361605261
-41.503407437850676,-263.64683364268393,62.96966705719986
-41.45796818183292,-263.55777067611245,62.254443203671215
-41.41141561535853,-263.46927214666437,62.77432631093812
-41.36567187717088,-263.3803624753286,63.855466279366226
-41.32161008764265,-263.29059783939994,63.8671643432941
-41.27756663483131,-263.2008242267411,63.976463616056265
-41.233694508543216,-263.1109667412722,63.97646361606358
-41.18982238225514,-263.0211092558033,64.07325386111289
-41.14610212475037,-262.9311778040479,64.08759749189308
-41.102404373137254,-262.841235391006,64.15311146378892
-41.0588095088566,-262.75124310331165,64.18881039777315
-41.01527070847413,-262.6612236386327,64.22763719306647
-40.971792933737675,-262.5711747182322,64.28005014320408
-40.92839753855164,-262.4810860350557,64.61002341509362
-40.88552444074629,-262.3907547200794,65.88576179135613
-40.84467048660289,-262.2994854175146,65.85952375062273
-40.80377503873364,-262.20823549782733,64.03705606438858
-40.75999796464159,-262.1183316661861,64.03705606438858
-40.71622089054954,-262.0284278345449,63.77452763044895
-40.67203246298626,-261.93872578278507,63.70457167197303
-40.62773442169668,-261.8490774994901,63.514306703848746
-40.58313911990275,-261.75957720279877,63.3639949522792
-40.53830897835668,-261.6701938174926,63.865125413237976
-40.4942658844899,-261.5804290148699,64.92469631743626
-40.45188682022416,-261.4898577938789,64.71703083548907
-40.40918196908125,-261.3994454355168,63.085035496950596
-40.36391717426081,-261.310281375999,63.08503549696534
-40.31865237944037,-261.2211173164812,64.43609360058048
-40.27550429390496,-261.1309145339279,64.63824395422473
-40.232672947004325,-261.0405563196776,64.41110827632724
-40.189483911276675,-260.950368980732,64.29222603776547
-40.146107661766834,-260.8602710776582,64.14642660448789
-40.10250246476659,-260.77028422079417,63.95829806871152
-40.05860185149298,-260.680440649438,63.890507529472195
-40.01459508443127,-260.5906493184428,63.63629512212236
-39.97019024518898,-260.5010538865743,63.636295122111534
-39.9257854059467,-260.4114584547059,63.332796795547985
-39.88090661483664,-260.3220995209793,63.32605580355516
-39.836017296747016,-260.2327458401302,63.105074383873834
-39.790783807559464,-260.14356618802753,63.027422499614524
-39.7454293779219,-260.0544476889823,62.885046132870364
-39.69985377785455,-259.9654424473292,62.740241600741186
-39.65405323540237,-259.87655239461844,63.137174991982896
-39.60887292628241,-259.7873537495331,64.355174516669
-39.565595689732774,-259.69720824517236,64.30809238101487
-39.52224491603593,-259.60709942350013,62.62183961291825
-39.476260779812286,-259.5183042075502,62.62183961293322
-39.43027664358864,-259.42950899160024,63.90191524018844
-39.38629083043768,-259.3397151787379,64.27396313049952
-39.342885864617806,-259.2496311063277,63.335755824592844
-39.298016505057795,-259.1602794465466,62.58242846952601
-39.25197130155402,-259.0715158819825,62.52314966050596
-39.20583434422011,-258.9828001137829,62.38579446988351
-39.15948478384617,-258.8941950946645,62.44255841355797
-39.11322351907942,-258.80554513928854,63.66841523206272
-39.068868914161285,-258.7159248280729,63.668415232059075
-39.024514309243145,-258.62630451685726,62.02410859568653
-38.977610800889956,-258.5380022325522,61.64500748389133
-38.93011955682682,-258.4500038638334,62.349533267577435
-38.88371691984362,-258.36143390355176,62.95003583206678
-38.83824216351982,-258.27237674383326,62.37386014783576
-38.79187977595505,-258.1837921336437,60.99083907049472
-38.743386937160764,-258.0963417148597,61.00026114210809
-38.69490857166376,-258.00888348832876,62.31909912239359
-38.64845590174081,-257.92033248259276,62.31909912239719
-38.60200323181787,-257.83178147685675,60.89789132168861
-38.55337361755386,-257.74441887057026,60.4204238317486
-38.50401257280228,-257.65745555404624,61.02727909150152
-38.45557870043417,-257.56998034080755,61.772939776127394
-38.40828406084616,-257.4818761512019,61.44394837094142
-38.36048793423011,-257.39405163531256,59.93122008900682
-38.31038618614461,-257.3075129387739,59.93122008900682
-38.26028443805912,-257.2209742422353,61.12669506914405
-38.21200069673879,-257.1334119963641,61.30920619661307
-38.1639945270826,-257.04569347588654,61.078378841227355
-38.115635632108386,-256.9581695677227,60.91632478487032
-38.06702910336959,-256.870782288764,60.80829311340143
-38.01825809507288,-256.78348717714874,60.55484646477415
-37.96910121214409,-256.69640829325283,60.5541542878523
-37.91994327894939,-256.60933000624544,60.22416765434533
-37.87028464747082,-256.5225362767513,60.2241676543418
-37.82062601599224,-256.4357425472571,60.014529265094424
-37.77065029465749,-256.34913134440853,59.92373128396574
-37.720537236019794,-256.2625991971232,60.512066264026025
-37.6713194680107,-256.1755643248572,61.44597019458569
-37.623522817452546,-256.08773146451864,61.26710238596289
-37.575454107066385,-256.0000517221905,59.81153523268192
-37.525171698187485,-255.91361787166213,59.81153523269362
-37.47488928930859,-255.82718402113372,61.08113521886824
-37.42653738032982,-255.7396628102577,61.40740907815426
-37.3786816274659,-255.6518621378363,60.60064448998577
-37.32959889887909,-255.56475203649396,59.848905578218584
-37.2793728759235,-255.47828540837713,60.1914741101231
-37.22966818108824,-255.391526057536,61.52317722163642
-37.18198993014623,-255.30362887016955,61.5231772216448
-37.1343116792042,-255.21573168280304,60.141399378972906
-37.08452882163036,-255.12901170006745,60.036182382975596
-37.03458569102057,-255.04238136551467,61.12723742102667
-36.98630652616034,-254.9548254590181,61.794291717070166
-36.93904472291015,-254.86670365063122,61.79429171706247
-36.89178291965995,-254.77858184224436,61.79429171706247
-36.84452111640976,-254.6904600338575,61.79824459964411
-36.79726539413659,-254.60233496741665,61.84285060910409
-36.750078292189286,-254.51417313571127,61.84285060910409
-36.702891190241985,-254.4260113040059,61.921900175173896
-36.6558257781729,-254.33778447268844,61.940100665927226
-36.60878838417245,-254.24954267575822,61.028334063693926
-36.56035787636685,-254.16206973853994,60.27127466649778
-36.51077062107839,-254.07523521042592,60.65805830817357
-36.461774156704294,-253.98807410114637,61.86228651286536
-36.41461696377319,-253.89989626768076,61.862286512861274
-36.367459770842096,-253.81171843421518,60.31108680389429
-36.31793333062114,-253.7248502883607,60.271274666490704
-36.268346075332666,-253.63801576024667,61.39231405650251
-36.22047167049759,-253.55023590971794,61.940100665919566
-36.17343427649714,-253.46199411278775,61.32503665061664
-36.12545640235619,-253.374269750957,60.422314629284536
-36.07609822747679,-253.28730480553412,60.60706032546364
-36.02702288454134,-253.20018500302766,62.174219926576825
-35.980346451609904,-253.11175174136315,62.17421992657723
-35.933670018678455,-253.02331847969862,62.15772330590759
-35.88696812630489,-252.93489866147218,62.15467123225845
-35.84026152362762,-252.84648133044382,61.11365938106326
-35.79196198562553,-252.75893754670315,60.3656215159321
-35.74251778471893,-252.6720214828453,60.78041693483192
-35.69370738328125,-252.5847556040195,61.84285060911127
-35.64652028133396,-252.49659377231413,61.82199198176898
-35.59930133946269,-252.40844959618303,60.13948661077486
-35.5495144843444,-252.3217293550783,60.139486610778384
-35.499727629226115,-252.23500911397358,61.23245308970238
-35.451607641778175,-252.14736162255687,61.68761741354568
-35.40418185378259,-252.05932795971802,60.98292115255123
-35.355681712529666,-251.9718928643926,60.06433500926626
-35.305781154283636,-251.88523800044047,60.26903866958469
-35.25619270366502,-251.7984092481651,61.68761741353437
-35.20876691566943,-251.71037558532626,61.68761741353493
-35.16134112767382,-251.6223419224874,60.36509831502774
-35.11189838017927,-251.53543026012764,60.139486610781915
-35.06211152506099,-251.4487100190229,61.07292060606805
-35.01374931111263,-251.3611997993376,61.84285060910717
-34.96656220916535,-251.27303796763226,61.43007485538393
-34.918744393579345,-251.18522424772272,60.36562151591697
-34.86930019267273,-251.0983081838649,60.36562151592856
-34.819855991766126,-251.01139212000706,62.115970883163214
-34.773090160928355,-250.92300726901615,62.15467123226565
-34.726383558251094,-250.8345899379878,61.14466178282773
-34.67812864178287,-250.74701503268477,60.744779614422406
-34.62926069133067,-250.65977367449707,60.764953452651206
-34.58042346569518,-250.5725151226689,60.79237353449385
-34.531628000926574,-250.48523320141456,60.802471749582054
-34.48284792506396,-250.39794269033695,60.86861583544234
-34.43416864769779,-250.31059591526804,60.868615835441524
-34.38548937033163,-250.22324914019916,60.957117209128555
-34.33694508114624,-250.13582729684776,60.973633912553225
-34.288425984345,-250.04839144375865,61.84737310582123
-34.24125023390763,-249.96023409606224,62.54698247016009
-34.19515012569316,-249.87149903431975,62.04971281644123
-34.148285723413174,-249.7831751221807,60.897235896755966
-34.09965008308167,-249.6958040420147,60.899833174953464
-34.05101840742058,-249.60843076441483,61.10760287197203
-34.002703885526735,-249.5208817031178,61.107602871984206
-33.954389363632885,-249.4333326418207,61.28236928450013
-33.906342196097306,-249.34563676918583,61.347695217447715
-33.8583949630739,-249.25788601987148,62.121042991563556
-33.81164170677485,-249.16950600860895,63.07112351954167
-33.766355263380476,-249.08035294245573,62.7567681645836
-33.720583028075886,-248.99145485955427,61.54056438113399
-33.672931452888854,-248.90354320764155,61.54056438114175
-33.62527987770182,-248.8156315557288,60.18281508444001
-33.57555966130018,-248.7288755119395,60.08123423653369
-33.52568466383005,-248.642205933729,61.18317575212781
-33.47749105999996,-248.55460303632776,61.85062412404257
-33.43031591970504,-248.46643480339785,61.34379874892172
-33.38236613722428,-248.378693569496,60.420423831746014
-33.33300509247268,-248.29173025297194,60.51972671440801
-33.28379612433188,-248.2046837824035,62.24073816724761
-33.23722239051734,-248.11619639076827,62.24073816724325
-33.19064865670282,-248.0277089991331,61.12654144244527
-33.14236543946178,-247.94014825890213,60.8381053239461
-33.09363965606616,-247.85282741836386,61.78274850475283
-33.04636642521364,-247.76472692116283,62.71259186199568
-33.0005229916254,-247.6758589811807,62.363789381650996
-32.954141937200816,-247.58727660603154,61.3361455420911
-32.9061770163677,-247.4995355236966,61.3361455420911
-32.85821209553458,-247.41179444136168,63.21793997103241
-32.81315489818718,-247.32252691063843,63.268197316967026
-32.76817537176909,-247.2332186055205,62.275476724368794
-32.72165781987745,-247.1447077935128,61.91674457098676
-32.6745844588332,-247.05648517827254,62.848644866580905
-32.62895905105158,-246.96752203244714,63.909884120243866
-32.58498253718652,-246.87771558842385,63.59058184331734
-32.54050840925715,-246.78816000440227,62.582428469533504
-32.49446320575338,-246.69939643983815,62.58242846953685
-32.448418002249625,-246.61063287527406,62.73824823208623
-32.40261436943191,-246.52174442026188,62.74024160074458
-32.35681382697975,-246.43285436755113,62.86424888010944
-32.31120581757232,-246.34386546960692,62.90841023642624
-32.2656663728994,-246.25484137096666,62.996076255456586
-32.22026324888698,-246.16574780663765,63.087023202356626
-32.17500154737366,-246.07658217684707,63.13389458747333
-32.12981284973124,-245.98737964071432,63.276174303118836
-32.08484575766859,-245.89806507420212,63.27787697650527
-32.03988132211954,-245.80874917601895,63.47596225865651
-31.995225938909254,-245.71927835446144,63.475962258649226
-31.950570555698967,-245.62980753290395,64.80426344863764
-31.90800456515817,-245.53933272416808,65.19395342455672
-31.866051599770717,-245.44856334687032,64.23789891035436
-31.822594508666455,-245.35851607962798,63.5160036292258
-31.778001663375324,-245.26901407233947,63.60009794077104
-31.73354032517489,-245.1794469028991,63.76689398206116
-31.689339823154963,-245.0897504883609,63.79452763310056
-31.64518263026497,-245.00003285496206,64.02897346114001
-31.60139287405133,-244.91013519976136,64.02897346113286
-31.557603117837694,-244.82023754456068,62.60603512840255
-31.511596412128796,-244.73145872525834,62.413280899080476
-31.465289363456325,-244.6428314811227,63.49729376093938
-31.420672104818987,-244.55335368867676,64.15032907503299
-31.377072854867436,-244.46336348607952,63.5001414461381
-31.332459513896552,-244.3738824140453,62.53123600132538
-31.28633502056807,-244.2851600252417,62.7877199244838
-31.240610804187384,-244.1962372065246,64.27193426473346
-31.197202648482794,-244.10615467115753,64.27193426473372
-31.153794492778218,-244.0160721357905,62.76759291139622
-31.108037627786594,-243.9271626364034,62.649444131963996
-31.062096277522745,-243.83834527607465,63.82752688898605
-31.017995202254735,-243.74861125520115,64.39378870197926
-30.974778728611113,-243.65843660485172,63.650044836193864
-30.930399826609577,-243.5688394733661,62.76790509644887
-30.88464220730784,-243.47992731764108,63.13151521543433
-30.83945322427853,-243.3907334065232,64.51589204816051
-30.79642902031159,-243.30046686215132,64.51589204816601
-30.75340481634466,-243.21020031777945,62.89904660747381
-30.707850962840556,-243.12118393511696,62.88661869082489
-30.662277662551084,-243.0321771631243,64.19221986950835
-30.618748080154386,-242.94216309219857,64.63824395423576
-30.575916733253774,-242.85180487794824,63.76976599525958
-30.531725194829143,-242.76211531481889,63.00558470158851
-30.486336801730342,-242.67301410870058,63.509846893352425
-30.44173862467137,-242.58352549263202,64.76084406064236
-30.399100721972715,-242.4930758358428,64.63631323610045
-30.35626755833436,-242.40272165550175,63.12480290558946
-30.311064660708137,-242.31352620042682,63.12480290558946
-30.265861763081915,-242.2243307453519,63.340914234020495
-30.220995682049693,-242.1349655530848,63.38397305430567
-30.176196709754045,-242.04556654167482,63.533335481130266
-30.131631043019734,-241.9560512548209,63.634288207513926
-30.087223065521503,-241.86645737838757,63.572218578596555
-30.042718100867464,-241.77691175419025,63.46395529017446
-29.99804396903111,-241.68745029263,63.440796268229434
-29.953333705120325,-241.59800694513473,63.28415240770035
-29.90837905002832,-241.50868611808198,63.28415240770762
-29.863424394936327,-241.41936529102924,64.81677128478658
-29.82087668911979,-241.32887807182917,65.00678738352056
-29.778627435074817,-241.238246224819,63.85754403506282
-29.734573014975876,-241.1484883735155,63.324059704905316
-29.68968058396587,-241.05913625659687,63.23988885864834
-29.64465699865369,-240.96985030602175,63.134749132423266
-29.599469585540565,-240.88064700532064,63.0945247068631
-29.554219602413706,-240.79147553688105,62.936157198971515
-29.5087232753005,-240.70242939502728,62.936157198965766
-29.463226948187312,-240.61338325317357,64.55448779752292
-29.420264338525744,-240.52308938427433,64.62803847714444
-29.3774168977739,-240.43273880054159,63.371079262909106
-29.332601540168266,-240.34335731582186,62.9361571989712
-29.28710521305509,-240.25431117396815,63.77684547832558
-29.242925106386537,-240.16461686045437,64.62803847714628
-29.200077665634698,-240.07426627672163,64.57031765904706
-29.157139280930757,-239.9839590200608,64.4242912167717
-29.113970819625706,-239.8937613753666,64.41156942397738
-29.07078234723471,-239.8035733493887,64.23137149088821
-29.027310428126114,-239.71352156756933,64.23137149089528
-28.983838509017517,-239.62346978574993,64.0774215399802
-28.940124812918828,-239.5335351945671,64.04918205150796
-28.89636676691016,-239.44362210002947,63.94271209428709
-28.852441761780316,-239.35379056893748,63.87763039315198
-28.808414699809024,-239.26400889500562,63.23664633462783
-28.763390353114705,-239.1747340017873,62.2466113318552
-28.716825690038704,-239.08624183652702,62.47410011021648
-28.67061512144454,-238.9975700479576,63.95829806871684
-28.62671450817093,-238.90772647660143,63.95829806871684
-28.58281389489732,-238.81788290524526,62.47715071549449
-28.53660725749573,-238.72920714024193,62.32498073395551
-28.49016367788704,-238.64065136644393,63.436350765235254
-28.445451011807574,-238.55122056375586,64.03907688872285
-28.401677108654336,-238.4613151881515,63.34591236644473
-28.356823223184975,-238.3719548477449,62.40346273451725
-28.31050098809011,-238.2833355400538,62.69001816738582
-28.264625408735604,-238.19449121384923,64.1199667612298
-28.22097847708887,-238.10452412810307,64.11996676122291
-28.17733154544215,-238.01455704235696,62.573900838705086
-28.131274127469457,-237.925802251585,62.48205728124495
-28.085073498000902,-237.83711948552224,63.66587507372944
-28.040719199592363,-237.7475097871722,64.20096759229102
-27.997199500796423,-237.65748108632332,63.43470673728593
-27.952484267353604,-237.5680515640818,62.560764320013426
-27.906405504685157,-237.47930541604836,62.52507502282256
-27.860271504320682,-237.39058805087632,62.39364632848301
-27.81393408688332,-237.30197668080984,62.393646328492686
-27.76759666944595,-237.2133653107433,62.22492306869016
-27.72099852181193,-237.12489079546043,62.217251845715325
-27.674388519722495,-237.03642250246767,63.39362634467913
-27.629608736429166,-236.9470241821995,63.907867740998796
-27.58562906208193,-236.85721928587338,63.13372345490852
-27.54044472656479,-236.76802602142166,62.25640134764561
-27.493895184648593,-236.67952590104196,62.30148291641367
-27.44741534545118,-236.5909892856649,62.47222680987897
-27.401199500997627,-236.50231444773848,62.47222680987145
-27.354983656544075,-236.4136396098121,62.66940848127902
-27.309073270185884,-236.32480627258897,62.67903567772124
-27.26317779754081,-236.23596519678213,62.81785448210411
-27.21749776441687,-236.14701329491857,62.876716247382284
-27.17190908174617,-236.0580144006997,62.96246274928177
-27.12645370312161,-235.96894749948893,63.06516229376767
-27.08115798421837,-235.87979914555646,63.41956376153434
-27.036417743074793,-235.7903786992716,64.74039348900622
-26.99374755891411,-235.6999442669821,64.74035842692605
-26.951077319803005,-235.60950986163286,63.02543689500753
-26.905719801760952,-235.5203929344142,63.0254368950074
-26.860362283718914,-235.43127600719555,64.2906891101748
-26.816987034962604,-235.34118636592007,64.69951300527678
-26.774252336787985,-235.2507824017827,63.768096398428106
-26.730058622559206,-235.161095014762,62.9857395135721
-26.684639370744893,-235.0720095348876,63.48500385900372
-26.640002091204995,-234.98253965322226,64.6586600790182
-26.597202944238646,-234.89216618267486,64.51240100114553
-26.554174741865673,-234.80190540961613,62.94607015788604
-26.508693821642204,-234.71285139760403,62.94607015788059
-26.463212901418725,-234.62379738559193,64.34967838787989
-26.419929499316165,-234.53366120068537,64.61783472390645
-26.377065968790628,-234.44331824904708,63.5468263319336
-26.332525931502673,-234.35380161778468,62.906428836284775
-26.2869834082295,-234.26477909404073,63.53986816787342
-26.242432304079394,-234.1752674786395,64.57703695343201
-26.19950445523712,-234.08495507111095,64.6089828063708
-26.15662700149533,-233.99461881400177,64.77107192813264
-26.11400524564083,-233.90416154736326,64.77107192813449
-26.07138348978633,-233.81370428072475,64.96649262881336
-26.02907051894079,-233.72310219463023,64.97599035979229
-25.986772555525917,-233.63249307008536,63.70579042631323
-25.942480119941337,-233.5428513303147,63.27417995171668
-25.89750991904464,-233.45353832907108,64.13708758904112
-25.85389468211064,-233.36356812562283,64.97599035979461
-25.81159671869578,-233.272959001078,64.46586137804903
-25.768497701302582,-233.18273841412906,63.27417995171849
-25.72352750040589,-233.09342541288544,63.37704763832538
-25.67871884528052,-233.00403405661544,64.97599035979044
-25.636420881865643,-232.91342493207057,64.9759903597822
-25.594122918450775,-232.82281580752576,63.52403436704099
-25.549545081767093,-232.7333124966998,63.27417995171849
-25.5045748808704,-232.64399949545617,64.31885747342572
-25.46124504503549,-232.55389086306317,64.97599035979646
-25.418947081620637,-232.46328173851833,64.28409436517333
-25.375562663128317,-232.37319958051415,63.27417995170754
-25.330592462231618,-232.28388657927056,63.55879419732855
-25.28606920820534,-232.1943567940558,64.97599035979277
-25.24377124479048,-232.10374766951097,64.97599035978723
-25.20147328137561,-232.01313854496613,63.342290404246924
-25.156610043592835,-231.92377366308492,63.274179951722125
-25.11163984269615,-231.8344606618413,63.123549910207
-25.06643505502862,-231.7452663148051,63.0651622937586
-25.021139336125362,-231.65611796087262,62.961063347339696
-24.975681803354913,-231.5670522114865,62.84701943570789
-24.930046998047377,-231.47807695816078,62.79491345252516
-24.884331359169074,-231.38914336641747,62.61986838835647
-24.838344168030165,-231.30034973257483,62.619868388363955
-24.792356976891256,-231.21155609873216,62.38926625624562
-24.746012794390115,-231.12294828817963,62.383831681111836
-24.69966019869001,-231.03434485691596,63.56063341731881
-24.655140740152365,-230.9448154957225,64.01887176892757
-24.611335134962573,-230.8549255623941,63.17106392358181
-24.566209313953653,-230.76570361384083,62.30537782531427
-24.51973543900769,-230.67716373521353,62.690544254129954
-24.473861169851208,-230.58831994534287,63.93812072648893
-24.42992891989349,-230.4984918396438,63.92197094682024
-24.385971535395306,-230.40867649503582,62.22703658079415
-24.33937664223284,-230.32020024347074,62.227036580791975
-24.292781749070382,-230.23172399190568,62.344467677983964
-24.246368323647374,-230.14315248960136,62.383831681104624
-24.200015727947257,-230.0545490583377,62.456309968215216
-24.153775289538807,-229.96588713598774,62.531236001339835
-24.107650796210354,-229.87716474718414,62.91570920660033
-24.0621259843762,-229.78814128463958,64.15032907501673
-24.01852673442463,-229.69815108204236,64.12425880379861
-23.974886838864528,-229.60818133823167,62.41328089908195
-23.928579790192074,-229.51955409409607,62.413280899084086
-23.88227274151961,-229.43092684996043,63.63859093509527
-23.83787472724063,-229.34133616655157,64.02897346114018
-23.794084971027008,-229.2514385113509,63.10400201231991
-23.748854846321347,-229.16226962935272,62.2955790102739
-23.7023658298247,-229.07373770005597,62.73820415418719
-23.656565738247938,-228.98485628525407,63.907867741004274
-23.612586063900714,-228.89505138892795,63.825726405443355
-23.568478596444287,-228.80531148568508,62.1781305106794
-23.521808199418775,-228.7168750384401,62.178130510669995
-23.47513780239326,-228.62843859119513,63.442704452532695
-23.43043345745873,-228.5389996369476,63.78701222231752
-23.386264453223,-228.44928770783753,63.87112300276573
-23.342227232344204,-228.35951111193023,63.938120726492585
-23.298294982386494,-228.26968300623116,63.99147735698743
-23.254446442365555,-228.17981410669367,64.09973388702903
-23.210767743339442,-228.08986243960953,64.11811352209732
-23.167117920514684,-227.99989680441536,64.2719342647243
-23.123709764810076,-227.9098142690483,64.27193426471722
-23.08030160910547,-227.81973173368127,64.4340617584393
-23.037148551771455,-227.72952677507644,64.45480928302335
-22.994028139527707,-227.6393061498971,63.311734352505916
-22.94912089506119,-227.5499724585374,62.74814405299694
-22.903332613099447,-227.46107608968683,63.44776107250779
-22.85863780021789,-227.3716364692007,64.41412198361868
-22.815453330719503,-227.28144648775063,64.06894352603682
-22.771729425818002,-227.19152473768523,62.708643022502166
-22.72587986753792,-227.10265995745507,62.708643022502166
-22.680030309257837,-227.01379517722492,64.29322380347736
-22.63665646875134,-226.92369826367153,64.37346233447936
-22.593408007285205,-226.83353895056055,63.123337419879356
-22.54820673742824,-226.74435236484598,62.669170073526416
-22.50229596816078,-226.65551919297252,63.47120344335427
-22.45763785476113,-226.56606149722543,64.33283034832861
-22.41432546662202,-226.47593287694576,63.88486871141559
-22.370313516705085,-226.38615333076478,62.629725213574304
-22.32434160177539,-226.2973517868732,62.647722414761944
-22.27839778972329,-226.2085362074965,64.29222603776208
-22.235021540213456,-226.11843830442274,64.2922260377639
-22.191645290703626,-226.02834040134897,62.94595219551894
-22.146167503861015,-225.93929297726785,62.59030845003311
-22.100134508588148,-225.8505230808725,63.48411981148819
-22.055496528876134,-225.76105525147804,64.2516494152569
-22.012056483305,-225.67098808986734,63.71179266240973
-21.967773968006167,-225.5813427820453,62.5509197901732
-21.921679957702803,-225.49260455254986,62.65652531545709
-21.875750733259924,-225.40378373611952,64.21110049317353
-21.832246956943774,-225.31374734011177,64.21110049317535
-21.788743180627627,-225.22371094410403,62.779564058061176
-21.74300632759941,-225.1347946753412,62.511559241092826
-21.69685136757148,-225.0460881320389,62.61577872363154
-21.650857892014113,-224.95729788396406,62.68890303734645
-21.604977720074316,-224.86844890545217,62.74546620737021
-21.55918532736088,-224.77955476206782,62.85691661969781
-21.513565892181223,-224.6905716271842,62.871037991396946
-21.467968403733202,-224.60157727908853,63.01550992270044
-21.422595446120116,-224.51246821177622,63.01550992270225
-21.377222488507034,-224.42335914446392,63.141430137791296
-21.332045497374036,-224.33415061490516,63.164598309903745
-21.286904562315627,-224.24492378518514,64.15202225528652
-21.24331223180864,-224.1549410877873,64.8017658547483
-21.200738940937253,-224.0644610012256,64.11202903059326
-21.157084438258494,-223.97451004435777,63.045296092759564
-21.11175781161484,-223.88537740119637,63.28845700824765
-21.06681218226658,-223.79605779751722,64.67908309660423
-21.02404525154266,-223.7056690770025,64.67908309660278
-20.98127832081875,-223.61528035648783,63.0380990554769
-20.9359417659426,-223.52615589937815,62.92624599231857
-20.890430036024593,-223.43711762895637,64.05116681551962
-20.84667889414902,-223.34721080584592,64.55664841662467
-20.80371891061729,-223.2569136797854,63.72570431759111
-20.75945908183062,-223.16725948408373,62.80744823493594
-20.713762836853903,-223.07831576955112,63.175833939976
-20.66864258655572,-222.98908639130303,64.43446217785072
-20.625490137524288,-222.89888108490467,64.41828904050297
-20.58231241150693,-222.80868834718802,62.68890303733718
-20.53643223956713,-222.71983936867616,62.68890303734283
-20.490552067627327,-222.63099039016427,63.920044525917376
-20.446594715371372,-222.54118275903537,64.31252473281226
-20.403250388383675,-222.4510694943192,63.37392930366803
-20.358440891833204,-222.36168860282487,62.57061060668663
-20.31237738088141,-222.27293453746094,63.03301878445833
-20.267035353637755,-222.18381887631423,64.19083642361751
-20.223499736444754,-222.09379787212382,64.20052913431711
-20.179979357854894,-222.00376952324714,64.3429857507784
-20.136682945262233,-221.91363322746992,64.34298575077135
-20.093386532669573,-221.82349693169272,64.48045996085939
-20.050306538281497,-221.7332570587349,64.50570727082265
-20.00726628940317,-221.64299816368114,63.41883866301888
-19.962526474652552,-221.55358139749197,62.77778824980283
-19.91678419280633,-221.4646613501948,63.40309033743031
-19.872019405944883,-221.37525609228246,64.42429121676436
-19.828850944639818,-221.28505844758826,64.14403762960325
-19.785244503814294,-221.19507858445846,62.69877215230217
-19.739379636662793,-221.10622170447158,62.69877215230941
-19.693514769511307,-221.0173648244847,64.19768568477613
-19.64999135778514,-220.9273416030365,64.34298575077868
-19.606694945192494,-220.8372053072593,63.149260478401594
-19.561534473267983,-220.74799915176143,62.619868388363955
-19.515547282129074,-220.65920551791876,63.34287357321296
-19.47068873322892,-220.56984770775458,64.2617909744545
-19.42726463054998,-220.47977285851042,63.88331210155048
-19.3832498778484,-220.38999376627555,62.54107701722881
-19.337140623991726,-220.301263456524,62.54107701723632
-19.29103137013505,-220.21253314677242,62.6934022910063
-19.24515818107685,-220.1236805767814,62.69877215230602
-19.19929331392534,-220.0348236967945,62.80478932518307
-19.153592972574167,-219.94588216362055,62.84701943570246
-19.10795816726662,-219.85690691029484,62.911846274186374
-19.062424094687735,-219.7678801457602,62.98573951357196
-19.017004842873437,-219.67879466588582,63.014440892374736
-18.97163024258065,-219.5896864842782,63.114858428490535
-18.92641186452719,-219.50049887613645,63.11485842849972
-18.881193486473734,-219.41131126799468,63.23189741967708
-18.836157389501377,-219.32203148153596,63.23430760533822
-18.79112504624859,-219.23274979684646,63.315467053536096
-18.746219231453026,-219.1434044449919,63.34402383541426
-18.7013579370022,-219.05403669118758,63.394164185520026
-18.656574883736006,-218.96462974684513,63.44394925947178
-18.611869517266143,-218.87518388965415,63.46789201083674
-18.567201543092747,-218.7857193803798,63.53403135012583
-18.522636861196315,-218.69620334669142,63.53656151803186
-18.478076133683558,-218.60668534780373,63.614222894096685
-18.433636782615373,-218.51710702879478,63.614222894094866
-18.389197431547185,-218.42752870978583,63.670350658958114
-18.34484585934799,-218.33790691116855,63.68448197490169
-18.300516387282645,-218.24827416566646,64.57509488957287
-18.257589429197715,-218.15797152661895,65.25371892837926
-18.215731168591955,-218.06715843737027,64.57817794567757
-18.17281030434452,-217.97685608616254,63.40395814032801
-18.128042517645035,-217.88744145406096,63.60454358762895
-18.083589882938085,-217.79787436866803,64.96572811765805
-18.041275691209275,-217.7072728215611,64.96572811765114
-17.998961499480465,-217.6166712744542,63.270258615043026
-17.95398687556645,-217.52736470600902,63.124802905596624
-17.908783977940256,-217.43816925093412,64.17972398213543
-17.865234396522247,-217.34816391412787,64.67908309660054
-17.82246746579832,-217.25777519361316,63.825264273494284
-17.778363976478726,-217.16804521240732,62.84701943570246
-17.73272917117118,-217.0790699590816,63.184551239709954
-17.687622115898403,-216.9898329625755,64.39378870197773
-17.644405642254792,-216.89965831222608,64.39381082654388
-17.601189203442175,-216.8094836452104,64.46498542671787
-17.558084815712217,-216.71925536295788,64.46498542672089
-17.514980427982238,-216.6290270807053,64.52883537994681
-17.471976624033726,-216.53875083477777,64.5464567360516
-17.429000579275026,-216.44846135179816,64.59864818482548
-17.38610681166566,-216.3581327872931,64.63824395422657
-17.34327546476503,-216.26777457304277,64.67452756418656
-17.3005013630255,-216.17738928607122,64.74039348901132
-17.257831178864812,-216.0869548537817,64.48265758999328
-17.214757221397964,-215.9967187243022,62.94607015788982
-17.169276301174488,-215.90766471229009,62.94607015788982
-17.123795380951012,-215.81861070027796,64.37380472205388
-17.080548986192515,-215.7284543140304,64.53626678097508
-17.03755688428551,-215.63817247569372,63.315776934601494
-16.99265627514783,-215.54883627693687,62.74814405299896
-16.94686799318608,-215.45993990808626,63.43387901854209
-16.902151105286265,-215.37051030681192,64.33283034833045
-16.858838717147158,-215.28038168653225,63.95210064338054
-16.814931954019276,-215.19055016393807,62.55091979016027
-16.7688379437159,-215.10181193444265,62.55091979016597
-16.722743933412524,-215.0130737049472,64.06670394069877
-16.679014026124335,-214.9231485487046,64.1300857990047
-16.635382984292587,-214.833173755854,62.821352360512186
-16.589712576225256,-214.74422723451985,62.354398291799136
-16.543314470214206,-214.6556476267175,63.1084173507456
-16.49809032333928,-214.56647349692895,63.92803466076698
-16.45414226116681,-214.47665312623778,63.48128783267552
-16.409499212678412,-214.38718620732502,62.15858040761831
-16.362798642645835,-214.29876568980526,62.15858040762591
-16.316098072613258,-214.21034517228549,63.71189863474315
-16.271811650738552,-214.1206915384138,63.726678381921715
-16.227548202179626,-214.03102617006292,63.498107080933735
-16.18292751487111,-213.9415383206779,63.425949799994434
-16.138194051206753,-213.85210651208376,63.274484886207226
-16.093224468545895,-213.7627935553181,63.13673858773833
-16.048040152825685,-213.67358868564875,63.05847406494781
-16.002734135584948,-213.584445831841,62.85889626688943
-15.957117774920983,-213.4954611207969,62.84980195162482
-15.9114873069439,-213.4064836831034,62.59227862081206
-15.865457364136967,-213.31771220387148,62.592278620803654
-15.819427421330031,-213.22894072463959,62.39267315826251
-15.773088577622302,-213.14033029229105,62.33674585714682
-15.726663183047295,-213.05176498362908,62.20885000339077
-15.68004031446048,-212.96330372754468,62.09216275061661
-15.633237278163202,-212.87493740503893,62.031475818147584
-15.58634074672016,-212.78662084653652,61.85839876774414
-15.539177570683062,-212.69844621307584,61.85839876774414
-15.492014394645965,-212.61027157961516,61.63725060970044
-15.444511240611417,-212.52227964690738,61.63532817502621
-15.397005131150426,-212.434289302416,61.482668421367094
-15.349264814191278,-212.34642596835442,61.42283013255326
-15.301432694451037,-212.2586124188249,61.96967007490923
-15.25444356142185,-212.1703514572722,62.663251553672204
-15.20852361614072,-212.08152302834765,62.62969224388313
-15.162551683879157,-211.99272157613586,62.48598996196392
-15.116357141547265,-211.90403563915274,62.485989961971434
-15.070162599215374,-211.81534970216958,62.34840229496625
-15.023755233041253,-211.72677496840487,62.33870695730667
-14.97733286987625,-211.6382080707624,62.25924989005837
-14.930787749381402,-211.54970567700494,62.221165528497245
-14.884183790373468,-211.46123420044546,62.18461667854977
-14.83752341845519,-211.37279249577142,62.13317580451412
-14.790783647890278,-211.28439269369375,62.12421720522425
-14.744030059129726,-211.19600020677433,62.07459523986081
-14.697199930954827,-211.1076482387433,62.07459523985318
-14.65036980277993,-211.01929627071232,62.04856987462685
-14.603499548074323,-210.93096558450003,62.04532874029164
-14.556624296110087,-210.84263754867266,62.04532874029075
-14.50974904414588,-210.75430951284534,62.04532874029164
-14.462873792181643,-210.66598147701797,62.055884610013855
-14.416014815510051,-210.57764480929987,62.07459523984779
-14.369184687335142,-210.48929284126888,62.08027799796858
-14.322363324533358,-210.40093623297275,62.133175804513215
-14.275623553968444,-210.31253643089508,62.13317580451412
-14.228883783403532,-210.2241366288174,62.20660843046662
-14.182257355606135,-210.1356770101504,62.221165528504066
-14.13565339659823,-210.04720553359095,62.05873282996622
-14.088798949635288,-209.9588667974516,61.93815393680994
-14.041758557485208,-209.87062659875397,61.860542765741705
-13.994598778441262,-209.78245038278047,61.685679857224365
-13.947170013461538,-209.69441832377734,61.67778581337901
-13.899729132366454,-209.6063928229023,61.46333191901068
-13.85195909905015,-209.51854548329095,61.46333191900378
-13.804189065733848,-209.43069814367962,61.31719219292202
-13.756195172538082,-209.3429730235544,61.270745455027495
-13.708130131191401,-209.25528674777436,61.192768564184576
-13.65994584618905,-209.16766605609195,61.10760287197098
-13.611631324295189,-209.08011699479488,61.081675288598746
-13.56327721013026,-208.9925898431744,60.973633912554114
-13.514758113329018,-208.90515399008527,60.973633912554114
-13.466239016527776,-208.81771813699615,60.878472496532595
-13.417574773203702,-208.7303630013455,60.86861583544693
-13.368895495837574,-208.64301622627664,60.82161861301525
-13.320144598321138,-208.55570942834683,60.792373534492114
-13.27134913355254,-208.4684275070925,60.776905797908285
-13.222530111373908,-208.38115876859024,60.74477961443306
-13.173662160921731,-208.29391741040254,60.744161233439804
-13.124793268979959,-208.20667657979243,60.72575443602862
-13.075896352554556,-208.11945145311486,60.72575443602774
-13.026999436129152,-208.0322263264373,60.73278915947011
-12.978113229623354,-207.94499519713,60.73526614023503
-12.929230794163464,-207.85776195425018,61.39141441577092
-12.881354418830663,-207.76998176963613,62.20355617416509
-12.83472327109336,-207.6815246205721,61.881239740015836
-12.787598515634318,-207.59333730436492,60.46960758744868
-12.738312139977781,-207.50633164745415,60.469607587439775
-12.689025764321242,-207.4193259905434,61.83473141095198
-12.641827872941787,-207.3311740275739,62.00828060671951
-12.594895516820785,-207.242876320306,60.98043757550504
-12.54639154361811,-207.1554432517031,60.35617886173445
-12.496933019145878,-207.0685353376972,60.87373269489646
-12.44826574591614,-206.98119175940684,61.96931006444755
-12.401273343709827,-206.89292599427273,61.88273143390455
-12.354148543594345,-206.80473307077793,60.393960103803224
-12.30474733756357,-206.71779256236823,60.393960103795166
-12.255346131532797,-206.63085205395856,61.670927107458155
-12.207898534820675,-206.54283932104696,62.086306279482535
-12.16108646643045,-206.45447778296136,61.34815788504306
-12.113144064923425,-206.36673419219176,60.58329129394835
-12.064030418878456,-206.2796309148022,60.929755243859425
-12.015448043291851,-206.19223884228117,62.36028370323465
-11.969059036405811,-206.1036544689416,62.36028370322709
-11.922670029519772,-206.01507009560208,61.01586934555342
-11.87421629197918,-205.9276001125704,60.92587188297564
-11.825624325108482,-205.84020473560187,60.944461309428426
-11.77706071731986,-205.75279360022068,60.954523793064446
-11.72851246034393,-205.6653739347877,60.9752270039766
-11.679995800294995,-205.57793674277838,61.01187538068165
-11.631535072441109,-205.49046852560377,61.01828838304225
-11.583084138807282,-205.4029948916769,61.098022163785544
-11.534754978081198,-205.31545391051185,61.09802216377857
-11.486425817355116,-205.22791292934681,61.188916297553384
-11.438235608703268,-205.1402954182403,61.21310737373776
-11.390082381552709,-205.05265753901665,61.28632224245164
-11.34204121895496,-204.96495826865055,61.35732189086042
-11.294108730238804,-204.87719946461752,61.39702128295025
-11.246237098545313,-204.78940754101617,61.53090414165072
-11.198570701868674,-204.7015039245508,61.53090414165162
-11.150904305192036,-204.6136003080854,61.72468693866468
-11.103535496817253,-204.52553600445793,61.73413994348246
-11.056181205257408,-204.43746386226363,61.89334264287412
-11.009071898987308,-204.34926063936769,61.96736227763225
-10.962076496187617,-204.2609964718051,62.077198754284645
-10.915250503208307,-204.17264260316705,62.23095096772847
-10.868661654758322,-204.08416316849474,61.99097394766371
-10.821704853598497,-203.99588382244923,60.695328877433276
-10.772761625244147,-203.90868467361116,60.69532887743238
-10.723818396889795,-203.8214855247731,62.18926171460442
-10.677167705920318,-203.73304479742546,62.427029283627256
-10.630881925093675,-203.64440644425315,61.515674417835136
-10.583196081449165,-203.55652271979207,60.92396232179822
-10.534601201880989,-203.46912896235148,61.489284858023275
-10.486875952040753,-203.3812691742203,62.70272028976827
-10.44101720794785,-203.2924091339882,62.603934502036275
-10.395006276114536,-203.2036301273954,61.230392115659875
-10.346879489369533,-203.11597772550343,61.23039211566078
-10.298752702624531,-203.02832532361145,62.666697384629984
-10.25284204217325,-202.93950176075936,63.059201698181795
-10.20753704923194,-202.85035811951434,62.27727148963696
-10.161023410325791,-202.76184802045822,61.6159748534186
-10.113487582268771,-202.67387372756102,62.12107357841275
-10.066734093595155,-202.58549316288136,63.497981558808156
-10.022113098149289,-202.49600518645295,63.49965719211693
-9.977494720377992,-202.40651590621297,63.54805681674521
-9.932951952497604,-202.31698896619275,63.548056816738864
-9.888409184617217,-202.22746202617256,63.61218539476821
-9.843966655057264,-202.13788530160218,63.62826788173739
-9.799549263771837,-202.04829609180982,63.690915172854346
-9.755229876218502,-201.95865841044272,63.73874013826411
-9.71098530475704,-201.86898372585435,63.15462368491697
-9.665833457808398,-201.77977388598413,62.00438228349279
-9.618895094145817,-201.6914793721313,62.12001227012743
-9.572136249084524,-201.6030926430362,63.618235399238955
-9.527703171422731,-201.5135112120958,63.618235399246196
-9.483270093760938,-201.42392978115538,62.1987407180104
-9.436634257165913,-201.33548175839834,61.92647504306271
-9.38957587953915,-201.2472511500191,62.871660644659336
-9.343983981259097,-201.15826532959457,63.57812289443822
-9.299488198954514,-201.068715027993,63.018426195588944
-9.254124000017814,-200.97961194626015,61.92647504307259
-9.20706562239107,-200.89138133788092,62.04842783185434
-9.160196514833219,-200.80305334242874,63.61823539923622
-9.11576343717142,-200.71347191148834,63.61823539924346
-9.071330359509622,-200.6238904805479,62.26340378502227
-9.02479412157337,-200.5353894024672,62.00438228349413
-8.977855757910776,-200.44709488861434,62.155876349316664
-8.93115113594307,-200.3586768042721,62.268151689837566
-8.884619744801453,-200.27016713927298,62.35466134316041
-8.838222160637322,-200.1815875383238,62.54304543127668
-8.792115955164798,-200.09285564452705,62.560421646412394
-8.746036694504705,-200.0041098352125,62.829208923145735
-8.70037423325938,-199.91514877185978,62.82920892315098
-8.65471177201408,-199.8261877085071,63.07100927434807
-8.609425243888747,-199.73703491580767,63.12679201098073
-8.564225442838259,-199.64783789150286,62.2419709394737
-8.517657796740128,-199.5593574472347,61.575355865351646
-8.470059612571392,-199.47141687625822,62.093638821524
-8.423263405842414,-199.3830579449034,63.326055803554205
-8.378374087752803,-199.29370426405433,63.23613230610942
-8.333345492708812,-199.20442293933058,61.76905852244986
-8.28604488499376,-199.11632195369702,61.76905852245092
-8.23874427727868,-199.0282209680634,61.998952152746114
-8.1917976477229,-198.9399310947469,62.06093556671927
-8.144946457215815,-198.85159029382285,62.20947970597482
-8.098324597397202,-198.76312859467697,62.34459067999653
-8.05191132944119,-198.67455693037357,62.41770988642891
-8.005611236068727,-198.5859263064902,62.61986838836551
-7.959624044929836,-198.49713267264755,62.62339118985139
-7.913642319802984,-198.40833622401527,62.88661869084002
-7.868069019513527,-198.31932945202257,62.88661869083956
-7.822495719224069,-198.23032268002987,63.084354941228376
-7.777229947584289,-198.14115932020968,63.14469710883535
-7.732058023070118,-198.05194817519114,63.27539162293704
-7.687089817082711,-197.9626344337615,63.39396472440138
-7.642306435541942,-197.8732276113283,63.46302119809007
-7.597630925700149,-197.78376703925338,63.634288207496205
-7.553222948201897,-197.69417316282008,63.56588378333497
-7.508708582412776,-197.6046334635599,62.391683258317414
-7.462368128996471,-197.51602368115974,62.39168325830987
-7.416027675580166,-197.4274138987596,64.0607717795778
-7.3722925164285815,-197.337501613948,64.48330683761199
-7.329216983104368,-197.24725955286414,63.7266264472797
-7.284956228933354,-197.15759984733984,63.18251537308204
-7.239843198359228,-197.06835890588218,63.890703225610956
-7.1958431313516975,-196.97858046970993,65.26196696169748
-7.1539979442086095,-196.88776135568222,65.07401134359135
-7.111856467471265,-196.79708303867181,63.90383519100037
-7.067870472649895,-196.7072812379137,63.90383519100753
-7.023884477828526,-196.61747943715554,64.39294417287753
-6.9806668283515085,-196.5273057437199,64.44056558382724
-6.93752398864275,-196.437095841039,64.79517380759438
-6.894940647282314,-196.34662141648928,64.95136386261419
-6.852603742754456,-196.25603048054737,65.18685927245818
-6.810639913097648,-196.16526710762935,65.43542825011909
-6.769069869500377,-196.07432172492548,65.1285002126594
-6.7270147353601955,-195.9836035608135,64.36736577273098
-6.683756680730389,-195.89344885006872,64.53030593006444
-6.640757534721249,-195.8031764149256,66.73054406291098
-6.601253668190482,-195.71131469444884,66.73054406291742
-6.561749801659715,-195.61945297397207,65.6844872296025
-6.520576312689303,-195.52832959320503,65.55755204166724
-6.479200210025029,-195.4372958121776,66.0788450564499
-6.438654796410091,-195.34589101467776,66.30783462569303
-6.398474285527663,-195.25432323811276,66.66834004355249
-6.35887146257936,-195.16250620165044,67.01385126302222
-6.31982230057478,-195.07045027241952,67.23693931698931
-6.281132438913269,-194.97824436751353,67.67382653841487
-6.243146212436327,-194.88574475801232,67.50349845593331
-6.204885965037929,-194.79336039523113,66.70523170782039
-6.165341519330915,-194.70151613589198,66.70523170781966
-6.125797073623924,-194.60967187655288,69.27007947304085
-6.09040234375947,-194.51615017183246,69.27455934184904
-6.055014864381017,-194.42262553623803,68.31166668443191
-6.0180615651064535,-194.32971092871878,68.15463981489022
-5.980852902930335,-194.2368958080816,68.4439467659944
-5.944113565963846,-194.14389448775066,68.56502683723755
-5.90757065057928,-194.05081523928447,68.75221163906359
-5.871332173021664,-193.95761749914465,68.90153639692757
-5.835336557778509,-193.8643252334251,68.34932508358668
-5.798445927097482,-193.7713903666836,67.56267865845373
-5.760280332542716,-193.67896462052965,68.1130043563989
-5.723009432804018,-193.5861895047178,69.77699419380033
-5.688443434368029,-193.4923581511522,69.5981803472411
-5.653586047841187,-193.39863857379422,68.24946910764022
-5.616531053321909,-193.30576199687084,68.2494691076458
-5.57947605880263,-193.21288541994744,70.2323411748391
-5.545657613711162,-193.11878444988548,70.30706901081658
-5.511961167691586,-193.02463732733003,68.87033756096604
-5.47591692712678,-192.93137028847943,68.5953579738979
-5.439423290985396,-192.8382717080337,68.77538214286898
-5.403222431465126,-192.74505912946336,68.85585476967593
-5.367152446232019,-192.65179559250964,68.94510549510996
-5.33122781923803,-192.55847607573543,69.01913249699633
-5.295423756373312,-192.4651101277554,69.04559205871188
-5.259662819937478,-192.37172766984276,69.08454381241103
-5.2239653709465435,-192.27832090726446,69.19398520110656
-5.188446585661377,-192.18484660600305,69.50013811160615
-5.153427594715007,-192.09118337184506,69.54093934954722
-5.118475372083837,-191.99749538564734,69.81882834744569
-5.083977893229119,-191.90363881894845,69.81882834744007
-5.049480414374401,-191.8097822522496,70.03874196662606
-5.015343431312701,-191.71579397041936,70.03937776175297
-4.9812074904876384,-191.62180530778485,70.14504307909881
-4.94724495092,-191.52775387532188,70.16094378703337
-4.913308505101423,-191.43369299713638,70.17737934304925
-4.8793990429539535,-191.33962238933574,70.1830667471413
-4.845498918308861,-191.24554841467284,69.13541607503738
-4.809888114767227,-191.15211969198768,68.48492666540696
-4.773215109254289,-191.05909162188794,68.60133632535687
-4.736731273324756,-190.96598945341276,68.73417483059401
-4.700463304355755,-190.87280272910778,69.44501779614649
-4.665359943528721,-190.77918848406068,70.95005182165104
-4.632722131865772,-190.6846691505374,70.62119628508822
-4.5995444781294,-190.5903447330869,69.34457050012831
-4.564271305252455,-190.4967769264704,69.36895520385539
-4.52903800158826,-190.40319423364994,69.70658752714355
-4.494356726670455,-190.30940542658902,69.7065875271379
-4.45967545175265,-190.21561661952813,69.93310629261241
-4.425365259461073,-190.12169148453586,69.94887748151366
-4.391080903569211,-190.02775685779517,70.04671910687529
-4.3569570178456445,-189.93376385510766,70.07030411887438
-4.3228718139465085,-189.83975678071968,68.97150148238752
-4.286993276395165,-189.74642877067745,68.45031605782079
-4.250264082197906,-189.65342287057723,69.46905935711172
-4.215199249053139,-189.55979188460773,70.38023191720222
-4.181623050097671,-189.4656018106958,70.45658405550436
-4.1481724419779535,-189.3713672000938,70.56898847925567
-4.11490672665833,-189.27706702329596,70.12511859122539
-4.080914051152759,-189.18303451121866,69.00387808710002
-4.045085131837355,-189.08967809900975,69.05634354295309
-4.009341804605278,-188.99628915555266,69.37522068989841
-3.9741186905649517,-188.9027024930567,69.37619468145783
-3.938897168641118,-188.80911523498727,69.605489972814
-3.904050458836719,-188.7153877684919,69.60548997280831
-3.8692037490323203,-188.62166030199654,69.68199966736584
-3.8344822334741497,-188.52788639911324,69.69339339023125
-3.799779361683557,-188.43410558098233,69.98613218561825
-3.765556249734005,-188.34014911774958,70.09019174392408
-3.731503678169614,-188.24613021789597,69.25303279772847
-3.696083475330627,-188.15262525193242,68.71897894577471
-3.659790792820061,-188.059448149831,69.72636559381165
-3.625148079970019,-187.96566412006283,70.88976647101505
-3.5924108352417163,-187.87117917963616,71.02964566019527
-3.5599045409154884,-187.77661512726817,71.29249430905284
-3.5278322271468037,-187.68190241508364,70.96440766794329
-3.4952198331020026,-187.58737993304695,69.90035930602217
-3.4608559454905645,-187.49347437203983,70.13361227308016
-3.426877012670022,-187.39943627572916,72.10370200195071
-3.396148834388438,-187.3042789837368,72.10537587577383
-3.365423439289303,-187.20912080394118,72.51212723610263
-3.33537435188206,-187.11374688976218,72.51212723610728
-3.305325264474817,-187.01837297558316,71.2310454627133
-3.2731522149506347,-186.9236971388753,71.09983798072426
-3.2407616128043224,-186.8290928046595,71.53600218213892
-3.209092357343851,-186.73424535776272,71.6498403749269
-3.1776113739651324,-186.63933445825512,73.39784420165789
-3.1490462642703694,-186.54352786977236,74.19866515397847
-3.121817180813523,-186.44731088492077,73.31154552729356
-3.0931039048328555,-186.35153443672385,72.73754850028594
-3.0634302827398465,-186.2560430375734,73.01302828264818
-3.0342164482225074,-186.16041112161776,73.27484263120601
-3.0054395932484317,-186.06464565927553,72.71365483859455
-2.9757280856020887,-185.9691728575284,71.95215353825051
-2.9447483221942043,-185.87409717494333,72.7015067093809
-2.9150200244617737,-185.77864175856968,74.2889731304754
-2.8879426292372514,-185.6823819755464,74.40463389328076
-2.8610597755833127,-185.5860683399962,74.76497876894211
-2.8347830189482432,-185.48958692613542,74.52486384217606
-2.808103303954157,-185.3932206105126,73.35283260463173
-2.7794568298052322,-185.2974160663685,73.40027960877525
-2.750889810821064,-185.2015881983573,73.92822553224872
-2.7232068822508357,-185.10550080779225,73.92861578337038
-2.6955246087757487,-185.00941323085357,74.30982482754453
-2.668482247240408,-184.91314359990787,74.30982482754477
-2.641439885705068,-184.81687396896217,74.48117124852514
-2.6146855546047,-184.72052393252253,74.4953601697908
-2.587955074876251,-184.6241672378235,74.8898837664211
-2.5618888211761703,-184.52762918037553,74.96065288390737
-2.535941716367957,-184.43105859007036,75.16922164420774
-2.510346368783728,-184.3343943707965,75.22912276019866
-2.484852046362334,-184.23770326115292,75.27881631584337
-2.4594415992149408,-184.14099009121225,75.29926812798216
-2.4340656716647713,-184.04426784216477,75.52439613852997
-2.409070090729206,-183.947447051491,75.65066795704733
-2.3842878423917377,-183.8505709898082,74.74342861226239
-2.3579772253670193,-183.7541083621293,74.0760680148766
-2.3305423266345255,-183.65794986021004,75.13764817204533
-2.304898134806916,-183.56131641489884,76.21519941219897
-2.2810715872581278,-183.46420088168333,75.34133827725425
-2.255770479933973,-183.36747453007405,74.21486836073011
-2.228568607662249,-183.27124984870412,74.21072029422294
-2.2013597691709816,-183.17502713738313,74.20329437709437
-2.1741384596721054,-183.07880795286673,74.75631180629948
-2.1478502612755594,-182.98234208278993,76.17983491126743
-2.1239637759419447,-182.88524127446053,76.1902134117814
-2.1000948811315308,-182.788136146595,76.22698996112547
-2.0762883189002066,-182.69101571231593,75.92396885834009
-2.0519702250114307,-182.59402962253526,74.34226927491306
-2.0249823816839916,-182.49774469395157,74.3509960923608
-1.998009207418948,-182.4014556681595,74.44662469622574
-1.9711967768980199,-182.30512174511372,74.44933165826791
-1.9443889016936564,-182.20878656961267,74.80687847121028
-1.9181827077555078,-182.11228596568137,74.80687847120997
-1.891976513817374,-182.01578536175012,74.93757647450883
-1.8659905211100456,-181.9192252471837,74.94666418810397
-1.8400198394816547,-181.8226609947111,74.87620682358762
-1.8139304343131872,-181.72612876323262,74.86510011368462
-1.7878223138798066,-181.629601579459,75.00356445487323
-1.7619475625704422,-181.53301165733433,75.03995679295117
-1.7361341473110825,-181.4364052457848,73.76950461091037
-1.708187794163301,-181.3404040158068,73.279428514117
-1.6794186042298593,-181.24463625050765,73.3956998412034
-1.6508438506796692,-181.1488104149034,73.46304421288805
-1.6223817147658592,-181.0529509449536,74.63240618820737
-1.5958863605687577,-180.95654722921594,75.60140490586443
-1.5710208271273336,-180.85969251117646,75.69755833019545
-1.5463179070153918,-180.76279634705747,75.80093644279219
-1.5217898185121028,-180.66585562272448,75.06795983567817
-1.4960265485337085,-180.56924757956386,74.05064203218748
-1.4685489805231442,-180.47310126181821,74.12114858522612
-1.4411897886660248,-180.37692134600405,74.25886154911336
-1.4140618082163972,-180.28067580669676,74.37377794811133
-1.3871270726612286,-180.18437660081875,74.69983462792878
-1.360740635620357,-180.08792512545358,74.82637711529802
-1.3345675613558585,-179.99141663197307,75.37648010500203
-1.3093220000223735,-179.8946602740797,75.42852891357087
-1.2841644209487022,-179.79788131539055,75.81033487114685
-1.2596522343035201,-179.70093656893314,75.82104674241624
-1.235158179716665,-179.60398726949794,75.99846662415212
-1.2109644445085253,-179.5069625595705,75.99846662415605
-1.1867707093003854,-179.40993784964303,76.42102204869205
-1.1632931840007692,-179.31273736319207,76.4228862281335
-1.139818818418933,-179.21553610126423,74.95726980460643
-1.1138665725473178,-179.1189691305974,74.86044120264579
-1.0877506032528137,-179.0224440700813,75.19389808416422
-1.0621969082096536,-178.92576890557305,75.24548597083712
-1.0367302010254908,-178.8290705189008,77.12205329535718
-1.014446708527686,-178.73160330364624,77.59777981781254
-0.992970324309977,-178.6339411508911,77.86636283021417
-0.9719520581727437,-178.53617975589137,77.95595832184816
-0.9510866142407399,-178.43838525497569,76.79064391570122
-0.9282386020389686,-178.34104375889075,76.30247760932872
-0.9045600173823453,-178.24389204357655,76.50858573921202
-0.8812311483600035,-178.14665612345829,76.62147259456565
-0.8580938213105438,-178.04937408371393,76.9363844923963
-0.8354917644070778,-177.95196736687325,77.15500500722035
-0.8132613077540972,-177.85447409553194,78.5198985869397
-0.7933642456047683,-177.75650276203007,79.68811389992413
-0.7754643912836109,-177.6581222437599,78.79247740963126
-0.7560312405451122,-177.56004524542263,77.9177065441271
-0.7351005117555109,-177.46226469647672,78.02236763368018
-0.7143484721825418,-177.36444626812985,78.14498568844805
-0.6938057799391903,-177.2665834613276,78.32991895715632
-0.6735792128046983,-177.1686555725838,78.58866427609249
-0.6537949444339236,-177.0706366260231,78.83786781329019
-0.63443749099404,-176.97253409412215,79.25074345075716
-0.6157871724494126,-176.87429308039563,79.38240140879407
-0.5973627416944602,-176.77600997253805,79.6373059092749
-0.5793756538527448,-176.67764536594194,79.67077298921039
-0.5614460317925112,-176.5792703074986,79.74620025275483
-0.5436459246361078,-176.4808716929502,79.83609091543201
-0.5260002730461614,-176.38244559283388,80.0733300069482
-0.5087622589960907,-176.28394695308978,79.64850143868318
-0.49079591977342846,-176.18558719870686,78.33427523336273
-0.47057665092903583,-176.08765705867208,78.38275764759537
-0.450440284093709,-175.9897099831064,78.57425261781727
-0.43063136155642945,-175.891696016001,78.93408811226153
-0.4114403496846617,-175.79356962656107,80.80260168922464
-0.395457407700917,-175.69485956260925,80.82404589205667
-0.3795114183770268,-175.5961435677664,80.96101592291365
-0.3638014556518466,-175.4973896907235,80.74985113203604
-0.34772852321096037,-175.39869980070299,79.04337226026787
-0.32872276290843366,-175.30052693156313,79.04864397542961
-0.3097260364754009,-175.20235231942598,79.11567833485256
-0.2908441833803529,-175.10415554359537,79.12528166274923
-0.2719787963407126,-175.00595564110677,79.3810994200235
-0.25355203801752363,-174.9076724495757,79.37883980513514
-0.23512141513867943,-174.809390046128,77.56678358388324
-0.2135922001758937,-174.71173952609394,77.56678358387971
-0.19206298521310794,-174.6140890060599,77.69182244977915
-0.17074693047151676,-174.51639174597526,77.69797183255938
-0.14944135890907354,-174.4186921872238,77.96855057348957
-0.12859743249538813,-174.32089321604428,77.99661277872784
-0.10780138430192557,-174.2230839345861,78.39898278659015
-0.08769280658948915,-174.12513141134855,78.46381202912666
-0.0676949939602152,-174.02715580902904,78.98642772971081
-0.048591846580667584,-173.92900277444286,79.10121430467501
-0.029685204807402464,-173.83081076836962,79.34686844053604
-0.011199778204926849,-173.73253885351573,79.4149136296793
0.00716897319100325,-173.6342448041944,79.40587521994811
0.02555323016856981,-173.53595365417794,79.40283626873013
0.043942700530757925,-173.43766347898415,79.51492593690325
0.06213983345958665,-173.33933759148366,79.55991590784289
0.08025976694345772,-173.24099736995467,79.78204846111797
0.09799824284690486,-173.14258798599877,79.88666338597241
0.11555706820694446,-173.04414602943652,80.20909155509611
0.13256149678849397,-172.9456076679061,80.38410276258017
0.1492650024974619,-172.84701697840214,79.3788838357708
0.16769381985437887,-172.74874378612643,78.76171786881234
0.18718194642098882,-172.65066553123393,79.98585741758899
0.20456744768633128,-172.55220957075053,80.87082442301646
0.22043284317612588,-172.45348054570835,80.86406624790351
0.2363098837929959,-172.35475339326604,80.85863987131792
0.25219627469215256,-172.25602774439997,80.94244111624094
0.2679382367605399,-172.15727905968782,81.01710371397581
0.28355152016196067,-172.05850985122055,81.18317199704268
0.29887839854156634,-171.9596962121747,81.34666146775106
0.3139233193638262,-171.86083883249427,81.58779886447095
0.3285519129924712,-171.7619199558844,81.84819947241867
0.3427309214359762,-171.66293466970816,81.09491016325343
0.35820849538796345,-171.56415436093422,80.21164925762403
0.3752086712764332,-171.4656143935119,81.12767791877279
0.390628706813593,-171.36683193019957,82.33872052593537
0.4039597724242949,-171.2677288835788,82.3336554940191
0.4172995987650272,-171.16862701638266,82.32644341461202
0.4306518994754485,-171.06952682856462,82.38941214845191
0.4438952675944526,-170.9704121181725,82.48610076386767
0.45697136954949685,-170.87127510834523,82.61124924696588
0.4698308494691635,-170.77211016444738,82.81806936993323
0.48233234075630305,-170.67289905682625,82.16250162555026
0.4959665647850881,-170.5738489538049,81.00247043823678
0.5116050732184897,-170.47508373617336,81.0516679633824
0.52715875894719,-170.37630519874585,81.14885615886172
0.5425448800953458,-170.27750034848106,81.24027688489504
0.5577732866603939,-170.1786713515796,81.44197554242865
0.572653733098007,-170.07978908080446,81.56941034352225
0.5873141241406957,-169.98087455928047,81.88249766313223
0.6014338758360147,-169.88188080305372,82.04087234851367
0.6152797956065144,-169.78284942417622,82.47135820619502
0.6283814056928705,-169.68371578219242,82.07378717708846
0.6421695874254438,-169.58468253467277,80.89032143765206
0.6580013857837305,-169.48594811655744,80.97021098421696
0.6736954475829814,-169.3871920486708,81.24406950095536
0.6889173550143997,-169.2883617663987,81.34045973948155
0.7039728920478805,-169.18950656784392,81.72085786383192
0.7183718630928664,-169.0905530393941,81.82958859798616
0.7325829075136518,-168.9915731704684,82.32153276849824
0.7459437017491777,-168.89247412739923,82.43966795471592
0.759099996788914,-168.7933488303763,83.04704253182464
0.7712049084240766,-168.69408855496798,82.82879453537728
0.7836873065338944,-168.59487925526267,81.57158136305691
0.7983440386191999,-168.49596357721106,81.62712518128326
0.812904825289665,-168.39703405951767,82.01239368420688
0.8268001108341905,-168.29800854664614,82.06981377056242
0.8405960908295257,-168.1989695761169,82.55245463087499
0.853557374119724,-168.09981748942528,82.77301905986408
0.8661359170296148,-168.000623748269,85.02518910669879
0.8748073177447377,-167.90100478436418,85.04644764095241
0.8834417494066619,-167.80138268716337,85.28580864440625
0.8916599282814758,-167.70172531063852,85.13959737272454
0.9001320507800235,-167.60209325009927,83.32802335471857
0.9117500423972897,-167.5027748055353,83.32651983192963
0.9233706402062495,-167.40345666640485,83.30336281210198
0.9350313781657931,-167.30414323151274,83.3068508437008
0.9466860697000954,-167.20482909064623,83.3773518815759
0.9582185492831505,-167.10550068043798,83.38315894435094
0.9697409599365595,-167.00617111656038,83.55007894102128
0.9809739465914246,-166.90680839130266,83.55572756804152
0.992197134736257,-166.80744458184057,83.82174404346358
1.0029588734468446,-166.70802971303436,83.84167364646721
1.0136859600060206,-166.60861176782777,86.03147785040034
1.0206065002847637,-166.50885587936955,86.03142651225633
1.0275271299460667,-166.409099997122,86.01903828405511
1.034469328201157,-166.30934561354306,86.01903828405625
1.0414115264562473,-166.20959122996408,86.13091848814713
1.0481589234065734,-166.10982348084747,86.13100777473201
1.0549061648945952,-166.01005572106442,86.36619449323703
1.0612438254331504,-165.91026111051363,86.3674840030035
1.0675792402661552,-165.81046635274194,86.72520266767937
1.073291479149289,-165.7106340046669,86.72865775006402
1.0789976989497014,-165.6108012935176,84.8855915940845
1.0879117285892226,-165.5112044268792,84.86147599374715
1.096867738056883,-165.41161064668063,84.93431267946188
1.1056971325730236,-165.31200556345482,84.93588077770822
1.1145238011999365,-165.2124002368865,85.10452149413796
1.1230572589934715,-165.1127693748468,85.10955812766935
1.1315819597224208,-165.01313775016212,85.37272112884942
1.1396489548134687,-164.91346806177677,85.38266058599321
1.147698662666098,-164.81379693575064,87.50609951588356
1.1520496425859696,-164.71389907182166,87.60147414039245
1.1562344555454633,-164.61399102159385,89.35761581569855
1.1573555305421028,-164.5140038550999,89.44003464453378
1.1583327964416372,-164.4140129749598,88.59278823648673
1.1607884780389428,-164.31404799247287,88.55285127522967
1.1633138507873941,-164.2140842307774,87.36166618777362
1.167916737174463,-164.11419560561396,87.3045712213549
1.1726192085028788,-164.01431058209573,88.01971339336761
1.1760746088606626,-163.91437503911547,88.05580494296873
1.17946707083885,-163.81443694647027,86.69220220882747
1.1852367252623122,-163.71460935170478,86.62152260446922
1.1911296082750091,-163.61478748491385,85.43166583412976
1.1990939683584483,-163.5151107097408,85.36527494066283
1.2071739197229403,-163.4154420308804,86.0807663887614
1.2140086090060338,-163.31568071805893,86.12603071805802
1.220764516897408,-163.2159135447583,82.6390637145099
1.2335742795732003,-163.11675456724328,82.40011667799652
1.2467991421942128,-163.01763729241952,82.50386647233044
1.2598445021880549,-162.91849624736435,82.51313138406962
1.2728738324932594,-162.81935307961373,80.70708704892367
1.2890204223391653,-162.72067519934868,80.50808663600337
1.3055105460706031,-162.6220485955384,78.94590220410159
1.324682250155046,-162.52391351230685,78.71843486522283
1.3442444625004946,-162.4258500073319,78.88084233953552
1.3635286157096633,-162.32773152521176,78.91331045260543
1.3827571799311904,-162.22960205217836,78.8482325530248
1.4020971862868814,-162.13149449898768,78.83147891762562
1.4214658822786999,-162.033392588836,77.24179107708801
1.4435459056578368,-161.9358778335755,76.7303614934126
1.4664983094561137,-161.83855199774698,75.44452029183769
1.491626261206028,-161.7417760929825,74.8977182264568
1.5176794251168175,-161.6452340616694,73.90711218933711
1.5453953265905742,-161.5491653125405,73.32529946571321
1.5740878357221004,-161.45337454534675,73.52590758479826
1.6024446333038473,-161.35748440168913,73.69535868937405
1.6305178594803684,-161.26151031595828,72.98889038647971
1.6597696715831705,-161.16589826036358,72.15352081162048
1.690415098779146,-161.07071428612522,71.69996774293705
1.7218112619337136,-160.97578123808833,70.88307080846768
1.754559548076791,-160.88130012402573,70.64069277998982
1.7877062846472875,-160.78696106036062,69.87390751010221
1.8221135220628701,-160.6930713741685,69.79066199381435
1.856656841289961,-160.5992325788216,69.11727089920902
1.8923009309455172,-160.50580544126265,69.11727089920322
1.9279450206010735,-160.41237830370372,68.62187474386792
1.9643955232242258,-160.31926295396795,68.6061935751222
2.000871552196524,-160.22615747362312,68.3841308246559
2.037708097420076,-160.13319421530855,68.33578638318662
2.074623129460272,-160.04026191968802,68.31411981241325
2.111573300179885,-159.94734359352725,68.30340527272007
2.1485408476586634,-159.85443217553552,68.18098093928081
2.1857067557279977,-159.76160015677698,68.06638926229769
2.2230583333797114,-159.66884245732965,67.90796861302732
2.260665984276407,-159.57618901664094,67.62678076453413
2.29872814970674,-159.4837206289477,67.5867371118079
2.336854893555441,-159.39127895699374,67.42399386498273
2.3752440931864656,-159.2989458615647,67.4249979025375
2.413631674606677,-159.20661209386398,67.45597335090699
2.4519693327907457,-159.1142575859892,67.45597335090676
2.490306990974815,-159.02190307811443,67.687211272172
2.5282715598840757,-158.92939471401252,67.72304470236674
2.566178313432278,-158.83686250775293,68.07867879357852
2.6035096926133776,-158.74409754862657,68.22790597430094
2.6405996383913317,-158.65123492384123,68.63963727817078
2.6770205479877607,-158.558110129965,68.97555673851222
2.7128956090716914,-158.46477143942323,68.54240940514696
2.749473747599635,-158.37171048276826,67.91382386533886
2.7870721848222924,-158.2790525706493,68.10224699307366
2.824365097450529,-158.18627302269854,68.6690717167306
2.860738927675294,-158.0931275685174,68.76959191210047
2.8969487978479447,-157.99991970188185,69.65162679292003
2.931720023312513,-157.90616420583214,69.6516267929192
2.966491248777062,-157.8124087097825,70.83204605576215
2.999323439910738,-157.71795743627945,70.86968111062757
3.0320938048584463,-157.62348397788492,72.116292123476
3.0627998111765096,-157.52832384532275,72.33264530150956
3.0931475142835443,-157.4330445292255,73.62634172809712
3.1213339711495114,-157.33711235046127,74.05064203219192
3.148811539160084,-157.24096603271556,75.38502203924843
3.1740393485807554,-157.14421866997756,76.03377578084275
3.1981732866498893,-157.0471790688185,77.41493070969854
3.2199572162535515,-156.9496039389449,78.29112309327739
3.2402502351401874,-156.8516890547633,79.73605176592197
3.258063483745659,-156.75331726952908,80.82940035127959
3.2740002548292177,-156.654599740755,81.09979032910827
3.289470838039475,-156.5558090276559,81.32711580888764
3.304549481806788,-156.4569567860932,81.44025526172854
3.319432870353806,-156.3580751400666,81.54467485119517
3.3341360523380796,-156.25916635582894,81.50083742798871
3.3489149014903767,-156.16026887923542,81.45664349635221
3.363770033174852,-156.06138280224545,82.36162262446935
3.3770596553605987,-155.96228807430472,83.36008577158611
3.38862206708249,-155.86296314392467,83.24508959695346
3.4003837790597884,-155.7636618531079,83.11109679319456
3.412377714358294,-155.6643881069517,83.88502446769697
3.4230284464930736,-155.56497262427868,84.8416376421301
3.4320189392271936,-155.46538195101945,85.67112498198712
3.4395657268054967,-155.3656849139797,86.73114954049414
3.445267604881171,-155.2658519547616,86.594412856747
3.451207696471164,-155.16603325561073,86.41728453809809
3.4574563689844102,-155.0662330288993,87.13316890130127
3.46245711434003,-154.96637278426186,88.07578155913875
3.4658147319246453,-154.86643351488297,87.82758526938842
3.4696051907625387,-154.76651096836332,87.49916449467474
3.4739683967837935,-154.6666105499806,88.08763157217462
3.4773051098883556,-154.566677620289,88.87267934908029
3.479272443181528,-154.4667013192995,90.29610993172328
3.4787558717768676,-154.36674824570855,92.19885380394068
3.474919256564998,-154.2668262183895,91.6545650925599
3.4720321977317035,-154.166878320643,90.92239260579306
3.470422458407931,-154.0668956226441,90.20243298242744
3.470069199859064,-153.96691122551195,89.23256894275343
3.471408521496239,-153.86692453951136,89.33367908576231
3.4725713917027474,-153.7669358556509,89.4700310291577
3.4734963086777775,-153.66694447758053,89.60302803439639
3.4741891173004995,-153.56695158548504,89.78250757557225
3.4745686957885957,-153.46695665021332,89.94739134092367
3.4746605107051076,-153.36696159566398,90.16999439655378
3.4743638278367626,-153.2669663800829,89.36088403367293
3.4754790738290477,-153.16699041081324,88.26807970867156
3.4785012533735578,-153.0670404353724,88.26807970867408
3.481523432918065,-152.9670904599315,88.26807970867566
3.484545612462567,-152.8671404844907,88.28923146522868
3.487530893212981,-152.76718940944374,88.31803384108888
3.490465928825932,-152.66723683706175,88.3602457495633
3.493327323850476,-152.56728216653985,88.41794970400473
3.4960880517178547,-152.46732462784732,88.48114776177901
3.498738521132943,-152.36736418825453,88.5678413567543
3.501237740648383,-152.26739976927632,88.65197584561031
3.503590163896284,-152.16743193644186,88.76772704403425
3.5057406267035742,-152.06745940686733,88.87277532979562
3.507707787959444,-151.96748333428468,89.01762577720149
3.5094221959396794,-151.86750237627214,89.14358985022074
3.5109167880477608,-151.76751822448222,89.31755276854206
3.512107803256908,-151.66752966192325,88.47261219504091
3.514772765706346,-151.56758456027572,87.30457122134678
3.519475237034776,-151.4676995367575,87.24730684551953
3.5242775329275915,-151.3678193326346,87.16739515008655
3.529219132686247,-151.2679458539145,87.12083683805234
3.5342418852393376,-151.16807647018626,87.05518428004542
3.539379072524534,-151.0682128608652,87.01921707785073
3.544578946323716,-150.96835252412893,86.96792474343764
3.549868216495816,-150.86849685438068,86.94241757907487
3.5552019395260874,-150.76864356350646,86.90560509769678
3.56059981786315,-150.66879370587367,86.89041467482666
3.5660241682148177,-150.5689452879792,86.86821681831697
3.571487202280492,-150.46909897398297,86.86319194856216
3.5769589928678234,-150.36925314005006,86.85575465020828
3.582443743963035,-150.26940801665762,86.86074085811761
3.58791980591013,-150.1695624168956,86.86821681831684
3.593382839975803,-150.06971610289938,86.88306105414863
3.598820005319358,-149.9698683819762,86.90560509770084
3.6042178836564136,-149.8700185243434,86.93016039390574
3.6095729680125856,-149.77016637661063,86.96792474343367
3.614862238184694,-149.67031070686235,87.00205465045495
3.620092024026978,-149.5704519317012,87.05518428004383
3.625229211312176,-149.47058832238017,87.09876691632694
3.630290432509852,-149.37072087978996,87.16739515008832
3.6352320322685046,-149.27084740106986,87.22032669990837
3.6400813605398867,-149.1709694676068,87.30457122135084
3.6447838318683097,-149.07108444408857,87.36676871205562
3.649377865809923,-148.97119446924185,87.46672815166423
3.6537976268520107,-148.87129653697014,87.5381313397984
3.6580928842131963,-148.77139330003772,87.65388261054252
3.6621863095052487,-148.67148146375592,87.73445480383047
3.666139223386848,-148.57156413124622,87.8660513565351
3.6698626436142,-148.47163782188954,87.9557789964157
3.6734295632790626,-148.3717060054356,88.1032501695622
3.6767392678257043,-148.2717651378406,88.20214099682686
3.6798764648166875,-148.17181895256377,88.3654926373577
3.6827287074917257,-148.07186398334485,88.47357226228279
3.6853923877583723,-147.97190410654844,88.65278879596316
3.6877433960836257,-147.87193609206543,88.77009549385679
3.6898897188201505,-147.77196382207563,88.96514362430156
3.691695707262822,-147.67198447638077,89.09172117876204
3.693280811156095,-147.57200179128046,89.30255539394551
3.694497998686937,-147.47201354389938,89.43844381333187
3.6954780362613837,-147.37202315982051,89.66501387611203
3.696062668612267,-147.2720292131795,89.81023781437581
3.6963938493374444,-147.1720346417358,90.05249840888033
3.6963022263221106,-147.07203902800677,90.2070531308764
3.6959408691158204,-146.9720446323556,90.46497582942774
3.6951293773621807,-146.87205226944238,90.62881057329247
3.6940319730746873,-146.7720633183682,90.90239827763243
3.69245712449621,-146.67208006471148,91.07539688357208
3.690580408897674,-146.57210278402323,91.36470087923804
3.6881988852043452,-146.47213549184858,91.5466595759833
3.6854999229151297,-146.37217711228107,91.8517993195037
3.682268626429218,-146.27223367886577,91.16216208841125
3.6802407457066266,-146.17227079656152,90.0
3.6802407457066266,-146.07227514085673,90.0
3.6802407457066266,-145.97227948515194,90.0
3.6802407457066266,-145.87228382944716,90.0
3.6802407457066266,-145.77228817374237,90.0
3.6802407457066266,-145.67229251803758,90.0
3.6802407457066266,-145.5722968623328,90.0
3.6802407457066266,-145.472301206628,90.0
3.6802407457066266,-145.37230555092327,90.0
3.6802407457066266,-145.27230989521848,90.0
3.6802407457066266,-145.1723142395137,90.0
3.6802407457066266,-145.0723185838089,90.0
3.6802407457066266,-144.97232292810412,90.0
3.6802407457066266,-144.87232727239933,90.0
3.6802407457066266,-144.77233161669454,90.0
3.6802407457066266,-144.67233596098976,90.0
3.6802407457066266,-144.57234030528502,90.0
3.6802407457066266,-144.47234464958024,90.0
3.6802407457066266,-144.37234899387545,90.0
3.6802407457066266,-144.27235333817066,90.0
3.6802407457066266,-144.17235768246587,90.0
3.6802407457066266,-144.07236202676108,90.0
3.6802407457066266,-143.9723663710563,90.0
3.6802407457066266,-143.8723707153515,90.68770626911756
3.679040699139083,-143.77239445408472,91.85179931950417
3.6758094026531687,-143.67245102066937,91.67145128008102
3.6728927348872773,-143.57249875353872,91.36470087924606
3.670511211193935,-143.4725314613641,91.19383597610883
3.6684278314235965,-143.37255826988897,90.9023982776243
3.6668529828451333,-143.27257501623225,90.74087546353596
3.6655600122099425,-143.1725883988819,90.46497582943589
3.6647485204562886,-143.0725960359687,90.3127272082106
3.664202738226999,-142.9726024731524,90.05249840887218
3.6641111152116794,-142.87260685942337,89.90950882661033
3.6642690443358052,-142.7726118608841,89.66501387611213
3.6648536766866884,-142.67261791424306,89.53130327315883
3.6656716583231477,-142.57262607005615,89.3025553939534
3.666888845853976,-142.47263782267507,89.17816380097386
3.668323103327714,-142.3726528570289,88.96514362429778
3.6701290917703924,-142.272673511334,88.85011866560659
3.672135784461844,-142.17269833837196,88.65278879596723
3.67448679278709,-142.07273032388895,88.547175547916
3.677022060536886,-141.97276710499273,88.36549263735748
3.679874303211924,-141.87281213577384,88.26932567848007
3.6828943018697955,-141.77286233776573,88.10325016955814
3.6862040064164443,-141.6729214701707,88.0165476512628
3.6896649351973214,-141.57298592400426,87.8660513565389
3.6933883554246667,-141.47305961464758,87.78881091838909
3.697246476757377,-141.3731385742436,87.65388261054312
3.701339902049427,-141.27322673796183,87.58607896161865
3.7055515546157354,-141.1733199389253,87.46672815166346
3.7099713156578242,-141.07342200665357,87.40831213883453
3.7144929213242763,-140.97352872468014,87.30457122135084
3.7191953926526993,-140.8736437011619,87.25547020595857
3.7239834579966935,-140.77376281000733,87.16739515008732
3.728925057755348,-140.67388933128723,87.1275145161956
3.733936170881704,-140.5740193602303,87.05518428004395
3.7390733581668987,-140.47415575090932,87.02440989952157
3.7442641815033486,-140.37429494168853,86.96792474343849
3.7495534516754487,-140.27443927194025,86.94612622564539
3.7548807114265865,-140.17458563518667,86.90560509769678
3.760278589763649,-140.07473577755388,86.8926396538886
3.7656990626935656,-139.97488714877736,86.86821681831582
3.7711620967592405,-139.87504083478115,86.86393357302003
3.7766325949646995,-139.77519492999525,86.8557546502093
3.7821173460599096,-139.6753498066028,86.85999923365837
3.7875947003888806,-139.57550427769374,86.86821681830794
3.7930577344545693,-139.47565796369753,86.88083607508437
3.7984987772198835,-139.3758104536564,86.90560509770465
3.8038966555569322,-139.27596059602362,86.92645174735658
3.809258203192229,-139.17610879417023,86.96792474343849
3.814547473364329,-139.07625312442195,86.99686182885213
3.8197863096693436,-138.97639482174523,87.05518428004383
3.8249234969545416,-138.8765312124242,87.09208923835848
3.829996357578952,-138.77666435716264,87.16739515008757
3.834937957337606,-138.67679087844255,87.81605924948987
3.8387480604179154,-138.5768810748062,89.15508662327956
3.8402225949431013,-138.4768962914251,89.04915627803697
3.8418819761779748,-138.37691475830036,88.83019770297663
3.8439234358117087,-138.27693994345984,88.7407216620453
3.8461210131621852,-138.17696869112626,88.55534960844861
3.8486420270743293,-138.0770048194091,88.48232034116218
3.851290448499721,-137.9770444109572,88.33052277683662
3.8542036970761755,-137.87709120119104,88.27389733677427
3.857215724937302,-137.77714102129855,88.1556926555152
3.8604339528290983,-137.67719716621448,88.11539293682944
3.8637224749998644,-137.5772556513054,88.0308348382791
3.867158490728768,-137.47731904662152,88.00675291171812
3.870636509749828,-137.37738391358255,87.95592905168093
3.8742031748856074,-137.27745188638585,87.94793620235407
3.877783780584074,-137.17752035978177,87.9309619968107
3.8813939914914,-137.07758989627328,87.93892009954877
3.8849903224385858,-136.97765893434826,87.95592905168118
3.888556987574365,-136.87772690715155,87.97970293123038
3.8920821867083317,-136.7777934271347,88.03083483827122
3.8955182024372492,-136.67785682245082,88.0703042672186
3.8988853721502448,-136.57791792580622,88.15569265551876
3.902103600042035,-136.47797407072215,88.21076264199496
3.9052257620313915,-136.3780272689924,88.33052277683717
3.908139010607844,-136.27807405922627,88.4011307867372
3.9109290758124886,-136.178117501018,88.55534960844122
3.9134500897246456,-136.07815362930083,88.64146835463629
3.915820843712809,-135.97818632874788,88.83019770298809
3.917862303346523,-135.87821151390736,88.93183212020165
3.9197264125726394,-135.77823358062193,89.1550866232755
3.9212009470978324,-135.67824879724083,88.5339169471145
3.9237590236051547,-135.57829879926607,87.16739515008723
3.9287006233638064,-135.47842532054602,87.13261083821743
3.9337028534219938,-135.3785549012471,87.05518428004535
3.938840040707189,-135.27869129192607,87.02837299738884
3.944023956841144,-135.1788301221109,86.9679247434329
3.949313227013254,-135.07897445236262,86.94895661930946
3.954635554068788,-134.97912055163812,86.9056050977049
3.960033432405836,-134.87927069400533,87.45169031566883
3.964478944309335,-134.77938444455472,88.71775261946175
3.966716604152422,-134.67941382868065,88.56747957242185
3.9692164348873273,-134.57945022479217,88.21812820995017
3.972325751471853,-134.4795029221262,88.08342532694786
3.9756700146426214,-134.37956385102365,87.76869572258228
3.9795632218355244,-134.2796440126652,87.6496689546052
3.983663974016076,-134.17973298528526,87.36942895390497
3.9882533744091626,-134.07984270265547,87.2661095634741
3.9930228772970007,-133.97996124472218,87.02027880193968
3.99822090208579,-133.88010078358704,86.93260700872885
4.0035717082515285,-133.78024867507455,86.72118245315308
4.009290953031773,-133.6804167092571,86.64900102117961
4.0151359505454645,-133.58059222195806,86.47207138509762
4.021289190155246,-133.48078606582462,86.41512768486207
4.027541611848976,-133.38098619753666,86.2728781873824
4.034041797375599,-133.28120203672967,86.23083329069188
4.040615200429659,-133.1814227413228,86.12354221166723
4.047375441465382,-133.0816558615431,86.09598561279437
4.054183662878936,-132.98189227479887,86.02401406554225
4.061117198061132,-132.88213728870943,86.01048266161418
4.068074291421128,-132.78238395032503,85.97425896594045
4.07509445024121,-132.68263502286226,85.97425896594147
4.082114609061289,-132.5828860953995,85.974258965944
4.089134767881364,-132.48313716793672,85.98728942656687
4.09613224066601,-132.38338665376827,86.0240140655519
4.103065775848189,-132.28363166767883,86.04959076994
4.1099547779597305,-132.18387362515298,86.12354221165954
4.116715018995465,-132.08410674537333,86.62740775677909
4.122596974579166,-131.98429571376494,88.12073064931596
4.1258761878204115,-131.8843538410571,88.04861938756248
4.129281175126735,-131.78441641066638,87.83359808095999
4.133061194665359,-131.68449222634587,87.78063772371159
4.136933570785103,-131.58457170702042,87.62143880311288
4.14108357062121,-131.4846622046636,87.587427539879
4.145292874604088,-131.3847552368121,87.48419367424643
4.149682183467228,-131.28485596190222,87.46886212816595
4.154098223331033,-131.18495787606017,87.42181897880293
4.158596284298507,-131.08506343874075,87.42485880459256
4.1630890453437805,-130.98516876335378,87.43429343342343
4.167565357157404,-130.88527334908278,87.45539099923433
4.172004884035578,-130.78537631456783,87.52162136537221
4.176328934120006,-130.685474193716,87.56049200450798
4.180585204446264,-130.58556923528192,87.68383207712635
4.1846264035860115,-130.48565527294767,87.17955647044519
4.189546194038792,-130.38579314039382,85.56401822352146
4.197280374284028,-130.28609703407182,85.51219010840283
4.205104722976552,-130.18640809981014,85.34043978894641
4.213227875484556,-130.08674293260933,85.71629214184141
4.220696514958608,-129.9870340101274,87.01030621366414
4.225911920831242,-129.88717445524446,86.8746159344889
4.23136374996978,-129.7873285114099,86.3998537303662
4.237642783915982,-129.6875301903192,86.28308947062732
4.244125137534999,-129.58774561489508,85.86481925560811
4.25133581219131,-129.48801027847497,85.76691312439637
4.258716862586159,-129.3882879473137,85.40501481026871
4.266727682657339,-129.28861368824138,85.32559684028345
4.274876623883296,-129.1889509968878,85.02022689298533
4.283556652262254,-129.08933278436032,84.95862341128127
4.29234376299188,-128.9897241941756,84.71024010442432
4.301562625133032,-128.8901544008613,84.66549647935888
4.31085922877639,-128.7905919664838,84.47485669329411
4.320487066142742,-128.6910608863757,84.7780905710006
4.329587431805304,-128.59148657116768,86.15340525241352
4.336295672590788,-128.4917161814451,86.05269944407331
4.343179214383178,-128.39195845768512,85.58141342055063
4.350883126189382,-128.29226000783402,85.50119194157347
4.358726583551198,-128.1925729191925,85.10955812767453
4.3672512842801385,-128.0929412945078,85.04905567429537
4.37588116317028,-127.99331901318287,84.73750674928601
4.385052639728656,-127.89374484395425,84.69551505064578
4.394297077436645,-127.79417757000677,84.46494985988379
4.4039421242656696,-127.69464815610566,84.4398867647942
4.413630702190355,-127.59512302711772,84.29163452703615
4.42357677326684,-127.49562324405278,84.28164432097476
4.433540192197961,-127.39612520644512,84.21738841388598
4.443615190600096,-127.29663839542462,84.22046289010633
4.453684850449835,-127.19715104493531,84.24213496559507
4.463716878683839,-127.09765989171382,84.2562453449726
4.473724402312597,-126.99816629434285,84.36589987981787
4.483541495946182,-126.89865370301682,84.5809467829048
4.492984451159212,-126.79911099488562,86.42973552181513
4.499211435871853,-126.69930941262753,86.17828419175643
4.505875777452508,-126.59954474714311,83.92060118711842
4.516465971540268,-126.5001114582052,83.87014904733269
4.527143675627053,-126.40068792841893,83.35268638079974
4.538718914444665,-126.30136449208015,83.31747363176251
4.550355166092283,-126.2020484190046,82.88452202461887
4.562741582206057,-126.10282287866501,82.86253186350952
4.575166065802414,-126.00360221484496,82.51558887958642
4.588191143707548,-125.90445848833947,82.50415273097718
4.601236004408312,-125.80531740827179,82.24543230780728
4.614728410525978,-125.70623619846396,82.24134743764346
4.628227879140016,-125.60715596117618,82.07369417354761
4.642017209814005,-125.50811563848193,82.07337007804789
4.655807100662842,-125.40907539414704,82.00013579015749
4.6697235714678875,-125.3100528563076,82.00013579015636
4.683640042272933,-125.21103031846819,82.02427632270316
4.697514790483061,-125.11200192610373,82.02465231428185
4.7113888888589415,-125.01297344255437,83.904435690064
4.722006929761533,-124.91354508373723,83.97251577329965
4.732507024954398,-124.81410224004914,83.72502174812882
4.743436567794486,-124.71470572490077,83.71304384302934
4.754386894567119,-124.61531145190979,83.58515728915289
4.76555904428934,-124.51594188341177,83.57723255326223
4.776744939707967,-124.41657384577636,83.56576686238992
4.787950719826442,-124.3172080487377,83.56488964234416
4.799158021288693,-124.21784242312319,83.66668212224242
4.810188769209186,-124.11845705764131,83.6759973001714
4.821203360449786,-124.0190698857345,83.8881408606337
4.831849877962897,-123.9196426850363,83.91071382780054
4.842457230794717,-123.82021122509664,82.15101401595327
4.856112118917253,-123.72115801702752,81.93885739702641
4.870134487309692,-123.62215041961954,81.89610428835843
4.8842307289549804,-123.52315331705282,81.88984803833041
4.898337780798559,-123.4241577502424,81.93160662519527
4.912372677827228,-123.32515193272151,81.93885739702527
4.926395046219667,-123.22614433531355,83.5794905216518
4.937576100110153,-123.1267840816038,83.91071382780147
4.948183452941967,-123.02735262166419,83.71811230890309
4.959124973595879,-122.92795750317751,83.6759973001709
4.9701395648364795,-122.8285703312707,83.58619582271513
4.981309911869987,-122.72920057390377,83.56488964234173
4.99251721333224,-122.62983494828927,83.57470805608837
5.003707486931766,-122.53046740398482,83.57723255326577
5.014893382350388,-122.4310993663494,83.68353888495791
5.025894886355164,-122.33171079298316,83.71304384302123
5.036845213127805,-122.23231651999224,83.91298310372572
5.047448608612318,-122.13288482027406,83.97251577329878
5.057948703805183,-122.03344197658598,84.26371472938038
5.067943218279764,-121.93394745920224,84.35599672986447
5.07777751177895,-121.8344365661744,82.98574405990121
5.0899874442116655,-121.73519878200831,82.52787677237794
5.102991259038684,-121.63605226437015,83.93919227840892
5.11354801815875,-121.53662657047688,84.45504335846768
5.12321027358538,-121.43709882570244,84.24928006671551
5.1332298698667165,-121.3376066682318,84.17037593649684
5.1433864960370395,-121.23812815746356,84.05585221323486
5.153741932675121,-121.13867022686446,84.00960370832536
5.1641776556657275,-121.03922060722974,83.98359517814424
5.174658520731513,-120.93977573934005,83.97251577330688
5.1851586159243634,-120.84033289565197,84.03223803900099
5.195555048629799,-120.74087918547833,84.0590621217378
5.205904921622385,-120.64142059465354,84.20189008214929
5.216006815704657,-120.54193665854221,84.26935866192285
5.225991570269526,-120.44244074990215,84.15348281824623
5.2361775159905815,-120.34296533867757,84.09616176783098
5.246462986288795,-120.24350006704684,83.73018136257372
5.257383467489589,-120.14410357577408,83.54020562090007
5.2686335763555885,-120.04474278768173,83.26165858762401
5.280366522916071,-119.94543851136967,83.10863284672952
5.29236472736952,-119.84616528109221,82.91448554881669
5.304699209140587,-119.74693361015532,82.80084406680835
5.317230526516516,-119.64772626544408,82.68742919516538
5.329958180851983,-119.54854404210013,82.61636994289407
5.34280884871178,-119.44937755837005,82.57961901997258
5.3557231199606665,-119.3502193514868,82.55491256848671
5.368680149703248,-119.25106670885897,83.65295465222543
5.379733246056072,-119.15169714125969,84.44513718960263
5.389412709213813,-119.05217106853092,84.27542307652162
5.399386899853284,-118.95267443105804,84.14810961331145
5.4095821846593815,-118.85319987487631,84.06488730011688
5.419921937246734,-118.75374031447402,83.9997130983719
5.430374827443941,-118.65429249777422,82.72008708079724
5.443043374134812,-118.55512317689518,81.67190217537
5.457526889563545,-118.45618198759237,81.47168265779769
5.472355983992334,-118.35729255389198,81.29291580258783
5.487493630241227,-118.2584493304223,81.16351127670532
5.502854440158127,-118.15964079504965,81.03661658615489
5.5184340854312754,-118.06086627499012,80.97223346117613
5.534124702799271,-117.96210939162013,80.90250815262421
5.549935500156587,-117.86337160834161,81.72171592777032
5.564331223103277,-117.76443000308818,82.70489855077321
5.57702865199441,-117.66524378197161,82.54339791331272
5.590005541929321,-117.56609425047625,82.3362650470137
5.603340854706959,-117.46699177526523,82.24349856876596
5.616836580390613,-117.36791120022801,82.11538894914051
5.630553834676147,-117.2688608691095,82.08589944703937
5.644322064523012,-117.16981763083953,82.04181563085332
5.658166497662328,-117.0707849956586,82.06986778358187
5.671962439842463,-116.97174561334192,82.11538894914246
5.685679694128001,-116.87269528222336,81.35929027863378
5.700700520517547,-116.77384975363736,80.02724946860151
5.718017747215905,-116.67536500954314,79.97504932183502
5.735424678083058,-116.57689616590159,79.8697043846273
5.753012640548711,-116.47845941089551,80.3993073146344
5.769688316851203,-116.37987414067722,81.63764047430699
5.784230994488916,-116.28094162990872,81.52890955521214
5.798961322403938,-116.18203735763647,81.2465115120086
5.814179017562901,-116.0832064266792,81.18444333664705
5.829503740365375,-115.98439220893614,81.00247043824704
5.8451422487987585,-115.88562699130459,80.98010498870481
5.8608193051010815,-115.78686791098572,80.90494559527693
5.876625902000586,-115.68812945518316,80.91488093698749
5.892415376049823,-115.58938826573171,80.95370140942929
5.908137945798322,-115.4906363950642,80.98853639894263
5.923800459640065,-115.39187506756508,81.14885615885242
5.93918658078823,-115.29307021730033,81.20163171223511
5.954481650005313,-115.19425146643769,81.49087310686525
5.969277702581039,-115.09535653235103,81.25141170459183
5.984486071295825,-114.9965299791698,79.67601526904356
6.002406699340846,-114.89815324284311,79.68679388883544
6.020308817316368,-114.79977315283637,79.78493633528306
6.03804239584407,-114.70136252661932,79.92064866090452
6.055542139216082,-114.6029140403366,81.82125501854966
6.069767695844622,-114.5039354330599,81.81562102228558
6.0840029837207945,-114.4049582350058,81.6988262931729
6.098440003652233,-114.30601025061335,81.69943227769798
6.112875977035102,-114.20706211375241,81.72330596844803
6.127270720031452,-114.10810797016106,81.72392597129624
6.141664392002965,-114.00915367240496,81.89474843779116
6.155762976891695,-113.91015689940724,81.89474843779182
6.169861561780426,-113.8111601264095,82.20821927204383
6.183418313866873,-113.71208772579017,82.21352738646614
6.1969658908577685,-113.61301404453472,82.66380285930057
6.209734443852508,-113.51383706846049,82.68030373924493
6.222474448293414,-113.41465630698593,81.06405737224159
6.238006447430021,-113.315876486686,80.97564584098623
6.253691193804699,-113.21711860147687,81.18958881983335
6.269007059910004,-113.11830289538491,81.20744318712138
6.284292141462115,-113.019482363906,81.52604375016419
6.29902745967411,-112.9205785375833,81.56179674302616
6.313701083755354,-112.82166536396039,81.98068439061011
6.327651118789061,-112.72264792704226,82.03936364041347
6.341499790047666,-112.62361588442876,84.12380806271196
6.351736140341129,-112.52415659166749,84.46990323512135
6.3613725825468554,-112.424626344298,84.68004949480336
6.370643898107309,-112.32506154236856,84.717676224346
6.379849837527512,-112.22549055342488,83.08776114306016
6.391883273718383,-112.12622937768691,82.77623876089606
6.404457193896899,-112.02702742361757,82.78636890250489
6.4170135745023895,-111.92782324830777,82.78854107959187
6.429566194147738,-111.82861859670378,82.89783820445268
6.4419295434361175,-111.72939022336979,82.92391046908259
6.454247743232573,-111.63015619133641,83.12875285790201
6.466211066031417,-111.5308789205539,83.18256234279511
6.478081166980899,-111.43159029148049,83.47987258197084
6.489435853797675,-111.33224178742796,83.56488964233253
6.5006431552599455,-111.23287616181345,85.35832517077482
6.508733977495002,-111.1332234719522,85.90958643844807
6.515866723275349,-111.0334825320255,84.24089028402783
6.5258995666724875,-110.93400494419431,83.71304384302327
6.536849893445131,-110.83461067120334,83.53773139689541
6.5481042752350245,-110.73525052615055,83.47850612115158
6.559461375157766,-110.63590191045222,83.39697610028759
6.57095982915561,-110.53656959248887,83.36748538486279
6.5825094132032405,-110.43724316967923,83.37637519891537
6.594043585915521,-110.33791495653496,83.3798185674214
6.605571789222069,-110.23858604992489,83.47580194973486
6.616933571460647,-110.13923802804632,83.51552400737256
6.628226481466793,-110.03988209544326,83.69554629911806
6.639207137859171,-109.94049138718609,83.77479979689217
6.650050326698682,-109.84108536918103,85.29098088054111
6.6582581714765,-109.74144349110426,85.99664801266893
6.665239351613173,-109.64169182804179,84.42459601258814
6.674952754013466,-109.54218707034669,83.67599730017545
6.685967345254059,-109.44279989843987,83.43801119271049
6.697394609294762,-109.3434597659781,83.31815883917285
6.709029700225072,-109.24414332313566,83.16564774029783
6.720929089630092,-109.14485839094046,83.08399479221693
6.732969981968153,-109.0455903292513,83.01343965057436
6.745133100509997,-108.94633721317975,82.97315547564702
6.757366005356537,-108.84709263046187,82.98080584044486
6.769585658488588,-108.74784641578084,82.98546836066345
6.78179723535389,-108.6485992064987,83.06759363368545
6.793866535044055,-108.54933466188571,83.12095283499524
6.805843393057588,-108.450058853997,83.27409020072089
6.817554840188731,-108.35075163447198,83.37981856741713
6.829083043495281,-108.25142272786196,82.25679269005313
6.842553914965738,-108.15235273683929,81.43708647550109
6.857442799004504,-108.05347173617733,81.42350998066641
6.872355112591577,-107.95459426850176,81.41264302664113
6.88728617975446,-107.85571962871377,81.45170827979105
6.902149825981837,-107.7568348518148,81.48598278727032
6.916954319401717,-107.65794118096368,81.57336184986
6.931607961286379,-107.55902515788756,81.65721785325641
6.946116833853735,-107.46008768381105,81.7888960459837
6.960398248976384,-107.36111739983569,81.92660394121242
6.9744417911245105,-107.26211280355976,82.95506152387959
6.986703797072891,-107.16289021173844,84.12089762756645
6.996946325048451,-107.06342050891139,84.11523252274837
7.0071986879547925,-106.96395181987309,84.10852942221098
7.017462687809066,-106.86448433037616,84.15833231412199
7.027640219473579,-106.76500800316636,84.21986297179315
7.037710921112225,-106.66552075710774,84.32264209040189
7.04760312253399,-106.56601581219584,84.45504335846627
7.057265377960628,-106.46648806742134,83.61011848540244
7.068392617184951,-106.36712809419026,82.47872935982284
7.081481473530616,-106.26799276749288,82.45857914266143
7.0946051925671725,-106.16886205893373,82.42959307697463
7.107779061545931,-106.06973799356126,82.4488748839495
7.120919570304642,-105.97060950907763,82.4787293598156
7.134008426650314,-105.8714741823803,82.53402826461456
7.147001586568827,-105.77232634614886,82.6262047122363
7.159835232401095,-105.67315765807405,82.71432659126405
7.1725163131202425,-105.57396955912674,82.87221452020418
7.184924043236613,-105.47474668175872,82.99034163389167
7.19712712884006,-105.37549883904322,83.21707059663844
7.208937427821752,-105.27620307882256,83.36289633197812
7.2204948907218744,-105.1768782394201,83.66118016776383
7.231535183886401,-105.07749391929528,83.8330132365476
7.242277264437731,-104.97807790366114,84.20501594918777
7.252373745811201,-104.87859327055781,84.4018433626706
7.262128279287586,-104.77907587452228,84.84907687890913
7.271105841175045,-104.67948403478434,85.07057392482088
7.279698177869869,-104.57985999206745,85.59383906120499
7.287380468057649,-104.4801598738263,85.69164368807515
7.294892531145832,-104.38044714036482,85.92948457335604
7.301990637668272,-104.28070372933618,85.90812677280792
7.309125923207533,-104.18096298843437,85.85487167762797
7.316353913603558,-104.08122890542026,85.86185788406175
7.323569743001994,-103.98149394371985,85.87974109064044
7.330754442826586,-103.88175673276896,85.91402323134142
7.337879461630323,-103.782015287723,86.00411130072924
7.344847648160949,-103.68226271614559,86.06473407726627
7.351710275551481,-103.58250297805166,86.22807197705703
7.35828849188243,-103.48272393100403,86.31425921668949
7.364716588043778,-103.38293541268686,86.5517728501246
7.370730986093736,-103.28312079363778,86.66299326931333
7.376551585733613,-103.18329521602605,86.97540358642725
7.381827821656742,-103.0834388567177,86.49996032634438
7.387931880220705,-102.98363951545694,85.14430451400344
7.396396158898433,-102.88400273938356,85.16623115195894
7.404822304929723,-102.78436275300872,85.23118608972331
7.413135487760212,-102.68471325651697,85.27078614911602
7.421379789662604,-102.58505811137364,85.39259562326626
7.429412214509582,-102.4853855910338,85.44895375821675
7.437346581867988,-102.3857053716801,85.62863306070625
7.444968325766992,-102.28600060659956,85.70100163139092
7.452464109839165,-102.18628655631662,85.93943400995524
7.459544895768719,-102.08654191420261,86.0272729403071
7.4664727294566005,-101.98678693146289,86.32515786595177
7.472881863980652,-101.88699688108468,86.42815756372275
7.4791115623133955,-101.78719603057523,86.78597204514031
7.484717914302663,-101.68735766131175,86.79146170226653
7.490314700402377,-101.58751875696946,86.81089331914212
7.495877626336804,-101.48767795862088,86.72166072519389
7.501596012766987,-101.38784638169625,86.39985373037536
7.507875046713177,-101.28804806060549,86.32826275262461
7.514278755090801,-101.18825795079921,86.06382247379584
7.521142980058335,-101.0884981714519,86.00943800847688
7.528101880783408,-100.98874512334686,85.80265101388176
7.535420768053997,-100.8890176695092,85.76484614308067
7.54280544952191,-100.78929515187383,85.61620626013038
7.550448818066949,-100.68959204220761,85.59419828168141
7.5581304808640715,-100.5898919058193,85.50438378788549
7.5659684223285115,-100.49020390336447,85.49728255479957
7.57381871879748,-100.39051687636139,85.46711721312286
7.58172149811165,-100.29083399298142,85.47398133729322
7.589612334952691,-100.19115016671988,85.50438378788549
7.597450276417131,-100.09146216426505,85.52428039383614
7.605253597452151,-99.99177147377874,85.61620626013584
7.612896965997179,-99.89206836411253,85.64827004189246
7.620484531916857,-99.79236106786055,85.80265101387187
7.627803419187465,-99.69263361402285,85.8461383420915
7.635046601069464,-99.5929007776952,86.06382247380188
7.6419108260369875,-99.49314099834791,86.11815622226639
7.648680429672346,-99.39337498706782,86.39985373036825
7.654959463618549,-99.29357666597706,86.46465435152189
7.661125602177497,-99.19377164828977,86.81089331914013
7.666688528111927,-99.0939308499412,86.52245396995895
7.672753580810008,-98.99412624614541,84.94332220222091
7.681567312885779,-98.89451977403276,85.21700526123527
7.689904604939852,-98.79487895893192,86.81089331914167
7.6954675308742795,-98.69503816058335,86.75196227948524
7.7011331262643195,-98.59520345226152,86.39985373037332
7.707412160210513,-98.49540513117076,86.35303475050303
7.71377272866763,-98.39561218009102,86.06382247380442
7.7206369536351485,-98.29585240074373,86.02869139708349
7.727562336936165,-98.19609696962208,85.80265101386628
7.7348812242067835,-98.09636951578437,85.77859073093074
7.74224198511566,-97.9966452035117,85.61620626014194
7.7498853536606775,-97.8969420938455,85.60244176422415
7.757552672662388,-97.79724084376289,85.50438378788397
7.76539061412683,-97.69755284130807,85.50002982361958
7.7732361307895825,-97.59786543692995,85.46711721312282
7.781138910103747,-97.49818255355004,85.47123406847736
7.789034526751007,-97.39849910466353,85.50438378788549
7.796872468215447,-97.2988111022087,85.51603691171897
7.804690133045865,-97.19912152541663,85.6162062601324
7.8123335015909,-97.0994184157504,85.6345254571622
7.819944988069636,-96.99971291413573,85.80265101388058
7.827263875340231,-96.89998546029801,85.82688496516364
7.834540574646266,-96.80025500698697,86.06382247379462
7.841404799613799,-96.70049522763972,86.09338425496836
7.848217543169672,-96.60073205763314,86.39985373037638
7.85449657711586,-96.50093373654238,86.43435286202921
7.860715506714945,-96.40113185025224,86.81089331914009
7.866278432649375,-96.30129105190366,86.66012089161993
7.872103837927388,-96.20146917372256,84.94332220222273
7.880917570003154,-96.10186270160992,85.07933923261895
7.889494509477289,-96.00223916089439,86.8108933191429
7.895057435411711,-95.90239836254588,86.78226375177842
7.900670239761604,-95.80256052282684,86.39985373037536
7.906949273707794,-95.70276220173608,86.3778067030722
7.9132667022444085,-95.60296640938279,86.06382247380294
7.920130927211931,-95.50320663003548,86.047944764125
7.927022793088902,-95.40344881589725,85.80265101387398
7.934341680359508,-95.30372136205953,85.79233531083325
7.941678520709324,-95.2039952551496,85.61620626012993
7.949321889254359,-95.10429214548343,85.610685244997
7.956974864460699,-95.00458978170654,85.50438378787737
7.9648128059251535,-94.90490177925172,85.50277709236835
7.972653542781699,-94.80521399749857,85.4671172131244
7.9805563220958655,-94.7055311141186,85.46848679972929
7.988456718549342,-94.60584804260712,85.50438378788397
7.996294660013785,-94.5061600401523,85.50779343143526
8.004126668639595,-94.4064715770545,85.6162062601394
8.011770037184617,-94.3067684673883,85.62078088106418
8.01940544422239,-94.20706476041094,85.80265101386637
8.026724331493009,-94.10733730657323,85.80763161223697
8.034034548223111,-94.00760923627878,86.06382247380496
8.04089877319063,-93.90784945693147,86.06861233944696
8.04775465666699,-93.80808912819842,86.39985373037486
8.054033690613181,-93.70829080710766,86.40405146819572
8.060305411252413,-93.6084920522147,86.81089331914167
8.06586833718684,-93.50865125386613,86.81071828544937
8.071431568122645,-93.40881047257821,86.78597204513959
8.077037920111916,-93.30897210331467,86.78422759773154
8.082647311128419,-93.20913391696793,86.32515786594668
8.089056445652478,-93.10934386658974,86.3251578659472
8.095465580176537,-93.00955381621154,85.93959686509008
8.102546082528335,-92.90980915492572,85.93943400995428
8.109626868457891,-92.8100645128117,85.63035564875648
8.11724561412851,-92.710359526715,85.62863306071444
8.124867358027496,-92.6106547616345,85.39530169661093
8.132895074571362,-92.51098187162073,85.39259562327271
8.140927499418336,-92.4113093512808,85.23409722602607
8.149235618571582,-92.31165943953701,85.23118608971554
8.157548801402084,-92.21200994304527,85.14648267468606
8.166009292036746,-92.11237284806509,85.14430451399939
8.17447357071448,-92.01273607199171,85.13229627797882
8.182958731399872,-91.91310107215087,85.13189467799776
8.191444590457106,-91.81346613171384,85.19148554047145
8.199826818763231,-91.71382242161926,85.19394841360298
8.208204764039584,-91.61417834907714,85.32411076550324
8.216356319280308,-91.51451551361963,85.33050621904651
8.224496750965129,-91.4148517562561,85.53034070180372
8.232289526927616,-91.31516024750854,85.5416541746024
8.240062620593774,-91.21546716763493,85.81044025491592
8.247367944951453,-91.11573878945181,85.82751713071622
8.254643550256882,-91.0160081686412,86.16475010506778
8.261332027799162,-90.91623657302785,86.18824811109019
8.267979594718716,-90.81646212232087,86.59365799045938
8.27392101219052,-90.71664332031703,86.62401385377608
8.279809554892681,-90.61682119739493,84.91698432377716
8.288668762761665,-90.51722227973478,84.7821300464112
8.297762685847529,-90.41764099774495,86.51943328339812
8.303833173444726,-90.31783386757233,86.67384151142008
8.309634902954615,-90.21800666138822,86.32066408017725
8.316051852789027,-90.11821729032653,86.28781460806155
8.322526025390196,-90.01843143837866,86.00455252575121
8.329493435384675,-89.9186789328108,85.97674657710662
8.336509263398423,-89.81892970064779,85.76279899467882
8.34389750884835,-89.7192074340633,85.7404926714665
8.351324582887516,-89.61948797893521,85.59509180693416
8.35900469042735,-89.5197877284362,85.57892834236769
8.366712926426878,-89.42008961281908,85.50118834969746
8.374556426713543,-89.32040205853977,85.49196117121095
8.382415981903927,-89.2207157578158,85.48093515058795
8.390294720598115,-89.121030971667,85.47953897924496
8.398175888406065,-89.02134637730148,85.5342797733695
8.405961812784334,-88.92165430483918,85.54165417461965
8.413734906450461,-88.82196122496556,85.66127469028646
8.42129984456855,-88.72225216493736,85.6783443722949
8.428835079156919,-88.62254082456161,85.86207318851281
8.43605052833533,-88.5228059109234,85.88968929184348
8.443217910792907,-88.42306745400468,86.1369172640308
8.449954852329027,-88.32329914493012,86.17580390752472
8.456624089336545,-88.22352614037695,86.4861173587615
8.462752846744344,-88.1237187179995,86.5368277983382
8.46879328027063,-88.02390567114365,86.91002372043005
8.474183438951528,-87.92405575444687,86.97291062728183
8.479464019654325,-87.82419962480391,86.97291062728183
8.484744600357121,-87.72434349516095,86.97291062728156
8.490025181059917,-87.62448736551804,86.60222789062371
8.495951657495969,-87.52466785742536,86.53682779834274
8.501992091022247,-87.4248548105695,86.23129979694095
8.50856466920832,-87.32507565076767,86.17580390751863
8.51523390621585,-87.2253026462145,85.93497222520567
8.522322447747738,-87.1255587214801,85.88968929184176
8.529489830205321,-87.02582026456133,85.71290206827379
8.536964916017197,-86.92610449026567,85.67834437229408
8.544500150605565,-86.82639314988997,85.56479627374601
8.552232973928112,-86.7266969784518,85.54165417461863
8.56000606759424,-86.62700389857818,85.49043775197254
8.56786827264073,-86.52731781533973,85.47953897925105
8.57574944044867,-86.42763322097422,85.48970295656311
8.583612924569627,-86.32794723044697,85.49196117121718
8.591472479760005,-86.22826092972292,84.07166719858667
8.601799736582604,-86.1288071427426,83.74268487943
8.612698641887281,-86.02940721807971,84.25700343684429
8.622704750570483,-85.92991446796054,84.38570719235086
8.632487441834714,-85.83039848878404,84.93410562380252
8.641317089021795,-85.73079464767508,85.07977837954495
8.649893572597694,-85.63116746720057,85.66303834996584
8.65745533503215,-85.53145957823502,85.82503044801226
8.664735268719518,-85.43172927328541,86.44408516366347
8.670937154320633,-85.33192780434041,86.62152260446969
8.67683003733333,-85.23210593754946,85.45560825370352
8.684752359826625,-85.13243068132347,85.1145216769778
8.693268429408251,-85.03279831851545,85.39041788242392
8.701304614259477,-84.93312645601084,85.47457022163803
8.709194426803428,-84.83344254548436,85.76735367495745
8.7165747198157,-84.73372003071651,85.85984543536442
8.723794052423472,-84.63398532062756,86.16964700580087
8.730473979067085,-84.53421350758752,86.27038883319854
8.736978499952587,-84.43442962929109,86.5973941546272
8.742913387343416,-84.33461079406479,86.70623219481622
8.7486586812065,-84.23478032397544,87.0506681194518
8.75380370840622,-84.13491773140673,87.16739515008757
8.758745308164874,-84.03504425268663,87.52951305393754
8.763055568528712,-83.93514222248243,87.653882610542
8.767148993820767,-83.83523038620059,88.03393835891764
8.770579570151101,-83.73529435767297,88.16568205363996
8.773780372994064,-83.63534994301666,88.56391245318437
8.776286426188681,-83.5353865375193,88.70276066913432
8.778550244155703,-83.43541651057106,89.11935625839412
8.780087115943022,-83.33543359054259,89.26506238010538
8.781369733171752,-83.23544616106831,89.70013644402552
8.78189306339818,-83.13545288445263,89.85250475482931
8.782150479696371,-83.03545756007856,90.30605849042284
8.78161633847039,-82.93546442875244,90.4649758294357
8.780804846716736,-82.83547206583924,90.93685964095981
8.779169881518062,-82.73549096654737,91.10233086526253
8.77724615347812,-82.63551381700685,91.59220182866606
8.774467751105515,-82.5355580531881,91.76438906982196
8.771388931688689,-82.43560980642594,92.27166467668914
8.767425394647466,-82.33569411922109,92.45093031412935
8.763149204523746,-82.23578993833833,91.23417476463574
8.760995596676132,-82.13582552564174,90.79992400092236
8.759599571922774,-82.03583961526073,90.94721984023849
8.757946510502713,-81.93585774226871,90.99986846129272
8.756201575210811,-81.83587731238043,91.14706809632784
8.75419978677518,-81.73590181355537,91.19978856962302
8.752106004685576,-81.63592808082326,91.34686165473033
8.749755609024723,-81.53596017027584,91.3996794632835
8.747313056600902,-81.43599435062988,91.54659080833339
8.744614194658046,-81.33603524092952,91.59953628399519
8.741822961072035,-81.23607854943315,91.74624586363065
8.738775794905536,-81.13612945135819,91.79935417839043
8.735635982021746,-81.0361831020758,91.94581714277932
8.732240694761684,-80.93624522436434,91.99912829878464
8.728752417118331,-80.8363104302288,92.14529498571495
8.725009212917339,-80.73638497933061,92.19885380394118
8.721172597705468,-80.63646295201156,92.34466975208956
8.717081701684112,-80.53655113184087,92.39852585961039
8.712896888724613,-80.43664308161304,92.54393182335896
8.708458546911084,-80.33674609330255,92.59813963937887
8.70392568862916,-80.23685322891461,92.74307160480237
8.699140167893416,-80.13697227057065,92.79769032530336
8.694259429290907,-80.03709579911452,92.94207952749721
8.689127017273343,-79.93723206557343,92.99717310858951
8.683898575898805,-79.83737319235415,93.14094605034067
8.678419580933426,-79.73752787494048,93.19658319032105
8.672843626849906,-79.63768780334651,91.64487751804874
8.669973706855659,-79.53774776254838,91.03485637570911
8.668167718412969,-79.43776841685349,90.79280567311645
8.666784120609853,-79.33778268531779,90.6974446060426
8.665566933079031,-79.23779443793669,90.4375112013934
8.664803375673943,-79.1378021033928,90.33498612390095
8.664218743323037,-79.0378081567518,90.05715242426655
8.664118998337932,-78.9378130147784,89.94750159111919
8.664210621353266,-78.83781740104932,89.65178367030185
8.664818340159837,-78.73782411792901,89.53502417056023
8.665629831913497,-78.63783175501581,89.22148915828849
8.6669884807848,-78.5378459214142,89.09760172237533
8.668563329363264,-78.43786266775747,88.76638796832418
8.670716114419486,-78.33789084958768,88.63529912075796
8.673097638112822,-78.23792355741304,88.28663923856786
8.676087419233182,-78.13797334305927,88.14820068048796
8.679318715719111,-78.03802990964391,89.47162901850668
8.680240745706925,-77.93804915523867,90.0
8.680240745706925,-77.83805349953388,90.0
8.680240745706925,-77.7380578438291,90.0
8.680240745706925,-77.63806218812437,90.0
8.680240745706925,-77.53806653241958,90.0
8.680240745706925,-77.43807087671479,90.0
8.680240745706925,-77.33807522101,90.0
8.680240745706925,-77.23807956530521,90.0
8.680240745706925,-77.13808390960043,90.0
8.680240745706925,-77.03808825389564,90.0
8.680240745706925,-76.93809259819085,90.0
8.680240745706925,-76.83809694248612,90.0
8.680240745706925,-76.73810128678133,90.0
8.680240745706925,-76.63810563107654,90.0
8.680240745706925,-76.53810997537175,90.0
8.680240745706925,-76.43811431966697,90.0
8.680240745706925,-76.33811866396218,90.0
8.680240745706925,-76.23812300825739,90.0
8.680240745706925,-76.1381273525526,90.0
8.680240745706925,-76.03813169684787,90.0
8.680240745706925,-75.93813604114308,90.0
8.680240745706925,-75.8381403854383,90.0
8.680240745706925,-75.7381447297335,90.0
8.680240745706925,-75.63814907402872,90.0
8.680240745706925,-75.53815341832393,90.0
8.680240745706925,-75.43815776261914,90.0
8.680240745706925,-75.33816210691435,90.0
8.680240745706925,-75.23816645120962,90.0
8.680240745706925,-75.13817079550483,90.0
8.680240745706925,-75.03817513980005,90.0
8.680240745706925,-74.93817948409526,90.0
8.680240745706925,-74.83818382839047,90.0
8.680240745706925,-74.73818817268568,90.0
8.680240745706925,-74.6381925169809,90.0
8.680240745706925,-74.5381968612761,90.0
8.680240745706925,-74.43820120557132,90.0
8.680240745706925,-74.33820554986659,90.0
8.680240745706925,-74.2382098941618,90.0
8.680240745706925,-74.13821423845701,90.0
8.680240745706925,-74.03821858275222,90.0
8.680240745706925,-73.93822292704743,90.0
8.680240745706925,-73.83822727134265,90.0
8.680240745706925,-73.73823161563786,90.0
8.680240745706925,-73.63823595993307,90.0
8.680240745706925,-73.53824030422834,90.0
8.680240745706925,-73.43824464852355,90.0
8.680240745706925,-73.33824899281876,90.0
8.680240745706925,-73.23825333711397,90.0
8.680240745706925,-73.13825768140919,90.0
8.680240745706925,-73.0382620257044,90.0
8.680240745706925,-72.93826636999961,90.0
8.680240745706925,-72.83827071429482,90.0
8.680240745706925,-72.73827505859009,90.0
8.680240745706925,-72.6382794028853,90.0
8.680240745706925,-72.53828374718051,90.0
8.680240745706925,-72.43828809147573,90.0
8.680240745706925,-72.33829243577094,90.0
8.680240745706925,-72.23829678006615,90.0
8.680240745706925,-72.13830112436136,90.0
8.680240745706925,-72.03830546865657,90.0
8.680240745706925,-71.93830981295179,90.0
8.680240745706925,-71.83831415724705,90.0
8.680240745706925,-71.73831850154227,90.0
8.680240745706925,-71.63832284583748,90.0
8.680240745706925,-71.53832719013269,90.0
8.680240745706925,-71.4383315344279,90.0
8.680240745706925,-71.33833587872311,90.0
8.680240745706925,-71.23834022301833,90.0
8.680240745706925,-71.13834456731354,90.0
8.680240745706925,-71.03834891160881,90.0
8.680240745706925,-70.93835325590402,90.0
8.680240745706925,-70.83835760019923,90.0
8.680240745706925,-70.73836194449444,90.0
8.680240745706925,-70.63836628878965,90.0
8.680240745706925,-70.53837063308487,90.0
8.680240745706925,-70.43837497738008,90.0
8.680240745706925,-70.33837932167529,90.0
8.680240745706925,-70.23838366597056,90.0
8.680240745706925,-70.13838801026577,90.0
8.680240745706925,-70.03839235456098,90.0
8.680240745706925,-69.9383966988562,90.0
8.680240745706925,-69.8384010431514,90.0
8.680240745706925,-69.73840538744662,90.0
8.680240745706925,-69.63840973174183,90.0
8.680240745706925,-69.53841407603704,90.0
8.680240745706925,-69.43841842033225,90.0
8.680240745706925,-69.33842276462752,90.0
8.680240745706925,-69.23842710892274,90.0
8.680240745706925,-69.13843145321795,90.0
8.680240745706925,-69.03843579751316,90.0
8.680240745706925,-68.93844014180837,90.0
8.680240745706925,-68.83844448610358,90.0
8.680240745706925,-68.7384488303988,90.0
8.680240745706925,-68.638453174694,90.0
8.680240745706925,-68.53845751898928,90.0
8.680240745706925,-68.43846186328449,90.0
8.680240745706925,-68.3384662075797,90.0
8.680240745706925,-68.23847055187491,90.0
8.680240745706925,-68.13847489617012,90.0
8.680240745706925,-68.03847924046534,90.0
8.680240745706925,-67.93848358476055,90.0
8.680240745706925,-67.83848792905576,90.0
8.680240745706925,-67.73849227335103,90.0
8.680240745706925,-67.63849661764624,90.0
8.680240745706925,-67.53850096194145,90.0
8.680240745706925,-67.43850530623666,90.0
8.680240745706925,-67.33850965053188,90.0
8.680240745706925,-67.23851399482709,90.0
8.680240745706925,-67.1385183391223,90.0
8.680240745706925,-67.03852268341751,90.0
8.680240745706925,-66.93852702771278,90.0
8.680240745706925,-66.83853137200799,90.0
8.680240745706925,-66.7385357163032,90.0
8.680240745706925,-66.63854006059842,90.0
8.680240745706925,-66.53854440489363,90.0
8.680240745706925,-66.43854874918884,90.0
8.680240745706925,-66.33855309348405,90.0
8.680240745706925,-66.23855743777926,90.0
8.680240745706925,-66.13856178207448,90.0
8.680240745706925,-66.03856612636974,90.0
8.680240745706925,-65.93857047066496,90.0
8.680240745706925,-65.83857481496017,90.0
8.680240745706925,-65.73857915925538,90.0
8.680240745706925,-65.63858350355059,90.0
8.680240745706925,-65.5385878478458,90.0
8.680240745706925,-65.43859219214102,90.0
8.680240745706925,-65.33859653643623,90.0
8.680240745706925,-65.2386008807315,90.0
8.680240745706925,-65.13860522502671,90.0
8.680240745706925,-65.03860956932192,90.0
8.680240745706925,-64.93861391361713,90.0
8.680240745706925,-64.83861825791234,90.0
8.680240745706925,-64.73862260220756,90.0
8.680240745706925,-64.63862694650277,90.0
8.680240745706925,-64.53863129079798,90.0
8.680240745706925,-64.43863563509325,90.0
8.680240745706925,-64.33863997938846,90.0
8.680240745706925,-64.23864432368367,90.0
8.680240745706925,-64.13864866797888,90.0
8.680240745706925,-64.0386530122741,90.0
8.680240745706925,-63.93865735656931,90.0
8.680240745706925,-63.83866170086452,90.0
8.680240745706925,-63.73866604515973,90.0
8.680240745706925,-63.638670389454944,90.0
8.680240745706925,-63.53867473375021,90.0
8.680240745706925,-63.438679078045425,90.0
8.680240745706925,-63.33868342234064,90.0
8.680240745706925,-63.23868776663585,90.0
8.680240745706925,-63.13869211093106,90.0
8.680240745706925,-63.03869645522627,90.0
8.680240745706925,-62.938700799521484,90.0
8.680240745706925,-62.838705143816696,90.0
8.680240745706925,-62.738709488111965,90.0
8.680240745706925,-62.63871383240718,90.0
8.680240745706925,-62.53871817670239,90.0
8.680240745706925,-62.4387225209976,90.0
8.680240745706925,-62.33872686529281,90.0
8.680240745706925,-62.238731209588025,90.0
8.680240745706925,-62.13873555388324,90.0
8.680240745706925,-62.03873989817845,90.0
8.680240745706925,-61.93874424247372,90.0
8.680240745706925,-61.83874858676893,90.0
8.680240745706925,-61.73875293106414,90.0
8.680240745706925,-61.63875727535935,90.0
8.680240745706925,-61.538761619654565,90.0
8.680240745706925,-61.43876596394978,90.0
8.680240745706925,-61.33877030824499,90.0
8.680240745706925,-61.2387746525402,90.0
8.680240745706925,-61.13877899683547,90.0
8.680240745706925,-61.03878334113068,90.0
8.680240745706925,-60.93878768542589,90.0
8.680240745706925,-60.838792029721105,90.0
8.680240745706925,-60.73879637401632,90.0
8.680240745706925,-60.63880071831153,90.0
8.680240745706925,-60.53880506260674,90.0
8.680240745706925,-60.43880940690195,90.0
8.680240745706925,-60.338813751197165,90.0
8.680240745706925,-60.238818095492434,90.0
8.680240745706925,-60.138822439787646,90.0
8.680240745706925,-60.03882678408286,90.0
8.680240745706925,-59.93883112837807,90.0
8.680240745706925,-59.83883547267328,90.0
8.680240745706925,-59.73883981696849,90.0
8.680240745706925,-59.638844161263705,90.0
8.680240745706925,-59.53884850555892,90.0
8.680240745706925,-59.438852849854186,90.0
8.680240745706925,-59.3388571941494,90.0
8.680240745706925,-59.23886153844461,90.0
8.680240745706925,-59.13886588273982,90.0
8.680240745706925,-59.038870227035034,90.0
8.680240745706925,-58.938874571330246,90.0
8.680240745706925,-58.83887891562546,90.0
8.680240745706925,-58.73888325992067,90.0
8.680240745706925,-58.63888760421594,90.0
8.680240745706925,-58.53889194851115,90.0
8.680240745706925,-58.43889629280636,90.0
8.680240745706925,-58.338900637101574,90.0
8.680240745706925,-58.238904981396786,90.0
8.680240745706925,-58.138909325692,90.0
8.680240745706925,-58.03891366998721,90.0
8.680240745706925,-57.93891801428242,90.0
8.680240745706925,-57.83892235857763,90.0
8.680240745706925,-57.7389267028729,90.0
8.680240745706925,-57.638931047168114,90.0
8.680240745706925,-57.538935391463326,90.0
8.680240745706925,-57.43893973575854,90.0
8.680240745706925,-57.33894408005375,90.0
8.680240745706925,-57.23894842434896,90.0
8.680240745706925,-57.138952768644174,90.0
8.680240745706925,-57.038957112939386,90.0
8.680240745706925,-56.938961457234655,90.0
8.680240745706925,-56.838965801529866,90.0
8.680240745706925,-56.73897014582508,90.0
8.680240745706925,-56.63897449012029,90.0
8.680240745706925,-56.5389788344155,90.0
8.680240745706925,-56.438983178710714,90.0
8.680240745706925,-56.338987523005926,90.0
8.680240745706925,-56.23899186730114,90.0
8.680240745706925,-56.13899621159641,90.0
8.680240745706925,-56.03900055589162,90.0
8.680240745706925,-55.93900490018683,90.0
8.680240745706925,-55.83900924448204,90.0
8.680240745706925,-55.739013588777254,90.0
8.680240745706925,-55.639017933072466,88.69459345390752
8.682518566377718,-55.53905909014882,88.14820068050322
8.68574986286362,-55.439115656733456,88.49101751383054
8.688383095446909,-55.33915543169713,88.63529912075796
8.690764619140245,-55.23918813952249,88.96036223307208
8.6925789386271,-55.13920962421773,89.09760172236406
8.694153787205584,-55.039226370561,89.40502405027432
8.695192146039933,-54.93923671488819,89.53502417057248
8.696003637793572,-54.83924435197498,89.82485198352785
8.69630931333897,-54.73924970487403,89.94750159112021
8.696400936354303,-54.639254091144956,90.21973409083948
8.696017447451293,-54.539259648650074,90.33498612388789
8.69543281510041,-54.439265702009116,90.58959231945187
8.694403849546248,-54.33927575876653,90.69744460605388
8.693186662015407,-54.23928751138544,90.93437758520086
8.691556014523751,-54.13930551482828,91.03485637569797
8.68975002608108,-54.039326169133396,91.25406511177671
8.687561546197472,-53.93935477560993,91.3472112040376
8.685210537872216,-53.83938676112686,91.54865005288553
8.682508087258123,-53.73942789337824,91.63450736265035
8.679655844583072,-53.639472924159385,91.81814341440015
8.676483263034527,-53.539527829639525,91.89674983043756
8.673173558487886,-53.4395869620445,92.06256828843787
8.669574638022024,-53.33965627166655,92.13394864346648
8.66585121779467,-53.23972996230989,92.2819564068041
8.661869684116926,-53.13981374928876,92.34611738945598
8.657776258824875,-53.03990191300693,92.47634501821422
8.65345575947775,-52.939999751546075,92.5332718483369
8.649035998435663,-52.84010181927442,92.64577409050204
8.644420096926464,-52.740212842916456,92.69542877864048
8.639717625598056,-52.64032781939824,92.79028383737268
8.63484980080439,-52.54045077892232,92.83260484991325
8.629908201045735,-52.440577300202214,92.9099125674817
8.624831851203421,-52.34071062100749,92.9448157199552
8.619694663918224,-52.24084701168645,93.00469485310626
8.61445311450394,-52.14098885064914,93.03207525656123
8.60916384433184,-52.041133180900864,93.07466001494295
8.603800359162173,-51.94128148273376,93.094394902305
8.598402480825108,-51.84143162510097,93.11983091968561
8.592960275702769,-51.74158417827719,93.13178318169031
8.587497241637083,-51.64173786428098,93.1402230873656
8.58201949988337,-51.54189235661183,93.14424534978338
8.576534748788172,-51.442047233219384,93.13584410594882
8.571064638007465,-51.34220130719352,93.13178318168343
8.565601603941792,-51.24235499319731,93.106693351344
8.560182293368898,-51.14250630120352,93.09439490230298
8.554784415031836,-51.04265644357073,93.05276201205416
8.54945909281506,-50.94280270313088,93.03207525656123
8.54416982264296,-50.84294703338261,92.97403341850092
8.53898171241577,-50.74308608252243,92.94481571996435
8.533844525130558,-50.64322247320139,92.87048367789878
8.5288369012221,-50.5433523260776,92.83260484991325
8.523895301463444,-50.4434788473575,92.7420826166654
8.519111502092928,-50.343597750247525,92.69542877864758
8.514409030764508,-50.243712726729306,92.58879503281261
8.50989246855768,-50.14381921446788,92.53327184833444
8.505472707515596,-50.04392128219617,92.41058226146735
8.501266876672993,-49.944014235116605,92.34611738946123
8.497173451380933,-49.84410239883478,92.20740405691473
8.493321930818304,-49.74418110023584,92.13394864346547
8.489598510590952,-49.64425479087918,91.97922079445746
8.486144962363351,-49.54431898499849,91.8967498304376
8.482835257816712,-49.444378117403524,91.72599599495159
8.479823420129936,-49.34442806782704,91.63450736264639
8.47697117745489,-49.244473098608125,91.44769917382952
8.474444851562984,-49.14450964698865,91.3472112040253
8.472093843237749,-49.04454163250558,91.14430901526366
8.47009687352385,-48.944566257398385,91.03485637570917
8.46829088508116,-48.8445869117035,90.81581686944749
8.4668671316243,-48.74460178725415,90.69744460605017
8.465649944093466,-48.644613539873106,90.46223056884597
8.464843247035816,-48.54462159401324,90.33498612388362
8.46425861468494,-48.44462764737223,90.08357855511609
8.46411274973675,-48.344632619092636,89.94750159112327
8.464204372752077,-48.244637005363565,89.67991430436294
8.464762997205671,-48.144643500540745,89.53502417057244
8.46557448895931,-48.04465113762755,89.25132103314616
8.46688107763214,-47.944664682783376,89.09760172237169
8.46845592621061,-47.84468142912671,88.79791666143483
8.4705536968028,-47.74470852239925,88.63529912075796
8.472935220496135,-47.64474123022461,88.3198590018218
8.475867047932445,-47.54478938872649,88.14820068049204
8.479098344418366,-47.44484595531113,89.34533145098698
8.48024074570688,-47.344868762415615,90.0
8.48024074570688,-47.24487310671083,90.0
8.48024074570688,-47.14487745100604,90.0
8.48024074570688,-47.04488179530131,90.0
8.48024074570688,-46.94488613959652,90.0
8.48024074570688,-46.84489048389173,90.0
8.48024074570688,-46.74489482818694,90.0
8.48024074570688,-46.644899172482155,90.0
8.48024074570688,-46.54490351677737,90.0
8.48024074570688,-46.44490786107258,90.0
8.48024074570688,-46.34491220536779,90.0
8.48024074570688,-46.244916549663,90.0
8.48024074570688,-46.14492089395827,90.0
8.48024074570688,-46.044925238253484,90.0
8.48024074570688,-45.944929582548696,90.0
8.48024074570688,-45.84493392684391,90.0
8.48024074570688,-45.74493827113912,90.0
8.48024074570688,-45.64494261543433,90.0
8.48024074570688,-45.54494695972954,90.0
8.48024074570688,-45.444951304024755,90.0
8.48024074570688,-45.344955648320024,90.0
8.48024074570688,-45.244959992615236,90.0
8.48024074570688,-45.14496433691045,90.0
8.48024074570688,-45.04496868120566,90.0
8.48024074570688,-44.94497302550087,90.0
8.48024074570688,-44.844977369796084,90.0
8.48024074570688,-44.744981714091296,90.0
8.48024074570688,-44.64498605838651,90.0
8.48024074570688,-44.544990402681776,90.0
8.48024074570688,-44.44499474697699,90.0
8.48024074570688,-44.3449990912722,90.0
8.48024074570688,-44.24500343556741,90.0
8.48024074570688,-44.145007779862624,90.0
8.48024074570688,-44.045012124157836,90.0
8.48024074570688,-43.94501646845305,90.0
8.48024074570688,-43.84502081274826,90.0
8.48024074570688,-43.74502515704347,90.0
8.48024074570688,-43.64502950133874,90.0
8.48024074570688,-43.54503384563395,90.0
8.48024074570688,-43.445038189929164,90.0
8.48024074570688,-43.345042534224376,90.0
8.48024074570688,-43.24504687851959,90.0
8.48024074570688,-43.1450512228148,90.0
8.48024074570688,-43.04505556711001,90.0
8.48024074570688,-42.945059911405224,90.0
8.48024074570688,-42.84506425570049,90.0
8.48024074570688,-42.745068599995705,90.0
8.48024074570688,-42.645072944290916,90.0
8.48024074570688,-42.54507728858613,90.0
8.48024074570688,-42.44508163288134,90.0
8.48024074570688,-42.34508597717655,90.0
8.48024074570688,-42.245090321471764,90.0
8.48024074570688,-42.145094665766976,90.0
8.48024074570688,-42.045099010062245,90.0
8.48024074570688,-41.94510335435746,90.0
8.48024074570688,-41.84510769865267,90.0
8.48024074570688,-41.74511204294788,90.0
8.48024074570688,-41.64511638724309,90.0
8.48024074570688,-41.545120731538304,90.0
8.48024074570688,-41.445125075833516,90.0
8.48024074570688,-41.34512942012873,90.0
8.48024074570688,-41.245133764424,90.0
8.48024074570688,-41.14513810871921,90.0
8.48024074570688,-41.04514245301442,90.0
8.48024074570688,-40.94514679730963,90.0
8.48024074570688,-40.845151141604845,90.0
8.48024074570688,-40.74515548590006,90.0
8.48024074570688,-40.64515983019527,90.0
8.48024074570688,-40.54516417449048,90.0
8.48024074570688,-40.44516851878569,90.0
8.48024074570688,-40.34517286308096,90.0
8.48024074570688,-40.24517720737617,90.0
8.48024074570688,-40.145181551671385,90.0
8.48024074570688,-40.0451858959666,90.0
8.48024074570688,-39.94519024026181,90.0
8.48024074570688,-39.84519458455702,90.0
8.48024074570688,-39.74519892885223,90.0
8.48024074570688,-39.645203273147445,90.0
8.48024074570688,-39.54520761744271,90.0
8.48024074570688,-39.445211961737925,90.0
8.48024074570688,-39.34521630603314,90.0
8.48024074570688,-39.24522065032835,90.0
8.48024074570688,-39.14522499462356,90.0
8.48024074570688,-39.04522933891877,90.0
8.48024074570688,-38.945233683213985,90.0
8.48024074570688,-38.8452380275092,90.0
8.48024074570688,-38.745242371804466,90.0
8.48024074570688,-38.64524671609968,90.0
8.48024074570688,-38.54525106039489,90.0
8.48024074570688,-38.4452554046901,90.0
8.48024074570688,-38.34525974898531,90.0
8.48024074570688,-38.245264093280525,90.0
8.48024074570688,-38.14526843757574,90.0
8.48024074570688,-38.04527278187095,90.0
8.48024074570688,-37.94527712616616,90.0
8.48024074570688,-37.84528147046143,90.0
8.48024074570688,-37.74528581475664,90.0
8.48024074570688,-37.645290159051854,90.0
8.48024074570688,-37.545294503347066,90.0
8.48024074570688,-37.44529884764228,90.0
8.48024074570688,-37.34530319193749,90.0
8.48024074570688,-37.2453075362327,90.0
8.48024074570688,-37.14531188052791,90.0
8.48024074570688,-37.04531622482318,90.0
8.48024074570688,-36.945320569118394,90.0
8.48024074570688,-36.845324913413606,90.0
8.48024074570688,-36.74532925770882,90.0
8.48024074570688,-36.64533360200403,90.0
8.48024074570688,-36.54533794629924,90.0
8.48024074570688,-36.44534229059445,90.0
8.48024074570688,-36.345346634889665,90.0
8.48024074570688,-36.245350979184934,90.0
8.48024074570688,-36.145355323480146,90.0
8.48024074570688,-36.04535966777536,90.0
8.48024074570688,-35.94536401207057,90.0
8.48024074570688,-35.84536835636578,90.0
8.48024074570688,-35.745372700660994,90.0
8.48024074570688,-35.645377044956206,90.0
8.48024074570688,-35.54538138925142,90.0
8.48024074570688,-35.445385733546686,91.18747600384745
8.478168696488384,-35.34542356506737,91.851799319509
8.47493740000246,-35.24548013165201,91.5400014102964
8.472250053232356,-35.14552142595982,91.36470087924205
8.46986852953902,-35.04555413378518,91.06907765596915
8.468002840358725,-34.94557663491991,90.9023982776288
8.466427991780254,-34.845593381263186,90.62283143587179
8.46534102179458,-34.745604305674846,90.46497582942855
8.46452953004094,-34.64561194276164,90.20141496999216
8.464178012699104,-34.545617502675206,90.05249840887572
8.464086389683779,-34.445621888946135,89.8049412838229
8.464426814123513,-34.345627340289795,89.66501387611638
8.465011446474389,-34.24563339364878,89.43348936601626
8.466000130426837,-34.14564308747293,89.30255539394922
8.467217317957672,-34.045654840091835,89.08710909672307
8.468810470153171,-33.94567227666843,88.96514362429083
8.470616458595861,-33.84569293097355,88.76582591658305
8.472770231193001,-33.74572081586984,88.65278879597572
8.475121239518234,-33.64575280138676,88.46964521306491
8.477791771142352,-33.54579310290566,88.36549263735363
8.480644013817397,-33.44583813368675,88.19855640731139
8.48378746384115,-33.345892141164605,88.10325016956246
8.487097168387791,-33.24595127356958,87.95253672915791
8.490669743120034,-33.14601965611178,87.86605135653453
8.494393163347386,-33.04609334675512,87.73155467285571
8.498351134817252,-32.94617621207748,87.65388261053879
8.502444560109312,-32.846264375795656,87.5355731292009
8.506744278144195,-32.74636132891671,87.46672815166455
8.511164039186282,-32.646463396645004,87.36455219257344
8.515761937486417,-32.54657359824766,87.30457122135465
8.520464408814833,-32.446688574729436,87.21845164351853
8.52531700572564,-32.34681079907187,87.16739515008757
8.530258605484294,-32.24693732035177,87.09723310885653
8.535322500162083,-32.14707001266609,87.0551842800358
8.540459687447292,-32.047206403345115,87.0008619022417
8.545691552106053,-31.947347736709684,86.96792474343776
8.550980822278154,-31.84749206696141,86.92930854844315
8.556337391196116,-31.747639998674252,86.9056050976959
8.56173526953318,-31.647790141041465,86.88254999484805
8.567173325488461,-31.547942468556172,86.86821681831871
8.572636359554132,-31.44809615455996,86.86057051311448
8.578112718350653,-31.34825057107225,86.85575465021485
8.58359746944585,-31.248405447679858,86.86336229356793
8.589068963183754,-31.148559597472563,86.86821681830956
8.59453199724944,-31.04871328347635,86.89092573412367
8.599955456989388,-30.948864817144013,86.90560509769703
8.60535333532645,-30.849014959511223,86.94326942453897
8.610685573794935,-30.749161589191367,86.96792474343766
8.615974843967036,-30.649305919443098,87.02040982607511
8.621172638949746,-30.54944547418104,87.05518428004414
8.626309826234941,-30.449581864860058,87.12237064555114
8.631329905307929,-30.34971234622721,87.16739515008868
8.636271505066581,-30.24983886750711,87.249181901989
8.641070532319958,-30.149958505578727,87.30457122135759
8.645773003648369,-30.050073482060505,87.40087868324767
8.650307569064266,-29.950180791838456,87.46672815166353
8.654727330106354,-29.850282859566747,87.57749958964702
8.658953942261194,-29.750376697905267,87.65388261054284
8.663047367553247,-29.65046486162344,87.77908486108996
8.66692245032375,-29.550544484681133,87.86605135653562
8.6706458705511,-29.45061817532447,88.00567418446315
8.674125764512322,-29.35068329652363,88.1032501695615
8.677435469058965,-29.250742428928604,88.25730417839063
8.680476438270537,-29.1507932773544,88.3654926373495
8.68332868094559,-29.05083830813549,88.5340055534774
8.685886925827477,-28.9508756872485,88.6527887959625
8.688237934152733,-28.850907672765427,88.83579994750528
8.690269611153084,-28.750933019238598,88.96514362430304
8.692075599595753,-28.650953673543714,89.1626964372545
8.69353684834878,-28.5509691159606,89.30255539394516
8.694754035879622,-28.450980868579503,89.51468773146752
8.695601014538987,-28.35098928565291,89.66501387611231
8.69618564688987,-28.250995339011897,89.89174605277543
8.696374576301329,-28.15100041689375,90.0524984088798
8.696282953285996,-28.05100480316468,90.29381872099731
8.695770170628842,-27.95101109132746,90.46497582942756
8.694958678875203,-27.85101872841426,90.72082345538018
8.693700701353697,-27.75103169348561,90.90239827763695
8.692125852775211,-27.651048439828887,91.17264341925038
8.690079451876466,-27.551074516661938,91.36470087924205
8.68769792818313,-27.4511072244873,91.64912203779599
8.68482021493364,-27.351153863644985,91.85179931949584
8.68158891844774,-27.251210430229627,90.77260116375498
8.680240745706925,-27.151236562889835,90.0
8.680240745706925,-27.051240907185047,90.0
8.680240745706925,-26.95124525148026,90.0
8.680240745706925,-26.85124959577547,90.0
8.680240745706925,-26.751253940070683,90.0
8.680240745706925,-26.651258284365895,90.0
8.680240745706925,-26.551262628661107,90.0
8.680240745706925,-26.45126697295632,90.0
8.680240745706925,-26.35127131725153,90.0
8.680240745706925,-26.2512756615468,90.0
8.680240745706925,-26.15128000584201,90.0
8.680240745706925,-26.051284350137223,90.0
8.680240745706925,-25.951288694432435,90.0
8.680240745706925,-25.851293038727647,90.0
8.680240745706925,-25.75129738302286,90.0
8.680240745706925,-25.65130172731807,90.0
8.680240745706925,-25.551306071613283,90.0
8.680240745706925,-25.45131041590855,90.0
8.680240745706925,-25.351314760203763,90.0
8.680240745706925,-25.251319104498975,90.0
8.680240745706925,-25.151323448794187,90.0
8.680240745706925,-25.0513277930894,90.0
8.680240745706925,-24.95133213738461,90.0
8.680240745706925,-24.851336481679823,90.0
8.680240745706925,-24.751340825975035,90.0
8.680240745706925,-24.651345170270304,90.0
8.680240745706925,-24.551349514565516,90.0
8.680240745706925,-24.451353858860728,90.0
8.680240745706925,-24.35135820315594,90.0
8.680240745706925,-24.25136254745115,90.0
8.680240745706925,-24.151366891746363,90.0
8.680240745706925,-24.051371236041575,90.0
8.680240745706925,-23.951375580336787,90.0
8.680240745706925,-23.851379924632,90.0
8.680240745706925,-23.751384268927268,90.0
8.680240745706925,-23.65138861322248,90.0
8.680240745706925,-23.55139295751769,90.0
8.680240745706925,-23.451397301812904,90.0
8.680240745706925,-23.351401646108116,90.0
8.680240745706925,-23.251405990403327,90.0
8.680240745706925,-23.15141033469854,90.0
8.680240745706925,-23.05141467899375,90.0
8.680240745706925,-22.95141902328902,90.0
8.680240745706925,-22.851423367584232,90.0
8.680240745706925,-22.751427711879444,90.0
8.680240745706925,-22.651432056174656,90.0
8.680240745706925,-22.551436400469868,90.0
8.680240745706925,-22.45144074476508,90.0
8.680240745706925,-22.35144508906029,90.0
8.680240745706925,-22.251449433355504,90.0
8.680240745706925,-22.151453777650772,90.0
8.680240745706925,-22.051458121945984,90.0
8.680240745706925,-21.951462466241196,90.0
8.680240745706925,-21.851466810536408,90.0
8.680240745706925,-21.75147115483162,90.0
8.680240745706925,-21.651475499126832,90.0
8.680240745706925,-21.551479843422044,90.0
8.680240745706925,-21.451484187717256,90.0
8.680240745706925,-21.351488532012525,90.0
8.680240745706925,-21.251492876307736,90.0
8.680240745706925,-21.15149722060295,90.0
8.680240745706925,-21.05150156489816,90.0
8.680240745706925,-20.951505909193372,90.0
8.680240745706925,-20.851510253488584,90.0
8.680240745706925,-20.751514597783796,90.0
8.680240745706925,-20.651518942079008,90.0
8.680240745706925,-20.55152328637422,90.0
8.680240745706925,-20.45152763066949,90.0
8.680240745706925,-20.3515319749647,90.0
8.680240745706925,-20.251536319259912,90.0
8.680240745706925,-20.151540663555124,90.0
8.680240745706925,-20.051545007850336,90.0
8.680240745706925,-19.95154935214555,90.0
8.680240745706925,-19.85155369644076,90.0
8.680240745706925,-19.751558040735972,90.0
8.680240745706925,-19.65156238503124,90.0
8.680240745706925,-19.551566729326453,90.0
8.680240745706925,-19.451571073621665,90.0
8.680240745706925,-19.351575417916877,90.0
8.680240745706925,-19.25157976221209,90.0
8.680240745706925,-19.1515841065073,90.0
8.680240745706925,-19.051588450802512,90.0
8.680240745706925,-18.951592795097724,90.0
8.680240745706925,-18.851597139392993,90.0
8.680240745706925,-18.751601483688205,90.0
8.680240745706925,-18.651605827983417,90.0
8.680240745706925,-18.55161017227863,90.0
8.680240745706925,-18.45161451657384,90.0
8.680240745706925,-18.351618860869053,90.0
8.680240745706925,-18.251623205164265,90.0
8.680240745706925,-18.151627549459477,90.0
8.680240745706925,-18.05163189375469,90.0
8.680240745706925,-17.951636238049957,90.0
8.680240745706925,-17.85164058234517,90.0
8.680240745706925,-17.75164492664038,90.0
8.680240745706925,-17.651649270935593,90.0
8.680240745706925,-17.551653615230805,90.0
8.680240745706925,-17.451657959526017,90.0
8.680240745706925,-17.35166230382123,90.0
8.680240745706925,-17.25166664811644,90.0
8.680240745706925,-17.15167099241171,90.0
8.680240745706925,-17.05167533670692,90.0
8.680240745706925,-16.951679681002133,90.0
8.680240745706925,-16.851684025297345,90.0
8.680240745706925,-16.751688369592557,90.0
8.680240745706925,-16.65169271388777,90.0
8.680240745706925,-16.55169705818298,90.0
8.680240745706925,-16.451701402478193,90.0
8.680240745706925,-16.35170574677346,90.0
8.680240745706925,-16.251710091068674,90.0
8.680240745706925,-16.151714435363886,90.0
8.680240745706925,-16.051718779659097,90.0
8.680240745706925,-15.95172312395431,90.0
8.680240745706925,-15.851727468249521,91.07002599093387
8.678373625641786,-15.751761987827274,91.85179931951205
8.675142329155857,-15.651818554411912,91.57089340223506
8.672401089708401,-15.551861361844733,91.36470087924202
8.670019566015066,-15.451894069670091,91.09839707047317
8.668102717416552,-15.351917583083644,90.90239827762473
8.666527868838088,-15.251934329426918,90.65057292779127
8.665392486684562,-15.151945831548556,90.46497582944077
8.6645809949309,-15.051953468635354,90.2275744270926
8.6641838234401,-14.951959234715934,90.05249840888081
8.664092200424765,-14.851963620986863,89.8295156728578
8.664389736680079,-14.75196896660363,89.6650138760999
8.664974369030983,-14.651975019962673,89.45647658580623
8.665922936269276,-14.55198435233918,89.30255539395733
8.667140123800097,-14.451996104958084,89.1085078387674
8.668695934181585,-14.35201297698883,88.96514362428981
8.670501922624277,-14.252033631293946,88.78563553391423
8.67262113000477,-14.152060797563564,88.65278879597571
8.674972138330004,-14.052092783080491,88.4878655977017
8.677610881620435,-13.952132257267401,88.36549263734956
8.680463124295485,-13.85217728804855,88.21518787650491
8.683577562040592,-13.752230401199979,88.10325016956253
8.686887266587233,-13.652289533604952,87.96757992074821
8.690433603428724,-13.55235699286219,87.86605135653359
8.694157023656079,-13.452430683505526,87.74501044979922
8.698091529366925,-13.352512630943945,87.6538826105429
8.702184954658978,-13.252600794662117,87.54744249334374
8.706463976447242,-13.152696865989434,87.46672815166514
8.710883737489326,-13.052798933717781,87.37483620770759
8.715463706274205,-12.952908316645972,87.30457122135759
8.720166177602616,-12.85302329312775,87.22715136765102
8.725003608963947,-12.753144785297907,87.16739515007649
8.72994520872262,-12.653271306577805,87.10434953572852
8.734996699219488,-12.553403372973834,87.05518428004373
8.740133886504687,-12.453539763652795,87.00639591193286
8.745356106051213,-12.35368059348885,86.96792474343772
8.750645376223314,-12.253824923740579,86.93326086709733
8.755995057200352,-12.153972486848518,86.90560509769699
8.761392935537414,-12.05412262921573,86.8849211634238
8.766826859309727,-11.954274731992646,86.8682168183167
8.772289893375401,-11.854428417996433,86.86136086509026
8.777764874875693,-11.75458275900051,86.85575465021263
8.783249625970898,-11.65473763560806,86.86257194159421
8.788722497005027,-11.554891860908976,86.8682168183167
8.794185531070701,-11.455045546912762,86.88855456555362
8.7996131229936,-11.35519730531828,86.90560509770516
8.805011001330648,-11.25534744768549,86.93931710587765
8.810350127740048,-11.155494445970591,86.96792474343776
8.815639397912149,-11.055638776222318,87.01487581633941
8.820846838007094,-10.95577883448878,87.05518428003667
8.825984025292305,-10.85591522516774,87.11525421855768
8.831016508546224,-10.756046332453192,87.1673951500867
8.83595810830488,-10.656172853733088,87.24048217759788
8.840772301107739,-10.55629322397704,87.30457122135552
8.845474772436154,-10.456408200458819,87.39059466763685
8.850027267367302,-10.356516328911235,87.4667281516676
8.854447028409384,-10.256618396639526,87.56563022468593
8.85869433681084,-10.15671311677179,87.6538826105429
8.862787762102894,-10.056801280489962,87.76562908285189
8.866686310632414,-9.956881821431482,87.86605135653461
8.870409730859766,-9.856955512074817,87.9906309909368
8.873915862711739,-9.757021556558945,88.10325016956243
8.877225567258378,-9.657080688963976,88.24067270645043
8.880295548748594,-9.557132431716198,88.36549263735357
8.883147791423639,-9.457177462497288,88.51578516509701
8.885737824639207,-9.357215668942285,88.65278879596652
8.888088832964456,-9.257247654459213,88.81599032523428
8.890155075181463,-9.157273719558937,88.96514362429795
8.89196106362414,-9.057294373864053,89.14129768889183
8.893459654191174,-8.957310380826788,89.30255539394167
8.894676841722022,-8.85732213344575,89.49170050377101
8.895563937095545,-8.757330911966804,89.66501387611638
8.89614856944642,-8.65733696532579,89.8671716540302
8.896380387042317,-8.55734214893454,90.05249840887572
8.896288764026991,-8.457346535205467,90.26765925216547
8.895821635518786,-8.357352617201116,90.46497582943671
8.89501014376513,-8.257360254287915,90.69308194938374
8.89380057841147,-8.15737264164929,90.90239827762933
8.892225729833,-8.057389387992623,91.14332398791076
8.890230488352485,-7.957414452546849,91.36470087924205
8.887848964659149,-7.857447160372209,91.61823002570993
8.885025144087003,-7.757492286404946,91.85179931949983
8.881793847601095,-7.657548852989584,90.89005232887756
8.880240745706914,-7.55757829759267,90.0
8.880240745706914,-7.457582641887882,90.0
8.880240745706914,-7.357586986183094,90.0
8.880240745706914,-7.257591330478363,90.0
8.880240745706914,-7.1575956747735745,90.0
8.880240745706914,-7.057600019068786,90.0
8.880240745706914,-6.957604363363998,90.0
8.880240745706914,-6.85760870765921,90.0
8.880240745706914,-6.757613051954422,90.0
8.880240745706914,-6.657617396249634,90.0
8.880240745706914,-6.557621740544846,90.0
8.880240745706914,-6.457626084840058,90.0
8.880240745706914,-6.357630429135327,90.0
8.880240745706914,-6.257634773430539,90.0
8.880240745706914,-6.157639117725751,90.0
8.880240745706914,-6.0576434620209625,90.0
8.880240745706914,-5.957647806316174,90.0
8.880240745706914,-5.857652150611386,90.0
8.880240745706914,-5.757656494906598,90.0
8.880240745706914,-5.65766083920181,90.0
8.880240745706914,-5.557665183497079,90.0
8.880240745706914,-5.457669527792291,90.0
8.880240745706914,-5.357673872087503,90.0
8.880240745706914,-5.257678216382715,90.0
8.880240745706914,-5.157682560677927,90.0
8.880240745706914,-5.0576869049731386,90.0
8.880240745706914,-4.9576912492683505,90.0
8.880240745706914,-4.857695593563562,90.0
8.880240745706914,-4.757699937858831,90.0
8.880240745706914,-4.657704282154043,90.0
8.880240745706914,-4.557708626449255,90.0
8.880240745706914,-4.457712970744467,90.0
8.880240745706914,-4.357717315039679,90.0
8.880240745706914,-4.257721659334891,90.0
8.880240745706914,-4.157726003630103,90.0
8.880240745706914,-4.057730347925315,90.0
8.880240745706914,-3.9577346922205265,90.0
8.880240745706914,-3.8577390365157953,90.0
8.880240745706914,-3.7577433808110072,90.0
8.880240745706914,-3.657747725106219,90.0
8.880240745706914,-3.557752069401431,90.0
8.880240745706914,-3.457756413696643,90.0
8.880240745706914,-3.357760757991855,90.0
8.880240745706914,-3.257765102287067,90.0
8.880240745706914,-3.1577694465822788,90.0
8.880240745706914,-3.0577737908775475,90.0
8.880240745706914,-2.9577781351727594,90.0
8.880240745706914,-2.8577824794679714,90.0
8.880240745706914,-2.7577868237631833,90.0
8.880240745706914,-2.657791168058395,90.0
8.880240745706914,-2.557795512353607,90.0
8.880240745706914,-2.457799856648819,90.0
8.880240745706914,-2.357804200944031,90.0
8.880240745706914,-2.2578085452392997,90.0
8.880240745706914,-2.1578128895345117,90.0
8.880240745706914,-2.0578172338297236,90.0
8.880240745706914,-1.9578215781249355,90.0
8.880240745706914,-1.8578259224201474,90.0
8.880240745706914,-1.7578302667153594,90.0
8.880240745706914,-1.6578346110105713,90.0
8.880240745706914,-1.5578389553057832,90.0
8.880240745706914,-1.457843299601052,90.0
8.880240745706914,-1.357847643896264,90.0
8.880240745706914,-1.2578519881914758,90.0
8.880240745706914,-1.1578563324866877,90.0
8.880240745706914,-1.0578606767818997,90.0
8.880240745706914,-0.9578650210771116,90.0
8.880240745706914,-0.8578693653723235,90.0
8.880240745706914,-0.7578737096675354,90.0
8.880240745706914,-0.6578780539627473,90.0
8.880240745706914,-0.5578823982580161,90.0
8.880240745706914,-0.45788674255322803,90.0
8.880240745706914,-0.35789108684843995,90.0
8.880240745706914,-0.2578954311436519,90.0
8.880240745706914,-0.1578997754388638,90.0
8.880240745706914,-0.05790411973407572,90.0
8.880240745706914,0.04209153597071236,90.0
8.880240745706914,0.14208719167550043,90.0
8.880240745706914,0.24208284738023167,90.0
8.880240745706914,0.34207850308501975,90.0
8.880240745706914,0.4420741587898078,90.0
8.880240745706914,0.5420698144945959,90.0
8.880240745706914,0.642065470199384,90.0
8.880240745706914,0.7420611259041721,90.0
8.880240745706914,0.8420567816089601,90.0
8.880240745706914,0.9420524373137482,90.0
8.880240745706914,1.0420480930184794,90.0
8.880240745706914,1.1420437487232675,90.0
8.880240745706914,1.2420394044280556,90.0
8.880240745706914,1.3420350601328437,90.0
8.880240745706914,1.4420307158376318,90.0
8.880240745706914,1.5420263715424198,90.0
8.880240745706914,1.642022027247208,90.0
8.880240745706914,1.742017682951996,90.0
8.880240745706914,1.842013338656784,90.0
8.880240745706914,1.9420089943615153,90.0
8.880240745706914,2.0420046500663034,90.0
8.880240745706914,2.1420003057710915,90.0
8.880240745706914,2.2419959614758795,90.0
8.880240745706914,2.3419916171806676,90.0
8.880240745706914,2.4419872728854557,90.0
8.880240745706914,2.5419829285902438,90.0
8.880240745706914,2.641978584295032,90.0
8.880240745706914,2.741974239999763,90.0
8.880240745706914,2.841969895704551,90.0
8.880240745706914,2.9419655514093392,90.0
8.880240745706914,3.0419612071141273,90.0
8.880240745706914,3.1419568628189154,90.0
8.880240745706914,3.2419525185237035,90.0
8.880240745706914,3.3419481742284916,90.0
8.880240745706914,3.4419438299332796,90.0
8.880240745706914,3.541939485638011,90.0
8.880240745706914,3.641935141342799,90.0
8.880240745706914,3.741930797047587,90.0
8.880240745706914,3.841926452752375,90.0
8.880240745706914,3.941922108457163,90.0
8.880240745706914,4.041917764161951,90.0
8.880240745706914,4.141913419866739,90.0
8.880240745706914,4.241909075571527,90.0
8.880240745706914,4.341904731276259,90.0
8.880240745706914,4.441900386981047,90.0
8.880240745706914,4.541896042685835,90.0
8.880240745706914,4.641891698390623,90.0
8.880240745706914,4.741887354095411,90.0
8.880240745706914,4.841883009800199,90.0
8.880240745706914,4.941878665504987,90.0
8.880240745706914,5.041874321209775,90.0
8.880240745706914,5.141869976914563,90.0
8.880240745706914,5.2418656326192945,90.0
8.880240745706914,5.341861288324083,90.0
8.880240745706914,5.441856944028871,90.0
8.880240745706914,5.541852599733659,90.0
8.880240745706914,5.641848255438447,90.0
8.880240745706914,5.741843911143235,90.0
8.880240745706914,5.841839566848023,90.0
8.880240745706914,5.941835222552811,90.0
8.880240745706914,6.041830878257542,90.0
8.880240745706914,6.14182653396233,90.0
8.880240745706914,6.241822189667118,90.0
8.880240745706914,6.3418178453719065,90.0
8.880240745706914,6.441813501076695,90.0
8.880240745706914,6.541809156781483,90.0
8.880240745706914,6.641804812486271,90.0
8.880240745706914,6.741800468191059,90.0
8.880240745706914,6.84179612389579,90.0
8.880240745706914,6.941791779600578,90.0
8.880240745706914,7.041787435305366,90.0
8.880240745706914,7.141783091010154,90.0
8.880240745706914,7.241778746714942,90.0
8.880240745706914,7.3417744024197304,90.0
8.880240745706914,7.4417700581245185,90.0
8.880240745706914,7.541765713829307,90.0
8.880240745706914,7.641761369534095,90.0
8.880240745706914,7.741757025238826,90.0
8.880240745706914,7.841752680943614,90.0
8.880240745706914,7.941748336648402,90.0
8.880240745706914,8.04174399235319,90.0
8.880240745706914,8.141739648057978,90.0
8.880240745706914,8.241735303762766,90.0
8.880240745706914,8.341730959467554,90.0
8.880240745706914,8.441726615172342,90.0
8.880240745706914,8.541722270877074,90.0
8.880240745706914,8.641717926581862,90.0
8.880240745706914,8.74171358228665,90.0
8.880240745706914,8.841709237991438,90.0
8.880240745706914,8.941704893696226,90.0
8.880240745706914,9.041700549401014,90.0
8.880240745706914,9.141696205105802,90.0
8.880240745706914,9.24169186081059,90.0
8.880240745706914,9.341687516515321,90.0
8.880240745706914,9.44168317222011,90.0
8.880240745706914,9.541678827924898,90.0
8.880240745706914,9.641674483629686,90.0
8.880240745706914,9.741670139334474,90.0
8.880240745706914,9.841665795039262,90.0
8.880240745706914,9.94166145074405,90.0
8.880240745706914,10.041657106448838,90.0
8.880240745706914,10.141652762153626,90.0
8.880240745706914,10.241648417858357,90.0
8.880240745706914,10.341644073563145,90.0
8.880240745706914,10.441639729267933,90.0
8.880240745706914,10.541635384972722,89.05289638502335
8.881893390563958,10.641604331615552,88.14820068049914
8.885124687049867,10.741547765030914,88.39677556533654
8.887922329615167,10.841503373988482,88.63529912075796
8.890303853308502,10.941470666163122,88.8709177321655
8.892274244444472,11.041446093316495,89.0976017223722
8.893849093022942,11.141429346973219,89.3203933036302
8.895035142490519,11.241417240230593,89.53502417056431
8.895846634244172,11.341409603143793,89.74504753652245
8.896291586555488,11.44140362129242,89.9475015911243
8.896383209570814,11.54139923502149,90.14476519714563
8.896130559326753,11.64139400005661,90.33498612388362
8.895545926975878,11.741387946697625,90.51946538940506
8.894639345177305,11.841378992605742,90.69744460605895
8.893422157646455,11.941367239986839,90.86909661083313
8.891905428543527,12.04135095879974,91.03485637570205
8.89009944010085,12.141330304494623,91.19363206692313
8.888016408061501,12.24130389032684,91.3472112040335
8.885665399736252,12.341271904809911,91.4930652671659
8.883059925550631,12.441233296493948,91.63450736264542
8.880207682875588,12.541188265712858,91.7674059201427
8.877123608865453,12.641136088547508,91.89674983043751
8.873813904318812,12.741076956142534,92.01667613992879
8.870295027587247,12.841010463178923,92.13394864346641
8.866571607359893,12.940936772535588,92.24090697156849
8.86266166049519,13.040855785738122,92.34611738945712
8.858568235203137,13.14076762201995,92.44013524002528
8.854310873738589,13.240672473562286,92.53327184833343
8.849891112696506,13.340570405833995,92.61440072418061
8.845329908623484,13.440461879715942,92.69542877864495
8.84062743729507,13.540346903234108,92.76374365532101
8.835805877928182,13.640226177342436,92.8326048499103
8.830864278169532,13.740099656062538,92.88820253821721
8.82582576966786,13.83996824474147,92.94481571996542
8.820688582382646,13.93983185406251,92.98781229183008
8.815476457239072,14.039691551210446,93.03207525656123
8.810187187066973,14.139547220958718,93.06260270643642
8.804844714886434,14.23940004362623,93.09439490229563
8.799446836549388,14.339249901258961,93.1125972136958
8.7940172374463,14.439098033688625,93.13178318168332
8.788554203380626,14.538944347684838,93.1378119665827
8.783080663334081,14.638790085706313,93.14424534978642
8.777595912238878,14.738635209098762,93.13825522673278
8.772121599751001,14.838480904772295,93.1317831816823
8.76665856568533,14.938327218768508,93.11392705732939
8.761226649093198,15.038175225156468,93.09439490230473
8.755828770756136,15.138025082789202,93.06481932059019
8.750482435550236,15.237877698728706,93.0320752565623
8.745193165378135,15.337733368476977,92.99091597990638
8.739975630880236,15.437592783226524,92.9448157199552
8.73483844359504,15.537456392547565,92.89219370751988
8.729792978345925,15.637324630187154,92.83260484992554
8.724851378587248,15.737198108907256,92.76862279948033
8.720021313789944,15.837076972384875,92.69542877864241
8.715318842461533,15.936961995903097,92.62016840057059
8.71074758281853,16.036853010640485,92.53327184833648
8.706327821776442,16.136750942912194,92.44679204210743
8.702058853051273,16.23665529991028,92.34611738945716
8.69796542775922,16.336567136192105,92.24845349604101
8.694042320383556,16.43648563460963,92.13394864346539
8.690318900156203,16.536411943966296,92.02511294877485
8.686785308194304,16.636344933188543,91.89674983043747
8.683475603647663,16.73628580078357,91.77673349745481
8.680375258422478,16.83623312204515,91.63450736264949
8.677523015747427,16.93618809126406,91.5032839707876
8.674899713427049,17.036149018948116,91.3472112040253
8.672548705101814,17.13611703343119,91.20474207491928
8.670446287543662,17.236090216229634,91.03485637571019
8.66864029910097,17.336069561924518,90.8810978627745
8.66710262725538,17.436052964118133,90.69744460604268
8.665885439724558,17.536041211499228,90.53235752260616
8.664956358911313,17.636032054693437,90.33498612389991
8.66437172656041,17.73602600133445,90.15854747791292
8.664095022953262,17.836020707073814,89.94750159112021
8.664186645968595,17.93601632080289,89.75971878657434
8.664605993656288,18.036010454578033,89.53502417055924
8.66541748540995,18.136002817491235,89.3359518220216
8.66657638344956,18.235991034750846,89.09760172237526
8.668151232028023,18.33597428840757,88.88736121282663
8.670092930971084,18.435950283286306,88.63529912075799
8.67247445466442,18.53591757546095,88.41410101076418
8.675241872118724,18.63587403303788,88.14820068048796
8.678473168604652,18.73581746645324,88.9870250638566
8.680240745706925,18.835784555629573,90.0
8.680240745706925,18.93578021133436,90.0
8.680240745706925,19.03577586703915,90.0
8.680240745706925,19.135771522743937,90.0
8.680240745706925,19.235767178448725,90.0
8.680240745706925,19.335762834153456,90.0
8.680240745706925,19.435758489858245,90.0
8.680240745706925,19.535754145563033,90.0
8.680240745706925,19.63574980126782,90.0
8.680240745706925,19.73574545697261,90.0
8.680240745706925,19.835741112677397,90.0
8.680240745706925,19.935736768382185,90.0
8.680240745706925,20.035732424086973,90.0
8.680240745706925,20.135728079791704,90.0
8.680240745706925,20.235723735496492,90.0
8.680240745706925,20.33571939120128,90.0
8.680240745706925,20.43571504690607,90.0
8.680240745706925,20.535710702610857,90.0
8.680240745706925,20.635706358315645,90.0
8.680240745706925,20.735702014020433,90.0
8.680240745706925,20.83569766972522,90.0
8.680240745706925,20.935693325429952,90.0
8.680240745706925,21.03568898113474,90.0
8.680240745706925,21.135684636839528,90.0
8.680240745706925,21.235680292544316,90.0
8.680240745706925,21.335675948249104,90.0
8.680240745706925,21.435671603953892,90.0
8.680240745706925,21.53566725965868,90.0
8.680240745706925,21.63566291536347,90.0
8.680240745706925,21.735658571068257,90.0
8.680240745706925,21.835654226772988,90.0
8.680240745706925,21.935649882477776,90.0
8.680240745706925,22.035645538182564,90.0
8.680240745706925,22.135641193887352,90.0
8.680240745706925,22.23563684959214,90.0
8.680240745706925,22.33563250529693,90.0
8.680240745706925,22.435628161001716,90.0
8.680240745706925,22.535623816706504,90.0
8.680240745706925,22.635619472411236,90.0
8.680240745706925,22.735615128116024,90.0
8.680240745706925,22.83561078382081,90.0
8.680240745706925,22.9356064395256,90.0
8.680240745706925,23.035602095230388,90.0
8.680240745706925,23.135597750935176,90.0
8.680240745706925,23.235593406639964,90.0
8.680240745706925,23.335589062344752,90.0
8.680240745706925,23.435584718049483,90.0
8.680240745706925,23.53558037375427,90.0
8.680240745706925,23.63557602945906,90.0
8.680240745706925,23.735571685163848,90.0
8.680240745706925,23.835567340868636,90.0
8.680240745706925,23.935562996573424,90.0
8.680240745706925,24.035558652278212,90.0
8.680240745706925,24.135554307983,90.0
8.680240745706925,24.23554996368773,90.0
8.680240745706925,24.33554561939252,90.0
8.680240745706925,24.435541275097307,90.0
8.680240745706925,24.535536930802095,90.0
8.680240745706925,24.635532586506883,90.0
8.680240745706925,24.73552824221167,90.0
8.680240745706925,24.83552389791646,90.0
8.680240745706925,24.935519553621248,90.0
8.680240745706925,25.035515209326036,90.0
8.680240745706925,25.135510865030767,90.0
8.680240745706925,25.235506520735555,90.0
8.680240745706925,25.335502176440343,90.0
8.680240745706925,25.43549783214513,90.0
8.680240745706925,25.53549348784992,90.0
8.680240745706925,25.635489143554707,90.0
8.680240745706925,25.735484799259496,90.0
8.680240745706925,25.835480454964284,90.0
8.680240745706925,25.935476110669015,90.0
8.680240745706925,26.035471766373803,90.0
8.680240745706925,26.13546742207859,90.0
8.680240745706925,26.23546307778338,90.0
8.680240745706925,26.335458733488167,90.0
8.680240745706925,26.435454389192955,90.0
8.680240745706925,26.535450044897743,90.0
8.680240745706925,26.63544570060253,90.0
8.680240745706925,26.735441356307263,90.0
8.680240745706925,26.83543701201205,90.0
8.680240745706925,26.93543266771684,90.0
8.680240745706925,27.035428323421627,90.0
8.680240745706925,27.135423979126415,90.0
8.680240745706925,27.235419634831203,90.0
8.680240745706925,27.33541529053599,90.0
8.680240745706925,27.43541094624078,90.0
8.680240745706925,27.535406601945567,90.0
8.680240745706925,27.6354022576503,90.0
8.680240745706925,27.735397913355087,90.0
8.680240745706925,27.835393569059875,90.0
8.680240745706925,27.935389224764663,90.0
8.680240745706925,28.03538488046945,90.0
8.680240745706925,28.13538053617424,90.0
8.680240745706925,28.235376191879027,90.0
8.680240745706925,28.335371847583815,90.0
8.680240745706925,28.435367503288546,90.0
8.680240745706925,28.535363158993334,90.0
8.680240745706925,28.635358814698122,90.0
8.680240745706925,28.73535447040291,90.0
8.680240745706925,28.8353501261077,90.0
8.680240745706925,28.935345781812487,90.0
8.680240745706925,29.035341437517275,90.0
8.680240745706925,29.135337093222063,90.0
8.680240745706925,29.235332748926794,90.0
8.680240745706925,29.335328404631582,90.0
8.680240745706925,29.43532406033637,90.0
8.680240745706925,29.53531971604116,90.0
8.680240745706925,29.635315371745946,90.0
8.680240745706925,29.735311027450734,90.0
8.680240745706925,29.835306683155522,90.0
8.680240745706925,29.93530233886031,90.0
8.680240745706925,30.035297994565028,90.0
8.680240745706925,30.135293650269787,90.0
8.680240745706925,30.23528930597456,90.0
8.680240745706925,30.33528496167935,90.0
8.680240745706925,30.435280617384137,90.0
8.680240745706925,30.535276273088925,90.0
8.680240745706925,30.6352719287937,90.0
8.680240745706925,30.73526758449846,90.0
8.680240745706925,30.83526324020322,90.0
8.680240745706925,30.935258895907978,90.0
8.680240745706925,31.035254551612738,90.0
8.680240745706925,31.135250207317497,90.0
8.680240745706925,31.235245863022257,90.0
8.680240745706925,31.335241518726903,90.0
8.680240745706925,31.43523717443169,90.0
8.680240745706925,31.535232830136508,90.0
8.680240745706925,31.63522848584131,90.0
8.680240745706925,31.735224141546098,89.17163514614816
8.681686215280076,31.835196436432472,88.14820068050372
8.684917511765976,31.935139869847806,88.36554495559999
8.687769637700503,32.03509394909575,88.63529912075859
8.690151161393837,32.135061241270364,88.84127694013985
8.692173272681977,32.23503564504986,89.09760172236331
8.693748121260462,32.335018898706615,89.29234773247549
8.694983113518523,32.43500620792202,89.53502417057248
8.695794605272162,32.53499857083523,89.7186013430812
8.696285712125738,32.634992380557065,89.94750159112019
8.69637733514107,32.73498799428611,90.11992144752237
8.696168043158343,32.83498286620693,90.33498612388769
8.69558341080746,32.93497681284794,90.49622620752537
8.694717385423182,33.034968224165304,90.69744460605486
8.69350019789234,33.1349564715464,90.84746331925813
8.692021219889199,33.23494076109286,91.03485637569726
8.69021523144653,33.33492010678771,91.17360531943937
8.68816714347666,33.43489441912305,91.3472112040375
8.685816135151404,33.53486243360612,91.474645172699
8.683242797716202,33.63482466169013,91.63450736265057
8.68039055504115,33.73477963090904,91.75059215771903
8.67733581129938,33.83472835787245,91.89674983043808
8.67402610675274,33.934669225467445,92.00146806448593
8.67053375549291,34.034603665908456,92.1339486434649
8.66681033526556,34.134529975265096,92.2273037104841
8.662924111356848,34.23444991641198,92.34611738945716
8.658830686064794,34.33436175269381,92.4281357802787
8.65459424768853,34.4342674956948,92.53327184833617
8.650174486646444,34.53416542796648,92.60400399015022
8.64563140860553,34.63405772949587,92.69542877864053
8.64092893727712,34.73394275301413,92.75494857725609
8.63612270968206,34.833822767319745,92.83260484991244
8.631181109923403,34.93369624603988,92.08300918612846
8.6275469418111,35.033614552400074,91.09483384734489
8.625636295562336,35.13359195280006,91.34245180740483
8.623293620196225,35.233558929268376,91.66947722315795
8.62038037161978,35.33351213903458,91.89494718491595
8.617073845366162,35.43345208481583,92.19386129761284
8.61324593694198,35.53337444606161,92.39698607090168
8.609063844015028,35.63328177106623,92.66798980273336
8.60440920820904,35.73316903514604,92.84864430727951
8.59943968319152,35.83304045812109,93.09190225619149
8.594046148815812,35.93289055049345,93.2500618599802
8.588377038005396,36.032724855615186,93.46566299781183
8.582332265352777,36.13253763978338,93.60141988324666
8.576051037424103,36.232335433473644,93.78935141568196
8.569442479031585,36.33211247550125,93.90292048233992
8.562636179126637,36.43187594601118,94.06305337221426
8.55555106298875,36.53162028063297,94.15476917594788
8.54830630434316,36.631352962002374,94.28685382600005
8.540831636410044,36.73106886093087,94.35716002161928
8.53323462372206,36.83077540212744,94.46083063581172
8.525457206561462,36.93046814480283,94.51026334553082
8.517593785469916,37.03015408417343,94.5850495285175
8.509600250032515,37.129829730903424,94.61421600870231
8.501555977254728,37.22950127552374,94.6595602110556
8.493432824746723,37.32916644272453,94.66911414311134
8.48529305360817,37.42883025180789,94.68439360813022
8.477126704534923,37.52849188887375,94.6750083006602
8.468976680777425,37.628154860086596,94.65956021105255
8.460853528269425,37.727820027287386,93.94713964637647
8.453971118225724,37.82756542846964,92.74032624661874
8.449190377581452,37.92744673642413,92.87367713396632
8.44417720837111,38.02731618424106,93.10187277023165
8.438766298334015,38.127165336527874,93.20670369947581
8.433172725197288,38.227004131940106,93.38844226480944
8.427262481276847,38.326824972332425,93.46512648969517
8.421218652785798,38.42663765569495,93.60014626962439
8.41493961883961,38.5264359767857,93.64919317894912
8.408575161020568,38.62622882075262,93.73707914470387
8.402057634279545,38.726011850396986,93.75909754961751
8.395501762918922,38.825792354574,93.79930732519101
8.388875867028093,38.92556824676981,93.79495980183994
8.382257542046508,39.02534464090709,93.78686240246537
8.375653318122168,39.125121969926205,93.75681513119821
8.369101422422528,39.2249027225732,93.69973798867161
8.362648928267728,39.32468997866843,93.64461045906299
8.356292453777618,39.42448330746428,93.53789034322918
8.350121861467732,39.52428839225648,93.45820928258983
8.344090085188528,39.62410177181449,93.30124276609457
8.338331767223767,39.72393149150779,93.19740469872269
8.332754399953163,39.823771155165055,92.98969378634001
8.327538994080522,39.923630710047995,93.63997353432984
8.321191418529164,40.023411620746984,94.95744255659271
8.312550216172859,40.12303320867683,94.981474768797
8.303867230778323,40.22265114499055,95.03187181546775
8.295096623757443,40.322261423638444,95.03968723096895
8.286312429682404,40.421870502992775,95.05667779777785
8.277498697606639,40.521476975105394,94.48306166540515
8.269683483377532,40.621155422881394,93.18910668086014
8.264120557443102,40.72099622122997,93.31405048733575
8.258339955467932,40.820824107725635,93.60014626962516
8.252060921521743,40.920622428816365,93.70093170442301
8.24560637168206,41.02040919011159,93.93617752620416
8.238742146714525,41.1201689694589,94.01325260739097
8.231743744877194,41.21991920911991,94.19734898611972
8.2244248576066,41.31964666295762,94.2513522013332
8.217011985168892,41.419367065568636,94.38379373987325
8.209368616623845,41.51907017523488,94.41551686790676
8.201670049309497,41.61876899910697,94.4956162121092
8.193832107845068,41.71845700156177,94.50595516943996
8.185976178256396,41.81814358381902,94.53288278687691
8.17807339894223,41.917826467198964,94.52278093846843
8.170188195220902,42.017510738206276,94.49561621211224
8.162350253756468,42.117198740661074,94.46600445695118
8.15456383723867,42.216890743663654,94.38379373986639
8.146920468693638,42.31659385332987,94.3355316165425
8.139361093743746,42.416303264606206,94.19734898612349
8.132042206473145,42.51603071844392,94.13117105262816
8.124838525703417,42.615766363215485,93.93617752620038
8.11797430073589,42.71552614256279,93.85264934845286
8.111255538562588,42.815295502353905,93.60014626962315
8.104976504616408,42.91509382344455,93.49963449476104
8.098872581602448,43.01490253156085,93.18910668085913
8.093309655668019,43.11474332990942,93.63979934319995
8.086962172565046,43.214527575415346,95.05667779777987
8.078148440489278,43.314134047527965,94.62074225942638
8.070093578840096,43.413795220918644,93.18910668085732
8.06453065290567,43.51363601926721,93.28374885815856
8.058802841970653,43.61346703716009,93.60014626962617
8.05252380802446,43.71326535825085,93.6761596650311
8.046112398105285,43.81305496081961,93.93617752619734
8.039248173137763,43.912814740166915,93.99399919896284
8.032283288724477,44.01256736284463,94.19734898613005
8.024964401453866,44.11229481668231,94.23760760612792
8.017575449575206,44.212017013930584,94.38379373986444
8.009932081030176,44.31172012359682,94.40727338375132
8.00224785751123,44.411420061163206,94.49561621211326
7.994409916046795,44.511108063618,94.50320790056003
7.986558766264346,44.61079502325018,94.53288278687691
7.978655986950179,44.710477906630125,94.52552820734927
7.970766003422629,44.81016180026241,94.49561621212422
7.962928061958174,44.9098498027172,94.47424794079745
7.9551273016449695,45.00954069202549,94.38379373986791
7.947483933099934,45.109243801691704,94.34927620940046
7.939900637590984,45.20895141833076,94.19734898612784
7.9325817503203755,45.30867887216847,94.1504244522885
7.925344552126597,45.40841213392344,93.93617752619656
7.918480327159076,45.50817191327075,93.87742136485664
7.911718425065275,45.60793843178835,93.60014626962364
7.905439391119087,45.70773675287911,93.52993607524698
7.899282677064982,45.80754232959821,93.18910668085913
7.893719751130553,45.90738312794679,93.19328405850597
7.888149545992262,46.007223519124935,93.21402795485635
7.882543194002998,46.10706188838847,93.28977848731108
7.876804876516749,46.20689231474651,93.67484213405818
7.870395741992683,46.30668236512468,93.7366260678291
7.863879024169774,46.40646514213036,94.06056599004187
7.856798238240227,46.506209784244334,94.1087577314488
7.849633572962289,46.60594824314304,94.37136693928869
7.842011829063294,46.705653008223585,94.40656829238193
7.834328838314517,46.80535296448893,94.6074043767274
7.826296413467546,46.90502548482882,94.63041550770755
7.818223962707431,47.0046947228024,94.76881391028212
7.809910779876934,47.10434421929412,94.78058888317058
7.8015771191727366,47.20399199179988,94.85569548599115
7.793112840495017,47.30362876787327,94.85728689939769
7.784645794391087,47.40326530854819,94.86810532201254
7.776159935333834,47.50290024898523,94.86060239794077
7.767687124145527,47.60253629358624,94.80605158639956
7.75930917886917,47.70218036612836,94.79051594063634
7.75095825459979,47.80182667813683,94.66949378095676
7.742817822914975,47.90149043550022,94.646897056237
7.734716703234151,48.00115733091799,94.45834582538168
7.726943609568021,48.1008504107916,94.42951339928277
7.7192206932291825,48.200547277093264,94.17248286929632
7.71194508792373,48.3002778979039,94.13804795471697
7.7047294346432205,48.400012702680186,93.81175188891135
7.698081867723664,48.49978715338716,93.7721245124377
7.691503324940546,48.59956593930955,93.37598614621903
7.685614782238395,48.69938806223162,93.3759861462193
7.679726239536244,48.7992101851537,93.37598614622438
7.673837696834084,48.899032308075775,93.41250750391421
7.667885540139285,48.99885043557864,93.81175188891564
7.661237973219721,49.09862488628562,93.84035375729569
7.6545406097366095,49.198395861761995,94.17248286928815
7.647265004431174,49.29812648257259,94.19360433021119
7.639952641248744,49.39785432959942,94.45834582538168
7.6321795475826235,49.497547409472915,94.47264676755245
7.624381574256485,49.59723850334442,94.66949378096619
7.616241142571642,49.69690226070795,94.67782135172752
7.608086226817011,49.796564817650385,94.80605158640127
7.599708281540654,49.89620889019247,94.80939244049043
7.591324526392381,49.995852471079466,94.86810532200339
7.5828386673351424,50.09548741151652,94.78179675712109
7.574503098727533,50.195132703455755,93.01213144614108
7.569248587151668,50.294990208271024,93.02953839584698
7.563963743594397,50.39484601115976,93.4108624694047
7.558014439594826,50.49466453119361,93.42282173078559
7.552044303875974,50.59448175510507,93.70969593931954
7.545574466890841,50.69426788825602,93.71681085783388
7.539092239986624,50.79405319646001,93.90880703512413
7.532275671564563,50.893816243500375,93.91189049021825
7.525453734568938,50.993578919034505,94.00832743711337
7.51846389222563,51.093329975489276,94.00832743711385
7.511474049882329,51.19308103194393,94.00832743711882
7.50448420753901,51.29283208839873,94.00623745325215
7.497498004046252,51.39258339666262,93.90880703512441
7.490681435624192,51.49234644370298,93.94371037842971
7.483804172268032,51.59210419879303,96.05715092638529
7.4732525888115084,51.69154159239516,96.05830926344447
7.462698995486606,51.79097876855991,96.29189600167695
7.4517400993229135,51.89037209708201,96.29189600167695
7.440781203159221,51.989765425604105,96.45122215332123
7.42954596045896,52.08912789293876,96.45238942509033
7.418308693157447,52.18849013417469,96.53702996399919
7.406924654950264,52.28783566445208,96.53876702320792
7.395537604594892,52.38718085177401,96.55069351377578
7.384129875145549,52.4865236665807,96.5511042528163
7.37272143352432,52.58586639967981,96.49228225338916
7.361414987169445,52.68522079020388,96.48941202561228
7.3501135176888805,52.78457574955375,94.63527662379751
7.342032874557019,52.88424104880643,94.51797661639466
7.334156029183767,52.98392598481382,94.77317339573383
7.325835270124965,53.08357477883428,94.79115700252716
7.317483228557597,53.18322102593616,94.95221602762943
7.308851116415257,53.282843370739656,94.96488624150152
7.300196971612987,53.382463835191345,95.0333186306523
7.291423849815363,53.48207388611057,95.03931380916876
7.282640304759051,53.58168302472786,95.01669942887759
7.273896075720186,53.68129562165865,95.01450650193459
7.265155659173863,53.7809085539437,94.9023731441252
7.256610213084016,53.88053838098286,94.8904418723346
7.24808551235506,53.98017000566755,94.6901499651449
7.239909156350897,54.07983075142811,94.66701041483569
7.231773044391515,54.179494861528056,94.83267435247372
7.223348804278108,54.27913497882202,94.85321346395682
7.21488884181933,54.37877212146984,95.37837322842945
7.205516049143384,54.47832698059965,95.44835415499782
7.196021614279097,54.577870874769175,95.88066180601372
7.185776421345595,54.67733988780969,95.94341101059156
7.1754222553019975,54.77679803179684,96.28439259154347
7.164476406644433,54.87619251368042,96.33881983223617
7.1534361134799065,54.97557683380525,96.59054566743825
7.141959308316134,55.074911520762235,96.63498117759765
7.13040544831285,55.17423744627442,96.79995399145496
7.118565655196348,55.273529612343346,96.83222538920948
7.106669928782268,55.37281517450073,96.91324257031047
7.0946338254839185,55.47208379516111,96.93078680747082
7.08256732361951,55.57134874714613,96.93078680746427
7.070500821755112,55.67061369913116,96.93078680746325
7.058434319890717,55.76987865111618,96.85268897992128
7.046503136603352,55.86915993413236,96.83222538921511
7.034607410189259,55.968445496289775,96.67877218619593
7.02297765093599,56.06776246055787,96.63498117759762
7.011423790932717,56.16708838606995,96.40859156863024
7.000262507925465,56.26645894916361,96.33881983223444
6.989222214760944,56.365843269288405,96.04146309363048
6.978697904825309,56.465283106639845,95.94341101059604
6.968343738781701,56.56474125062703,95.57651062456107
6.958626742404609,56.66426294635736,95.44835415499668
6.949132307540324,56.76380684052688,95.0127323876886
6.940395067901698,56.863418989105334,94.8532134639524
6.931935105442926,56.96305613175318,94.71827597013655
6.92370983068368,57.06271281715087,94.66701041483485
6.915573718724299,57.16237692725082,94.8274205540108
6.907158623850496,57.26201771481413,94.8904418723251
6.898633923121554,57.36164933949885,94.97859525258329
6.889955946823855,57.46126768241208,95.01450650193297
6.8812155302775375,57.560880614697105,95.03194039567164
6.872444804199823,57.660490880896724,95.0393138091689
6.86366125914352,57.7601000195139,94.98759225885763
6.854967637508536,57.859717028732284,94.96488624150264
6.846313492706262,57.959337493184,94.84548124864295
6.83786698496235,58.0589756781796,94.79115700253664
6.829514943394968,58.15862192528145,93.35032417591245
6.823671978845074,58.25843183734585,92.67297879890566
6.8190086454322,58.35831869574731,94.34452820041473
6.811435137740128,58.45800686488432,95.13852400624906
6.802479128272474,58.55760064508289,95.48703439473958
6.7929175809463285,58.65713719906231,95.65885736057301
6.783057489301713,58.75664553917805,95.93637297622055
6.7727156029849835,58.856104353014366,96.07939881288621
6.762125408897215,58.95553764195229,96.28766503779703
6.751173891604052,59.05493142354888,96.40054869915481
6.740026530986758,59.15430379149438,96.54177494818633
6.728634285021874,59.25364820806192,96.62264811842495
6.717101805438818,59.352976618270155,96.69938513824492
6.705436310691679,59.45228943973919,96.74595078770876
6.6936900995094994,59.55159280162938,96.76094763207523
6.681917896899536,59.65089308342382,96.77060382739934
6.670128958881844,59.75019138200061,96.72665410409446
6.6584161951638325,59.84949867431917,96.69663718789633
6.646755457204292,59.94881210921128,96.59642369223357
6.635268454402237,60.048145677595976,96.52396154386813
6.6239070756564775,60.14749380406461,96.36990823014465
6.612812889289549,60.24687184509078,96.25237462045635
6.6019225550814555,60.34627270917487,96.04651503121127
6.591389484980519,60.445711545515586,95.88157605752959
6.581142662514574,60.545180806039525,95.62544781262163
6.5713406784424295,60.64469404695744,95.41119104760297
6.561910811590511,60.74424407845408,95.10576673492527
6.5530118532502195,60.843841735093115,94.84080308004084
6.544573472600151,60.94348070784896,95.72467154579014
6.53460014480257,61.04296708270152,96.51409073804815
6.523255881727957,61.142317165012145,96.39326810487634
6.512121171783562,61.24169074069002,96.27954621399962
6.501183699555287,61.34108642903258,96.12416023782123
6.4905158667831495,61.44051105290314,95.9706139973209
6.480114481003162,61.53996426971227,95.78191024479537
6.470040756808272,61.63945064688812,95.58705555552433
6.460305374526822,61.73897126531298,94.47729274486818
6.452500885558053,61.83864170119496,93.28629273201715
6.446768616090028,61.938472919992364,93.26242262955981
6.441077938527301,62.03830650883289,93.23645606090957
6.4354325058084285,62.13814267587295,93.1653226013465
6.429911030005841,62.237985690034954,93.0869169288476
6.424526183644663,62.337836251322805,94.08130187879466
6.41741049529342,62.43756156743567,95.19059703229505
6.408363974152604,62.53714716687193,95.27692520493747
6.399167428674875,62.636718892415864,95.37650135947408
6.3897978360419625,62.736274614972125,95.42727803010659
6.380340023259689,62.83582194817331,95.48798973455014
6.3707767290572,62.935359250547,95.50456567727653
6.36118463913656,63.03489377687757,95.52514330671096
6.351556801770199,63.134424856985646,95.50891744658335
6.341957151958721,63.233958654507056,95.48798973455014
6.332393857756232,63.333495956880746,95.44033658126206
6.322913356859003,63.433041132540204,95.37650135947962
6.313543764226067,63.53259685509661,95.29870005364313
6.304309377634466,63.63216508118474,95.1905970322939
6.295262856493653,63.73175068062099,95.08376607769931
6.286402055637557,63.83135272568556,94.93014761179963
6.27780831265511,63.93097841886448,94.79518947021026
6.269449292421357,64.03062366783675,94.59498518972252
6.261438472350191,64.13029792690908,94.43254509347683
6.253710319381801,64.2299938861586,94.18491612512426
6.246413072578347,64.32972292580565,93.995359695592
6.239445866514154,64.42947471033493,93.69973798864902
6.232993372359393,64.52926196643017,93.48315250385512
6.2269182011088935,64.62907176850521,93.13926051822044
6.221442136732255,64.72891736870255,92.89548490532047
6.216391005971163,64.82878390994017,92.5033306658416
6.212023449414065,64.92868413821594,92.23201944664892
6.208129065851023,65.02860211056822,91.79186176709243
6.2050023227028905,65.12854886958077,92.39046492563779
6.2008319367912925,65.22844862141989,93.36602102126137
6.194960755665067,65.32827176699253,93.24396962221955
6.189302252080956,65.42810681810636,93.04204688629495
6.1839956033309,65.52796156580955,92.9022159169618
6.1789326919897425,65.62782846888092,92.6679898027312
6.174278056183759,65.72771573296072,92.5103700256563
6.169898253947352,65.82761478453952,92.24378484854648
6.165983281602487,65.92753377248158,91.38322908821407
6.163569894507673,66.02748108486698,89.9175025342582
6.163713873442955,66.12747663691754,89.9036334254604
6.163882057449993,66.22747214619551,89.88000377870748
6.164091481113664,66.32746758259918,90.71247295246165
6.16284829099989,66.42743751826968,92.13145218065121
6.159129224714837,66.52736398976644,92.26014135224467
6.155185745233813,66.62728142372009,92.48087388023474
6.150857344390999,66.72718335616374,92.59053745192688
6.146337754573975,66.82707650460227,92.78023228156073
6.141487448592803,66.9269544585847,92.87096698869999
6.136478991074188,67.02682438737561,93.02958232038357
6.131194065621727,67.12668028716521,93.10156468818862
6.125783700036077,67.22652932906357,93.22898013553363
6.1201512939396245,67.32636623186707,93.28246002379822
6.114425707009856,67.42619775581322,93.37847739554304
6.108532823997136,67.52601962260418,93.41376593761929
6.102578463753143,67.62583780650434,93.47811678163886
6.096511995983429,67.72564927442565,93.49557009294122
6.090415124675538,67.82545888117704,93.52792861490698
6.084261885065746,67.92526503731052,93.52792861490596
6.078108645455957,68.02507119344398,93.5279286149019
6.071955405846176,68.12487734957743,93.51086228248887
6.065831895660272,68.22468532561462,93.47811678164003
6.0597654278905475,68.32449679353607,93.44435514784092
6.053757777279962,68.4243117849925,93.37847739553132
6.0478648942672635,68.52413365178344,93.32835557370402
6.042059341154998,68.62396055968703,93.22898013554531
6.0364269350585245,68.72379746249054,93.16277969657939
6.030909893223034,68.823640672331,93.02958232038307
6.0256249677705735,68.9234965721206,92.94751733868132
6.020483082459361,69.02335973029385,92.78023228155953
6.0156327764781885,69.12323768427632,92.68244040426782
6.010952962246115,69.22312347134853,92.4808738802335
6.006624561403308,69.32302540379206,92.3674138036607
6.002494016752949,69.42293530427814,92.13145218063941
5.998774950467915,69.52286177577493,92.00230894862744
5.9952811437502085,69.62279584461568,91.73192029132413
5.992258964205705,69.72274582005655,91.58701985381259
5.989489585144512,69.82270244658788,91.28224738053369
5.987251925301431,69.92267306246205,91.88113004511263
5.9839698446110665,70.02260331391345,93.14424534978987
5.9784850935158556,70.12244843730593,93.14027557850567
5.973007260289163,70.22229393996022,93.13178318168292
5.96754422622349,70.32214025395643,92.53651830125776
5.963119323123788,70.42202623616605,91.24476674087906
5.960947060589656,70.52199829443889,91.37851131029457
5.958541455358617,70.62196441715948,91.66947722317127
5.955628206782149,70.72191762692565,91.78708899305875
5.952509803627282,70.8218641859557,92.04407094831907
5.948943138491503,70.9217962131524,92.14551572317495
5.945199557756924,71.02172142437888,92.36857864849055
5.941066965050187,71.1216316482669,92.45388646833128
5.936785630935983,71.22153536284934,92.64304421606242
5.93217448474865,71.32142464400935,92.71231605196068
5.927442581409228,71.42130811363194,92.86751726923997
5.922440125999072,71.5211785627132,92.92092390092631
5.917344586396648,71.62104420711961,93.04204688629046
5.912037937646599,71.72089895482281,93.07982138095127
5.906665459572082,71.82075013231122,93.16667650114977
5.901141619787366,71.92059310078606,93.18910168704419
5.895578703549361,72.02043388177157,93.24143994989079
5.889924586575685,72.12026955736442,93.24883224984887
5.884257588964706,72.22010450066225,93.2663586567005
5.87856005264612,72.31993770776153,93.25904962088968
5.8728752518820775,72.41977163890753,93.24143994988671
5.867221134908408,72.51960731450039,93.21975680819916
5.861604801357433,72.61944510519909,93.1666765011568
5.8560809615727125,72.7192880736738,93.13092304639368
5.850619429063051,72.81913442134713,93.04204688629773
5.845312780312988,72.91898916905036,92.99248600046255
5.8400925128823715,73.01884837545,92.86751726923643
5.835090057472222,73.11871882453127,92.80435641723992
5.830197706341516,73.2185945724717,92.64304421605735
5.825586560154192,73.31848385363172,92.56642525181479
5.821109005648295,73.41837898110643,92.36857864849564
5.816976412941549,73.51828920499445,92.27857330520308
5.813000785979847,73.618205476251,92.04407094831305
5.809434120844079,73.71813750344768,91.9406834127457
5.806047798515279,73.81807537702824,91.66947722316293
5.803134549938824,73.91802858679445,91.55265521727512
5.800425119581941,74.017986981097,91.24476674087921
5.7982528570478085,74.11795903936986,91.7627306346142
5.795177262865675,74.21789658027087,93.13178318168096
5.789714228800011,74.31774289426698,93.13516573892898
5.78424530016646,74.4175888851023,93.144245349798
5.778760549071235,74.51743400849479,93.14090145439663
5.773281625170346,74.61727945135449,93.13178318168634
5.767818591104668,74.71712576535067,93.1218661174053
5.76237283928828,74.81697301927973,93.09439490230007
5.756974960951221,74.91682287691255,93.07805232950841
5.751605563792824,75.01667425870241,93.03207525656624
5.746316293620714,75.11652992845072,92.52969137073356
5.741903259890402,75.21641716869503,91.09483384733886
5.739992613641648,75.31639456909501,91.19186736568263
5.737912661587966,75.41636817993403,91.46963347487709
5.735348059963998,75.51633094289275,91.55346127924017
5.732637216836233,75.61628953922404,91.79435924434793
5.729506117091693,75.71623616184944,91.86497408586284
5.726251846535742,75.81617863025828,92.06903800318887
5.722641635628414,75.91610909376683,92.12648309880899
5.718931241092987,76.01603574122873,92.2937049909344
5.71492921374376,76.11595128024506,92.33807680125224
5.7108498131862095,76.21586360199642,92.46839755821942
5.706543166381119,76.31576647459337,92.49984205237763
5.702181694485405,76.41566692397157,92.59315004379636
5.697657535377894,76.51556018272409,92.61185384610275
5.693100767792365,76.61545194329987,92.66798980272931
5.688446131986384,76.71533920737969,92.67416759483264
5.683780726164098,76.8152259672391,92.69293437723044
5.679082603386333,76.91511119538717,92.68681390961989
5.67439515068857,77.0149969230769,92.66798980272702
5.669740514882594,77.11488418715668,92.64979585384641
5.665117598668964,77.21477290857389,92.5931500437997
5.660593439561446,77.31466616732644,92.56308865726133
5.656121694026302,77.41456174271084,92.46839755821989
5.651815047221208,77.51446461530784,92.4266418894729
5.647581211738996,77.61437051548135,92.2937049909344
5.643579184389769,77.71428605449768,92.24038410429222
5.639670148101414,77.8142051355919,92.06903800319323
5.636059937194079,77.91413559910045,92.00422997666863
5.632562768507665,78.01406987521574,91.79435924433979
5.629431668763139,78.11401649784113,91.7180899603485
5.626433624365444,78.21396691140171,91.4696334748789
5.623869022741473,78.31392967436045,91.38188249473134
5.621457530639505,78.4138958643598,91.09483384733586
5.619546884390755,78.51387326475982,91.54748604378192
5.616846733803755,78.61382221959151,93.03207525656151
5.611557463631655,78.71367788933979,93.04645772741775
5.606243128267411,78.81353221773595,93.09439490230348
5.600845249930348,78.91338207536874,93.10291113554139
5.595432530541292,79.01323112583852,93.13178318168292
5.58996949647562,79.11307743983473,93.13458342722083
5.584501582599729,79.21292348630263,93.1442453497883
5.579016831504528,79.31276860969498,93.14148376609515
5.573536892845994,79.41261399692212,93.13178318168096
5.568073858780324,79.51246031091834,93.1236131354739
5.562625062474157,79.6123073992662,93.09439490230412
5.5572271841370915,79.71215725689902,92.6823497735697
5.552547954407745,79.81203394780142,91.18229665609509
5.550484693544421,79.91200831508844,91.26824288596296
5.548271478131375,80.01197906424832,91.58205029599944
5.545510750263988,80.1119366029409,91.65692936957137
5.542619400706955,80.2118901350803,91.9317097270273
5.5392487163305795,80.31182896460447,91.99550077347014
5.5357667737692555,80.41176375043418,92.2313042774155
5.531873566576355,80.51168358879268,92.28404337677948
5.527888394040182,80.61159964326414,92.48087388023708
5.523559993197362,80.71150157570781,92.52265910309109
5.519158740480152,80.8114002245982,92.68046221708934
5.514482360855892,80.91128647306824,92.71145141750956
5.509751959733662,81.01117012170373,92.83011102480697
5.5048147070186975,81.1110438154146,92.85051379315078
5.499841891272281,81.21091572003591,92.929855558064
5.494730778957903,81.31078066729339,92.93992071659703
5.489602123744525,81.41064470904689,92.97972119805878
5.4844040989557366,81.51050517018207,92.97972119805827
5.479206074166949,81.61036563131725,92.97972119805515
5.474008049378167,81.71022609245242,92.96993475623229
5.468827081703802,81.81008743401705,92.92985555806672
5.463715969389418,81.90995238127455,92.91054985679553
5.458638507864885,82.00981902142141,92.83011102480901
5.453701255149917,82.10969271513228,92.80152479654926
5.448813834986708,82.2095688070809,92.68046221708795
5.444137455362447,82.30945505555101,92.64279103899653
5.439526754846711,82.40934426428612,92.48087388023373
5.435198354003899,82.50924619672976,92.43425901989814
5.430951239197774,82.60915147366337,92.2313042774209
5.427058032004864,82.70907131202186,92.1758264520003
5.4232615839063,82.80899466710333,91.93170972703082
5.419890899529918,82.90893349662754,91.8673891628017
5.416632418254459,83.00887576775237,91.58205029598209
5.413871690387103,83.10883330644492,91.50885449752056
5.411238670847107,83.20879392650424,91.18229665610255
5.409175409983769,83.30876829379127,91.53139352781805
5.406503280474483,83.40871992682912,93.09439490230412
5.401105402137417,83.50856978446194,93.10110919730447
5.39569582294633,83.60841900571825,93.13178318168248
5.390232788880657,83.70826531971447,93.13398280965795
5.38476592166288,83.80811142356383,93.14424534979241
5.379281170567665,83.90795654695631,93.14208438366246
5.37380018525101,84.00780187680198,93.13178318168545
5.368337151185333,84.10764819079819,93.12541507371118
5.362885214681189,84.20749510835952,93.09439490230496
5.357487336344129,84.3073449659922,93.08396781167323
5.352107629922029,84.40719579608658,93.03207525655701
5.346818359749936,84.50705146583488,93.0177275658335
5.341554095884128,84.60690844105149,92.94481571995611
5.336416908598928,84.70677205037255,92.92667190535245
5.331311346637601,84.80663725551595,92.83260484992078
5.326369746878931,84.90651073423608,92.81077187173693
5.321466206882516,85.0063860504302,92.69542877865095
5.3167637355540895,85.10627107394842,92.37971377832179
5.312612064783305,85.2061723384104,90.68244723145824
5.311421049574157,85.30616090096932,90.72942448841037
5.31014805567539,85.40614827243279,90.98237422279458
5.3084336476951615,85.50612923044534,91.02142044722004
5.306651106812707,85.6061088715273,91.23227295596514
5.304500644005416,85.7060814011019,91.26339490422158
5.3022958801565,85.80605266786542,91.4321586432511
5.299796660641054,85.90601708684349,91.45538989181283
5.297256910719447,86.00598043946657,91.58205029598999
5.294496182852077,86.10593797815913,91.59745106834811
5.2917085876322405,86.20589475135723,91.68196615891138
5.288773552019289,86.30584732373923,91.68961855463513
5.285825166962225,86.40579949829984,91.73192029132363
5.282802987417722,86.50574947374074,91.7319202913244
5.279780807873218,86.60569944918161,91.73192029132413
5.2767586283287145,86.70564942462248,91.72436790296426
5.2737496237675785,86.8055997926857,91.68196615891036
5.270814588154629,86.90555236506769,91.66695505724917
5.267905740095897,87.00550568357562,91.58205029599078
5.265145012228525,87.1054632222682,91.55965831493903
5.262423350539544,87.20542178879205,91.43215864324937
5.259924131024099,87.30538620777021,91.40244047354032
5.257476763263309,87.40535183259946,91.23227295596581
5.255326300456017,87.5053243621741,91.19525641483048
5.253240428901027,87.60529814022317,90.98237422279472
5.251526020920798,87.7052790982357,90.93806147054802
5.249888941885483,87.80526117978603,90.68244723145806
5.248697926676336,87.90524974234498,90.97935903297929
5.246988912837972,88.00522303116013,92.6954287786587
5.242286441509532,88.10510805467837,92.7153487331404
5.237549245245745,88.20499140172357,92.83260484991266
5.232607645487089,88.3048648804437,92.84861519741693
5.2276381391139255,88.40473695098858,92.94481571995416
5.222500951828729,88.50460056030965,92.95702763795595
5.2173424806327855,88.60446305849217,93.03207525656667
5.212053210460676,88.70431872824047,93.04061670113052
5.206749054601656,88.80417360138816,93.09439490229599
5.2013511762646045,88.90402345902098,93.09940684851843
5.195944563719187,89.0038728416248,93.13178318168698
5.190481529653507,89.10371915562101,93.13341538700087
5.185015651247195,89.20356531368037,93.14424534979172
5.179530900151983,89.30341043707281,93.1426518063215
5.174048926023867,89.40325571270834,93.13178318168343
5.168585891958194,89.50310202670455,93.12711742248246
5.163130988808397,89.60294878291839,93.09439490229599
5.157733110471345,89.70279864055121,93.08680532574176
5.152348458943923,89.8026492060106,93.03207525656109
5.147059188771823,89.9025048757589,93.02170063319106
5.1417880003263,90.00236148947393,92.94481571996424
5.136650813041086,90.10222509879499,92.93178104675295
5.131536345663467,90.20208985456868,92.83260484991071
5.126594745904814,90.30196333328882,92.81701771826422
5.121680318004396,90.40183812382962,92.69542877864714
5.116977846675975,90.50172314734787,92.67737642421832
5.112306848507452,90.60160960795307,92.53327184833529
5.1078870874653655,90.70150754022478,92.51281905299821
5.103502989407789,90.80140699196991,92.34611738946187
5.0994095641157315,90.90131882825165,92.3233054081625
5.095355921130395,91.00123222065356,92.13394864345734
5.0916325009030565,91.10115853001022,92.10879533105046
5.087952952483376,91.20108638317164,91.89674983044569
5.084643247936721,91.30102725076667,91.869251145696
5.081381512854998,91.40096959705838,91.63450736263722
5.078529270179969,91.50092456627729,91.60464042803935
5.075729135330327,91.60088089166891,91.34721120403302
5.073378127005079,91.70084890615198,91.31493910044532
5.07108342963933,91.80081809136557,91.03485637570242
5.069277441196652,91.90079743706042,91.00013484985415
5.067532043853952,92.0007776987915,90.69744460605868
5.066314856323102,92.10076594617263,90.66023086594811
5.0651626137644055,92.20075477870155,90.33498612388375
5.06457798141353,92.30074872534253,90.29524989171004
5.064062698892381,92.40074284294302,89.94750159112375
5.064154321907708,92.50073845667205,89.90523857491858
5.06431970414032,92.60073373731576,89.53502417056387
5.065131195893974,92.70072610022898,89.49027210367119
5.0660207861374875,92.80071753118067,89.09760172237151
5.067595634715959,92.90070078483743,89.05045910358271
5.069252743425089,93.0006824108332,88.63529912076622
5.07163426711841,93.10064970300782,88.58594676685563
5.074101889731658,93.2006145778146,88.14820068048743
5.077333186217587,93.30055801122994,88.3337054328315
5.080240745706689,93.40050667668982,90.0
5.080240745706689,93.5005023323946,90.0
5.080240745706689,93.60049798809939,90.0
5.080240745706689,93.70049364380415,90.0
5.080240745706689,93.80048929950891,90.0
5.080240745706689,93.90048495521367,90.0
5.080240745706689,94.00048061091843,90.0
5.080240745706689,94.10047626662319,90.0
5.080240745706689,94.20047192232784,90.0
5.080240745706689,94.3004675780326,90.0
5.080240745706689,94.40046323373736,90.0
5.080240745706689,94.50045888944217,90.0
5.080240745706689,94.60045454514699,90.0
5.080240745706689,94.70045020085175,90.0
5.080240745706689,94.80044585655651,90.0
5.080240745706689,94.9004415122613,90.0
5.080240745706689,95.00043716796608,90.0
5.080240745706689,95.10043282367084,90.0
5.080240745706689,95.2004284793756,90.0
5.080240745706689,95.30042413508036,90.0
5.080240745706689,95.40041979078512,90.0
5.080240745706689,95.50041544648991,90.0
5.080240745706689,95.6004111021947,90.0
5.080240745706689,95.70040675789949,90.0
5.080240745706689,95.80040241360427,90.0
5.080240745706689,95.90039806930892,90.0
5.080240745706689,96.00039372501368,90.0
5.080240745706689,96.10038938071844,90.0
5.080240745706689,96.2003850364232,90.0
5.080240745706689,96.30038069212799,90.0
5.080240745706689,96.40037634783278,90.0
5.080240745706689,96.50037200353754,90.0
5.080240745706689,96.6003676592423,90.0
5.080240745706689,96.70036331494711,90.0
5.080240745706689,96.80035897065193,90.0
5.080240745706689,96.90035462635674,90.0
5.080240745706689,97.00035028206156,90.0
5.080240745706689,97.10034593776632,89.81755214391193
5.080559148143513,97.20033644764051,88.14820068049659
5.083790444629425,97.30027988105584,88.19564612872077
5.086938968926673,97.40022563843559,88.63529912076211
5.089320492619998,97.50019293061008,88.68002687289625
5.091623969921931,97.60016176706945,89.09760172236719
5.093198818500409,97.70014502072618,89.13977582762962
5.094700067474408,97.8001291526585,89.53502417056787
5.095511559228055,97.9001215155717,89.57473022400487
5.09625375427517,98.0001141914181,89.94750159112377
5.096345377290497,98.10010980514716,89.98476780400695
5.0963719612796385,98.2001052585436,90.33498612388772
5.095787328928756,98.30009920518461,90.36980160349681
5.095141937014156,98.40009260438794,90.69744460605439
5.093924749483314,98.50008085176903,90.72977495868582
5.0926511435840505,98.60006824619865,91.03485637570161
5.090845155141373,98.70004759189352,91.06465676741888
5.088987168575374,98.80002585652372,91.34721120403283
5.0866361602501255,98.8999938710068,91.3744370295326
5.08423765194798,98.9999606492423,91.63450736263778
5.081385409272949,99.09991561846124,91.65912268433068
5.078490226946826,99.19986926403136,91.89674983044569
5.075180522400171,99.29981013162639,91.91873375803023
5.071832474007474,99.39974964994006,92.13394864346111
5.0681090537801285,99.49967595929674,92.153299829419
5.064351886598502,99.59960094861148,92.34611738945853
5.0602584613064465,99.69951278489332,92.36285681867595
5.05613584792299,99.79942337757397,92.53327184833529
5.051716086880903,99.89932130984569,92.54744410096777
5.0472716173936085,99.99921811391215,92.69542877864892
5.042569146065186,100.09910313743038,92.70710194477435
5.037846325794778,100.19898717852912,92.83260484991142
5.032904726036126,100.29886065724922,92.84186927303186
5.027946978051464,100.3987333211255,92.94481571995135
5.022809790766274,100.49859693044654,92.95178174428347
5.0176604625341055,100.5984599059426,93.03207525656303
5.012371192362003,100.69831557569088,93.03687015063663
5.007073565840628,100.7981707982529,93.09439490230392
5.001675687503565,100.89802065588567,93.09715912900789
4.996272992009413,100.99787025152686,93.1317831816823
4.990809957943743,101.09771656552304,93.13266618270751
4.985345385128209,101.19756279515957,93.1442453497897
4.979860634033001,101.29740791855201,93.14340101060756
4.974377354314114,101.39725312261048,93.13178318168889
4.968914320248432,101.49709943660666,93.12936514199733
4.963455500047353,101.59694597978307,93.09439490229687
4.958057621710301,101.69679583741586,93.09055187618048
4.9526664408452445,101.79664605346076,93.03207525656805
4.947377170673134,101.89650172320903,93.02694652666139
4.942096839263835,101.99635785961044,92.94481571995398
4.93695965197864,102.09622146893149,92.9385269705797
4.9318334262125365,102.19608563137372,92.83260484991193
4.9268918264538835,102.29595911009382,92.82526450542794
4.9219630225600985,102.39583320658103,92.69542877865796
4.917260551231666,102.49571823009913,92.68712501509403
4.912572557002907,102.59560391465206,92.53327184832816
4.908152795960833,102.69550184692378,92.52407044856056
4.903749079154577,102.79540046278352,92.34611738945699
4.899655653862523,102.89531229906535,92.33606061458684
4.895579766803786,102.99522482137067,92.13394864347066
4.891856346576426,103.0951511307273,92.12305529548543
4.88815192627564,103.19507810867222,91.8967498304368
4.884842221729,103.29501897626723,91.88501668328257
4.88155298481982,103.39496047479334,91.63450736264664
4.8787007421447735,103.49491544401226,91.6219121403012
4.875870473940917,103.59487098514488,91.3472112040327
4.8735194656156695,103.69483899962793,91.33371728467698
4.871192002584171,103.79480750362836,91.03485637569332
4.869386014141508,103.89478684932325,91.02041940000242
4.867605219092264,103.99476657590016,90.6974446060547
4.866388031561421,104.09475482328128,90.6820211648023
4.865197760864199,104.19474331318031,90.33498612388772
4.864613128513317,104.29473725982132,90.31854469467011
4.86405719067297,104.39473127719934,89.94750159112377
4.864148813688296,104.4947268909284,89.9300358856481
4.864270918640174,104.59472236700577,89.53502417056876
4.8650824103938195,104.69471472991894,89.51656904201238
4.865926108927004,104.79470670850358,89.09760172236706
4.867500957505483,104.8946899621603,89.07825176613208
4.869109570282585,104.99467254773313,88.63529912076253
4.871491093975912,105.09463983990777,88.61523008097555
4.873907629698252,105.19460614906251,88.14820068049609
4.877138926184166,105.29454958247787,88.22239024996297
4.880240745706672,105.3944951084228,90.0
4.880240745706672,105.49449076412759,90.0
4.880240745706672,105.59448641983238,90.0
4.880240745706672,105.69448207553717,90.0
4.880240745706672,105.79447773124184,90.0
4.880240745706672,105.89447338694663,90.0
4.880240745706672,105.99446904265142,90.0
4.880240745706672,106.0944646983562,90.0
4.880240745706672,106.194460354061,90.0
4.880240745706672,106.29445600976578,90.0
4.880240745706672,106.39445166547057,90.0
4.880240745706672,106.49444732117536,90.0
4.880240745706672,106.59444297688015,90.0
4.880240745706672,106.69443863258493,90.0
4.880240745706672,106.79443428828972,90.0
4.880240745706672,106.89442994399451,90.0
4.880240745706672,106.9944255996993,90.0
4.880240745706672,107.09442125540409,90.0
4.880240745706672,107.19441691110887,90.0
4.880240745706672,107.29441256681366,90.0
4.880240745706672,107.39440822251845,90.0
4.880240745706672,107.49440387822312,90.0
4.880240745706672,107.59439953392791,90.0
4.880240745706672,107.6943951896327,90.0
4.880240745706672,107.79439084533749,90.0
4.880240745706672,107.89438650104228,90.0
4.880240745706672,107.99438215674706,90.0
4.880240745706672,108.09437781245185,90.0
4.880240745706672,108.19437346815664,90.0
4.880240745706672,108.29436912386143,90.0
4.880240745706672,108.39436477956622,90.0
4.880240745706672,108.494360435271,90.0
4.880240745706672,108.5943560909758,90.0
4.880240745706672,108.69435174668058,90.0
4.880240745706672,108.79434740238537,90.0
4.880240745706672,108.89434305809016,89.92870628097418
4.880365168876411,108.99433670294178,88.14820068049603
4.883596465362322,109.09428013635703,88.16640514516517
4.886796002713995,109.19422446146196,88.63529912076253
4.889177526407322,109.2941917536366,88.65227438746832
4.891529429549544,109.3941596319058,89.09760172236768
4.893104278128021,109.49414288556252,89.11351690428003
4.894651352484509,109.59412647065338,89.53502417057136
4.89546284423815,109.69411883356656,89.54996875992968
4.896248254016825,109.7941113142619,89.9475015911197
4.896339877032159,109.89410692799098,89.96150667510247
4.896407057580884,109.99410248146508,90.33498612388823
4.89582242523,110.09409642810608,90.3480428033472
4.89521500649141,110.194090169444,90.6974446060547
4.8939978189605675,110.29407841682512,90.70951973029216
4.892759559607136,110.39406634563548,91.0348563756974
4.890953571164466,110.49404569133037,91.045905727294
4.889128302907616,110.59402463618912,91.3472112040327
4.886777294582369,110.69399265067217,91.35719028370606
4.884408876082333,110.79396021203306,91.63450736264592
4.881556633407288,110.893915181252,91.64337993597314
4.878688913159904,110.99386967336254,91.89674983043808
4.875379208613262,111.09381054095753,91.9044944064953
4.872055996154041,111.19375093322267,92.13394864346577
4.868332575926688,111.29367724257932,92.14056306069389
4.86459762066884,111.39360310073305,92.34611738945699
4.8605041953767865,111.49351493701488,92.35162168692597
4.856401172386812,111.5934263643728,92.53327184833513
4.851981411344727,111.6933242966445,92.53770960145845
4.847553913353047,111.79322187564158,92.69542877864943
4.842851442024624,111.8931068991598,92.65249718850305
4.838223866157994,111.99299432726501,90.98237422279072
4.836509458177772,112.09297528527759,90.99717635957232
4.83476922286684,112.19295566520833,91.58205029599786
4.832008494999457,112.29291320390088,91.59514476549921
4.829224925725249,112.39287000212592,92.13145218063615
4.8255058594402245,112.49279647362262,92.14261371065615
4.821767330106028,112.59272213583746,92.63057104609592
4.81717792971294,112.69261241846726,92.6396228160532
4.812572751184203,112.79250191423326,93.07943885012013
4.807200937074097,112.89235317748516,93.08629079917402
4.801817184084108,112.9922037567823,93.47811678164962
4.7957507163143696,113.0920152247037,93.48279071952098
4.789676107871096,113.19182617298223,93.82668488987196
4.783002536959132,113.29159888774494,93.8293279195201
4.776324364377378,113.39137128266776,94.12523291668006
4.76913100611285,113.49110786951887,94.12612068621392
4.761936102721512,113.59084434155963,94.3738523324068
4.754310033807164,113.69054877592812,94.37385233240617
4.746683964892817,113.79025321029663,94.57216084213891
4.738712851808408,113.8899306512394,94.57262956345423
4.730740923177151,113.98960802838047,94.72032442549033
4.722512077041945,114.08926452169166,94.7216403937503
4.71428094175699,114.18892082892684,94.81938355644314
4.7058798110453095,114.28856294701738,94.82094551918728
4.697475963758427,114.38820483836136,94.86944960295584
4.68898776712707,114.48783957883727,94.87058723430937
4.680497592137132,114.58747415159425,94.87058723430957
4.672007417147195,114.68710872435122,94.87058723430937
4.663517242157257,114.7867432971082,94.82281142919415
4.655110150023926,114.88638491336447,94.82094551918321
4.6467063027370505,114.98602680470844,94.72608682439447
4.63846743419292,115.08568246646549,94.7216403937569
4.6302362989079535,115.18533877370066,94.58032939579125
4.622250976285915,115.28501506209605,94.57262956344776
4.61427904765467,115.38469243923711,94.38541048601589
4.606632868255893,115.48439530032627,94.37385233240212
4.599006799341553,115.58409973469477,94.14116321434169
4.591785715056174,115.68383426136917,94.12523291668981
4.584592356791637,115.78357084822017,93.84739132238614
4.577882734793048,115.88334105724573,93.82668488987453
4.571209163881081,115.98311377200842,93.50388052262996
4.565097823032369,116.08292237555072,93.47811678164757
4.5590313552626345,116.18273384347212,91.4044156962904
4.55658067458291,116.28269394638525,91.22977418487561
4.554434571757905,116.38266656965033,91.26432277768203
4.552228187198921,116.48263787912666,91.267255254586
4.5500166859394024,116.5826090770889,91.23272825862496
4.547865428730843,116.68258158801859,91.22977418487662
4.545719325905836,116.78255421128367,91.12624907942443
4.543753862691427,116.88253053498133,91.11732478760166
4.541803971366208,116.98250717767175,90.94485329178387
4.540155038305583,117.08248919765084,90.92989042118865
4.538532215103262,117.18247168414064,92.86125736568955
4.533540918335992,117.28233773369774,93.0295823203826
4.528255992883537,117.38219363348726,93.21241687741332
4.522652450796838,117.48203211430437,93.22898013554216
4.517020044700372,117.58186901710785,93.36557074032311
4.511149649649201,117.68169218201486,93.37847739553337
4.505256766636498,117.7815140488058,93.46915892321742
4.49920590462594,117.8813264516149,93.47811678164352
4.493139436856213,117.9811379195363,91.84794643344347
4.48991499602297,118.08107738904849,91.67946838451465
4.486984317783947,118.18103008928658,92.12032525355787
4.483284668887239,118.28095697198357,92.1664019190442
4.479504649348609,118.38088115630406,92.53859097788794
4.4750756241087295,118.48077845363373,92.57818102119984
4.470577563141252,118.58067289095312,92.88181030076191
4.465550201850782,118.68054193621056,92.91489499630896
4.460465165552633,118.78040821463168,93.15022560136079
4.4549699983483375,118.88025267045917,93.17664559027877
4.449428786626904,118.98009467631088,93.34407493307435
4.443595844233119,119.07992001388304,93.3635297081388
4.437729003584195,119.17974341464976,93.46356010656051
4.431687895412537,119.27955640225956,93.47562605116823
4.425625766597535,119.37936813380479,93.50882333367007
4.419505807826972,119.47917633408716,93.51298562215284
4.413378598313183,119.57898409161837,93.47993225824074
4.407308968047507,119.67879536510353,93.47562605116521
4.401246839232509,119.77860709664877,93.37687323663629
4.39535675220235,119.87842910835451,93.36352970813775
4.3894899115534285,119.97825250912122,91.57678728048393
4.3867385523742835,120.0782035119587,91.32722269650786
4.384422419559647,120.17817234054347,93.5930136598306
4.378156497679405,120.27796047984289,93.91129533560134
4.371335596650801,120.3777232307522,94.48584392826352
4.363514715635645,120.47741183316029,94.57014551872534
4.355547108500567,120.57708955582878,95.07500181478866
4.346701574615545,120.67669260361872,95.15340288604509
4.337719702395384,120.77628405471394,95.58888986508889
4.327981180786389,120.8758038832118,95.66133296816561
4.318116789644027,120.97531179720471,96.0282065359338
4.307615479550579,121.07475414164435,96.09422971538125
4.296999547701994,121.17418468599976,96.39366217879764
4.285864160798272,121.27355812690077,96.45238942509616
4.274626893496752,121.37292036813666,96.68592890673493
4.262984737673602,121.47223580342666,96.73608886862034
4.251255619053787,121.57154118563848,96.9055997152667
4.239232767403505,121.67081133000266,96.94556748009119
4.227140658421969,121.77007316587229,97.05315633641577
4.214862184605208,121.86931207513484,97.08101345490755
4.202535456811952,121.96854504819191,95.70320514618894
4.192599162851708,122.06803755942148,95.31206718212347
4.183341535345277,122.16760375595817,95.67446091116523
4.173454403649902,122.26710881315742,95.78261158610167
4.163379405247802,122.36659562417779,96.06446218585837
4.152815173513566,122.46603129026843,96.15354510915229
4.1420963120086265,122.56545079121199,96.3568142899452
4.131024829950611,122.66483142857297,96.42523607684895
4.119834653198578,122.76419898416376,96.55227787072577
4.108424186783706,122.86354139570673,96.59798015171843
4.096934472847641,122.96287476187084,95.32746168507019
4.087650972560318,123.06242904331714,94.8383209485969
4.079216908414593,123.16206838154162,95.1663122747785
4.070212656213404,123.2616571552348,95.29719583678688
4.060980871817153,123.36122575127135,95.53333809104663
4.051338833105069,123.46075510149193,95.63162427989487
4.0415260395754355,123.56026811693701,95.7781091008757
4.03145887354473,123.65975557757211,95.84199446162819
4.021280769785296,123.75923189316376,95.90136842067048
4.0109995896099395,123.85869758360194,95.92857188352116
4.000671182739697,123.95815840589569,94.66270216064933
3.9925435202363695,124.05781141376242,94.05310375158875
3.985475725171926,124.15755697723645,94.26962104138036
3.978031075210423,124.25727476886927,94.37633770903427
3.970400681323768,124.3569788723403,96.04615272916813
3.9598704495773744,124.4563969143212,96.89136715327409
3.9478722451239157,124.5556701445987,97.25088130562008
3.935251504865345,124.6548650810197,97.44508743151849
3.9222944751227597,124.75401772364748,97.71674176411346
3.9088675718742554,124.85310717135638,97.8747992923002
3.8951672799105777,124.95215985006797,98.06263472905962
3.881142380686989,125.05116674644538,98.181194296834
3.8669125928727905,125.15014474550875,98.28996595911892
3.852494946516473,125.2490954293773,98.36480655990343
3.837948043602829,125.34802731895518,97.36050660829382
3.8251388781196254,125.4471875260884,96.60538080012489
3.813636333817503,125.54651940734719,96.83891269413793
3.8017290978733773,125.64580292544098,97.02438199950257
3.789500458487582,125.74504803382726,97.1711500895142
3.777017669167204,125.8442612170199,97.29510144922804
3.7643202402760676,125.94344743813649,97.35973851081864
3.751510931935322,126.04261921486614,97.41804830084328
3.73860069593308,126.1417779611581,98.58197112986652
3.7236818958216884,126.24063430605806,99.70578952302175
3.7068237301887073,126.33919866782902,99.87453015061651
3.6896754388843376,126.43771249006976,100.05760158614888
3.672212382189399,126.53617148057187,99.35241518210213
3.6559639480258683,126.63482874492475,98.48467342299043
3.6412101045181626,126.7337299848643,98.73437612986906
3.6260255718077805,126.83256472241376,99.07067815355059
3.610260984203021,126.93130989413108,99.24628595261355
3.5941939365262043,127.03000559136082,99.50893609801318
3.577674511287155,127.12862729155708,99.61761057035112
3.560968107969204,127.22721718309356,99.8004886451997
3.5439470571281237,127.3257535468791,99.85042973086921
3.526840137330172,127.4242749653923,99.94607390960357
3.509568766500116,127.52276776162374,99.38168382453185
3.493270158243131,127.62141537350647,98.13955184767916
3.4791123111774853,127.72040368860628,98.23603949962539
3.4647878345010326,127.81936768088971,98.46999984555505
3.4500593203059107,127.91827269607818,98.51287980857427
3.4352568012880806,128.0171665858635,98.62890360487835
3.4202540415329947,128.11603037276024,99.19276757511018
3.4042814379445083,128.21472714269845,100.91324831949953
3.3853500111073758,128.31291437322125,100.60772181737997
3.3669434137569585,128.41119589888524,99.45786282463715
3.3505119061353406,128.50983228526025,99.57955544440637
3.3338711066487243,128.60843255203847,100.12545036930639
3.316291468599045,128.7068707940274,100.20010656991748
3.2985836656352205,128.8052855748928,100.6213155946363
3.2801527646960973,128.90356798964936,100.65896542295746
3.2616573155904436,129.00183810968716,100.94698896565379
3.242668071015928,129.1000141747454,100.8185351854
3.223899533151069,129.19822966576154,99.30942134655862
3.2077236268032743,129.29690829168254,99.33328872355482
3.1915066416913445,129.39558001360442,99.77135618798
3.1745356945815604,129.49412501912994,99.77726412205355
3.1575545902878566,129.59266825106926,100.03821097494796
3.1401248560694244,129.69113314595523,100.03821097494512
3.122695121850992,129.78959804084124,100.11025640764184
3.1051415888572342,129.8880409405091,100.11091375329048
3.0875869263177904,129.98648363949155,98.26203244494225
3.073217822681008,130.08543927875996,98.18364358213445
3.058983803759118,130.18441666943664,100.49221794843808
3.040775363123434,130.28273514766693,100.64304900768212
3.0223071830633765,130.3810105641509,101.05695606612692
3.0031295988492706,130.47914972925645,101.10113374504817
2.9838762969159895,130.5772743516734,101.33006285110454
2.964231110645119,130.6753211413918,101.3656891586823
2.9445249385588887,130.77335581863176,99.94773467407184
2.9272518329900077,130.87184172746404,99.64748648269882
2.910493973192744,130.97042319273442,99.92779041202326
2.893254085727955,131.06892119414448,99.99942278595162
2.8758910144214465,131.16739786607565,101.84253945729614
2.8553728818100956,131.26524963557694,102.40698931410277
2.833888368556884,131.36291000036275,101.44224041571701
2.814052339323443,131.46091279412644,101.06261271385615
2.7948650127674326,131.55905033872313,101.54419737398882
2.774853837458012,131.65702151339906,101.7711839893242
2.7544543517053643,131.75491427176686,102.08329021417437
2.733522099139642,131.85269362845193,102.26145248614067
2.71228572171275,131.95040825086645,102.42320456377286
2.69077363012439,132.04806226079955,102.53568967170304
2.6690698021519452,132.14567411976748,103.77503682148671
2.645264532068172,132.2427744279461,104.82696095727435
2.6196755762152937,132.33944053626848,104.17133119632287
2.595196205460863,132.43638601844916,103.43766494725351
2.5719584816005288,132.5336441253073,103.69739113165883
2.548280461696054,132.6307944908811,104.06271020262595
2.523983143420904,132.72779331295885,104.20802927821907
2.4994400300782176,132.82472962807998,104.47362077957743
2.474447692041868,132.92155170303866,104.02784357992148
2.4502112193308707,133.01855803381326,102.9257655343668
2.4278433473888246,133.11601986975234,103.03202335444169
2.4052948918683548,133.21343951321754,103.37616129885531
2.382161582231791,133.31072250836618,103.41447219725954
2.358963252983233,133.4079899146381,103.5889239619459
2.335468852124665,133.50518633580745,103.85679241635404
2.3115221757306914,133.60226424344452,105.77818661449955
2.284331967393897,133.698492221343,105.71298135487834
2.2572516698357923,133.79474972535812,104.2953523989251
2.2325607016022215,133.8916490919583,104.29535239892937
2.2078697333686503,133.98854845855845,104.7773908946958
2.1823644372493276,134.08523659936006,104.78723798647317
2.156842505827942,134.18192042518604,105.02125573063942
2.1309259159056047,134.27849912525645,105.04401021870851
2.1049709516415365,134.375067603498,105.06359997970914
2.078982971858215,134.4716272008692,105.06732267086588
2.0529887180532858,134.5681851105864,103.56456008924488
2.0295380728779735,134.66538147188345,103.11323613513325
2.006851428135043,134.76276959903524,104.71103869450673
1.981462029840151,134.85947232073306,105.34667211279286
1.9549973122475977,134.95590234656825,104.39939859329259
1.9301323211075565,135.0527493133723,103.86965734872888
1.9061619687369011,135.14982945226308,104.14979975604771
1.8817174509917602,135.24679039518495,104.35167839461575
1.856931235449024,135.34366544191477,104.46672900438044
1.83195059086938,135.44049033974517,104.57435669578582
1.8067880615505723,135.53726832421538,103.77140466233364
1.7829870765458538,135.63437777288627,102.79032661712571
1.7608496525351462,135.73189221088393,103.74461010303186
1.7370961947755839,135.82900414870733,105.18147976652763
1.7109096090544056,135.92551007540666,105.30676445371869
1.6845121933873397,136.02195803583788,105.56497559041871
1.6576802593421331,136.1182865283789,105.16338808706558
1.6315260703953274,136.2147936238638,103.96151551311038
1.6074001073573378,136.31183520808068,104.02388464092934
1.5831685857513613,136.4088502267197,104.29065729032725
1.5584855580293346,136.50575161629848,104.35680934691503
1.5336907823505406,136.602623993215,104.81761568602747
1.508117593636333,136.69929427395743,104.85850588641202
1.482475529640631,136.79594586940573,105.53945323393835
1.4556865077015213,136.89228630465166,105.53945323394349
1.428897485762442,136.98862673989746,105.9708976044117
1.4013837900503223,137.08476266729517,105.9793985432201
1.3738558156361973,137.18089456514645,104.57323071046764
1.3486960282059257,137.27766981314414,104.41735625582946
1.3237987815976364,137.37451638392062,106.52823311661186
1.2953550517259573,137.470367339523,106.9450195602723
1.2662109268815527,137.5660216710866,107.3354802177494
1.2364158541821895,137.66147440913699,107.46967754269943
1.2063970558514803,137.7568578610907,106.53324792855331
1.1779431931714142,137.8527122004455,106.02328777484945
1.150341588692135,137.94882298334733,106.26479676540077
1.1223353018513498,138.04481591591255,106.44961551688803
1.094019324756779,138.14071866144684,106.73631694921517
1.0652242068736886,138.236477223704,107.04561859755948
1.0359121786524585,138.33208023705288,107.3422124204983
1.0061062797885052,138.4275282270766,107.80796371764377
0.9755248442521102,138.52273278033095,107.94155021940823
0.9447217269738456,138.6178651352589,108.27129851674856
0.9133714074058555,138.7128192748359,107.99570387470584
0.8824797873690504,138.80791816747765,106.75725237053918
0.853649292600465,138.9036674950535,106.98618123963391
0.8244387248090581,138.99929343907536,109.21284069627372
0.7915323259263385,139.0937196010878,109.21284069627914
0.7586259270436188,139.1881457631002,108.06131732356549
0.7276239704406269,139.28321367095288,108.03202521478426
0.696670461732826,139.3782979044435,108.58179110187758
0.6648062530472155,139.47308011787047,108.6626387662339
0.6328081163147012,139.56781791605832,109.24883622209897
0.5998429443327152,139.66222183204653,109.43323474755901
0.5665735699434732,139.75652071797617,110.01310727647284
0.5323525331453178,139.8504753622348,110.33958211406873
0.4975956933255634,139.94423619225233,110.63911430292383
0.46234963458229683,140.03781279432678,110.93072394117783
0.4266272965190428,140.13121004119787,111.03409835576181
0.390736608637031,140.22454242106627,111.21370117882404
0.35455342991275285,140.31776210105517,110.85111721985257
0.3189634217471806,140.41120224956634,109.56429724715143
0.28547842851272187,140.50542478608455,109.77509858842714
0.2516491284154004,140.59951757146194,111.7332757217948
0.21462210624319666,140.69240530363845,111.7332757217948
0.17759508407099295,140.78529303581496,110.43619858824094
0.1426807171635313,140.87899370051477,110.35936066653015
0.10789151309598607,140.97274252685503,110.65259943394743
0.07262306979683167,141.06631178950835,110.72106685442022
0.037242729937406543,141.15983912621402,111.04349928086718
0.0013369044296018713,141.25316515957684,111.2006644234811
-0.0348250626831854,141.34639307006702,111.51431410218031
-0.07149634233247415,141.43942037513523,111.79580598714396
-0.10862471629740672,141.5322676422277,111.89609060537374
-0.14591544753721417,141.62504954249937,112.06470792995644
-0.18347916404888379,141.71772153590425,111.70740028955049
-0.2204616039702244,141.81061937575674,110.4010987485839
-0.25531909172312917,141.90434283443912,110.57019587959957
-0.29045129360842237,141.99795837398858,112.4928286379077
-0.3287064109230395,142.09034710251686,112.4928286379077
-0.3669615282376566,142.18273583104514,111.17757233160799
-0.4030850467070637,142.275976058236,111.0571083731444
-0.43901331562867274,142.3692942807444,111.25867969541841
-0.4752695968761613,142.46248535790878,111.31791227546127
-0.5116222661055447,142.55563907280907,110.24531786622757
-0.5462211777467664,142.6494471331876,109.60424010282412
-0.5797718486053048,142.74364630327298,110.63986012639671
-0.6150138993486168,142.83720857206546,111.6642136168134
-0.6519289313888131,142.930140867686,111.69447903753878
-0.6888930384675723,143.02305362666192,111.75053089236533
-0.7259480329868607,143.1159302035853,111.78664052259474
-0.763061523929307,143.2087833337702,111.93361073768143
-0.8004131015809357,143.30154103321743,111.94507570493005
-0.8377832219681695,143.3942912133579,112.21270560266062
-0.8755861889831036,143.48686586887817,112.21270560266672
-0.9133891559980376,143.57944052439842,110.74094239145889
-0.9488003546780216,143.67295140179942,110.5415237279148
-0.9838874422955519,143.76658914761995,112.07265819823809
-1.0214594198188438,143.85924458971155,112.59731755097103
-1.059882960492475,143.951563399723,111.73671981042409
-1.0969125208261115,144.04444126772117,111.10934273303401
-1.1329258494420318,144.1377266970327,111.18957800637304
-1.1690697306496192,144.23096148389268,111.29404360007206
-1.2053835901015533,144.32413033475785,111.36885287384895
-1.2418189892980958,144.41725149591443,111.55400910789038
-1.2785552042556425,144.5102546231222,111.59992433266726
-1.3153658632295877,144.6032280935219,111.88842288046001
-1.3526442734183304,144.69601522244412,111.88842288046793
-1.3899226836070309,144.7888023513662,112.28880901899207
-1.427848562867776,144.88132667144308,112.2962187094927
-1.4657864245225198,144.97384612784495,112.68975822941253
-1.5043586621947485,145.0661023481063,112.7760727466926
-1.5430700377852287,145.15830083269105,111.81707478228108
-1.5802300831234095,145.25112733660345,111.30272401575814
-1.616558057410334,145.3442906847831,112.4078083059096
-1.6546690646255606,145.4367191645713,113.49481766919571
-1.6945339447392556,145.5284247941332,113.06516685529157
-1.7337077200215414,145.62042136593607,112.16555172378342
-1.7714344861862321,145.71302710158233,112.21453582769468
-1.8092403396676098,145.8056003764559,112.46508054869558
-1.8474507090506296,145.8980076209308,112.46508054868947
-1.8856610784336496,145.9904148654057,112.81616147330156
-1.9244369534249635,146.08258624046238,112.81644075336199
-1.963213278271051,146.174757427887,113.1501314802807
-2.002525610419293,146.26670089913108,113.21880236686869
-2.0419482491866368,146.35859750795007,113.51420458957776
-2.081843875240698,146.45028899568698,113.67119917299686
-2.121990876106393,146.54187146934495,113.90639475303723
-2.162513091657688,146.63328749942656,114.17252554911971
-2.2034598734544,146.72451519379794,113.77595435134693
-2.2437717266977972,146.81601838640412,112.73993374667691
-2.282424940901074,146.90824126963594,112.80405506584147
-2.321181139998701,147.00042036129454,113.33271877488089
-2.3607864110708254,147.0922384077949,113.33271877488734
-2.40039168214295,147.18405645429522,113.90823526912185
-2.440917066585583,147.27547170675405,113.95158631821509
-2.481511760157055,147.366856618056,114.42904931099683
-2.522866072563114,147.45789896982782,114.59558232169952
-2.564485333037285,147.54882183998387,114.9575252427334
-2.6066774156012977,147.6394784547243,115.26369579906392
-2.649354054098097,147.7299098413467,115.4918594648996
-2.6923897773300216,147.82016911188987,115.95486022180368
-2.736154166686594,147.91007911903077,116.03021178110335
-2.78003644057487,147.99993083479978,116.66795548133037
-2.824916418922687,148.08928920711787,116.66795548133767
-2.8697963972705045,148.17864757943593,115.66040647888015
-2.913097123712918,148.2687791830021,115.5065121832307
-2.956156621100294,148.35902889682202,115.73137101932505
-2.999569794521306,148.44910855669767,115.85169556456437
-3.0431722243958728,148.5390972185883,116.00320699845405
-3.0870122610776662,148.62896984649439,116.20493853316283
-3.1311686616237138,148.71868797983788,115.97729587766418
-3.1749668688664463,148.80857799972173,115.0650483082156
-3.2173297211061795,148.89915680469258,115.0650483082087
-3.259692573345913,148.98973560966346,117.30222246811753
-3.3055586900480516,149.07859112593442,117.32096432229481
-3.351454162693158,149.16743220174126,116.49307376953855
-3.3960595552702215,149.25692386875963,116.20292604808019
-3.4402128044852427,149.3466435530188,117.33398091413004
-3.486119908812342,149.43545765814167,118.41497577207205
-3.533703252792899,149.52340625981023,118.1549505220777
-3.580885409138332,149.6115669834933,117.31899099080096
-3.626777821969012,149.70040963993947,117.31899099080118
-3.6726702347996927,149.78925229638563,116.20654392328815
-3.716829031742429,149.87896895388175,116.19084967655787
-3.760963369539693,149.96869794243634,117.84414402547874
-3.807661908253713,150.0571044342446,118.37434936849726
-3.855182879045949,150.14508675346156,117.81962053486666
-3.9018474726420553,150.23352061294634,117.22814185272003
-3.9475989574516044,150.32243592544955,117.72201858513915
-3.9941095255349564,150.4109428441688,119.33317862150645
-4.043096133741345,150.4981176305251,119.33317862151421
-4.092082741947734,150.58529241688134,118.23820387253107
-4.13939396874382,150.67338638673328,118.16880754674607
-4.186599008284532,150.76153861530278,119.532755467906
-4.235882143444585,150.84853018557175,120.19967034510046
-4.286181455595243,150.93495420050394,119.77689420349887
-4.335839265057193,151.02174276171488,119.01680837397677
-4.384343775696734,151.10918670723115,118.92971718029614
-4.4327145733773206,151.1967029415532,117.77687752449415
-4.4793155105998705,151.28517600982715,117.77687752449368
-4.52591644782242,151.3736490781011,119.36489426944429
-4.574946876553093,151.46078886715696,119.7381502780278
-4.624548415130372,151.54761523717548,119.08007670628115
-4.6731463284906605,151.63499994629043,118.43817687573403
-4.720765282093153,151.72292927255666,118.54517968801696
-4.76854808873153,151.8107690066543,118.90006183608043
-4.816874322015467,151.89831160392225,118.90006183608043
-4.865200555299404,151.9858542011902,119.2886539622346
-4.914119342142941,152.07306691669342,119.31037389686819
-4.963071249376912,152.16026119367294,119.54549480223083
-5.012380336534638,152.24725346768957,119.67025114873393
-5.061878945556173,152.3341385576922,119.28406496653639
-5.1107887596351285,152.42135164702907,118.5713858059605
-5.158612014273322,152.50917002480753,118.72188935349553
-5.206663708886065,152.59685869267622,120.60507678132488
-5.2575732652418745,152.6829246454769,120.60507678132446
-5.308482821597683,152.76899059827758,119.71068727025963
-5.358040726540559,152.85583721036872,119.41291485826467
-5.407148604922563,152.94294373963402,119.6486314168169
-5.456613922516089,153.02984661720777,119.9319101028104
-5.506508801714833,153.11650475121476,119.99751629417572
-5.556502684252734,153.20310536519708,120.38047329746067
-5.607074465724965,153.28937022524192,120.38047329746891
-5.657646247197197,153.37563508528675,120.69497565423758
-5.70869062106204,153.46162078405754,120.76039012126469
-5.759833291576635,153.5475484188002,120.22728884857251
-5.810172080578223,153.63394444204047,119.69478086926975
-5.859707882688227,153.72080833251934,120.08639107551897
-5.9098314794724365,153.80732342884545,121.6745441665096
-5.962338557707293,153.892424180282,121.67454416651005
-6.01484563594215,153.97752493171856,120.66266705922968
-6.065840245808546,154.06353725938902,120.48083768819228
-6.116563058828391,154.14971340109417,120.72421723935639
-6.1676510560121045,154.23567261042555,120.9427966804298
-6.219067025683539,154.32143699244148,121.01597188907355
-6.270592313612006,154.40713534994515,121.3183023778759
-6.32256925857447,154.4925609219491,121.31830237786698
-6.374546203536933,154.57798649395306,121.56672652338547
-6.426892964261856,154.66318576375832,121.6093154612186
-6.4793031250575766,154.74834623701437,121.02895124114984
-6.530845408388762,154.8340289026527,120.46040984150525
-6.581537493531264,154.92022312324633,120.79909236395103
-6.632734248580214,155.00610957219428,122.2932294853417
-6.686157173924832,155.09063839690768,122.29322948534485
-6.739580099269511,155.17516722162117,122.61360685037566
-6.793474655206191,155.2593957131754,122.68453111778992
-6.847473619954631,155.34355771746434,122.23613474127686
-6.900810227641423,155.42813647075147,121.67092275045418
-6.953311926924472,155.5132405407612,121.84540061827867
-7.006070136555889,155.59818046414748,123.56122489391024
-7.061350508947818,155.681506400014,123.56122489390164
-7.1166308813397485,155.76483233588056,122.75032967187289
-7.170724052083212,155.84892852526232,122.38959149353956
-7.224289065283906,155.93336738196135,122.51877440736025
-7.278044037996798,156.01768480473268,122.78889267101212
-7.332196210195879,156.10174831290328,122.78889267101255
-7.386348382394961,156.18581182107388,121.82535863348087
-7.4390788422165075,156.27077336056317,121.76860186251956
-7.491725552434074,156.35578780088423,122.86957629270705
-7.545989138848677,156.43976427546855,123.62887199654234
-7.601367852676761,156.52302488569066,123.39848349673261
-7.656409425150637,156.60650461970374,122.41454073910214
-7.710011201874861,156.69092014370165,122.41454073910214
-7.7636129785990855,156.77533566769955,122.69124142609303
-7.817621661993064,156.85949113252417,122.75177504788465
-7.871719364412917,156.9435897041691,123.5717333259722
-7.9270078797536865,157.02689474378647,124.60548925508095
-7.983797672880213,157.1091993642915,124.5912737814461
-8.040566904064715,157.19151786939824,123.45346483203032
-8.095690462033883,157.27494762737854,123.45346483203116
-8.150814020003052,157.35837738535884,123.67731104220255
-8.206262839501411,157.44159075014394,123.81737462946568
-8.261915179832494,157.524668714584,123.60115691318349
-8.317252109589926,157.60795384100453,122.77652356965888
-8.37138613276733,157.69202903767072,122.77652356965888
-8.425520155944735,157.7761042343369,124.23499853770261
-8.481772799027102,157.8587688228052,124.53599320881443
-8.5384627202628,157.94114226506736,124.67822123116146
-8.595356684212074,158.02337435106355,124.89072363847528
-8.652555507303994,158.10539523740798,124.89072363846597
-8.709754330395914,158.18741612375243,123.9140100698441
-8.765546395902364,158.2703996372823,123.87600428753645
-8.821283719148761,158.35342061027802,124.13685209375764
-8.877397960065986,158.4361862792023,124.34726190111164
-8.93381623754521,158.518746009859,124.3917371407413
-8.99029847127687,158.60126175668472,124.68670292224749
-9.047204869660685,158.6834857980766,124.68670292224749
-9.104111268044502,158.76570983946846,124.83394136276557
-9.161228695923393,158.84778725481468,124.8974508958553
-9.218437148922222,158.92980142472032,124.59098450190744
-9.275203793472318,159.01211706831853,123.71890313311637
-9.33071326958609,159.09529055701177,123.71890313311721
-9.386222745699863,159.178464045705,123.96956035741485
-9.442095465968853,159.26139376262063,124.01192148215286
-9.498029574768395,159.34428228192596,124.77941421537052
-9.555062500776943,159.42640485284537,125.74618126025327
-9.613479520186235,159.50756261897507,125.74618126025327
-9.671896539595528,159.58872038510478,124.55073584303034
-9.72860737938395,159.6710788387093,124.52411641774495
-9.785280224284387,159.75346403040487,124.64525656896583
-9.842127025233683,159.83572906488533,124.74413304333858
-9.899115811849272,159.91789602515476,124.7930548501234
-9.956174577965216,160.00001406884087,125.16396796458797
-10.013763907811146,160.08176124156097,125.16396796459736
-10.071353237657076,160.16350841428104,125.34803235495613
-10.129204738035211,160.24506995072716,125.43870754542445
-10.187185391009693,160.3265400375105,125.46721216782349
-10.245206541930237,160.40798123208305,125.57124380910385
-10.303375495743873,160.4893169805093,125.5712438091047
-10.361544449557512,160.57065272893556,125.82033503127273
-10.420066278248994,160.6517345750702,125.90067395419365
-10.47870191933178,160.73273453034577,125.60214152989833
-10.536912763163846,160.8140361563955,124.86043734360976
-10.594068222390113,160.89608726632383,124.86043734361989
-10.651223681616383,160.97813837625213,125.18067379534845
-10.70883668473522,161.05986852788612,125.2374143203489
-10.766530757362105,161.14154181080994,125.9406690404751
-10.825216313502334,161.22249169502786,126.99249670537134
-10.88538474258706,161.30235965669775,126.99249670537134
-10.945553171671786,161.38222761836764,125.98269746137684
-11.00430365797825,161.46314209935815,125.86621178919054
-11.062890568746397,161.54417730804224,125.9749061838794
-11.121630962901436,161.6251010329985,126.1198699053494
-11.180576054940113,161.70587607422024,126.119869905339
-11.239521146978788,161.78665111544203,126.52935230930818
-11.299041937300467,161.86700272530464,126.54977467637461
-11.358591440019442,161.947333216936,126.11834986410157
-11.4175324493624,162.02810716367392,125.61752820484604
-11.475767088434957,162.10939589580772,125.6185994203071
-11.534003243086241,162.19068353328998,126.06110116561607
-11.59286545252566,162.2715189924632,126.06110116562647
-11.65172766196508,162.3523544516364,126.99798063408015
-11.711896551079619,162.4322071197865,127.83463585868259
-11.773232346162196,162.51118212470215,127.83463585869256
-11.834568141244773,162.59015712961775,126.77782903581566
-11.894436867930901,162.6702499033212,126.7733788408396
-11.954299416467487,162.75034738419632,126.90892125514456
-12.014351112029523,162.8303028017936,127.04508914297976
-12.074592827452552,162.91011550054964,127.04508914297894
-12.134834542875579,162.98992819930567,127.46966241652869
-12.19566601530389,163.06929229220387,127.47266305643222
-12.256501655833924,163.14865321458464,127.03856417547861
-12.316732354350384,163.22847021928106,126.55461438943955
-12.376288642287395,163.30879568054317,126.55461438944151
-12.435844930224475,163.38912114180536,126.95681511786407
-12.495963583330989,163.46902652445863,126.96377922534082
-12.55609197387296,163.5489246333891,127.22605990362672
-12.616584792421373,163.62854575422458,127.51043503770883
-12.677472738053982,163.70786655374448,127.51043503771957
-12.738360683686594,163.78718735326436,127.85550005459399
-12.799725185040826,163.86613995540748,127.87048351133949
-12.861110379582671,163.94507656954116,127.94638528318103
-12.922600017305848,164.02393170154224,128.0491994961114
-12.984231130525625,164.10267646037178,128.04919949612224
-13.045862243745404,164.1814212192013,128.3291931949973
-13.107877333998644,164.25986373743893,128.36562840258136
-13.169942390867977,164.3382669253565,128.5160804350355
-13.232212682939577,164.41650632953636,128.81616836366697
-13.294892330703663,164.49441905581392,128.8161683636753
-13.357571978467675,164.57233178209137,128.15530552238857
-13.41934756472516,164.6509606821214,127.95451064682264
-13.480848457718116,164.72980718693233,128.04710266828914
-13.542476420289303,164.80855385770263,128.35640611360583
-13.60452885663191,164.8869670345531,128.35640611361512
-13.666581292974517,164.96538021140353,128.70915541539978
-13.729114753459989,165.04340917370666,128.8753088886694
-13.79187478909256,165.12125716075337,128.78610073599322
-13.854512931235016,165.19920201017862,128.0693474898208
-13.91617173114582,165.27792509163123,128.06934748982
-13.977830531056622,165.35664817308384,128.3195956879113
-14.039832131136867,165.43510063595994,128.50827369126898
-14.10209219038187,165.51334906203124,128.51591879541434
-14.16436265138217,165.5915891314666,129.0476182176714
-14.22735652017462,165.66924802441767,129.04761821766039
-14.290350388967068,165.74690691736876,129.32627638326525
-14.353720246974703,165.82425735227366,129.682650681095
-14.417570954185223,165.90121330297615,129.68265068110708
-14.481421661395817,165.9781692536787,129.11632663731754
-14.54450802516004,166.05575182701267,129.00839335059672
-14.607448713677384,166.13345382755827,129.1478718158922
-14.670577853825547,166.21100174371253,129.53278195539644
-14.734227048946966,166.28812444543016,129.53278195539724
-14.797876244068387,166.36524714714778,129.939347906314
-14.86207030198115,166.44191532270204,130.13714726948686
-14.926529444078334,166.51836236424015,130.175572864597
-14.991039598962544,166.59476587205424,130.81697133844003
-15.056401239496404,166.67044273183686,130.81697133845068
-15.121762880030264,166.74611959161945,130.56832693657594
-15.186794626196,166.82207837179257,130.2159562255447
-15.251358858336621,166.89843667905458,130.2159562255447
-15.315923090477241,166.9747949863166,130.64676907334194
-15.38105916171431,167.05066511972564,130.75821440722075
-15.446343161128665,167.12640896819056,130.851235593097
-15.511749572999516,167.20204617898113,131.36225733253568
-15.577828462047837,167.27709757191934,131.36225733252493
-15.643907351096157,167.35214896485758,131.68612290097434
-15.710408302289538,167.42682440265455,132.02434440066537
-15.777350024088621,167.50110722060325,132.02434440066537
-15.844291745887704,167.57539003855194,131.55734671145922
-15.910625235693324,167.65021536737086,131.43821445648575
-15.976803562420638,167.7251790934749,131.50284863314866
-16.04306612682866,167.80006779516117,131.94007960360605
-16.10989852866816,167.87444898380585,131.94007960361847
-16.176730930507667,167.9488301724505,132.18138988965603
-16.243875248768326,168.02292839031787,132.4885910387739
-16.311416652908523,168.0966663716206,132.4885910387724
-16.378958057048717,168.17040435292336,132.91967641522555
-16.44705161699453,168.2436313040833,133.0810405200971
-16.515351861868716,168.31666696461946,133.08104052009776
-16.583652106742825,168.38970262515554,132.45998032864478
-16.651156638196614,168.46347427700815,132.45322666717703
-16.71865251656917,168.5372539324868,132.56805142276124
-16.786295766929648,168.61089779023524,132.86557235702134
-16.85432086947532,168.68418978559274,132.86557235703094
-16.922345972020988,168.7574817809502,133.11107269400546
-16.990683975927105,168.8304810821401,133.3122149255849
-17.059278345025977,168.90324057422023,133.3122149255834
-17.127872714124845,168.97600006630037,133.69605774156997
-17.19695259405507,169.04829798999006,133.79149369544882
-17.26615318880019,169.12048115178524,133.8068722763031
-17.335373075289315,169.19264565343332,134.30164501004745
-17.405213624406255,169.26420981247173,134.30164501004745
-17.475054173523194,169.33577397151015,134.1427786273188
-17.54469515621156,169.40753060927847,133.62690491471193
-17.613688111207768,169.47991225972058,133.6269049147134
-17.68268106620398,169.5522939101627,133.77461113523805
-17.751860131901505,169.62449719116216,133.9396303694311
-17.8212471227418,169.69650119564773,133.9396303694311
-17.89063411358209,169.7685052001333,134.1724323651447
-17.960312841963677,169.8402264203041,134.27474366088467
-18.03011978278623,169.9118233627865,134.27474366088467
-18.09992672360878,169.98342030526888,134.5962002540693
-18.17013413554868,170.05462435005333,134.63140999425835
-18.24038541206432,170.12578535979708,134.66565428735453
-18.310679081444352,170.1969042420889,135.00874840121762
-18.38139748308979,170.2676010512711,135.00874840121907
-18.45211588473523,170.3382978604533,135.11269393860775
-18.52296209871296,170.40886592910914,135.40583573200882
-18.594168761001782,170.47907093181917,135.40583573199726
-18.665375423290605,170.54927593452922,134.71706344009468
-18.735725775769815,170.62032454544592,133.73796450700172
-18.804858902441218,170.69257232711752,133.73796450699044
-18.87399202911254,170.76482010878905,133.97098624292977
-18.943417954740767,170.8367856527558,134.1576578803987
-19.013078439237415,170.90852509838734,134.1576578803972
-19.08273892373406,170.9802645440189,134.45266492091045
-19.152767462407336,171.05164396564035,134.57853280691288
-19.222953035870344,171.12286977864028,134.57853280691288
-19.29313860933335,171.1940955916402,134.93624809303577
-19.363767251506996,171.26488158320976,134.99999999997985
-19.43447485774502,171.33558918944783,134.99999999996834
-19.505182463983044,171.40629679568593,135.42030063921575
-19.5764068426566,171.4764838140652,135.42146719311313
-19.647632655656547,171.54666938752817,135.48250748028164
-19.718932962175842,171.61677880592885,135.8423421195983
-19.790672407807403,171.6864392904255,135.84234211959972
-19.862411853438967,171.75609977492218,135.9643679462861
-19.934299098140286,171.82560692975133,136.2620354930213
-20.006546879811907,171.8947400564227,136.26203549301246
-20.078794661483446,171.96387318309402,135.94168255116958
-20.150653306951966,172.03340775655678,135.52218642025076
-20.222002387804828,172.10346801505818,135.5221864202624
-20.29335146865769,172.17352827355955,135.0349297843049
-20.364100664595362,172.24419125900062,134.74861700263781
-20.43449736441179,172.31520841055422,134.74861700263781
-20.504894064228218,172.38622556210782,135.05365852466818
-20.57566758988967,172.4568666504094,135.13531451306037
-20.646541987791643,172.5274070706085,135.13531451307193
-20.717416385693618,172.59794749080754,135.4897139240528
-20.78872570166466,172.66804812944264,135.50182960236745
-20.860049886060473,172.738133733386,135.55808136971817
-20.9314426677311,172.8081491055391,135.8472612555147
-21.00318809380736,172.87780343058043,135.84726125551327
-21.074933519883615,172.94745775562177,135.96863873544228
-21.14682607451318,173.01695967664833,136.17075256203532
-21.218963622493145,173.08620781980935,136.17075256203248
-21.291101170473194,173.15545596297045,136.3520188645323
-21.363457198328735,173.22447531118468,136.47149457774572
-21.435957230134328,173.29334385660283,136.4714945777353
-21.508457261939924,173.36221240202102,135.88923108363593
-21.580253006704424,173.43181349027952,135.7817010351178
-21.651918684446752,173.50154986381276,135.8083099079619
-21.72361660376732,173.57125281407843,136.2802394569213
-21.795886346707306,173.6403629827602,136.28023945691987
-21.86815608964729,173.70947315144195,136.41383138626486
-21.940586282973456,173.77841415898806,136.74740373311488
-22.01341711096582,173.84693278166668,136.74740373312812
-22.086247938958184,173.91545140434528,136.9817444267621
-22.15935787814041,173.9836710891438,137.18146864406665
-22.232705698783153,174.05163599454937,137.18146864406665
-22.306053519425898,174.11960089995495,137.50619385553026
-22.379785080633486,174.18714876620544,137.58081524120027
-22.453604825317,174.25460079697302,137.5141681663074
-22.527345628577912,174.32213825567752,136.938970429113
-22.600405138994375,174.39041298817455,136.9389704291263
-22.673464649410842,174.45868772067155,137.15116948733825
-22.746775648930036,174.52669059767354,137.51820669867288
-22.820521643021852,174.59422325285044,137.51820669866225
-22.89426763711367,174.66175590802737,137.86814301177955
-22.968423980999003,174.7288362388468,138.0530050516813
-23.042797102729498,174.7956776176768,138.05300505168265
-23.117170224459997,174.8625189965068,138.5237400729986
-23.192089899195576,174.92874700534173,138.54071783631144
-23.26702928640504,174.99495289182093,138.36303822340085
-23.341762149732936,175.06139009521536,137.94118523478036
-23.416004680671378,175.12837649502669,137.94118523478036
-23.49024721160982,175.195362894838,138.33118205621517
-23.564942835719563,175.26184138192747,138.58849095451652
-23.639937399222408,175.32798476107345,138.58849095452217
-23.71493196272517,175.39412814021935,139.1394014818669
-23.79055879123435,175.45954717698604,139.1773018432065
-23.86622911762297,175.52491638123445,139.33139577864844
-23.942074313908993,175.59008126820632,139.7039633905684
-24.018342307362857,175.65475216068776,139.70396339055597
-24.094610300816722,175.71942305316924,139.2925107074801
-24.17041095527684,175.784639142152,139.0900902985722
-24.24598169370923,175.85012345059775,139.1058303684531
-24.321570301522772,175.9155868944414,139.75344525686242
-24.39789411770011,175.980191896136,139.75344525686242
-24.474217933877444,176.04479689783062,139.99043330393243
-24.550807347726376,176.10908484195105,140.34104766785816
-24.627789701405742,176.1729037136256,140.341047667872
-24.70477205508511,176.23672258530013,140.7497047104191
-24.78220715308482,176.29999037954968,140.848495908926
-24.859751701079098,176.36312495198186,140.69329625146753
-24.937123978038354,176.4264685457558,140.16223184820015
-25.013906783230894,176.49052736237456,140.16223184819884
-25.09068958842343,176.55458617899333,140.54574860688783
-25.167898402515963,176.618128741398,140.77940859743163
-25.245366766421345,176.68135677120802,140.80011353909003
-25.32285785156825,176.74455670238743,141.30088524887944
-25.400898467862362,176.80707704602264,141.30088524887944
-25.478939084156472,176.86959738965786,141.5017676782856
-25.5571978928917,176.93184331494137,141.72207826562627
-25.635695996248288,176.99378828188173,141.72207826561348
-25.714194099604875,177.05573324882212,140.96354853579345
-25.791864749004276,177.11871155983928,140.90567054279526
-25.869472259460927,177.18176872026183,141.08183992024254
-25.947272609940082,177.24458641384624,141.40610400186804
-26.025427907791006,177.30696333728483,141.40610400186932
-26.103583205641932,177.36934026072342,141.71048614432783
-26.182068485590996,177.43130087999145,141.78992690598213
-26.26063988801715,177.49315284746703,141.57436924705027
-26.33897635103707,177.55529864039187,140.91922550097274
-26.416598777299622,177.61833743876986,140.91922550097402
-26.49422120356218,177.68137623714784,141.20905818553956
-26.572161030334637,177.7440211819336,141.351168708122
-26.65025648516718,177.8064730121256,141.3840201755863
-26.728387631053327,177.86887997178061,141.64974338454138
-26.806807467477423,177.93092399175873,141.6497433845286
-26.88522730390152,177.99296801173688,141.91824994106182
-26.963936356450713,178.05464331817288,142.12951648865695
-27.042872970584398,178.11602851271473,142.14686840662242
-27.121828035706383,178.17738969311392,142.79756993791622
-27.201475002926358,178.23785035613122,142.79756993791622
-27.281121970146334,178.2983110191485,143.07306928196067
-27.3610578621628,178.35838735824126,143.33263095212246
-27.441265964755484,178.4181016064431,143.31575134933166
-27.521456312475873,178.47783936306465,142.54308654646977
-27.600833954506662,178.53865318637366,142.543086546471
-27.680211596537454,178.59946700968268,142.82178922937078
-27.759883177857734,178.6598932901991,143.09851637116458
-27.83984661494032,178.719934774939,143.09877158862406
-27.919810318221995,178.77997590255328,143.50027119469328
-28.000192793622986,178.8394552166737,143.50027119469328
-28.080575269023978,178.89893453079415,143.62485375714277
-28.161086703670744,178.95823878939044,143.7433445297429
-28.241720791773286,179.0173765522472,143.7077055683262
-28.322317610760674,179.07656411517212,142.63614434806695
-28.401793919737756,179.13724893593653,142.63614434807866
-28.481270228714834,179.1979337567009,143.54527898469544
-28.561689894720466,179.25734288565047,144.3989957922226
-28.6429954182359,179.31555407878122,144.4221953290334
-28.724324392594124,179.3737322652496,144.81431814949013
-28.806049734309003,179.4313525714048,144.8143181494984
-28.887775076023786,179.48897287755992,144.22092514101007
-28.968896493959058,179.54743446406272,143.83937015821982
-29.049629581495676,179.60643700414903,143.89207324042832
-29.130416681855554,179.66536509269025,144.2406470048434
-29.211561016343897,179.72380076792612,144.2406470048434
-29.29270535083224,179.782236443162,144.38920288421636
-29.37400078711877,179.84046143417288,144.46350462238007
-29.45537179857422,179.89858104923138,144.21976170988705
-29.536492043785724,179.95704429332523,143.29565492450263
-29.616661592883826,180.01681029166235,143.29565492448958
-29.696831141981928,180.0765762899995,144.53422333046566
-29.778266205396132,180.13458999710423,145.0303006517229
-29.860208171781398,180.19190182227794,145.12473246667457
-29.942244188753605,180.2490783108028,145.3758852259556
-30.024530343875597,180.30589485623696,145.375885225969
-30.10681649899759,180.3627114016711,144.46640256100105
-30.18818853654903,180.42082553451235,144.29665699746838
-30.269389956564392,180.47918185848263,144.40974576461164
-30.350706141608647,180.53737761065975,144.59449490061937
-30.432209814035573,180.5953110426378,144.59449490061937
-30.5137134864625,180.65324447461586,143.5619967389543
-30.59415894659278,180.7126363844478,143.47927633302845
-30.674519621624697,180.77214514908164,144.2594021642025
-30.75567338909213,180.8305472853765,145.26430756051064
-30.837848743848678,180.88752396683884,145.26551001008272
-30.920025288742835,180.94449891981822,145.63740378673802
-31.002569916980345,181.000939291087,145.63740378672458
-31.085114545217856,181.05737966235583,145.01198045592187
-31.167034652066707,181.11471521470978,144.55963305060982
-31.248503059576553,181.1726982272017,144.59616528877999
-31.33000830534423,181.2306292008493,144.85107152116942
-31.411770591787317,181.28819707101516,144.85107152117058
-31.493532878230408,181.34576494118102,145.99916520283728
-31.576424360147357,181.40167770891935,146.54131479202968
-31.659849095322503,181.45680886817425,146.2453169476534
-31.742985076689227,181.51236838435136,145.49115872072755
-31.825385374519996,181.5690192632256,145.49115872071417
-31.907785672350766,181.6256701420999,145.78983240801708
-31.990479970189643,181.68189058384206,145.84061112311247
-32.073224252372455,181.73803784491398,145.3484416576884
-32.15547928373878,181.7948911014879,144.71591622743753
-32.23710554569784,181.85265168076495,144.71591622742426
-32.318731807656896,181.91041226004202,146.5424024343524
-32.40215704904942,181.96554147858566,146.56568192464792
-32.48560522322781,182.0206371534261,146.787750260918
-32.56926587583254,182.07540869981054,146.94161273839157
-32.653073746632316,182.1299556699541,146.70933884911767
-32.73665712385976,182.18484018675395,145.80467964559554
-32.81936617855828,182.24103932758996,145.804679645609
-32.90207523325681,182.29723846842595,146.0069863027904
-32.984982065926125,182.35314512593348,146.06200493325653
-33.067942685723374,182.40897224051673,146.20149229151116
-33.151038561708134,182.46459694683983,146.43356771532464
-33.23435947301231,182.519884892174,146.43356771533823
-33.31768038431649,182.57517283750812,146.91010671591403
-33.401458173803334,182.62976583567797,146.92230054058177
-33.48524765416257,182.68434105112385,147.06722663535942
-33.569174722895035,182.73870403015582,147.16872509044956
-33.65319815118879,182.7929183701186,146.90090380792589
-33.73696375642527,182.84752259832726,145.8799997644875
-33.81974661813164,182.9036129626293,145.87999976448523
-33.902529479838,182.95970332693133,147.26581163509013
-33.986638186197816,183.0137710563361,147.63002115991276
-34.07109537354157,183.06730716252443,147.72093117209747
-34.15563725446869,183.12070910353793,147.8445306936092
-34.24029428313805,183.17392863619938,147.76215668848158
-34.3248733727341,183.22726898119834,146.50131279077803
-34.4082595968446,183.28245837137817,146.5013127907667
-34.49164582095511,183.33764776155803,146.77920250315879
-34.5752982363492,183.39243174573798,146.9205453065674
-34.6590860447785,183.4470095280165,147.06422786668182
-34.74300976346894,183.5013765726574,147.4413806750572
-34.82729023123304,183.5551904548189,147.4413806750572
-34.911570698997146,183.6090043369804,147.6745349526805
-34.99606937841568,183.6624747635528,147.69962554935944
-35.08059154046386,183.71590822949443,147.89206528002202
-35.16529228019988,183.76905725051864,148.058254507185
-35.250147238100816,183.82196062734337,148.14112765123846
-35.335078221412495,183.87474096173517,148.5195983361906
-35.420356400313224,183.9269593815045,148.5195983362045
-35.505634579213954,183.9791778012738,147.5666542652334
-35.59003018890066,184.0328058086368,147.377493808611
-35.67425059985905,184.08671363309512,148.2903271345617
-35.759306450778936,184.13926503610787,149.36345043133
-35.84534442578554,184.19022186113253,149.2308158368177
-35.93126273591876,184.24137684206096,148.38161952337617
-36.01641491606865,184.2938004758109,148.38161952337828
-36.101567096218545,184.34622410956086,148.73973867596354
-36.18704482378718,184.39811421574439,148.8370343569305
-36.272610998311485,184.4498593694992,148.9111308656092
-36.3582439316682,184.5014937704486,149.002065559211
-36.443958794568196,184.55299225040548,149.03082287215562
-36.52969941169364,184.60444765319653,149.25068712044998
-36.61563693246477,184.65557370999286,149.25068712045203
-36.7015744532359,184.7066997667892,148.4428058708306
-36.786780294812615,184.75903104012698,148.22597755555145
-36.87178975400577,184.81168579307024,148.3959433649819
-36.95695455201418,184.86408783868822,148.61606194190097
-37.04232052533608,184.91616260953398,148.7869338677863
-37.127837704396235,184.9679803125922,150.45636109688488
-37.21483196422439,185.0172868021933,150.4563610968869
-37.30182622405255,185.0665932917944,149.49042264751347
-37.38797373330133,185.1173574512679,149.23960987872994
-37.47390136804397,185.1685001217825,149.3474707793483
-37.55992495352236,185.21948083721978,149.47091237813626
-37.64605834997017,185.27027620291582,149.51387967084398
-37.73222967105043,185.32100687655077,149.76859436776496
-37.81862581268002,185.37135404997042,149.76859436776496
-37.9050219543096,185.42170122339007,150.0715425136755
-37.99168284566737,185.4715907370973,150.13384630871107
-38.078398185242214,185.5213861288746,149.43930979945773
-38.164497782284315,185.57222558882972,148.80592613451174
-38.25003584963752,185.62401719233168,148.89259402187454
-38.335651729315416,185.67567908775302,149.2746965546615
-38.42161066659161,185.72676912848678,149.27469655465939
-38.5075696038678,185.77785916922053,149.72098393889985
-38.593923446387386,185.82827786414683,149.79472782241064
-38.680342543121604,185.8785856257694,150.8780536457558
-38.76768424150952,185.92724322004776,151.7865263869347
-38.85579964366756,185.9745169660635,151.4676052306597
-38.9436469422912,186.02227848806714,150.62314082373805
-39.03078435742181,186.07133154142966,150.62314082374007
-39.11792177255242,186.12038459479217,149.55516523874104
-39.204129447323,186.17105305772856,149.5321608590002
-39.290317094165424,186.22175631888203,150.93220646424697
-39.37770430581947,186.27033109840878,151.6585614819993
-39.465713906694525,186.3178015240825,151.25824726684
-39.55338629051732,186.36588382415727,150.6212425189413
-39.640522080390575,186.41493976450084,150.65838626427615
-39.727689470215985,186.4639391028007,151.03100672866682
-39.81517386379421,186.51237062187747,151.03100672868106
-39.90265825737243,186.5608021409542,151.38658560469477
-39.990441120657195,186.60868957671033,151.47297979460234
-40.0782965028849,186.65644481698232,151.72375852332368
-40.1663593096167,186.7038146600257,151.94788828755708
-40.2546074990374,186.75084005979858,152.08100265813036
-40.34296403088697,186.79765995078705,152.45650171191056
-40.43162618131647,186.8439001307288,152.45108234708144
-40.5202838916198,186.8901486621765,151.54829384423883
-40.6082019711483,186.93778837724543,151.54829384424076
-40.696120050676804,186.98542809231435,151.9459293179006
-40.78436585067947,187.03245609280498,152.0921627506391
-40.87273217318522,187.0792591291022,152.35379080981724
-40.961310238510514,187.1256576239965,152.6514164101012
-41.050129180214135,187.17159591689557,152.4607909600224
-41.13879301126544,187.21782853078253,151.76905852244016
-41.22689399689906,187.26512913849763,151.76905852245451
-41.314994982532674,187.3124297462127,154.07907495530148
-41.40492671658995,187.35613884527862,154.2111004931744
-41.494963112597596,187.39964262159472,153.55388758759298
-41.5844923465184,187.4441751649444,153.30410256197194
-41.67382882118183,187.48909871616806,153.5817841272974
-41.76338085302378,187.5335882231859,153.87561512605774
-41.85316097833424,187.5776184430249,154.0220137343447
-41.94305247069988,187.62141870802765,154.44260019070555
-42.03326390535151,187.6645583443024,154.4038549371883
-42.123445666994364,187.70775874466554,153.50198597501696
-42.212936761776604,187.7523734856656,153.50198597500057
-42.302427856558836,187.7969882266657,153.92365620436655
-42.392244284338965,187.8409428667462,154.02493257599764
-42.48213885096688,187.8847389630404,154.31398232138923
-42.57225239304618,187.92808060062774,154.52200374311576
-42.66252352626192,187.97109517568987,155.41604149910418
-42.75343565740812,188.01268721435596,156.96513888702714
-42.84545835411321,188.0518146273928,156.75647572496644
-42.93733538964632,188.09127581667286,155.88159664728042
-43.02860172207222,188.13213640557385,155.88028992403036
-43.119867102693995,188.17299906703636,154.78539383358606
-43.210335020428246,188.21559821046267,154.7853938335878
-43.300802938162505,188.258197353889,156.64922994982422
-43.392595627930774,188.29782599254682,157.14321515634586
-43.484739488654796,188.3366672089374,156.39853426347693
-43.576366011985144,188.3767006441019,155.9420177617118
-43.66767538308301,188.41746496562868,156.2572043723133
-43.75920577885777,188.4577255671371,156.67571279324557
-43.851029652621094,188.49731732596294,156.84890487211172
-43.94297153345773,188.53663080716638,157.3643385250347
-44.03526460869928,188.575116121538,157.41857122360025
-44.12759362230157,188.6135138732984,158.00618340995644
-44.22031202186898,188.65096289920677,158.00618340994285
-44.313030421436395,188.6884119251152,158.5566200570015
-44.4061039710138,188.7249683652453,158.5996920216227
-44.499205311695874,188.76145495898882,157.43663236386595
-44.591541483067324,188.79982155100777,157.1071381004523
-44.683660868633794,188.83872077931224,157.38546724101883
-44.77596742786192,188.87717176421094,157.56481444236695
-44.86839459662996,188.91533391343444,158.6514119788126
-44.961507884951686,188.95172826263254,160.01067128295227
-45.05547943291334,188.98591128961263,159.60529367336957
-45.14920170121412,189.02075643227667,158.72766192428023
-45.24238430227685,189.05703499370088,158.50109426275364
-45.33541915617921,189.09368034473886,157.39202921446426
-45.42773082035156,189.1321210499556,157.39880540380696
-45.52004682028462,189.17055075013835,159.60109742929393
-45.61377161500428,189.20540464539533,159.60109742929254
-45.70749640972394,189.24025854065232,158.27652268665275
-45.80038673611066,189.27726818839201,158.07714567529194
-45.89315144611514,189.31460235153537,158.3849392603417
-45.98611483668671,189.35143743151934,158.5087310254322
-46.07915813508748,189.3880717840115,158.6982530827803
-46.17232170818325,189.42439801566482,158.84498234040055
-46.26557839882868,189.46048569790813,158.94536186238204
-46.35889797167672,189.496409867055,159.08454381241273
-46.45230473425509,189.53210731604597,159.2488194845337
-46.545812463760875,189.5675364288426,159.6758047051547
-46.63958262436945,189.60226808787684,159.74773649945377
-46.733395878746805,189.636881835244,160.17200449707235
-46.827463306468196,189.67080012237213,160.14044140900467
-46.92151129136398,189.7047699555923,158.4957458630024
-47.01454628479149,189.7414253939033,158.49574586301753
-47.10758127821901,189.7780808322143,160.14515534682474
-47.201626932306446,189.8120410768696,160.3935414306486
-47.295824803254476,189.84559539505202,160.5260680771511
-47.39009994826538,189.878931711137,160.57121176692672
-47.484401415824735,189.91219376723674,159.59970302791726
-47.578117280637834,189.94704693787006,159.016953104854
-47.67148186665082,189.98285455212252,160.00444090591273
-47.76543475356735,190.01704235977866,161.06180705303717
-47.860017567199236,190.04949574982197,160.40507391161393
-47.95421157864046,190.08302732970748,159.2789331455814
-48.047738915346194,190.11840766956692,159.3217321326665
-48.14129256707354,190.15371810321977,159.465052949423
-48.23493433973707,190.1887944424281,159.47124815827794
-48.32857989927861,190.22386065427477,159.5308508136778
-48.42226189148117,190.25882943316094,159.53085081367922
-48.51594388368374,190.2937982120471,159.47824861003724
-48.60959373054002,190.32885298327457,159.47601533511778
-48.70324221263587,190.36391140538646,159.70215783757416
-48.79702818168183,190.39859987340395,159.75058421028032
-48.89084359238829,190.43320911890004,159.8572462503535
-48.984723196720196,190.46764363081837,159.90476880811786
-49.07863140210534,190.5020002913251,159.92336069508966
-49.172550747073764,190.53632647637542,159.93784798682887
-49.26647877230136,190.57062891414125,160.0957111078744
-49.36050048425017,190.60467225922912,160.3026370411823
-49.45464500002093,190.63837598765966,160.37791404621436
-49.54883353321149,190.6719559319918,160.5467589507362
-49.64312079653116,190.70525823124453,160.56965825641748
-49.737421329487574,190.73852283267334,160.66909661781975
-49.831779484728564,190.77162373446384,160.55875375699028
-49.92607130542479,190.80490544257864,159.03656992317084
-50.01944814570711,190.84068108874638,159.03656992315564
-50.11282498598943,190.87645673491414,160.83693009920057
-50.2072759567705,190.90927979698264,160.98132815623987
-50.30181309237644,190.9418660080427,161.1353770805055
-50.39643741931215,190.9741978959421,161.17147250609926
-50.491082176197324,191.00647019294712,161.2183200921031
-50.58575327495572,191.03866508871823,161.23868539504213
-50.680435824897025,191.07082633708393,161.20593477989289
-50.7750999648213,191.10304169757407,161.1826709264426
-50.86975102749675,191.13529549571075,160.32501502989848
-50.963896883167074,191.168958226462,159.36427277563328
-51.057476813622365,191.20419922213196,159.95743088163744
-51.15140653924417,191.23846589984907,161.13788620201368
-51.24603236212039,191.27079367126672,161.1403584806824
-51.34065957952178,191.30311735950036,161.14908014332642
-51.43529171650534,191.335426643147,160.96091980223483
-51.52981300270203,191.3680450636487,159.397121242585
-51.62341312192964,191.40323240285483,159.39712124260026
-51.71701324115725,191.43841974206092,161.1846666195873
-51.81166403506035,191.47066976900163,161.23868539505887
-51.906346585001664,191.5028310173673,161.30605035850152
-52.001066871965826,191.534880917773,161.3171681769074
-52.095793386996334,191.56691244146455,160.05493169812604
-52.1897835879989,191.60102006290168,159.62745644610547
-52.283524407390956,191.63583083622711,160.80184636406688
-52.377946502652506,191.66870867696784,161.54180502071407
-52.472797873792025,191.70036856567233,160.55308054275292
-52.56707504416286,191.73365560106694,159.5835297598964
-52.66078914779622,191.76853823198869,159.5835297599131
-52.75450325142959,191.8034208629104,159.5835297598964
-52.84821735506295,191.83830349383214,160.04680986082695
-52.942200529483166,191.87242364294596,161.54180502073206
-53.0370519006227,191.90408353165043,161.2967365906064
-53.13176108552228,191.9361468346378,159.6274564461115
-53.22550190491444,191.97095760796327,159.6274564461115
-53.3192427243066,192.00576838128873,159.67116597618374
-53.41301007254362,192.0405076318879,159.6714081585911
-53.506777567769625,192.07524648619938,161.39925850240442
-53.60154295443256,192.10713992763803,161.67687037506133
-53.696468694925336,192.13857613211206,160.26304483665285
-53.7905805826464,192.1723415653746,159.80341314937016
-53.88442786454095,192.2068642947106,159.85836287870347
-53.97830818635367,192.24129699403957,159.89154104695055
-54.07220845738325,192.27567533402865,160.9064335477689
-54.16668770886861,192.30837982779158,161.9476337047606
-54.26176094728899,192.3393670912411,161.23193813831182
-54.35642815398539,192.37153556284395,160.11229497111358
-54.45046018344245,192.40555186181984,160.5831267573759
-54.54475964337839,192.43879116155696,161.90244815846464
-54.639808414547254,192.4698533935939,161.90424217576526
-54.73485815802814,192.50091264941454,161.91374236407896
-54.82991305037088,192.53195614473222,161.81685945863947
-54.92491297139264,192.56315955670794,160.14546138121824
-55.018964675873185,192.5971214183197,160.14546138121824
-55.113016380353734,192.63108327993143,161.87091156281994
-55.20804471222575,192.6621967342285,162.00414831571317
-55.303148469176186,192.6930902056058,160.32419890705066
-55.39729709772241,192.72675544034067,159.96873447772273
-55.49124360074955,192.76100723925407,159.92264879235958
-55.585162509818595,192.7953345878228,159.9025640260451
-55.679069393065646,192.82969486195816,160.97834287195533
-55.773592090352274,192.86228160640434,161.80086585203364
-55.868585640513906,192.89351230584447,160.88454004322494
-55.96305348375823,192.92625327871835,159.8144236938694
-56.056907398161655,192.96075797276106,159.80715014718783
-56.15075692999667,192.99527458046643,159.79240416127945
-56.244597576855156,193.02981534127179,160.1786857115708
-56.33866035528412,193.0637195578548,161.7332100010113
-56.433616961476126,193.0950624055289,161.55308083730122
-56.52846997913786,193.1267020983579,159.79240416129332
-56.62231062599634,193.16124285916322,159.79240416129332
-56.71615127285482,193.19578361996855,161.3988874983212
-56.81092188770963,193.22767950413544,161.4631148359448
-56.905729687626604,193.25946963207994,161.377003909876
-57.00048958390682,193.29140220626502,161.36204816637556
-57.095241160281674,193.3233595205187,159.97864741593997
-57.18918402840994,193.35759158150128,159.49575158708495
-57.282844581264136,193.39261774313624,160.54496249705426
-57.37712051683154,193.42591936614372,161.22747952089367
-57.471796774884375,193.45809913185045,161.21089681498398
-57.56646371134269,193.49030629629334,161.19387083862267
-57.661121077032,193.52254159186492,160.5101850897548
-57.75537613742538,193.55590020430822,159.3971212425988
-57.84897625665298,193.5910875435143,159.83509130292262
-57.942834103341404,193.6255552560887,161.19387083864598
-58.037491469030755,193.65779055166024,161.19826983552773
-58.132151307517184,193.69001857899946,161.22747952086283
-58.22682756557002,193.72219834470624,161.19557411337007
-58.321485107545875,193.75443056004642,159.49575158708495
-58.41514566040007,193.78945672168138,159.49575158708637
-58.508806213254275,193.82448288331634,161.14382206251852
-58.60343020095875,193.85679908090228,161.36204816643223
-58.69818177733366,193.88875639515587,159.81918108035222
-58.79202852301047,193.92324960843715,159.36427277560279
-58.885608453465764,193.95849060410717,159.33647233176157
-58.97917126731898,193.99377699909067,159.32049687657465
-59.072724245159584,194.02908948267626,160.26871803960154
-59.16683575908278,194.0628442641383,161.22747952089367
-59.261512017135615,194.09502402984504,160.47690742182962
-59.35574567977681,194.1284366688268,159.27674621214686
-59.44927166597548,194.16382057852303,159.27674621214686
-59.54279765217415,194.19920448821927,159.2767462121164
-59.63632363837282,194.23458839791556,159.4871792871341
-59.72997372557697,194.2696266176001,161.22747952089367
-59.824649983629804,194.30180638330683,161.22747952089367
-59.91932624168264,194.33398614901355,159.3292170899972
-60.01288435697282,194.3692843047583,159.3204968765531
-60.106437334813315,194.4045967883439,160.76401254146003
-60.20084522038402,194.4375395955292,161.00367560460168
-60.29539505861219,194.470088931173,160.9456342570624
-60.389911858610105,194.50273402446388,160.9254858266059
-60.48441718973948,194.53541235899854,160.79982857263607
-60.57885049005722,194.56829783027723,160.72476536620692
-60.673240761689385,194.60130703779637,160.56127972263755
-60.76753608894749,194.63458530861962,160.4024156636514
-60.86173915581224,194.6681250366015,161.04455687266886
-60.95630266996986,194.7006036302328,162.0742767537098
-61.05144416842139,194.73138067414916,161.45327981903438
-61.14623232853889,194.7631823177773,159.8717035975666
-61.24012069116897,194.797593166684,160.08971195821192
-61.3341355018787,194.8316451477488,161.3081950293302
-61.42885699925956,194.86369150625882,161.29555617620815
-61.52357137039503,194.8957587399967,160.99473590467073
-61.6181161288907,194.92832282759056,160.99473590468298
-61.712660887386264,194.96088691518437,160.61329217589662
-61.80698658887051,194.99407964368098,160.58232911814363
-61.901294508637136,195.02732340142762,160.17233081281324
-61.995361543186625,195.0612409413975,160.07251360792696
-62.08936993192758,195.09532252008975,161.0851216733555
-62.1839588869807,195.1277350020482,161.5688011462845
-62.278825164821214,195.15935019599846,160.24335610638389
-62.372915647475466,195.19314444861612,159.23739221388
-62.46641730793405,195.2285925889244,159.7969080474153
-62.56025472630583,195.26312378593454,160.540091279751
-62.65453811350481,195.29643705743572,159.77765143138149
-62.74835121728807,195.33099511077918,158.06638926228854
-62.84110891673537,195.3683466884309,158.234842531392
-62.933973793348606,195.40542449796925,159.17403164687462
-63.0274361962993,195.44097601544053,159.16700390870378
-63.12089418092949,195.47653897480018,158.59752496568657
-63.21399414153953,195.51302908982083,158.59752496567853
-63.30709410214968,195.54951920484154,156.67907069707877
-63.39891219200581,195.5891020884461,156.3770486211455
-63.490528440290575,195.62917195505497,157.24406813668622
-63.582735580507254,195.66784884329093,157.650299680909
-63.67521958426363,195.7058730488582,157.45681976594753
-63.76757416930264,195.74420913965392,157.2770794575901
-63.85980852601602,195.78283496781975,157.12125559196318
-63.95193686072178,195.82171123004125,156.83188965393683
-64.04386831245996,195.861052548539,156.74191457766173
-64.13573733484411,195.90053795371716,156.31622029863155
-64.22731099115161,195.94070506252902,156.31622029863155
-64.31888464745911,195.98087217134088,157.71385023544542
-64.4114105040525,196.01879366459966,157.72732618142115
-64.50394554267024,196.05669350348904,155.90082545311816
-64.59521602421914,196.09751918487297,155.52441027877597
-64.6862258567203,196.13894793754474,156.32479686901289
-64.77780031145726,196.17909905258603,156.79175530117433
-64.86970418297082,196.2185047572574,155.74709807035867
-64.9608562207616,196.2595713099115,154.49756069184383
-65.05110899524132,196.30262439178196,154.76615384942951
-65.14155944444104,196.34525242342747,155.61973983453788
-65.2326380807046,196.38652969533584,155.5999863794705
-65.32370236154249,196.42783831127264,155.16512171502143
-65.4144506162702,196.469836947247,155.16512171500665
-65.50519887099792,196.51183558322137,154.74334906142752
-65.59563503600113,196.55450088138912,154.662744131152
-65.68601155704883,196.5972935864116,154.318842208198
-65.77612863298621,196.6406275119894,154.1138961707604
-65.86609109375682,196.68428397556502,154.65121888162705
-65.95645312894368,196.72709207552367,155.44576851907186
-66.04740601238449,196.7686457053727,155.3153285674538
-66.13826314299219,196.81040587030526,154.80790649803933
-66.2287477918029,196.85296946377917,154.80790649804885
-66.31923244061372,196.89553305725312,154.15013185946628
-66.40922245841058,196.93913260013042,154.14627986514398
-66.49920957953496,196.9827382097647,155.1027639010757
-66.5899083311505,197.02483385071193,155.38581870659775
-66.68081768635113,197.06648262376515,154.12629452453058
-66.77077330284955,197.11011171883743,153.1825153730588
-66.86001424430718,197.1552247494116,153.57211126505837
-66.9495556835914,197.19972784326302,154.36126983348174
-67.03970579141934,197.2429954895873,154.4947805006683
-67.12995453384296,197.28605202387075,155.5534083676241
-67.22098532228134,197.3274347100586,155.5534083676241
-67.31201611071971,197.36881739624647,153.50452228012566
-67.40150386138752,197.41342552428932,153.31408025991138
-67.49084815784884,197.45833351744935,154.10633801757695
-67.58080074487282,197.50199985090597,154.4853428953033
-67.67104433662799,197.54507217736918,154.34049368931522
-67.76117841127714,197.5883723480537,154.17057928374194
-67.85118401765922,197.63193978979209,154.0984291598447
-67.94113446186418,197.67562042634447,153.8675547530075
-68.03090839211275,197.71966327602013,153.86455817222648
-68.12068000697057,197.76371081503146,153.5761180011976
-68.21022875152144,197.8082097308519,153.5761180012122
-68.29977749607231,197.8527086466723,153.3585994730316
-68.38915647437315,197.89754711234184,153.2961216615239
-68.47848669063411,197.9424831070743,153.95342846516928
-68.568321453348,197.98638887463414,154.5179292107852
-68.65858952739681,198.0294098691293,154.3056810645841
-68.74869631451377,198.0727643339946,153.85949549245709
-68.8384640487792,198.11681981089228,153.80086557005436
-68.92818620399679,198.16096690091777,153.23829358145488
-69.0174710212986,198.205993032877,153.23829358145855
-69.10675583860044,198.2510191648362,152.73857323658314
-69.19564398131728,198.29682199864186,152.6533887584463
-69.2844645043467,198.34275723401285,153.20582919839305
-69.37372105920454,198.38783256682268,153.5701037396837
-69.46326513227025,198.43234088221016,152.70019708886394
-69.55210564550232,198.47819450333571,151.21310737374614
-69.63974352472599,198.52634773048626,151.29754572779873
-69.72745127355248,198.57437120355775,152.18399691504158
-69.8158924988258,198.62103254550135,152.18399691504158
-69.90433372409913,198.66769388744495,151.51104342413333
-69.99221953177928,198.71539005669368,151.36887623161022
-70.07998800015524,198.76330484688177,151.73560265432386
-70.16805985635949,198.81065608631255,152.0394773433311
-70.25638310453756,198.8575403586339,151.33712050866356
-70.34410825317136,198.9054946302342,149.5525941594948
-70.43031397675395,198.9561671512039,149.5525941594948
-70.51651970033654,199.00683967217364,150.28419947417467
-70.60336513571418,199.05640718024782,150.31276546197006
-70.69023554971722,199.10593154123055,149.68974621344915
-70.77655969638707,199.15639602587837,149.36900296552216
-70.86260260921574,199.2073445127233,149.53827503214484
-70.9487949219429,199.2580381385398,149.87321149909536
-71.03528284907922,199.30822747624708,149.81514239514786
-71.12171799989288,199.3585033585296,147.3757204735244
-71.2059367423349,199.41241378962897,147.3757204735063
-71.2901554847769,199.46632422072838,147.78216986788692
-71.37475338527027,199.51963513560975,148.00248239907188
-71.45955680646544,199.5726210857609,148.2106363630683
-71.5445507914367,199.62529774774794,148.72002741411947
-71.6300111159149,199.67721753299315,148.72002741411947
-71.71547144039309,199.72913731823837,147.8697386615666
-71.80015138288317,199.78231929052689,147.8248251008159
-71.88479010288653,199.83556793591833,147.36635705647853
-71.96899813602482,199.88949091413645,147.0435809054207
-72.05290295021796,199.9438886467643,146.9069475582503
-72.13667686944365,199.9984857036868,146.37112800348356
-72.21993747966587,200.05386441751492,146.37112800348356
-72.3031980898881,200.10924313134302,146.9465059010391
-72.38700956948361,200.16378226112244,147.089367323013
-72.47095782740087,200.21811292605935,146.74589967412908
-72.55457679983633,200.27294448348067,146.2689916846879
-72.6377385588929,200.32847153085802,146.27701706291427
-72.72090803612005,200.38398689013695,146.85389831059953
-72.80463230248313,200.4386620982462,146.853898310604
-72.88835656884622,200.49333730635544,146.2742053365864
-72.97152082550205,200.5488550806895,145.9262854705369
-73.05434897211723,200.60487855155773,145.7619104314026
-73.13701477558018,200.66113854654324,145.1446125420377
-73.219070922708,200.71828677379804,145.1446125420243
-73.30112706983581,200.77543500105287,144.64760285721374
-73.38268350483267,200.83329222221766,144.50159700035073
-73.46409313839649,200.89135772594244,144.72944128387198
-73.5457316370342,200.94909804795788,145.22212178447467
-73.62786501869024,201.00613521809782,145.22212178447003
-73.70999840034628,201.06317238823777,144.5886838269456
-73.79149552489028,201.12111360864864,144.50325401086684
-73.87290683769132,201.17917675795906,144.78408582826296
-73.95460043406344,201.23683923970393,145.16481828511297
-74.03667672979608,201.29395852575195,145.16481828511763
-74.11875302552875,201.35107781179997,144.41491472037595
-74.2000746327191,201.40926635108477,144.40560730236345
-74.28138687283537,201.4674681617706,143.29598654909378
-74.36154333321855,201.52722368075732,142.3044077227354
-74.44066695320134,201.5883676413802,142.3046992779135
-74.51979088173299,201.64951119737475,143.04100912883882
-74.59969401546714,201.70963291041835,143.04100912883882
-74.67959714920129,201.76975462346195,142.7378148143987
-74.75917989118426,201.83029746262153,142.43140797117746
-74.83843884670202,201.89126588994287,142.43140797115564
-74.91769780221986,201.95223431726433,143.12790680650068
-74.99769186982314,202.01223465769118,143.14650538251033
-75.07770556757337,202.07220914670248,142.85276032222916
-75.15740957634637,202.13259218227603,142.52733694357133
-75.23677049872718,202.1934278228061,142.5273369435793
-75.31613142110798,202.25426346333612,141.79860506207436
-75.39471188641927,202.3161032898903,141.7636976441852
-75.4732549655881,202.37799121984847,141.98936893632882
-75.55204030627552,202.43956861907924,142.31693164410623
-75.63117728943887,202.50069528311084,142.3169316441241
-75.71031427260223,202.56182194714242,141.6684985329698
-75.78875373347995,202.62383975566502,141.58062172644597
-75.86709866291817,202.685978336202,141.77385465832054
-75.94565179597554,202.7478516201296,142.1700424925045
-76.02463180885697,202.80918096649071,142.1700424925045
-76.1036118217384,202.87051031285182,141.62918845631467
-76.18200849711384,202.93258175133062,141.49019555017242
-76.26025525976912,202.99484390109916,141.6478123392554
-76.33867206304929,203.0568898186738,142.1482152624158
-76.41762870635442,203.11824924857513,142.14821526240294
-76.49658534965955,203.17960867847648,141.7277028347455
-76.57508865524767,203.24154524617995,141.55301004008393
-76.65340363008553,203.30372157508396,141.4474929526883
-76.73160323117786,203.36604143855777,140.86202888298857
-76.80916268907647,203.42915769359803,140.86202888300633
-76.8867221469751,203.49227394863826,140.4138333121541
-76.96378376120727,203.5559935277286,140.0812583891898
-77.04047595840672,203.62016079390497,140.0812583892075
-77.11716815560618,203.68432806008133,140.58374176581114
-77.19442003866938,203.7478201921249,140.60131191492715
-77.27169149231032,203.8112887167024,140.34986243124294
-77.34868244303077,203.8750947327695,139.93598735029323
-77.4252117004906,203.93945624232651,139.9359873502945
-77.50174095795052,204.0038177518836,139.37125524855352
-77.57763099812419,204.06892945456252,139.19735003421027
-77.65332419301836,204.13427217723722,139.26376319600917
-77.72909271238557,204.19952680333083,139.74034006850914
-77.80540174954938,204.2641492607815,139.7403400685163
-77.88171078671317,204.32877171823213,139.44010364143298
-77.95767911146669,204.3937922669413,139.14153162560302
-78.03330861258947,204.45920870004298,139.14153162560302
-78.10893811371224,204.52462513314467,138.57739562019628
-78.1839192602809,204.59078249831586,138.48320253939977
-78.258792150203,204.65706357792794,138.3506319213038
-78.33351060216965,204.72351694047015,137.7693934214482
-78.40755195217142,204.79072564265783,137.7693934214548
-78.48159330217317,204.8579343448455,138.0245203523754
-78.55593240036326,204.9248119847991,138.29593661664796
-78.63058825721733,204.9913374250247,138.29593661665734
-78.70524411407132,205.05786286525023,137.85079728441153
-78.77938033710561,205.12496581547282,137.74336260494536
-78.8533911449772,205.192208149445,137.6817303647744
-78.92732920696206,205.25952971861824,137.1465170594547
-79.00063555399288,205.32753935502978,137.14651705946025
-79.07394190102372,205.39554899144133,136.90719899274984
-79.14696247907092,205.46386323285276,136.50831290778953
-79.2195067509065,205.53268517545592,136.50831290778953
-79.29205102274209,205.6015071180591,136.85796858667317
-79.36501309722577,205.66988428322387,137.07405152542592
-79.43823336963338,205.7379865803098,137.07405152541398
-79.51145364204099,205.80608887739578,136.66713899681974
-79.58418817727313,205.87470923892857,136.61507633897259
-79.65686056406872,205.94339588506352,136.67142959106633
-79.72960024601578,206.01201080749212,137.03409368854477
-79.80277300636449,206.08016415152437,137.03409368852977
-79.8759457667131,206.14831749555657,136.7970972306832
-79.94883462501342,206.2167716389857,136.27657836768412
-80.02109995180005,206.28588642542283,136.2765783676785
-80.09336527858667,206.35500121185996,136.48389721381744
-80.16587970084132,206.42385357224276,136.7090770200639
-80.23866467856291,206.49242089811958,136.70907702007574
-80.31144965628451,206.56098822399636,136.33728634316498
-80.38378748350593,206.6300257442655,136.16888123162468
-80.4559227697424,206.69927624346525,136.16888123162468
-80.52805805597887,206.768526742665,135.6761532995081
-80.59959483059505,206.83839470814533,135.6172270352875
-80.67106002720628,206.90833651848183,135.56550797021697
-80.74246177355191,206.9783425283409,135.0553752474123
-80.81323768427085,207.0489817640512,135.0553752474123
-80.88401359498978,207.1196209997615,135.15485585797293
-80.95491177626052,207.19013697375883,135.40720384425492
-81.02612011488854,207.26034027617166,135.40720384426112
-81.0973284535165,207.3305435785844,135.06720849500113
-81.16811721267577,207.401166460466,134.5927961557623
-81.23832051508862,207.47237479909398,134.5927961557681
-81.30852381750148,207.54358313772198,134.78707607699886
-81.37896784242118,207.6145526895197,134.9446247525647
-81.44960707813145,207.68532860023868,134.9446247525762
-81.52024631384172,207.7561045109576,134.52722323786065
-81.59036743101794,207.82739249337556,134.38277296467226
-81.6603092413544,207.89885768998684,134.38277296467808
-81.73025105169087,207.97032288659813,133.86323980894505
-81.79954180422088,208.04241915518026,133.83111876840445
-81.86879230342068,208.11455444141671,133.75187091023997
-81.93794257876205,208.18678503961166,133.29092297994202
-82.00650990463888,208.25957001733326,133.2909229799532
-82.0750772305157,208.33235499505483,133.44472026912047
-82.14383923468446,208.40495518365412,133.72342163229132
-82.21295402112148,208.4772205104407,133.72342163229285
-82.28206880755857,208.54948583722737,133.32792922849382
-82.35068163327827,208.62222492718436,132.96590631147907
-82.41883497731058,208.69539768753307,132.96590631149016
-82.48698832134289,208.76857044788176,133.25941323843003
-82.55551522435525,208.84139271451738,133.38492366102713
-82.62420187049018,208.91406510131296,133.38492366102713
-82.69288851662512,208.98673748810853,132.94963727040167
-82.76102097362305,209.05992948258557,132.92594847455703
-82.82912327070898,209.1331497549932,133.0486581060324
-82.89738166120924,209.20622340071472,133.49168709219896
-82.96620360381239,209.27876767255032,133.49168709219896
-83.03502554641554,209.3513119443859,133.19813513026733
-83.10347385577165,209.42420674491697,132.85348294055683
-83.17148349218321,209.49751309194778,132.85348294055683
-83.23949312859477,209.5708194389786,132.41677645816915
-83.30694133802024,209.64464123247006,132.25663739505737
-83.37418367199236,209.71865204034157,132.24040229466465
-83.44140494271052,209.79268180057625,131.70406338338245
-83.5079303829362,209.8673376574303,131.70406338338245
-83.57445582316187,209.94199351428438,131.88857520053534
-83.64122069341379,210.01643403441554,132.23060657847128
-83.70842939560137,210.0904753844174,132.2306065784762
-83.77563809778894,210.16451673441924,131.76717996863073
-83.84224456079183,210.23909794398986,131.51679746061174
-83.90852564040392,210.31397083391195,131.51679746061785
-83.97480672001603,210.38884372383404,130.87292835680256
-84.04024214518542,210.46445660589808,130.85846837437484
-84.10565857828709,210.5400861070209,131.01288280907715
-84.17127812200694,210.61553848631058,131.32139221277964
-84.237303465281,210.69063698966033,131.321392212775
-84.30332880855508,210.7657354930101,130.78557847892588
-84.36864757097602,210.84144652593378,130.52214463642886
-84.43361893773555,210.91745871351728,130.49349746370746
-84.49855209249644,210.99350314372444,129.79204424769088
-84.56254961353628,211.07033704549045,129.7920442476846
-84.6265471345761,211.14717094725646,129.98459199655719
-84.69080203222298,211.2237887868316,130.23344447828788
-84.75538956801788,211.30012738375197,130.2334444782941
-84.81997710381279,211.37646598067235,129.54104876723514
-84.88363637981747,211.45357823109,129.3852502587624
-84.94708677984224,211.53086456815245,129.21102915497008
-85.0103008933156,211.6083422741196,128.62290011273717
-85.07271737232385,211.68646598568043,128.62290011274354
-85.13513385133211,211.76458969724126,128.93301366378688
-85.1979718023693,211.8423738717701,129.08679956808297
-85.26101876296292,211.9199896686141,129.00853065498328
-85.32395905594662,211.99769080015764,128.23321754188734
-85.38584275704316,212.07623721126868,128.23321754189377
-85.44772645813973,212.1547836223797,127.82525605689273
-85.50904802801502,212.23376699877895,127.4852579617628
-85.56990111239674,212.31311454619572,127.49851429165662
-85.63077248965321,212.39244792887743,128.0181809134079
-85.69236096328953,212.4712260417958,128.0181809134179
-85.75394943692585,212.55000415471414,127.62549989317544
-85.81499504076733,212.62920054908926,127.21035922908293
-85.8754667255551,212.70883914839115,127.21035922909277
-85.93593841034287,212.788477747693,126.54757549894275
-85.99548472651624,212.86881038574163,126.53040976205777
-86.05500707561337,212.94916099941562,126.84599803600818
-86.11497013179903,213.0291812580044,127.18021952897571
-86.17539991537195,213.10885165663,127.18021952897907
-86.23582969894487,213.1885220552556,126.492882092376
-86.29529929884015,213.26891149135164,126.47548980982418
-86.35474460181045,213.34931912229922,126.78916667105219
-86.41462827730821,213.4293988458773,127.1182784032532
-86.4749718957824,213.50913452715787,127.11827840326987
-86.53531551425652,213.5888702084383,126.43465203788658
-86.5947034037436,213.669320070195,126.42049190977093
-86.6540714965017,213.7497847253058,126.7503686784528
-86.71390085768104,213.82990488129417,127.08806518677916
-86.77420242153958,213.9096723718906,127.08806518678898
-86.83450398539813,213.989439862487,126.43884976078527
-86.89389780559986,214.0698854228563,126.43020308844451
-86.95327953562384,214.15034001439204,126.02472294597874
-87.0120889422303,214.2312108127996,125.62083218519302
-87.07032826874804,214.31249618667823,125.58154923475824
-87.1285115270793,214.3938210186086,124.65119151925795
-87.18536695282337,214.4760803142735,124.651191519242
-87.24222237856743,214.55833960993843,124.17266364253254
-87.29838755227892,214.64106903009588,123.86566372409574
-87.35410989125162,214.7241000610376,124.003083045463
-87.4100305714085,214.80699625662814,124.55125839103147
-87.46674243719785,214.88935459220204,124.5512583910306
-87.52345430298726,214.97171292777603,124.00332332095778
-87.57937521728746,215.05460872062284,123.84152599873359
-87.63506257177274,215.13766321905766,124.1251315009491
-87.69115914875687,215.22043928504812,124.62072893774875
-87.7479708314745,215.30272879754287,124.62072893775799
-87.80478251419214,215.3850183100376,122.5178962133117
-87.85853390269993,215.46933296174174,122.36819544937308
-87.91206738004456,215.55379181541159,122.68491148376901
-87.9660662696549,215.63795247331151,122.92824844729273
-88.02042274218341,215.72188402312497,122.76911352396857
-88.07454495707658,215.80596476858315,122.05681345375547
-88.12761864256473,215.89071330879793,122.05681345375547
-88.18069232805287,215.9754618490127,121.53620373432427
-88.23299331269538,216.06068837215258,121.42400365419621
-88.28512776522923,216.14601790993893,121.88209626719511
-88.33794093573968,216.2309249445213,122.38067770653939
-88.39149281172274,216.3153721335716,122.32819842156516
-88.44496713643147,216.3998680519696,121.90572752022305
-88.49781716024674,216.48475624986872,121.90572752022997
-88.55066718406202,216.56964444776784,121.468046264459
-88.6028667173416,216.6549330752936,121.32559975559533
-88.65485454196248,216.74035202665112,121.04098533972922
-88.70641650780652,216.82602666836488,120.63654956866172
-88.75737333283118,216.9120646433715,120.72022815805528
-88.80845519795031,216.99802716159803,121.58210982080281
-88.86082491626209,217.0832125110648,121.58210982079429
-88.91319463457387,217.1683978605316,121.21738424935182
-88.96502066671364,217.2539142431364,121.0896891886681
-89.01665634628269,217.33954652533924,120.85431704097464
-89.06793917666391,217.4253891410672,120.50868003148499
-89.11870386017603,217.5115406243263,120.45243845129451
-89.16938368529603,217.5977414415856,119.83606471229754
-89.21913353149652,217.6844829193391,119.83606471230877
-89.26888337769698,217.77122439709248,120.61968246523308
-89.3198135122369,217.85727507177637,120.84338819780221
-89.37108060293612,217.94312853164297,120.64834277783987
-89.42205477271864,218.02915540309417,120.40837301318736
-89.47266855416845,218.1153956273934,120.34314389166556
-89.52318390101539,218.20169304097544,119.90373941056379
-89.57303616686484,218.28837569638878,119.90373941056379
-89.62288843271429,218.37505835180212,119.43005494401625
-89.67202200328056,218.46214954197657,119.3274783962546
-89.72099993842565,218.54932920146635,119.92847458773271
-89.77088716678047,218.63598606321938,120.46598192238267
-89.82158763417092,218.7221753535414,120.0310018908378
-89.87162679997884,218.80873753070045,118.36854305423553
-89.91913885446033,218.8967246652076,118.36854305422835
-89.9666509089418,218.98471179971477,118.01463711489988
-90.01361851652501,219.07299060913093,117.98977012591459
-90.06054786863069,219.16128991303952,118.91183934806259
-90.10888900307992,219.24881697491904,119.3673665900022
-90.15792761911379,219.33596251581076,118.64639982512892
-90.20585946407854,219.4237065925793,117.44120472651329
-90.25194127660052,219.51245115700166,117.59521308197662
-90.29826024391647,219.601069201782,118.71771929203612
-90.34630763057402,219.68876515263042,118.71771929203612
-90.39435501723156,219.77646110347885,119.72508537360066
-90.44393529675804,219.86329622613997,119.91688771731684
-90.49380745333823,219.94996743911096,118.82423077458989
-90.54201008459728,220.0375599328414,117.86487041793804
-90.58874684071492,220.12596132868686,118.1733836871728
-90.63595707081255,220.21410633287243,119.00724889145181
-90.6844469912405,220.30155836987973,119.00724889145893
-90.73293691166847,220.38901040688702,118.69614175933273
-90.78095125654575,220.47672442388588,118.6907938033655
-90.8289574262019,220.56444294436344,118.44653037647524
-90.87658901625224,220.65236498961497,118.34337501529922
-90.9240624164697,220.74037298602227,118.18021387498004
-90.97128475100796,220.82851534268815,117.96442323558522
-91.01817503608589,220.91683539887666,118.19960085359286
-91.06542544670505,221.00495851636617,119.38065571506485
-91.11448427386819,221.09209268094705,119.38065571506485
-91.16354310103132,221.17922684552792,117.7723536112899
-91.21013432819394,221.26769841980285,117.53367062922173
-91.25635929967976,221.35636850027515,118.3884304892382
-91.30389858277711,221.44433301523608,118.92304916884484
-91.35225993466717,221.53185621674973,118.7738388163973
-91.40039286261987,221.61950446137052,118.47102769431119
-91.44806222310672,221.70740647062294,118.44549286619684
-91.49569232232041,221.7953295652948,118.00536229087938
-91.54264570198531,221.88361609483286,118.00536229087938
-91.5895990816502,221.97190262437093,117.62676051787463
-91.63596778663059,222.0604969692271,117.5258072364751
-91.68218058841362,222.1491733928762,118.03683397580431
-91.72918082460188,222.23743105596586,118.48261722657666
-91.77686796453598,222.32532342107646,117.8749637542355
-91.8236127530201,222.41370232691523,116.13244524696712
-91.86765560269573,222.50347625716384,116.1626221450917
-91.91174553628066,222.59322658599115,117.113381309155
-91.95731883657011,222.68223335798385,117.11338130916968
-92.00289213685957,222.77124012997652,117.87656961483182
-92.04964579819153,222.85962981719777,118.0871471241587
-92.09672515146252,222.94784923487563,116.87980332038889
-92.14192583040652,223.03702253213063,115.75037868884532
-92.18536906406624,223.12708815603352,116.05746396785233
-92.22929289153578,223.2169165791938,116.78761026309905
-92.27435938521643,223.30618103072496,116.74136611777487
-92.31935356850558,223.3954813322092,115.95486022182335
-92.36311795786219,223.4853913393501,115.95486022182989
-92.40688234721875,223.57530134649087,115.27838376116324
-92.4495815618228,223.66572050897247,115.14089739831648
-92.49206428661087,223.75624315395373,114.64737630064147
-92.53376478077128,223.8471263125905,114.34706829846718
-92.57498928323166,223.93822884579745,114.67329771527552
-92.6167309218723,224.02909319875783,115.11220880771201
-92.65916831571035,224.11963710393132,114.9575265931557
-92.70136055933712,224.21029405915598,114.40099623706433
-92.74267079105881,224.30135775068524,114.3868389967944
-92.7839584624363,224.3924315186079,113.73407758148295
-92.82420594494151,224.48396987839126,113.73407758148295
-92.86445342744672,224.57550823817462,114.50988911049215
-92.90593591048615,224.66649162157788,114.66168687007612
-92.94766004477279,224.75736641334032,113.04802654257236
-92.9867996983471,224.8493591905751,112.12265710364505
-93.02445712444383,224.9419931444991,112.63589861430192
-93.0629411243426,225.03428199215548,113.19979736306786
-93.10233327884671,225.12619167240385,112.94118718895373
-93.14130926556481,225.21827603202166,112.33900727715465
-93.17931621029238,225.31076713057882,112.22913464333658
-93.21714528644509,225.40332988010218,111.54319571008661
-93.25386394832455,225.49633993885718,111.54319571007306
-93.290582610204,225.5893499976122,110.82395923721887
-93.32613081562738,225.68281355590352,110.81504791475821
-93.36166451874284,225.77628273319067,111.62664474347206
-93.39851794447355,225.86923754271675,111.77209402570298
-93.4356078902515,225.96210016750206,109.94248184197339
-93.46970641637095,226.05607853461146,109.13701292442602
-93.502487818708,226.15054816370275,109.80323991453287
-93.53636378182173,226.2446255790936,110.29121323151314
-93.57104145672417,226.33841571729153,109.91749819227225
-93.60510574220373,226.4324275496791,109.45101837040875
-93.63840438373956,226.52671610482605,109.2089315267818
-93.67130372633613,226.62114275029347,108.70302006807853
-93.70336862505363,226.71585797309356,108.56456752384908
-93.73520421013598,226.8106493742208,108.05010640755371
-93.76618772363699,226.90572383478175,108.170869483175
-93.79737098835412,227.0007310446756,109.16378363619732
-93.83019652682339,227.09518534676943,109.16378363619967
-93.86302206529267,227.18963964886328,110.3725690389957
-93.89783281007853,227.28338026363716,110.38352757287001
-93.93266155356325,227.37711440782758,108.33646284366218
-93.96411650623203,227.47202274958934,107.99585168425857
-93.9950099776093,227.5671265065398,109.13045602440133
-94.02777847645359,227.66159385489516,109.4999032287445
-94.06115755301832,227.7558539652681,108.14651408884671
-94.09229595153961,227.85086076052738,107.36042991405516
-94.1221328248445,227.94630127682535,107.1705039423218
-94.15165302555333,228.04183972032789,107.00676358895491
-94.18090021406331,228.13746258958045,107.6543308731536
-94.21122384747065,228.23274122567844,108.46044427332401
-94.24288745978669,228.32759135385405,108.27802045695505
-94.27424860626036,228.42254086742605,107.91893367150217
-94.30501437565172,228.51768601230265,107.82571749559864
-94.3356251779757,228.61288067444917,107.52197898985307
-94.36573103289828,228.70823668453352,107.48756641999992
-94.3957795763502,228.80361065140102,107.2715701744479
-94.42546839560922,228.89909732675855,107.33901729863838
-94.45526913791794,228.99454751105688,108.84420277491178
-94.48756732712573,229.0891834351752,108.8442027749065
-94.51986551633352,229.18381935929352,106.91494571917193
-94.54895817915154,229.27948486387749,106.76871224897742
-94.5778078244163,229.37522842307564,108.36269699028604
-94.60930726412013,229.47012546895164,108.66488267673407
-94.64130911110384,229.56486201390376,108.60756433903171
-94.67321616232542,229.65963050830746,108.58631051651122
-94.70508806297082,229.75441084967133,108.35629025959504
-94.73657904564978,229.84931791013972,108.21492522001977
-94.76783592471482,229.94430284931929,108.9628799599138
-94.80032744423353,230.03886404482134,109.67076746044901
-94.83398746912631,230.13302419501264,108.83868436456383
-94.8662712112079,230.22764760091954,107.53561789300797
-94.8963997641811,230.32299644179122,107.44581744609597
-94.92637874947701,230.4183921025426,107.22824843841053
-94.9559953621193,230.5139011985253,107.53328925435751
-94.98611831167996,230.60924579380975,108.76803830816863
-95.0182906708933,230.70392456895226,108.73337977268478
-95.05040568983026,230.79862260319555,108.36367145442313
-95.08190905478263,230.89352607603246,108.363671454418
-95.113412419735,230.9884295488694,107.70022141202867
-95.14381472795019,231.0836912992531,107.68551019382906
-95.17419262099214,231.17896099419414,108.72762608823136
-95.20629746180092,231.27366028163843,108.87106787533018
-95.23864002077043,231.3682810512353,107.01961576223498
-95.26790397236567,231.46388205038207,106.4519149545509
-95.29622379827913,231.55978365944085,106.07568496302179
-95.32391300370836,231.6558681848124,105.89849956239964
-95.3513052169505,231.75203885504777,106.70619580699909
-95.38004847504928,231.847807496679,107.24421144448188
-95.40969169604585,231.94330833755896,106.93747857957186
-95.43882282350185,232.0389651656858,106.63798792316162
-95.46745394824427,232.13477429810965,105.55242040612748
-95.49425808627441,232.23108464093085,104.04389004193459
-95.51852354167059,232.3280914388073,104.59070660687904
-95.54371161821625,232.42485429338217,105.57657456880553
-95.57056305248648,232.52117735208287,105.44944862718866
-95.59720053424486,232.61755914194876,105.12325171222818
-95.62328903025991,232.7140916314821,104.97454261864509
-95.64912656195561,232.8106902730365,104.41032119010515
-95.67401191706422,232.90753990009273,104.58802757259937
-95.69919681418351,233.00430910040367,105.64845899000552
-95.72616907610862,233.10059839496165,105.48473569965749
-95.75286454902556,233.1969588413442,103.18435292926299
-95.77567205656808,233.29431873431628,103.17811080515204
-95.79846894611079,233.39168106480474,102.67378030652974
-95.8204079686985,233.48924033113923,102.67378030652179
-95.8423469912862,233.5867995974737,104.08712827851592
-95.86668535494097,233.6837868963297,104.14266130015167
-95.89111800263258,233.78075171926363,103.67639276880821
-95.91476067054133,233.87791180107968,103.62434746826605
-95.93831515925586,233.9750936781002,102.9864484759424
-95.96078597999526,234.07253063251358,102.86638049800762
-95.98305282421659,234.1700155996021,102.46201405864285
-96.00463097408698,234.2676546400054,102.35451926965956
-96.02602604341988,234.36533463881824,102.15949363441189
-96.04708846009974,234.46308670060662,102.09185469363585
-96.0680355057347,234.56086375537396,101.74133851260657
-96.0883838306882,234.6587663302355,101.58897673153945
-96.10847190343131,234.75672346623537,102.58318968873691
-96.13025492222144,234.85430957046867,103.10612218946213
-96.15292947490683,234.95170051368387,102.82735187995665
-96.17512973544237,235.04919986200818,102.64284191031268
-96.19701607508604,235.14677096068417,102.26745283870137
-96.2182623154687,235.24448165611778,101.96272049407537
-96.23898893650376,235.34230567331346,101.50595535527695
-96.25893443347856,235.4402887918376,101.06261271385466
-96.27812176003457,235.53842633643427,101.60416822570292
-96.29823478936655,235.6363731988884,102.21608841188069
-96.3193937943528,235.73410460462793,101.87155371460771
-96.33996422834329,235.83195906475655,101.40172713857123
-96.35973205851641,235.9299813277894,101.2037050805155
-96.37916080578715,236.0280703807059,100.8843216651501
-96.3980426588822,236.12626715653653,100.80919642981685
-96.41679571139831,236.22448844591628,100.66719361071303
-96.43530530335494,236.32275607113144,100.539489354351
-96.45359572398749,236.4210641658569,100.2562204382128
-96.47139998837379,236.51946202828032,100.08756430457571
-96.48891433471722,236.6179107662533,99.64991617964634
-96.50567637496589,236.71649152079766,100.02140725469037
-96.52307612964698,236.81495529289288,101.13964461572274
-96.54239538085628,236.9130669522028,101.04052133517663
-96.56154476012595,237.01121133791705,100.66960786035168
-96.58005849273027,237.1094781831136,100.55702629771709
-96.59837893730275,237.2077803257006,100.0285147977746
-96.6157920080362,237.30624816881428,99.9829369357743
-96.63312671122453,237.40472964809578,99.7130759788493
-96.64999741141175,237.5032918651722,99.71447630152808
-96.66687052043963,237.60185366966937,99.72521936689036
-96.6837621097314,237.70041230892045,99.71162662751291
-96.70063031164736,237.79897492327265,99.56728687903245
-96.71725016594857,237.8975797487268,99.5483111260405
-96.73383734763145,237.9961899848828,99.2388064381995
-96.74989162400374,238.09488847205452,99.22311001854986
-96.76591884235275,238.1935912393846,98.7388357488707
-96.78111126213615,238.2924260588611,98.75158400684546
-96.79632562438739,238.39125718501012,100.36995103209854
-96.81432517070198,238.48961951261725,100.36995103210361
-96.83232471701658,238.58798184022442,100.06319892157408
-96.84979738572932,238.68643908735996,100.05517788694901
-96.86725627744259,238.78489881648807,99.62020347675623
-96.88396716400561,238.88348807931825,99.59402430117255
-96.90063303103385,238.98208513828058,99.03721153482887
-96.91633986952974,239.0808390668188,98.98533524742159
-96.93195735731547,239.17960761057185,98.31118493821472
-96.9464115422364,239.2785522229669,98.22772555954666
-96.9607217077319,239.3775186330429,97.43869154549513
-96.97366748392173,239.47667130347406,97.31969626075258
-96.98640748836263,239.5758520649486,96.84743062244084
-96.9983294927857,239.67513388284294,96.76567342065812
-97.01010988595934,239.7744331955118,96.60027527565815
-97.02160356969303,239.87376602152247,96.56837534902824
-97.03304195642004,239.9731053111762,96.28321269103692
-97.0439857604155,240.07250003829807,96.2227296619167
-97.05482466294907,240.17190652375902,95.82061316404548
-97.06496558660382,240.27138606737253,95.72816632766344
-97.07494604322657,240.37088240723202,97.08705185452065
-97.08728237764423,240.47010723203184,97.42050654111794
-97.10019686797978,240.5692654243268,97.21751920549276
-97.11275995915231,240.66846857812644,97.16224297131934
-97.12522735933022,240.76768397558388,96.86821466133395
-97.13718540077005,240.8669616559412,96.78046433859242
-97.14899142769002,240.9662579241903,96.39804562688785
-97.16013436691435,241.0656300645607,96.27460613483306
-97.17106326914144,241.1650266955697,95.80553845616315
-97.18117795958989,241.2645083190324,95.64400327014032
-97.19101225308908,241.36401921206024,96.8053825330564
-97.20286058121492,241.46330294503687,97.22622162252863
-97.21543876129148,241.56250435906807,96.97875118935129
-97.2275883126912,241.66175881117942,96.88151121382838
-97.2395694401257,241.76103410390238,96.56928978774332
-97.25100934065003,241.8603725887881,96.4375788679107
-97.26222092313388,241.95973773145914,96.0621824191484
-97.2727811371734,242.05917324157843,95.8939441527815
-97.28304943123133,242.15864028786496,95.45624829390644
-97.29255745036542,242.25818150495098,95.25009853024507
-97.30170738596057,242.3577576559031,96.32212264209039
-97.31271777228399,242.45713667140384,96.84701220669773
-97.32463912178558,242.5564191602218,96.6445424011508
-97.3362095188835,242.65574283231854,96.53876702321188
-97.34759656923887,242.75508801964037,96.29240408737759
-97.35855629071023,242.85448074231223,96.15601629744697
-97.36927944020528,242.95389978085487,95.86685400240201
-97.37950062806955,243.05337093329652,95.69846453227254
-97.38942950503571,243.1528724335969,95.3671707383985
-97.39878278985071,243.25242866908388,95.16580142026999
-97.40778621297683,243.35201817421287,93.6603772249697
-97.4141687674078,243.45178816046058,92.71288930175452
-97.41890167784078,243.5516717462926,92.59087085019294
-97.42342185673213,243.6515650409477,92.51331121283044
-97.42780681518391,243.75146450690826,92.33081720134052
-97.43187354678383,243.851377107846,92.21383112217781
-97.43573628183363,243.95129812884642,91.97102418135145
-97.43917552017645,244.05123404291336,91.81433881604146
-97.44234147204764,244.15117956761847,92.94311959684605
-97.44747505719937,244.2510307663196,93.67484213405193
-97.45388419172342,244.35082081669765,93.63733969705137
-97.46022800730296,244.45061502663654,93.61259643823823
-97.4665287269201,244.5504119809595,93.53063044045713
-97.47268666872881,244.65021777828645,93.47562605116875
-97.47874879754382,244.75002950983168,93.34970367170975
-97.48459154003272,244.84985415907983,93.26386684153486
-97.49028473456191,244.9496876138727,93.09437372163288
-97.49568255966336,245.04953717154024,92.97722802273029
-97.50087623910731,245.14939785876834,92.7644035199427
-97.50569892895825,245.24927666714933,92.61560291287576
-97.51026223353719,245.34916814532014,92.35953262042958
-97.51437902306368,245.449078316495,92.17888357894859
-97.51818081060244,245.5490016749821,93.25896740579225
-97.52386475118008,245.6488230235226,94.02574103406171
-97.53088491000017,245.74857195098534,93.9968939577436
-97.53785484605531,245.8483243911265,93.97598593445116
-97.5447883812375,245.94807937721595,93.91877028871168
-97.55162229499034,246.04784120061885,93.87645778834099
-97.55838253602607,246.1476080803985,93.79130705402666
-97.56499449453348,246.2473848137453,93.72712181262476
-97.57149468006011,246.34716897455226,93.61440443238534
-97.57779853945325,246.44696558184498,93.52792861489783
-97.58395177906303,246.54677173797842,93.38793186913843
-97.58986112002192,246.64659239877105,93.2788175468443
-97.59558036480216,246.74642436458848,93.11173666017612
-97.60100844628934,246.8462722484265,92.97972119806379
-97.60620647107814,246.94613270956165,92.78565505684526
-97.61106620773786,247.0460097462033,92.63057104609454
-97.61565560813095,247.14590002883313,92.4095259459213
-97.61985957690759,247.2458066743235,92.23130427741748
-97.62375278410049,247.34572651268195,91.9832071519577
-97.62721326575814,247.445661511966,91.78187179005059
-97.63032258234267,247.545608814632,91.50659439021618
-97.63295164364429,247.645568962138,91.28224738052398
-97.63518930348735,247.745539578012,92.27962557725871
-97.63916628597151,247.84544373090466,93.09439490230399
-97.64456416430858,247.94529358853745,93.06028280187977
-97.64990259345342,248.0451466275661,93.03207525656101
-97.65519186362552,248.1450022973144,92.98456397721675
-97.66039832734813,248.24486229002,92.94481571995661
-97.66553551463333,248.34472589934106,92.88402538729065
-97.67056674221509,248.44459485541714,92.83260484991956
-97.67550834197375,248.54446833413724,92.7586371514446
-97.6803209995718,248.64434803801097,92.69542877864434
-97.68502347090022,248.7442330615292,92.60836428399169
-97.68957415083099,248.844125015951,92.53327184833529
-97.69399391187308,248.9440229482227,92.43316824240667
-97.69823912519863,249.0439283173542,92.34611738945769
-97.70233255049068,249.14384015363603,92.233008791999
-97.70622872358723,249.24375970561164,92.13394864346414
-97.70995214381458,249.34368601496817,92.00784619024516
-97.71345561961138,249.44362006394792,91.8967498304442
-97.71676532415803,249.5435609315429,91.75764369367273
-97.71983236874247,249.64350927932315,91.63450736263925
-97.7226846114175,249.74346424854207,91.48237038938002
-97.72527142670793,249.84342612584769,91.34721120403391
-97.72762243503318,249.94339414033072,91.18200435145548
-97.72968517822187,250.0433681479774,91.03485637570503
-97.73149116666455,250.14334749367228,90.85653612091717
-97.732985977129,250.2433315438584,90.69744460605379
-97.73420316465985,250.3433197912395,90.50597250463134
-97.73508619902834,250.44331104930774,90.33498612388568
-97.73567083137922,250.54330499594874,90.13034068538559
-97.73589830741484,250.6432998230427,89.94750159112633
-97.73580668439952,250.74329543677177,89.72969263094066
-97.73533493433314,250.84328933390586,89.53502417056525
-97.73452344257949,250.94328169681904,89.30410978442308
-97.73330897647408,251.0432692509761,89.09760172237138
-97.7317341278956,251.14325250463284,88.85370801284559
-97.72973370755989,251.24322733760587,88.6352991207608
-97.72735218386656,251.3431946297805,88.37864278300279
-97.72452290775205,251.44314935057452,88.14820068049177
-97.72129161126612,251.54309278398986,89.12183725362202
-97.7197592542993,251.64306367465394,90.0
-97.7197592542993,251.74305933035873,90.0
-97.7197592542993,251.84305498606352,90.0
-97.7197592542993,251.9430506417683,90.0
-97.7197592542993,252.0430462974731,90.0
-97.7197592542993,252.14304195317789,90.0
-97.7197592542993,252.24303760888267,90.0
-97.7197592542993,252.34303326458746,90.0
-97.7197592542993,252.44302892029225,90.0
-97.7197592542993,252.54302457599704,90.0
-97.7197592542993,252.6430202317017,90.0
-97.7197592542993,252.7430158874065,90.0
-97.7197592542993,252.8430115431113,90.0
-97.7197592542993,252.94300719881608,90.0
-97.7197592542993,253.04300285452086,90.0
-97.7197592542993,253.14299851022565,90.0
-97.7197592542993,253.24299416593044,90.0
-97.7197592542993,253.34298982163523,90.0
-97.7197592542993,253.44298547734002,90.0
-97.7197592542993,253.5429811330448,90.0
-97.7197592542993,253.6429767887496,90.0
-97.7197592542993,253.74297244445438,90.0
-97.7197592542993,253.84296810015917,90.0
-97.7197592542993,253.94296375586396,90.0
-97.7197592542993,254.04295941156875,90.0
-97.7197592542993,254.14295506727353,90.0
-97.7197592542993,254.24295072297832,90.0
-97.7197592542993,254.342946378683,90.0
-97.7197592542993,254.44294203438778,90.0
-97.7197592542993,254.54293769009257,90.0
-97.7197592542993,254.64293334579736,90.0
-97.7197592542993,254.74292900150215,90.0
-97.7197592542993,254.84292465720694,90.0
-97.7197592542993,254.94292031291172,90.0
-97.7197592542993,255.0429159686165,90.0
-97.7197592542993,255.1429116243213,90.0
-97.7197592542993,255.2429072800261,90.0
-97.7197592542993,255.34290293573088,90.0
-97.7197592542993,255.44289859143566,90.0
-97.7197592542993,255.54289424714045,90.0
-97.7197592542993,255.64288990284524,90.0
-97.7197592542993,255.74288555855003,90.0
-97.7197592542993,255.84288121425482,90.0
-97.7197592542993,255.9428768699596,90.0
-97.7197592542993,256.0428725256643,90.0
-97.7197592542993,256.14286818136907,90.0
-97.7197592542993,256.24286383707386,90.0
-97.7197592542993,256.34285949277864,90.0
-97.7197592542993,256.44285514848343,90.0
-97.7197592542993,256.5428508041882,90.0
-97.7197592542993,256.642846459893,90.0
-97.7197592542993,256.7428421155978,90.0
-97.7197592542993,256.8428377713026,90.0
-97.7197592542993,256.9428334270074,90.0
-97.7197592542993,257.04282908271216,90.0
-97.7197592542993,257.14282473841695,90.0
-97.7197592542993,257.24282039412174,90.0
-97.7197592542993,257.3428160498265,90.0
-97.7197592542993,257.4428117055313,90.0
-97.7197592542993,257.5428073612361,90.0
-97.7197592542993,257.6428030169408,90.0
-97.7197592542993,257.74279867264556,90.0
-97.7197592542993,257.84279432835035,90.0
-97.7197592542993,257.94278998405514,90.0
-97.7197592542993,258.0427856397599,90.0
-97.7197592542993,258.1427812954647,90.0
-97.7197592542993,258.2427769511695,90.0
-97.7197592542993,258.3427726068743,90.0
-97.7197592542993,258.4427682625791,90.0
-97.7197592542993,258.54276391828387,90.0
-97.7197592542993,258.64275957398866,90.0
-97.7197592542993,258.74275522969344,90.0
-97.7197592542993,258.84275088539823,90.0
-97.7197592542993,258.942746541103,90.0
-97.7197592542993,259.0427421968078,90.0
-97.7197592542993,259.1427378525126,90.0
-97.7197592542993,259.2427335082174,90.0
-97.7197592542993,259.34272916392206,90.0
-97.7197592542993,259.44272481962685,90.0
-97.7197592542993,259.54272047533163,90.0
-97.7197592542993,259.6427161310364,90.0
-97.7197592542993,259.7427117867412,90.0
-97.7197592542993,259.842707442446,90.0
-97.7197592542993,259.9427030981508,90.0
-97.7197592542993,260.0426987538556,90.0
-97.7197592542993,260.14269440956036,90.0
-97.7197592542993,260.24269006526515,90.0
-97.7197592542993,260.34268572096994,90.0
-97.7197592542993,260.4426813766747,90.0
-97.7197592542993,260.5426770323795,90.0
-97.7197592542993,260.6426726880843,90.0
-97.7197592542993,260.7426683437891,90.0
-97.7197592542993,260.8426639994939,90.0
-97.7197592542993,260.94265965519855,90.0
-97.7197592542993,261.04265531090334,90.0
-97.7197592542993,261.14265096660813,90.0
-97.7197592542993,261.2426466223129,90.0
-97.7197592542993,261.3426422780177,90.0
-97.7197592542993,261.4426379337225,90.0
-97.7197592542993,261.5426335894273,90.0
-97.7197592542993,261.64262924513207,90.0
-97.7197592542993,261.74262490083686,90.0
-97.7197592542993,261.84262055654165,90.0
-97.7197592542993,261.94261621224643,90.0
-97.7197592542993,262.0426118679512,90.0
-97.7197592542993,262.142607523656,90.0
-97.7197592542993,262.2426031793608,90.0
-97.7197592542993,262.3425988350656,90.0
-97.7197592542993,262.4425944907704,90.0
-97.7197592542993,262.54259014647516,90.0
-97.7197592542993,262.64258580217984,90.0
-97.7197592542993,262.7425814578846,90.0
-97.7197592542993,262.8425771135894,90.0
-97.7197592542993,262.9425727692942,90.0
-97.7197592542993,263.042568424999,90.0
-97.7197592542993,263.1425640807038,90.0
-97.7197592542993,263.24255973640857,90.0
-97.7197592542993,263.34255539211335,90.0
-97.7197592542993,263.44255104781814,90.0
-97.7197592542993,263.54254670352293,90.0
-97.7197592542993,263.6425423592277,90.0
-97.7197592542993,263.7425380149325,90.0
-97.7197592542993,263.8425336706373,90.0
-97.7197592542993,263.9425293263421,90.0
-97.7197592542993,264.04252498204687,90.0
-97.7197592542993,264.14252063775166,90.0
-97.7197592542993,264.24251629345633,90.0
-97.7197592542993,264.3425119491611,90.0
-97.7197592542993,264.4425076048659,90.0
-97.7197592542993,264.5425032605707,90.0
-97.7197592542993,264.6424989162755,90.0
-97.7197592542993,264.7424945719803,90.0
-97.7197592542993,264.84249022768506,90.0
-97.7197592542993,264.94248588338985,90.0
-97.7197592542993,265.04248153909464,90.0
-97.7197592542993,265.1424771947994,90.0
-97.7197592542993,265.2424728505042,90.0
-97.7197592542993,265.342468506209,90.0
-97.7197592542993,265.4424641619138,90.0
-97.7197592542993,265.5424598176186,90.0
-97.7197592542993,265.64245547332337,90.0
-97.7197592542993,265.74245112902815,90.0
-97.7197592542993,265.84244678473294,90.0
-97.7197592542993,265.9424424404376,90.0
-97.7197592542993,266.0424380961424,90.0
-97.7197592542993,266.1424337518472,90.0
-97.7197592542993,266.242429407552,90.0
-97.7197592542993,266.34242506325677,90.0
-97.7197592542993,266.44242071896156,90.0
-97.7197592542993,266.54241637466635,90.0
-97.7197592542993,266.64241203037113,90.0
-97.7197592542993,266.7424076860759,90.0
-97.7197592542993,266.8424033417807,90.0
-97.7197592542993,266.9423989974855,90.0
-97.7197592542993,267.0423946531903,90.0
-97.7197592542993,267.1423903088951,90.0
-97.7197592542993,267.24238596459986,90.0
-97.7197592542993,267.34238162030465,90.0
-97.7197592542993,267.44237727600944,90.0
-97.7197592542993,267.5423729317142,90.0
-97.7197592542993,267.6423685874189,90.0
-97.7197592542993,267.7423642431237,90.0
-97.7197592542993,267.8423598988285,90.0
-97.7197592542993,267.94235555453326,90.0
-97.7197592542993,268.04235121023805,90.0
-97.7197592542993,268.14234686594284,90.0
-97.7197592542993,268.24234252164763,90.0
-97.7197592542993,268.3423381773524,90.0
-97.7197592542993,268.4423338330572,90.0
-97.7197592542993,268.542329488762,90.0
-97.7197592542993,268.6423251444668,90.0
-97.7197592542993,268.74232080017157,90.0
-97.7197592542993,268.84231645587636,90.0
-97.7197592542993,268.94231211158115,90.0
-97.7197592542993,269.04230776728593,90.0
-97.7197592542993,269.1423034229907,90.0
-97.7197592542993,269.2422990786954,90.0
-97.7197592542993,269.3422947344002,90.0
-97.7197592542993,269.442290390105,90.0
-97.7197592542993,269.54228604580976,90.0
-97.7197592542993,269.64228170151455,90.0
-97.7197592542993,269.74227735721934,90.0
-97.7197592542993,269.8422730129241,90.0
-97.7197592542993,269.9422686686289,90.0
-97.7197592542993,270.0422643243337,90.0
-97.7197592542993,270.1422599800385,90.0
-97.7197592542993,270.2422556357433,90.0
-97.7197592542993,270.34225129144806,90.0
-97.7197592542993,270.44224694715285,90.0
-97.7197592542993,270.54224260285764,90.0
-97.7197592542993,270.64223825856243,90.0
-97.7197592542993,270.7422339142672,90.0
-97.7197592542993,270.842229569972,90.0
-97.7197592542993,270.9422252256767,90.0
-97.7197592542993,271.04222088138147,90.0
-97.7197592542993,271.14221653708626,90.0
-97.7197592542993,271.24221219279104,90.0
-97.7197592542993,271.34220784849583,90.0
-97.7197592542993,271.4422035042006,90.0
-97.7197592542993,271.5421991599054,90.0
-97.7197592542993,271.6421948156102,90.0
-97.7197592542993,271.742190471315,90.0
-97.7197592542993,271.8421861270198,90.0
-97.7197592542993,271.94218178272456,90.0
-97.7197592542993,272.04217743842935,90.0
-97.7197592542993,272.14217309413414,90.0
-97.7197592542993,272.2421687498389,90.0
-97.7197592542993,272.3421644055437,90.0
-97.7197592542993,272.4421600612485,90.0
-97.7197592542993,272.5421557169532,90.0
-97.7197592542993,272.64215137265796,90.0
-97.7197592542993,272.74214702836275,90.0
-97.7197592542993,272.84214268406754,90.0
-97.7197592542993,272.9421383397723,90.0
-97.7197592542993,273.0421339954771,90.0
-97.7197592542993,273.1421296511819,90.0
-97.7197592542993,273.2421253068867,90.0
-97.7197592542993,273.3421209625915,90.0
-97.7197592542993,273.44211661829627,90.0
-97.7197592542993,273.54211227400106,90.0
-97.7197592542993,273.64210792970584,90.0
-97.7197592542993,273.74210358541063,90.0
-97.7197592542993,273.8420992411154,90.0
-97.7197592542993,273.9420948968202,90.0
-97.7197592542993,274.042090552525,90.0
-97.7197592542993,274.1420862082298,90.0
-97.7197592542993,274.24208186393446,90.0
-97.7197592542993,274.34207751963925,90.0
-97.7197592542993,274.44207317534404,90.0
-97.7197592542993,274.5420688310488,90.0
-97.7197592542993,274.6420644867536,90.0
-97.7197592542993,274.7420601424584,90.0
-97.7197592542993,274.8420557981632,90.0
-97.7197592542993,274.942051453868,90.0
-97.7197592542993,275.04204710957276,90.0
-97.7197592542993,275.14204276527755,90.0
-97.7197592542993,275.24203842098234,90.0
-97.7197592542993,275.3420340766871,90.0
-97.7197592542993,275.4420297323919,90.0
-97.7197592542993,275.5420253880967,90.0
-97.7197592542993,275.6420210438015,90.0
-97.7197592542993,275.7420166995063,90.0
-97.7197592542993,275.84201235521107,90.0
-97.7197592542993,275.94200801091574,90.0
-97.7197592542993,276.04200366662053,90.0
-97.7197592542993,276.1419993223253,90.0
-97.7197592542993,276.2419949780301,90.0
-97.7197592542993,276.3419906337349,90.0
-97.7197592542993,276.4419862894397,90.0
-97.7197592542993,276.54198194514447,90.0
-97.7197592542993,276.64197760084926,90.0
-97.7197592542993,276.74197325655405,90.0
-97.7197592542993,276.84196891225884,90.0
-97.7197592542993,276.9419645679636,90.0
-97.7197592542993,277.0419602236684,90.0
-97.7197592542993,277.1419558793732,90.0
-97.7197592542993,277.241951535078,90.0
-97.7197592542993,277.3419471907828,90.0
-97.7197592542993,277.44194284648756,90.0
-97.7197592542993,277.54193850219224,90.0
-97.7197592542993,277.641934157897,90.0
-97.7197592542993,277.7419298136018,90.0
-97.7197592542993,277.8419254693066,90.0
-97.7197592542993,277.9419211250114,90.0
-97.7197592542993,278.0419167807162,90.0
-97.7197592542993,278.14191243642097,90.0
-97.7197592542993,278.24190809212575,90.0
-97.7197592542993,278.34190374783054,90.0
-97.7197592542993,278.44189940353533,90.0
-97.7197592542993,278.5418950592401,90.0
-97.7197592542993,278.6418907149449,90.0
-97.7197592542993,278.7418863706497,90.0
-97.7197592542993,278.8418820263545,90.0
-97.7197592542993,278.94187768205927,90.0
-97.7197592542993,279.04187333776406,90.0
-97.7197592542993,279.14186899346885,90.0
-97.7197592542993,279.2418646491735,90.0
-97.7197592542993,279.3418603048783,90.0
-97.7197592542993,279.4418559605831,90.0
-97.7197592542993,279.5418516162879,90.0
-97.7197592542993,279.6418472719927,90.0
-97.7197592542993,279.74184292769746,90.0
-97.7197592542993,279.84183858340225,90.0
-97.7197592542993,279.94183423910704,90.0
-97.7197592542993,280.0418298948118,90.0
-97.7197592542993,280.1418255505166,90.0
-97.7197592542993,280.2418212062214,90.0
-97.7197592542993,280.3418168619262,90.0
-97.7197592542993,280.441812517631,90.0
-97.7197592542993,280.54180817333577,90.0
-97.7197592542993,280.64180382904055,90.0
-97.7197592542993,280.74179948474534,90.0
-97.7197592542993,280.84179514045,90.0
-97.7197592542993,280.9417907961548,90.0
-97.7197592542993,281.0417864518596,90.0
-97.7197592542993,281.1417821075644,90.0
-97.7197592542993,281.24177776326917,90.0
-97.7197592542993,281.34177341897396,89.05033993941872
-97.71810214896115,281.44174229352916,88.14820068050044
-97.71487085247524,281.54168572694454,88.3974479599861
-97.71207438293617,281.6416413688367,88.6352991207612
-97.70969285924284,281.74160866101136,88.87155589805153
-97.70772358164105,281.841584110198,89.09760172236298
-97.70614873306256,281.94156736385474,89.32099712443406
-97.70496373733262,282.0415552696865,89.53502417056512
-97.70415224557897,282.14154763259967,89.7456169227384
-97.70370828697433,282.2415416552357,89.94750159112631
-97.70361666395901,282.34153726896477,90.14530008276547
-97.70387024770586,282.44153203169867,90.33498612388607
-97.70445488005674,282.54152597833956,90.51996572869892
-97.70536233503438,282.6415170163805,90.6974446060536
-97.70657952256522,282.7415052637616,90.86956237532367
-97.70809706444882,282.84148897028666,91.03485637569719
-97.70990305289149,282.9414683159815,91.19406324253812
-97.71198683727619,283.04144188617215,91.34721120402617
-97.71433784560142,283.14140990065516,91.49346185156624
-97.71694401169086,283.2413712743315,91.63450736263925
-97.71979625436589,283.34132624355044,91.7677679202296
-97.72288095985631,283.4412740469193,91.89674983044473
-97.72619066440296,283.5412149145143,92.0170035695947
-97.72971011222758,283.6411484014545,92.13394864346171
-97.73343353245492,283.7410747108111,92.2411998496016
-97.73734399007455,283.840993704035,92.34611738945834
-97.7414374153666,283.9409055403168,92.44039358824486
-97.74569522730498,284.04081037266604,92.5332718483293
-97.75011498834705,284.1407083049377,92.61462456573489
-97.75467658267331,284.24059976100034,92.69542877864357
-97.75937905400173,284.3404847845186,92.76393301323779
-97.76420094346146,284.4403640426905,92.83260484991142
-97.76914254322011,284.5402375214106,92.88835743413131
-97.77418132171077,284.6401060964658,92.94481571995661
-97.77931850899597,284.73996970578685,92.98793274490366
-97.78453084407474,284.839829391975,93.03207525656187
-97.78982011424684,284.93968506172325,93.06268873247977
-97.79516273635008,285.0395378763677,93.09439490229498
-97.80056061468713,285.13938773400054,93.11264882447578
-97.80599030373118,285.23923586153853,93.13178318169042
-97.81145333779686,285.3390821755347,93.13782916936015
-97.8169269078216,285.4389279119127,93.14424534978347
-97.82241165891679,285.5387730353051,93.13823802395896
-97.82788594142649,285.63861873262215,93.13178318169042
-97.83334897549217,285.73846504661833,93.1138754465499
-97.83878080214333,285.8383130578978,93.09439490229498
-97.84417868048038,285.9381629155306,93.06473329455861
-97.8495248657636,286.03801553949313,93.03207525656187
-97.8548141359357,286.1378712092414,92.99079552683412
-97.8600314604984,286.2377306349507,92.94481571996475
-97.86516864778362,286.33759424427177,92.89203881160266
-97.87021384304374,286.4374624955351,92.83260484991142
-97.8751554428024,286.5373359742552,92.76843344156636
-97.87998517750685,286.6372148536692,92.69542877864357
-97.88468764883527,286.73709987718746,92.61994455903647
-97.88925851822506,286.83699090974415,92.533271848336
-97.89367827926715,286.93688884201583,92.44653369389518
-97.8979467975185,287.03679321820704,92.34611738945834
-97.90204022281056,287.13670505448886,92.24816061800637
-97.90596281943128,287.236623572885,92.13394864346985
-97.90968623965864,287.3365498822416,92.02478551911543
-97.91321926052748,287.43648289156005,91.89674983043875
-97.91652896507412,287.5364237591549,91.77637149737994
-97.91962867881902,287.63637109988247,91.63450736263925
-97.92248092149406,287.7363260691014,91.50288738641348
-97.92510353191064,287.83628701479313,91.3472112040343
-97.92745454023589,287.93625502927614,91.20431089932676
-97.92955620544869,288.0362282277162,91.03485637569719
-97.93136219389136,288.13620757341107,90.88063209831066
-97.93289905295627,288.2361909878926,90.6974446060536
-97.93411624048711,288.33617923527373,90.53185718335237
-97.9350444481213,288.43617008633527,90.33498612388568
-97.93562908047218,288.5361640329763,90.158012592337
-97.93590485057653,288.63615874101686,89.94750159112634
-97.93581322756121,288.73615435474596,89.75914940042092
-97.93539288616685,288.8361484840337,89.53502417056512
-97.9345813944132,288.93614084694684,89.33534800129296
-97.93342144263598,289.03612905163203,89.09760172236197
-97.93184659405749,289.13611230528863,88.88672304702229
-97.92990378158025,289.2360882781342,88.63529912076856
-97.92752225788693,289.3360555703088,88.41342861621462
-97.92475366740642,289.4360119949511,88.1482006804923
-97.9215223709205,289.5359554283665,88.98958150411448
-97.91975925429932,289.63592258963047,90.0
-97.91975925429932,289.73591824533526,90.0
-97.91975925429932,289.83591390104004,90.0
-97.91975925429932,289.93590955674483,90.0
-97.91975925429932,290.0359052124496,90.0
-97.91975925429932,290.1359008681544,90.0
-97.91975925429932,290.2358965238592,90.0
-97.91975925429932,290.335892179564,90.0
-97.91975925429932,290.4358878352688,90.0
-97.91975925429932,290.53588349097356,90.0
-97.91975925429932,290.63587914667835,90.0
-97.91975925429932,290.73587480238314,90.0
-97.91975925429932,290.8358704580878,90.0
-97.91975925429932,290.9358661137926,90.0
-97.91975925429932,291.0358617694974,90.0
-97.91975925429932,291.1358574252022,90.84009349641387
-97.92122518803355,291.23582938935897,91.8517993195077
-97.92445648451947,291.33577282277435,91.63137017763896
-97.92730322874812,291.4357270531225,91.36470087923881
-97.92968475244145,291.53569434529714,91.1557952305241
-97.93170175496608,291.63566885016246,90.90239827763651
-97.93327660354457,291.73565210381923,90.70488200934538
-97.93450676137871,291.8356394707245,90.46497582942648
-97.93531825313235,291.93563183363773,90.27878638049513
-97.93580480097692,292.0356256639473,90.0524984088737
-97.93589642399225,292.13562127767636,89.87762456065488
-97.93568284920885,292.2356161390394,89.66501387611432
-97.93509821685797,292.3356100856804,89.50147829507311
-97.93422818543118,292.43560146090374,89.30255539395415
-97.93301099790035,292.5355897082848,89.15039980839249
-97.93152829095536,292.63557394145596,88.96514362430283
-97.92972230251269,292.7355532871508,88.82441649785302
-97.9276707628711,292.83552752772437,88.6527887959657
-97.92531975454585,292.9354955422074,88.5235353450115
-97.92274324273762,293.0354576876743,88.36549263735262
-97.91989100006258,293.1354126568932,88.24774702869107
-97.91683335916376,293.2353612945495,88.10325016955636
-97.91352365461711,293.3353021621445,87.99702972691198
-97.91002868324973,293.4352365103866,87.86605135653708
-97.90630526302239,293.53516281974316,87.77135259970301
-97.90241669583033,293.6350826692305,87.65388261054166
-97.89832327053827,293.7349945055123,87.5706789486504
-97.8940847654413,293.83490016045766,87.466728151664
-97.88966500439922,293.93479809272935,87.39496905126677
-97.88512013592252,294.0346903125063,87.30457122135184
-97.8804176645941,294.1345753360244,87.24418267098066
-97.87560992257201,294.2344552772155,87.16739515008858
-97.87066832281336,294.3343287559356,87.11828124444092
-97.86564111577128,294.43419791488924,87.05518428004173
-97.86050392848608,294.53406152421024,87.01722974910639
-97.85530059101232,294.6339216801235,86.96792474343813
-97.85001132084022,294.73377734987173,86.9409982544129
-97.8446751242684,294.8336305083755,86.90560509770502
-97.83927724593136,294.9334803660083,86.88956315997505
-97.83385141166362,295.03332870319673,86.86821681831138
-97.82838837759793,295.13317501719297,86.86290812376649
-97.82291609240714,295.23302082401,86.85575465021019
-97.81743134131193,295.33286594740247,86.86102468291087
-97.8119557739683,295.43271157428035,86.86821681831772
-97.80649273990262,295.53255788827653,86.88391256899548
-97.80105705847514,295.6324056899057,86.90560509770502
-97.79565918013809,295.7322555475385,86.93157971856763
-97.79030656932348,295.8321078276416,86.96792474343813
-97.78501729915138,295.93196349738986,87.00404197918073
-97.77979097698366,296.03182245337416,87.05518428003526
-97.77465378969845,296.1316860626952,87.10132250988721
-97.76959702298974,296.2315537300601,87.16739515008858
-97.76465542323109,296.3314272087802,87.2234508743438
-97.75981154108898,296.43130540517507,87.3045712213549
-97.75510906976056,296.53119042869326,87.37046182422877
-97.75052147452122,296.63108069753577,87.46672815167214
-97.74610171347915,296.73097862980745,87.5423937696472
-97.74181388838639,296.83088218340254,87.65388261053353
-97.73772046309432,296.93079401968436,87.73928693337568
-97.73377597604602,297.0307116818171,87.86605135653829
-97.73005255581867,297.1306379911737,87.96118118541216
-97.72649505849259,297.23057013919026,88.10325016956341
-97.72318535394595,297.33051100678523,88.2081135551719
-97.72005857560946,297.4304575132252,88.36549263735354
-97.71720633293441,297.53041248244415,88.48011541902669
-97.71455406823665,297.63037265634534,88.6527887959657
-97.7122030599114,297.73034067082835,88.77720936291912
-97.71006914995549,297.8303131988855,88.96514362430283
-97.70826316151282,297.93029254458037,89.09940572134155
-97.70669146750929,298.0302754324158,89.3025553939464
-97.70547427997845,298.13026367979694,89.4466987970981
-97.70450864879341,298.230254193676,89.66501387611432
-97.70392401644253,298.330248140317,89.8190627694253
-97.70360823737472,298.4302427497285,90.0524984088737
-97.70369986039005,298.53023836345756,90.21644730262571
-97.70407761254448,298.6302326850717,90.46497582942673
-97.70488910429812,298.73022504798485,90.63877287245815
-97.70600389397116,298.8302137915965,90.90239827763702
-97.70757874254964,298.93019704525324,91.08592583338472
-97.70947383010402,299.0301739624201,91.36470087924114
-97.71185535379735,299.1301412545946,91.55775325691766
-97.71457366958828,299.230099090781,91.85179931950877
-97.7178049660742,299.3300425241963,91.11998444451655
-97.7197592542993,299.4300065958587,90.0
-97.7197592542993,299.5300022515635,90.0
-97.7197592542993,299.62999790726826,90.0
-97.7197592542993,299.72999356297305,90.0
-97.7197592542993,299.82998921867784,90.0
-97.7197592542993,299.9299848743826,90.0
-97.7197592542993,300.0299805300874,90.0
-97.7197592542993,300.1299761857922,90.0
-97.7197592542993,300.229971841497,90.0
-97.7197592542993,300.3299674972018,90.0
-97.7197592542993,300.42996315290657,90.0
-97.7197592542993,300.52995880861135,90.0
-97.7197592542993,300.62995446431614,90.0
-97.7197592542993,300.7299501200208,90.0
-97.7197592542993,300.8299457757256,90.0
-97.7197592542993,300.9299414314304,90.0
-97.7197592542993,301.0299370871352,90.0
-97.7197592542993,301.12993274283997,90.7303666454243
-97.72103373566328,301.22990780113594,91.8517993195077
-97.7242650321492,301.3298512345513,91.66023062761553
-97.72716212490391,301.42980405128236,91.36470087923881
-97.72954364859724,301.529771343457,91.18318651849013
-97.7316084461365,301.62974490261416,90.90239827762888
-97.73318329471498,301.7297281562709,90.7307991421227
-97.73445868098113,301.82971498345825,90.46497582943488
-97.73527017273479,301.9297073463714,90.30322551660936
-97.73579937236845,302.0297009840721,90.05249840887366
-97.73589099538377,302.1296965978012,89.9005828665666
-97.73571748832346,302.22969155793817,89.66501387610617
-97.73513285597257,302.3296855045792,89.52295380787787
-97.73430030305914,302.4296772174802,89.3025553939464
-97.7330831155283,302.52966546486135,89.17039130576524
-97.73163529468263,302.629650225452,88.96514362430341
-97.72982930623996,302.7296295711469,88.84292337550794
-97.72781005869811,302.82960448308785,88.65278879595833
-97.72545905037285,302.9295724975709,88.54055750216263
-97.7229122363979,303.02953541596185,88.36549263736168
-97.72005999372287,303.1294903851808,88.26328476183902
-97.71702945716436,303.2294398583498,88.10325016955527
-97.7137197526177,303.32938072594476,88.0110836320792
-97.71024929365518,303.4293159367537,87.86605135653829
-97.70652587342784,303.52924224611036,87.78392348321627
-97.70265922881298,303.62916295311857,87.653882610543
-97.69856580352092,303.72907478940044,87.58176774656181
-97.69434663362055,303.82898126815,87.466728151664
-97.68992687257847,303.9288792004217,87.40457675750746
-97.68539875451593,304.02877218503437,87.3045712213483
-97.6806962831875,304.1286572085526,87.95719160921483
-97.67713219584738,304.22857878092526,89.01762577720454
-97.67541778786715,304.3285597389378,88.78939191019929
-97.67330515442893,304.4285317836443,88.41794970401058
-97.67054442656156,304.52848932233684,88.2093166314166
-97.66741977284806,304.6284350633645,87.8685478193556
-97.66370070656302,304.72836153486134,87.67974397093352
-97.65965241460658,304.8282743170129,87.36942895390547
-97.6550630142135,304.92816459964274,87.20061978721787
-97.65017936501194,305.02804020793184,86.920561149879
-97.64480755090183,305.1278914711837,86.77181495607326
-97.63917656212371,305.2277278868329,86.52188321835747
-97.63311009435398,305.3275393547543,86.3931497033533
-97.62681941042939,305.42733651030665,86.173315110124
-97.62014583951742,305.52710922506935,86.06441523585356
-97.61328266821869,305.6268687616237,85.87476708332296
-97.60608930995417,305.7266053484747,85.7853926511309
-97.5987403995162,305.82633037705114,85.62614766759332
-97.59111433060185,305.92603481141964,85.55586915320487
-97.58336598150383,306.0257296795895,85.42737043654971
-97.57539405287258,306.1254070567306,86.01570328422333
-97.56844673734116,306.225151142673,87.12250814409639
-97.56342689562246,306.32502071936653,86.92076009819986
-97.55805549159588,306.4248708232796,86.53682779833312
-97.55201505806959,306.52468387013545,86.36294853652953
-97.54567180014116,306.6244772369021,86.0265019788269
-97.53874259655427,306.72423252396743,85.88037227769173
-97.53155904167382,306.8239691724881,85.59135389981066
-97.52387242707553,306.9236689574219,85.47257276785537
-97.51597917381157,307.02335215751145,85.2311860897135
-97.50766599098107,307.1230016540032,85.13907594950255
-97.4991926428935,307.2226373870889,84.94580271507787
-97.4903832231006,307.32224424068215,84.87943698967145
-97.48145844761038,307.4218406781227,84.7350278644186
-97.47228266301376,307.5214144504569,84.69327611156413
-97.46303432645968,307.62098145003966,84.59871988696402
-97.45362167975792,307.7205331112106,84.5803058779794
-97.44417704027659,307.8200817300044,84.53678188766757
-97.43465678155779,307.9196231577306,85.07060519276733
-97.42606526922374,308.0192382773774,86.38989356819418
-97.41976888666949,308.11903550542786,86.27679108547841
-97.41327554760602,308.21881961981774,85.9916725628835
-97.4062857052627,308.31857067627254,85.90840671874788
-97.39915092528611,308.41831119716943,85.6932590404605
-97.39164164681837,308.5180244956643,86.14311882516236
-97.38491604552225,308.617785501082,87.33949376741955
-97.38027445632505,308.7176733722654,87.18069159300292
-97.375356084819,308.81754696331006,86.75357621024487
-97.36969328371889,308.91738214670517,86.63021066733195
-97.36381557455748,309.0172042730462,86.29279352733185
-97.35735007322504,309.11699068721344,86.20428817474296
-97.35073046069509,309.2167666622006,85.95684611390871
-97.34367998734352,309.31651345154916,85.29682517563187
-97.33548253196813,309.4161534233122,83.40201984826943
-97.32399281803204,309.5154867894763,83.25114582430662
-97.31224170038303,309.6147884947724,82.78608056233494
-97.29968482049206,309.7139926072236,82.66794229037536
-97.2869235096801,309.8131699075683,82.26997784905262
-97.27347355124019,309.91225688843764,82.56589934789734
-97.26053618214002,310.0114070526847,83.67599730017034
-97.24952159089942,310.1107942245915,83.51722191658615
-97.23823180065342,310.21014894794297,82.87467596824018
-97.22582833320028,310.30937235826013,82.7513363449617
-97.21321142911138,310.40856780833366,82.19880367552378
-97.19963839288751,310.50763800489904,82.40669243167801
-97.18642535020358,310.60675346399637,83.46863560694935
-97.17505113536821,310.70610012169897,83.33143135387691
-97.16343923914953,310.80541765055005,82.55737053364983
-97.15048646302608,310.90457084893785,82.45584071632803
-97.13735813873309,311.00369992863057,81.79676322042106
-97.12309027376091,311.10267244597236,81.9326960270876
-97.10905756943221,311.20167634154865,83.00270749344898
-97.09687585458255,311.30092722055304,82.91033581863377
-97.08453429262578,311.40015713934264,82.05652818940378
-97.07071528979898,311.4991933262679,81.99626880621801
-97.05679222665266,311.59821427874755,81.2855880423745
-97.0416419391176,311.6970555654017,81.35208193971958
-97.026606545705,311.79591321779014,82.50084432227641
-97.01355595447859,311.89505358912527,82.46693477662765
-97.00044675010687,311.99418577217574,81.5935985679095
-96.98582802969912,312.0931070751062,81.58257393767602
-96.97119029264599,312.1920254475352,80.88544698434136
-96.95535009448878,312.2907585183987,80.8854469843356
-96.93950989633154,312.3894915892624,79.88715251943756
-96.92195193854859,312.48793354333924,79.87697230860705
-96.90437646284833,312.58637252857244,78.62871591674421
-96.88466092193933,312.6844042659172,78.57425261780597
-96.86485199940203,312.78241823302255,77.56443871630485
-96.84331908810567,312.8800665111522,77.47383929737212
-96.82163149444554,312.97768197837473,78.22347910593273
-96.8012231541727,313.07557157101456,78.3366729685004
-96.78100798356301,313.1735025571071,77.35995300086515
-96.75912707064981,313.271071748416,77.15500500721433
-96.73689661399682,313.3685650197573,77.77585057975551
-96.71572421987183,313.4662917832266,77.9559583218401
-96.6948587759398,313.5640862841423,77.06987798847919
-96.67248448305051,313.6615421091515,76.74220314153558
-96.64955219463228,313.7588726866066,77.27318878264308
-96.62752333922737,313.8564095900686,77.52864452244317
-96.60592912775606,313.95404575750024,76.77788730895793
-96.58305863113668,314.0513856218945,76.33079799582956
-96.55942806990811,314.1485490292856,75.80303233287248
-96.53490431765489,314.24548752756,75.4022295163782
-96.50970224233855,314.34225522134045,74.82992583571594
-96.48353616538134,314.4387615743727,74.26117750813351
-96.45641207530542,314.53500821014444,73.69122072014478
-96.42833380863001,314.6309738058206,72.91554254464708
-96.39895698112113,314.7265569275803,73.11739060053246
-96.36991743023904,314.82224174866457,73.52509366747718
-96.341559123665,314.9181319859574,73.21128934051397
-96.31267739395773,315.0138610549223,72.246439388047
-96.28218637018469,315.1090946027356,72.34599932449758
-96.25186114407056,315.2043801433885,72.93153305789053
-96.22251099372215,315.2999714601194,72.86947975393817
-96.19305764007338,315.39552993378584,71.76252107377319
-96.16176337389841,315.49050256176037,71.76252107377073
-96.13046910772346,315.58547518973484,72.5264306430384
-96.10044397925694,315.6808561300243,72.5689993774479
-96.07048957536816,315.77625982412206,73.13446555032895
-96.04147842521819,315.8719536777223,73.23357961623955
-96.01263260977576,315.96769839084675,72.35711402830513
-95.98232670708101,316.06298717575027,72.0833296357446
-95.95156469615272,316.1581335358671,71.25293372063108
-95.91942873359282,316.25281895655274,70.82506446524197
-95.8865848114106,316.34726686778174,70.08742154362892
-95.85253007549613,316.4412775472419,69.46505294940299
-95.81745373628776,316.53491931990544,69.71203317135897
-95.78278184579547,316.6287101509598,70.0725136079158
-95.74870026710319,316.7227185397008,69.19354288761762
-95.71319137671446,316.81616462811024,66.92280890496819
-95.67399598821841,316.9081583924667,66.96203558014302
-95.63486366915393,317.0001787860501,67.29622437108553
-95.59626866249558,317.09242604411696,67.29622437109565
-95.55767365583719,317.1846733021839,67.55788999249296
-95.51950036344041,317.2770957933674,67.57549434827483
-95.48135544325986,317.36953007393606,67.73430135519051
-95.44346691251788,317.46206962155657,67.78086677621653
-95.40565356042423,317.55464003563833,66.91038981616275
-95.36644109303582,317.64661859305585,66.36026274438092
-95.32634438744303,317.73822309818763,66.58731173514475
-95.28661141618679,317.8299848197412,66.88896409348506
-95.2473616935032,317.9219554152002,67.01662118983099
-95.20831726530423,318.0140125639974,67.38989876553875
-95.16987312765728,318.1063227987519,67.2570134813294
-95.13121607435599,318.1985410589416,65.8836791854109
-95.09035880275279,318.2898088764731,65.88367918543163
-95.0495015311496,318.38107669400466,64.5547093210158
-95.00653982039479,318.4713695734882,64.40192118503636
-94.96333614645062,318.5615503570152,64.7082251076709
-94.92061548359055,318.6519602076633,64.85295679969747
-94.87812304918245,318.7424782952365,64.16874257646192
-94.83455623098386,318.8324752567615,63.395963267889044
-94.78977596808438,318.9218836412368,63.40805961536213
-94.74501458546806,319.0113014712058,63.4479499072423
-94.70031546461726,319.1007504497075,63.447949907220455
-94.65561634376645,319.19019942820916,63.52975962978693
-94.61104498822085,319.2797121388072,63.53002470164261
-94.56647404664807,319.36922505590377,62.2065795061699
-94.5198514415602,319.457677313878,61.794291717055295
-94.47258963831,319.54579912226484,61.68543181389335
-94.42516058030778,319.63383081245144,61.57342240474917
-94.37755942858927,319.7217697771651,61.540086775541894
-94.32990714942696,319.8096809786629,61.4209022533947
-94.28207207497758,319.8974929186954,61.42090225338627
-94.23423700052821,319.9853048587278,58.397490794192116
-94.18184153177505,320.0704641209103,58.20791353675926
-94.12915997995556,320.15545697506707,58.20897521075146
-94.07648000304411,320.24045080537275,58.20971962106404
-94.0238011304055,320.32544532012145,58.22923960755187
-93.97115122739876,320.4104577609148,58.292875797870394
-93.91859576690929,320.4955286415531,58.29287579786346
-93.8660403064198,320.5805995221914,56.96389007877731
-93.81152785474777,320.66442562928023,56.78910232690233
-93.75675799757633,320.7480880097463,56.7468533259912
-93.70192647930368,320.8317099576839,56.70343886774405
-93.64703159898141,320.9152903577442,56.7062423561408
-93.5921408089119,320.998873442819,56.73139214174527
-93.53728671204826,321.08248061486245,56.73139214174527
-93.4824326151846,321.1660877869059,55.6912628798059
-93.42607368968297,321.24867982479094,55.262619301754484
-93.36909458689314,321.3308535006555,55.24457467750496
-93.31208961478772,321.41300921677424,55.19683100611037
-93.25501619592703,321.49511741380326,55.196831006114124
-93.19794277706626,321.5772256108324,53.948134779573486
-93.13909629109536,321.6580668589309,53.70759865546132
-93.07990823349802,321.7386640362865,53.6647605065321
-93.0206599624475,321.81921689762424,53.58760259492378
-92.96130323798698,321.89968993920434,53.587602594897895
-92.90194651352645,321.98016298078437,52.307082961379905
-92.84080849483998,322.0592865469921,52.11861325169073
-92.77940827997851,322.1382114782546,52.07190242420993
-92.71794378143889,322.2170862748728,51.980267533447
-92.65635317453663,322.29586271996425,51.980267533447
-92.59476256763438,322.37463916505567,52.00010413338687
-92.53319923885881,322.4534369277652,52.005100268529475
-92.47164278047485,322.5322400596259,51.68070673125195
-92.40964396476195,322.61068985054294,50.76140814888305
-92.34639160006193,322.68813834645914,50.761408148893985
-92.28313923536199,322.7655868423753,50.80316139964635
-92.21994333457796,322.84308140197504,50.822947818803776
-92.15677419144197,322.9205977906634,50.70958158798693
-92.09345293312988,322.9979876518511,49.67053140270875
-92.02873754941845,323.07421789697014,49.67053140271496
-91.96402216570704,323.1504481420892,49.72995842339938
-91.89938592105193,323.22674542340053,49.79570762689656
-91.83483723471035,323.3031168725907,49.795707626902775
-91.77028854836878,323.37948832178085,48.904752553668715
-91.70456146736578,323.4548453065251,48.754838236709965
-91.63863609898084,323.53003158827346,48.79678399430569
-91.5727658639525,323.605266030525,48.96894853250833
-91.50712192106882,323.6806981451879,48.96894853250833
-91.44147797818513,323.75613025985075,48.472460227770895
-91.37518494392027,323.83098837050414,48.057154078494165
-91.30834895093406,323.9053663323032,48.05715407850022
-91.24151295794786,323.9797442941022,47.22982300715175
-91.17361117330424,324.053148155069,47.090140265260175
-91.105529439264,324.1263875478156,47.11970445107918
-91.03748556879161,324.19966199204543,47.32707604124226
-90.96970728356258,324.27318229680026,47.32707604123627
-90.90192899833355,324.3467026015551,46.607418203656074
-90.83324061915756,324.41935736656797,45.54765243204019
-90.76321207979825,324.4907375797579,45.54765243201738
-90.69318354043894,324.56211779294773,45.91682766868942
-90.62361732991762,324.6339467542771,46.16034613341635
-90.55435608581254,324.70607172377345,46.16034613341635
-90.48509484170746,324.7781966932698,45.82280596827128
-90.41541014866563,324.84991212693,45.75346514644731
-90.34563846609487,324.9215434292432,45.78177375410472
-90.27590240197588,324.9932089709924,46.508312907806356
-90.20708045937272,325.065753242828,46.508312907789836
-90.13825851676957,325.1382975146636,46.434803213920844
-90.0693437029752,325.21075327630274,46.24630780551771
-90.00019074689769,325.2829820782141,46.24630780551082
-89.9310377908201,325.3552108801255,46.08699643270742
-89.86168452550744,325.42724685688006,45.93490202470185
-89.792140025147,325.4990987436294,45.934902024695994
-89.72259552478656,325.5709506303788,45.67336584884364
-89.65272404197921,325.64248404383545,45.57569071942888
-89.58273044165544,325.7138985176734,45.57569071943469
-89.51273684133169,325.7853129915113,46.326246143146925
-89.44368518812044,325.85763771957505,46.384886050296814
-89.37470713008895,325.93003356662473,46.35364550985696
-89.30568966039704,326.0023917381536,46.19548238073089
-89.2364726594599,326.07455916807254,46.19548238072501
-89.16725565852276,326.14672659799146,46.106132537250836
-89.09792633024487,326.2187858648361,45.96848047365446
-89.02842395094586,326.29067849611084,45.968480473648604
-88.95892157164684,326.3625711273856,45.23595411308179
-88.88850940390543,326.43356563602214,44.770927659408436
-88.81751966981727,326.50398998418325,44.77092765942582
-88.7465299357291,326.5744143323444,45.65529665246472
-88.67663808747321,326.6459234660497,45.916837084657494
-88.60707093619567,326.71775342235594,45.916837084657494
-88.53750378491813,326.7895833786622,46.089294745406974
-88.46815315731953,326.8616223990308,46.09149514191783
-88.39880529236233,326.93366408686296,46.12034038776285
-88.32949373798415,327.00574064425786,46.228052838706894
-88.26031777265062,327.07794740973037,46.22805283871278
-88.19114180731711,327.1501541752029,46.271277516673734
-88.12202036027443,327.22241308134494,46.32597744735876
-88.05296790499062,327.2947379704158,46.32597744735876
-87.98391544970681,327.3670628594866,46.36580602285356
-87.91491329499668,327.43943572381096,46.384886050296814
-87.84593523696519,327.51183157086064,46.38488605027435
-87.7769571789337,327.58422741791026,46.402847550045955
-87.70800181979136,327.6566448848111,46.4045479387474
-87.63904860951936,327.7290643984315,46.40156263593486
-87.5700916265636,327.80148031871033,46.38488605028614
-87.50111356853213,327.87387616575995,46.3848860503145
-87.43213551050069,327.94627201280963,46.36195631635748
-87.36312849389343,328.0186402399951,46.32597744739303
-87.29407603860965,328.090965129066,46.32597744739891
-87.22502358332588,328.1632900181369,47.050362074815105
-87.15689430032604,328.2364786012366,47.48694933505385
-87.08932142352259,328.3101877423274,47.48694933503184
-87.02174854671914,328.3838968834181,46.71709828128824
-86.95319201897364,328.45669081436023,46.641495726658
-86.88453888976234,328.52939486520563,46.70201851157433
-86.81596279903424,328.60217118163024,47.02048303311792
-86.74779207468096,328.6753277500365,47.020483033111965
-86.67962135032766,328.74848431844276,47.166587469326835
-86.6116376949421,328.8218141629299,47.363584882527604
-86.54390627057012,328.8953776410449,47.36358488254967
-86.47617484619813,328.9689411191599,48.22061062196771
-86.40955440172735,329.0435059959672,48.57561354742507
-86.34339416898749,329.11848569164306,48.57561354741896
-86.27723393624761,329.1934653873189,48.60565186528024
-86.211113022463,329.26847975784864,48.60711792101933
-86.14499402768669,329.3434958207259,48.381542818967354
-86.07858199040429,329.4182489817365,47.599411062451125
-86.01115392200029,329.49209061464865,47.599411062451125
-85.94372585359629,329.5659322475608,47.708602690663234
-85.8764387678052,329.63990209773027,47.83040972030064
-85.80930895296109,329.71401497865406,47.83040972027274
-85.74217913811697,329.7881278595778,47.9759008825706
-85.67523780541902,329.86241088521024,48.023828695647126
-85.60835856271734,329.9367499601001,48.032972181392815
-85.5414911976799,330.0110996918953,48.17784556021749
-85.47481202733904,330.0856182761711,48.17784556023665
-85.40813285699812,330.160136860447,48.22204379363946
-85.34151122132917,330.2347068246378,48.290837006075925
-85.27497913662292,330.30935676009966,48.29083700609152
-85.20844705191665,330.3840066955616,48.343381949724275
-85.14198346489759,330.4587176042427,48.3614043494992
-85.07554337191563,330.5334494261419,48.36455475365022
-85.00910738891777,330.6081849002767,48.3883969896789
-84.94270251024939,330.6829480145033,48.3883969896789
-84.87629763158101,330.75771112872997,48.379586381615745
-84.80988125783692,330.83246402985293,48.370933289660485
-84.74345359452616,330.90720690046214,48.37093328963885
-84.6770259312154,330.9819497710713,48.31435571376593
-84.61052449773807,331.05662700643865,48.308418370599924
-84.54401532269782,331.13129735393545,48.27441154887708
-84.47746186566687,331.20592818447636,48.200558345567224
-84.41081224069136,331.2804731953789,48.20055834558194
-84.34416261571593,331.35501820628133,48.77870900671876
-84.27826980365965,331.4302305478976,48.99003906188284
-84.21265363172203,331.50568682093103,48.94398979950201
-84.14697701737148,331.58109012482913,48.550094752991185
-84.0807833962143,331.65604034616257,48.55009475299729
-84.01458977505713,331.730990567496,48.31647173369511
-83.94809166986926,331.80566961834904,48.074014948686575
-83.8812775675522,331.8800672452695,48.074014948686575
-83.81446346523515,331.95446487219,47.62130190609664
-83.74706388310547,332.02833196709025,47.56344554373733
-83.67958947636127,332.1021312597315,47.68254586768605
-83.61226897964885,332.17607025785907,47.97595147529447
-83.54532764144784,332.2503534214945,47.97595147529447
-83.47838630324684,332.3246365851299,47.450544714143135
-83.410768169386,332.39830107447574,47.16176328644382
-83.34277804197075,332.4716255160617,47.16827345636264
-83.27479627932547,332.5449576469646,47.65667151388016
-83.20744204068443,332.6188666294831,47.65667151385822
-83.14008780204338,332.6927756120015,47.40551746367681
-83.07241104920296,332.76638775384095,47.09066401408709
-83.00432998465722,332.8396277689293,47.090664014109265
-82.93624892011148,332.9128677840177,47.45488783599848
-82.86863497743316,332.98653891642124,47.50010685832521
-82.80107902913348,333.0602635731458,47.25251845640262
-82.73320661414293,333.1336940130414,46.673117060911
-82.66459362048883,333.206435942227,46.673117060927424
-82.59598062683472,333.2791778714127,46.79323435739603
-82.52752033891754,333.3520634244045,46.83779490305254
-82.45911670108707,333.42500225830923,46.70125836608232
-82.39054077056505,333.4977764702811,45.770736447170584
-82.32079068377993,333.5694288013897,45.7707364471933
-82.25104059699481,333.6410811324983,45.18904904322454
-82.1805696504775,333.71201866197043,44.7128055154694
-82.1095085128647,333.78237096030523,44.7128055154639
-82.03844737525185,333.8527232586401,44.70432767614967
-81.96737582866251,333.92306504154925,44.704234990152536
-81.89630416827457,333.993406709496,44.201558987228516
-81.82462234189308,334.06311803472437,43.43211143062987
-81.7520065488192,334.13186450922365,43.432111430635466
-81.67939075574533,334.2006109837229,43.27672523619475
-81.60658884837383,334.26916021609145,43.24252946359213
-81.5337459828616,334.3376660414189,43.19716352589877
-81.46084898324189,334.4061140896383,43.028534641597325
-81.38775076300617,334.47434737593034,43.028534641573515
-81.31465254277045,334.5425806622223,42.238018273194406
-81.24062316026804,334.60979597011163,41.870845608739174
-81.16616126826746,334.676538443841,41.87262004289974
-81.09170144346206,334.74328322345536,41.88076435166274
-81.01725110668191,334.81003858663433,41.880764351646846
-80.94280076990185,334.8767939498132,41.03115108126336
-80.86737321268406,334.9424341570822,40.5759448326654
-80.79142206610192,335.00747686991525,40.56158852736155
-80.71545463821477,335.0725005382757,40.47896425322191
-80.63939350721063,335.1374146007753,40.4789642532272
-80.5633323762065,335.2023286632749,39.59532124334394
-80.48628478649901,335.2660573758814,39.056091351497564
-80.40863521018763,335.3290627284992,39.03621297315632
-80.33096381473062,335.39204110858776,38.88543935278323
-80.25312692549964,335.45481490753826,38.88543935276299
-80.17529003626868,335.5175887064887,38.678748578490634
-80.09722755961245,335.5800810195262,38.533076331013284
-80.01900609248737,335.6423749457199,38.47353064640375
-79.94072107122125,335.7045866363185,36.86278010862622
-79.86071709413095,335.76457409175345,36.86278010865717
-79.78071311704066,335.82456154718847,36.68110885748446
-79.70051972905593,335.88429473558773,36.50421069433321
-79.62014190659417,335.9437803373424,36.5042106943565
-79.53976408413233,336.00326593909716,35.93682652129199
-79.45880134090889,336.0619525344882,35.908536586621985
-79.37780943289609,336.12059929054743,35.86273619464584
-79.29677069839815,336.17918126535955,35.81329011785009
-79.21568141005477,336.2376933023758,35.81329011785009
-79.13459212171139,336.2962053393921,35.58687698064718
-79.0532722512873,336.3543964809793,35.58560846337071
-78.97195108898532,336.4125858246918,34.00514337861398
-78.88908795799617,336.4684885357102,32.401145686048174
-78.80465990486498,336.52207057565187,32.36692519218625
-78.72020006150727,336.57560205556837,31.91910298016514
-78.63532420353799,336.6284718947379,31.91910298013319
-78.5504483455687,336.6813417339074,32.196704472160924
-78.4658302028562,336.73462182536684,32.353925790301446
-78.38135801915766,336.7881342663599,31.853795737193618
-78.29643066872286,336.84090191270593,30.506824371055732
-78.21027754137366,336.8916638059702,30.506824371051604
-78.12412441402444,336.9424256992345,30.28785999998157
-78.03777795578338,336.9928579559242,30.276173536014014
-77.95142117915141,337.04327261936214,30.075963121379214
-77.86488907040344,337.0933850393617,29.960064854516055
-77.77825546485825,337.14332249574534,29.83525938867398
-77.69151371567784,337.1930708773739,29.575794502336045
-77.60454714138983,337.2424261822198,29.529018691058457
-77.51754143148456,337.2917098324928,27.70834002308013
-77.42901268224526,337.33820490446783,27.708340023055083
-77.34048393300597,337.3846999764428,27.63473916376678
-77.251895552651,337.43108127636657,27.612242670996483
-77.16328894572493,337.47742780125117,27.548259960521083
-77.07463069186055,337.52367532161986,27.48647339916745
-76.985922563792,337.56982723571247,27.075651288194695
-76.89689251789778,337.6153384801279,25.86991420099636
-76.80691772504728,337.6589695219596,25.87819478960851
-76.71694926792689,337.70261355270486,26.13446016637253
-76.62717688658772,337.74665955943107,26.13446016637253
-76.53740450524855,337.79070556615727,24.80495516435863
-76.4466403066912,337.8326540397039,24.479731215243596
-76.35563346901014,337.8740893707045,24.399363021985888
-76.26456865826374,337.91539698019847,24.347068298459046
-76.1734661250568,337.9566214826588,24.30529864507487
-76.08233359743797,337.9977795430781,24.245309934059126
-75.99115799247012,338.0388421808231,23.896182045215717
-75.89973999743798,338.0793457723072,22.63566147497877
-75.80744692219642,338.11783108667885,22.556140170143884
-75.7151022155332,338.15618756614543,21.041866437377223
-75.62177443861822,338.1920910090993,21.0418664373439
-75.52844666170323,338.22799445205305,21.093195261811672
-75.43515109042731,338.26398148744727,21.09846360309679
-75.3418588247077,338.2999771026905,21.19966508299502
-75.2486303286462,338.33613742622714,21.231079937713517
-75.15542162790265,338.37234887835945,20.371647717683718
-75.06168679943215,338.4071557592819,19.839056213002277
-74.96762592124662,338.4410922051006,19.192925449483557
-74.87319454942997,338.47396361474676,18.523400555249317
-74.778379270306,338.5057314287174,18.691135810274414
-74.68365805604361,338.5377764585694,18.962791968757866
-74.58908918446966,338.5702704532309,18.544279794381477
-74.49429243590698,338.6020704862231,17.394583831915572
-74.3988697222746,338.63196424615495,17.433839555952975
-74.30346762109185,338.66192334303724,17.624220710931233
-74.20816548533224,338.69219930841393,17.65143839850522
-74.1128778804021,338.7225204986738,18.00037418774965
-74.0177765622492,338.7534214767394,18.000374187716158
-73.92267524409628,338.7843224548049,16.44141841062333
-73.8267695713645,338.8126243797739,16.392111878868096
-73.73083845543283,338.8408440919607,15.100652675738703
-73.63429888543544,338.8668936468514,14.932039564285951
-73.53767986896959,338.8926598420885,13.870730176896842
-73.44060397124743,338.91663107577176,13.62906980105489
-73.34342403592402,338.9401935741614,14.094025924247074
-73.24643953629825,338.96454364662617,14.24369543198371
-73.14951794809788,338.98914724190297,14.80474696642674
-73.05284397967137,339.01469817489857,15.053335811901862
-72.95627972719879,339.04066885652696,13.223697945651255
-72.85896570264104,339.06353612307475,12.11097511793097
-72.76119564364784,339.08451579714983,12.831780024007232
-72.66370292251803,339.106722474275,13.36196368365931
-72.56641419803466,339.12983167694904,12.960439363096393
-72.46896812120572,339.1522580185871,12.590467554622984
-72.37137705688576,339.17405515887486,13.160868510775273
-72.27401324124331,339.1968214918276,13.801305356192326
-72.17690457559308,339.22067601373567,13.480071526561698
-72.07966587983746,339.24398519142807,13.020722811399775
-71.98224124838801,339.26651455774777,12.653271826228814
-71.8846777232617,339.2884178530409,11.996211630638154
-71.78686583812168,339.3092016516636,11.751487550096705
-71.68896802456707,339.3295670778318,11.216635752499872
-71.59088241404879,339.349018148987,11.070910846531321
-71.49274848665482,339.3682195247505,10.686506534164122
-71.39448710612614,339.38676223912654,11.04653213395489
-71.29635033311651,339.4059208205623,12.189817886544486
-71.19860923609494,339.4270350127764,12.095010404776
-71.10083389390181,339.44798732397317,11.699288704600947
-71.00291561514186,339.46826395694126,11.59241375547481
-70.90496064434583,339.488357708914,10.990358501987966
-70.80679898115332,339.5074212615503,11.142748972538055
-70.70869108475652,339.52674529357506,12.335434028555055
-70.61100396465899,339.5481078244851,12.294429748828192
-70.51330193564765,339.56940036196727,11.713670758385577
-70.41538874969514,339.5897015731739,11.694609062311823
-70.31746904209562,339.6099701616098,10.89637512122709
-70.21927624066045,339.6288726721876,10.89637512122555
-70.12108343922526,339.6477751827654,10.38420880947125
-70.02272564748132,339.6657991956677,10.377207637146507
-69.9243656003353,339.68381119958906,10.169565931578363
-69.8259409549301,339.70146662041117,10.159364014785854
-69.72751313565622,339.7191045214434,9.779554035254204
-69.6289707444795,339.73608953622994,9.74707524174362
-69.53041855581341,339.75301872017246,9.204699500539583
-69.43171106571633,339.76901415371526,9.138923285031522
-69.3329847412763,339.7848963457049,8.874897862315947
-69.2341864406295,339.80032340328927,8.834057879560776
-69.13537700651999,339.81568005952636,8.83405787959171
-69.03656757241046,339.8310367157635,8.83405787959296
-68.93775813830095,339.84639337200065,8.674267847389348
-68.83890634652893,339.861474389919,8.638677955867305
-68.74004512046069,339.8764940150846,10.156924435638196
-68.6416254709509,339.8941261270137,10.548848581905876
-68.54331982362928,339.91243270682816,10.502912822896949
-68.44499954092493,339.9306604643109,10.488433307228377
-68.34667464496766,339.9488633760238,10.321544202649097
-68.2482973026935,339.9667797850236,10.25864109216578
-68.14990019255927,339.98458820654446,9.981235921978959
-68.05141852390376,340.001919928743,9.85873819634398
-67.95289951542829,340.0190411474156,9.479661197357009
-67.85427048183706,340.0355099976824,9.287509418039198
-67.75558567689484,340.0516481646585,10.27698432917511
-67.6572026352215,340.0694865709162,10.840921155069614
-67.55899158490384,340.08829403633104,10.608917680630183
-67.46070572027614,340.1067035696618,10.454590438701675
-67.36237008956736,340.1248484006871,9.12880058655789
-67.26366117045087,340.14070990251383,8.115052241653816
-67.16466681052266,340.1548254210026,8.001208628810781
-67.06564476154809,340.16874419250945,7.906685805256934
-66.96659972272543,340.1824996076048,8.92406473377021
-66.86782850723723,340.1980092720676,9.836897020027001
-66.7693029793039,340.2150929340078,9.824830553505027
-66.67077385795372,340.2321558457528,9.812625659805118
-66.57224110196279,340.24919776925515,9.733173979284233
-66.47368491678209,340.2661030231681,9.642626983658385
-66.37510203056087,340.28285252179126,9.503951784972244
-66.27647926339083,340.299363305706,9.326462058778647
-66.17780545281614,340.3155685599929,8.387762155912192
-66.07889836863107,340.33015230188033,7.046543783222798
-65.97965799765872,340.3424193279707,6.992841328190506
-65.88040623896106,340.35459332406765,6.911077802178731
-65.7811371421288,340.36662567936236,6.793451135173536
-65.68184389135894,340.3784541723277,6.602913941930071
-65.58251151495264,340.3899524399051,7.282360669840692
-65.4833344373528,340.4026262836329,8.447987381251776
-65.38442377091619,340.4173167984263,8.405630247476882
-65.28550232227232,340.4319341798384,8.325650330406006
-65.18656051436987,340.4464134687997,8.238134691693746
-65.08759694564772,340.46074157890666,8.05624101271341
-64.98858814900404,340.4747554772579,7.929112270595952
-64.88954905785441,340.48854958163827,7.639178890752829
-64.79044087644182,340.5018424194436,8.141257708644181
-64.69146243353839,340.5160018617033,9.389741537655746
-64.59280658079426,340.53231608491984,9.34234348564812
-64.49413736213896,340.54854867346177,9.207142273157936
-64.39543001774122,340.5645484022649,8.71213607620188
-64.29660024805,340.579692906606,7.085937273790115
-64.19736833467954,340.592028162123,7.096665110025061
-64.09813873889611,340.60438199643926,7.1351696651260275
-63.99891746143986,340.6168025141329,7.115257439605135
-63.89969189706699,340.62918854536883,7.0366943627742335
-63.800449418800106,340.6414385113803,6.990638229323408
-63.70119726515681,340.65360868214435,6.790324446302579
-63.6019030300931,340.6654317969177,7.123469471155146
-63.50268725308665,340.6778310485605,8.719296971502123
-63.403847258498885,340.6929897632067,8.717474199997346
-63.30500678199654,340.70814533336875,8.707084197444324
-63.20616355852688,340.7232829796177,8.690171539496948
-63.10731590092293,340.73839144393787,8.572691281354755
-63.00843744254916,340.75329720220304,8.546196716690217
-62.90955219397841,340.76815722194556,8.315860047699497
-62.81060791340567,340.78261960424487,8.284789492095372
-62.71165596794546,340.797028304795,7.936115135786231
-62.612618007501496,340.81083459144,7.904712306133982
-62.51357271850527,340.824586563974,7.432797330289188
-62.41441729884028,340.83752232490593,7.404328094157808
-62.31525572152073,340.8504087822264,6.805113849964686
-62.21596454159203,340.8622575268097,6.781714693461189
-62.11666878916911,340.87406568995,6.052206702392988
-62.01723048540953,340.88460869261746,6.044866310383406
-61.917790872197045,340.89513895147655,5.681137064719837
-61.81828637374242,340.9050377366101,5.681258636034218
-61.71878189631403,340.914936732872,5.693513933838289
-61.61927953848799,340.9248570124493,5.693513933805878
-61.51977718066195,340.9347772920266,5.5821231271244836
-61.42025572454878,340.94450410682566,5.582103055332357
-61.32073426499425,340.9542308867638,5.349069799376431
-61.22117407610586,340.96355281316477,5.346764193251385
-61.12161350403253,340.97287073397706,7.287785649926817
-61.02242674251021,340.98555536006927,7.3246148978851116
-60.92324707508476,340.9983038787758,7.3720657763336215
-60.82407800090251,341.01113453096866,7.373795287751093
-60.724909312827705,341.0239681768009,7.327168948634448
-60.62573021558535,341.0367211163553,7.324614897884594
-60.52655054815989,341.0494696350618,7.1871161380344875
-60.427340593382,341.06198010267036,7.177008875027684
-60.32812841223835,341.07447307159487,6.951557105213402
-60.22886791179852,341.08657554857984,6.9307868074399925
-60.129602959813504,341.0986420504442,6.619871395550141
-60.03027415181489,341.1101696975814,6.585645246423156
-59.93093831439299,341.1216380262964,6.191206731272272
-59.83152617936642,341.132422203433,6.141188823034936
-59.732104369127875,341.14311962409045,5.6645359907174875
-59.63259749491572,341.1529895296161,5.5969603046242336
-59.53307856093813,341.1627421159294,3.442218187502561
-59.433274216458635,341.1687453898429,3.109350532402415
-59.33342577120852,341.1741693313036,2.883398412133213
-59.233556835683956,341.1791994622331,2.8475675746671274
-59.133684650862385,341.1841671436633,4.541554283885701
-59.03401002287228,341.19208444886704,4.815980947381754
-58.93436740372471,341.20047966233943,4.837164020580523
-58.83472789638805,341.2089117144467,4.840803080055925
-58.735088923632254,341.2173500950968,4.777788902535622
-58.635440741524256,341.2256788863219,4.766331254575228
-58.53579088491157,341.23398775128044,4.620466972163808
-58.436120260361875,341.2420428947832,4.592501300365345
-58.336445654097766,341.2500493937636,4.364927859955959
-58.236740191228165,341.2576599204098,4.3191698903637725
-58.137028524035344,341.2651908290843,4.010737291906731
-58.03727806441025,341.27218484571364,3.946129986597454
-57.9375194789058,341.2790663991707,5.488232301686462
-57.83799002503316,341.2886293645661,5.822201562819682
-57.73851019933846,341.29877310350105,5.792082008772215
-57.639025058166844,341.30886454562227,5.785086122330515
-57.53953868236624,341.31894384073144,5.695853837708768
-57.44003675970229,341.32886818089327,5.673710687888025
-57.34053097905524,341.33875406869527,5.526758752661697
-57.24100025680812,341.34838470396494,5.487989734595524
-57.14146295443447,341.3579479981675,3.8442466271234186
-57.041703737474094,341.3646513808855,3.385951066704621
-56.94188264020099,341.37055728462923,3.5022775415646916
-56.84207379786353,341.3766658372535,3.5353999312216216
-56.742268444955364,341.3828320914408,3.573972897477915
-56.64246727252855,341.38906553529927,3.5852056180184664
-56.54266731748756,341.3953185452665,3.5468323187050617
-56.44286320360482,341.4015047133594,3.5353999312216216
-56.34305785069666,341.40767096754666,3.42083844557429
-56.24324042879364,341.4136376475887,3.385951066706544
-56.14341933152059,341.4195435513324,4.989799260628676
-56.043814762713104,341.42823995323397,5.487989734530682
-55.94427746033946,341.4378032474364,5.6279636017121915
-55.84476391520435,341.44760967340704,5.673710687946405
-55.74525813455718,341.45749556120916,5.75654558731131
-55.64576678616259,341.46752529467744,5.78508612236333
-55.546280410361994,341.47760458978667,5.812307299798823
-55.44679883853493,341.48773114923597,5.82220156278728
-55.34731901284023,341.4978748881709,5.795368534349518
-55.24783445167227,341.5079720367118,5.785086122331336
-55.14834807587168,341.51805133182097,5.705715993063847
-55.04884787148253,341.52799279795676,5.673710687884804
-54.94934209083542,341.53787868575876,5.543204113325265
-54.84981415979756,341.5475378862861,5.4879897345631035
-54.75027685742391,341.5571011804886,5.3075635455100185
-54.650710151795735,341.5663509614577,5.227786792320849
-54.5511304452872,341.57546212008367,3.735714292999512
-54.45136282048544,341.58197625391114,3.0495254875977835
-54.351508766289605,341.58729593627834,3.1005286737124336
-54.25165950553891,341.5927045029627,3.1243057383284425
-54.151812479434234,341.5981545064382,3.107381851721188
-54.05196384993622,341.6035750169953,3.0993801593308166
-53.952114462346195,341.6089815831631,3.015124914694764
-53.85225728395164,341.614241309149,2.9747348361139925
-53.752396370818715,341.6194306432186,4.408006688795294
-53.65271164358687,341.62711497782755,5.103803920933783
-53.55311245451371,341.636010633835,5.243973727171524
-53.4535354760484,341.64514991111884,5.314545669921748
-53.353969680069206,341.6544118456285,5.404004241581645
-53.2544185300525,341.66382921949594,5.4508315323995005
-53.154875046500095,341.6733279584693,5.490913142639912
-53.055338245479696,341.68289633008465,5.512759298919868
-52.95580508671932,341.6925026544084,5.504859817502131
-52.8562706049993,341.7020952557574,5.500374774512409
-52.75673537215013,341.71168006569224,5.44587896017204
-52.65719109452431,341.72117019768444,5.413668730529953
-52.55764147090329,341.7306043694417,5.31387851077046
-52.45807565985017,341.73986513596594,5.252577513823428
-52.35849990487638,341.74901937985663,5.108645311953484
-52.258901667952756,341.7579234338946,5.016987317627372
-52.15928911420716,341.7666681635135,4.829858570131942
-52.05964888102571,341.7750874816557,4.706742157675103
-51.95999043687281,341.7832927037036,3.376434080802776
-51.8601865737901,341.7891809522268,2.475883379585512
-51.76028426471881,341.7935006515282,2.4907137658411216
-51.660383079385106,341.79784620920594,2.5008355053567826
-51.560482661002375,341.80220941522725,2.4564919164485586
-51.4605789162628,341.8064953019737,2.4259763182820047
-51.360672882448824,341.8107279804864,3.714086638748461
-51.260904733415835,341.81720432906195,4.607404376770152
-51.16123221307596,341.825236753909,4.759629727531969
-51.061581635934296,341.8335339425259,4.868105322017126
-50.96194669549728,341.84201980158315,4.9754022107049
-50.86232794936852,341.8506922192415,5.054197284887672
-50.76272109577541,341.85950163903436,5.1176649842149935
-50.66312410800898,341.86842138578527,5.165801420259667
-50.56353460287995,341.87742480891137,5.1866457702047875
-50.46394838497824,341.8864644618863,5.202994107812861
-50.36436474526692,341.89553253012997,5.1824607639945075
-50.264777867375024,341.9045649090888,5.1658014202593
-50.165188362245985,341.9135683322149,5.105107028391445
-50.06558942239078,341.92246624926815,5.054197284914736
-49.965982568797564,341.93127566906105,4.9544627003700565
-49.86636066227306,341.9399116789272,4.868105321984328
-49.76672572183604,341.9483975379844,4.730295012783519
-49.667070916117964,341.9566437051493,4.607404376737359
-49.567398395778085,341.9646761299963,3.468598513822041
-49.467603971276205,341.9707249224449,2.4259763183792833
-49.36769793746222,341.97495760095774,2.46491524414915
-49.26779482458375,341.9792581749573,2.5008355053233555
-49.167894406200986,341.98362138097855,2.4879060956074475
-49.06799300812278,341.9879620431808,2.4758833796180517
-48.96809069905149,341.99228174248225,3.6274861052916667
-48.8683142762058,341.99860719889,4.70674215770723
-48.76865583205289,342.00681242093793,4.864768145348943
-48.66902076256477,342.015292445703,5.016987317627728
-48.56940820881918,342.0240371753219,5.135154493898656
-48.4698141125773,342.03298730884006,5.252577513849525
-48.3702383576034,342.0421415527308,5.332004873258649
-48.27067548690972,342.0514338173773,5.413668730497529
-48.1711258632887,342.0608679891345,5.455635323773978
-48.071583204945355,342.07037507127814,5.50037477457725
-47.972047972096185,342.0799598812131,5.506253352430537
-47.87251372375737,342.0895549034102,5.512759298952679
-47.772980564997006,342.099161227734,5.483944888427161
-47.67344260220745,342.1087174936002,5.450831532334655
-47.57389911865505,342.11821623257345,5.388669039168313
-47.474345457993174,342.12760696066243,5.314545669960212
-47.37477966201409,342.13686889517214,5.220260562170742
-47.27519892608166,342.14596695796325,5.103803920901704
-47.175599737008504,342.15486261397064,4.978440094398196
-47.075981626857256,342.1635402981769,4.818463242338926
-46.97633937151932,342.17193982858015,4.662832300144325
-46.876675151472064,342.18006863342424,4.458345825373951
-46.77698207159844,342.18784172709036,4.272992202913622
-46.67726507028034,342.19529221791254,4.023253422879
-46.57751583811734,342.20230804592626,3.0302782121117464
-46.47768062824794,342.20759309230993,1.664481604385814
-46.37772716485554,342.2104976259554,2.613461135868247
-46.277854433558694,342.2150563329946,3.9237366161903457
-46.17809316610068,342.2218988964766,4.063170338140563
-46.07834926183688,342.22898418669365,4.259507328511286
-45.97862980670876,342.2364112607328,4.366403901953028
-45.87892463188231,342.24402434894705,4.520461020770265
-45.779240037516935,342.251905516755,4.595590083358712
-45.67956598979825,342.2599173789351,4.706742157707564
-45.57990754564535,342.268122600983,4.751034608895499
-45.480255519639535,342.27640485767535,4.818463242338926
-45.3806132643016,342.2848043880786,4.832956826234117
-45.28097314190472,342.29322912337057,4.855695485983359
-45.181336365831314,342.3016934020483,4.841473360967128
-45.08169749676597,342.3101329479145,4.818463242371724
-44.98205524142804,342.3185324783178,4.776589790520862
-44.88240691846524,342.3268591812652,4.7067421576747694
-44.782748474312335,342.3350644033131,4.638200221178624
-44.683080408215055,342.34315038992986,4.52046102076513
-44.58339581384956,342.3510315577378,4.426094763921038
-44.48369861310299,342.35874851573897,4.259507328478805
-44.38397915797487,342.36617558977804,4.1399750165177585
-44.28424481789825,342.37339458142674,3.9237366162572846
-44.184483550440284,342.38023714490885,3.7794777534283805
-44.08470595528931,342.38682847023904,3.512985622098468
-43.98489819775813,342.39295567975273,2.7017158316007337
-43.88503250496208,342.39766822359786,1.1772989259182214
-43.785057958083684,342.39972276400454,1.9701044756685258
-43.685139426957456,342.40315979834304,3.4631722016513726
-43.585326380101634,342.4092002318693,3.587039563581786
-43.485527071785796,342.41545640827746,3.8241960924575427
-43.38575406723264,342.42212564528495,3.9210602269850474
-43.28599275879528,342.4289635296389,4.110310708149695
-43.186254301876524,342.4361309120965,4.180753166853171
-43.08652488305969,342.4434209018145,4.321655627707232
-42.98681354268392,342.45095613640285,4.366423834561958
-42.88710818291342,342.4585692736274,4.458345825439527
-42.78741510303981,342.46634236729363,4.478307078269565
-42.68772475005742,342.4741501915175,4.520461020699872
-42.58804015569192,342.48203135932533,4.516547650714542
-42.48835502377146,342.48990571849833,4.508038828766897
-42.388668723047424,342.4977652736887,4.481188863235895
-42.28897877463081,342.50557811107257,4.421071657633654
-42.189280659013704,342.5132863470721,4.372169246167902
-42.08957608433516,342.520909480729,4.259507328543767
-41.98985662920704,342.5283365547682,4.189327176868824
-41.890128328686465,342.53564146645965,4.023253422846509
-41.790379096523466,342.5426572944733,3.9324135370521534
-41.690619170423595,342.5495149449113,3.7121853919247596
-41.59083331847574,342.55598911751247,3.6011125599754967
-41.49103556750582,342.56226980533654,3.326158488537183
-41.39120836132173,342.56807153484635,3.3403231056933405
-41.291382600167694,342.57389794293306,3.375986146259974
-41.1915604772456,342.5797864856353,3.512280855007256
-41.091753367955555,342.58591242304954,3.8615265305468007
-40.99198472984745,342.59264666464605,3.9748285970567765
-40.89223011518809,342.599578149302,4.271937796494197
-40.79251227372989,342.6070268575606,4.362651546258607
-40.69280668760997,342.6146334093273,4.60740437667014
-40.593134167270044,342.6226658341742,4.676187656731101
-40.493471562015316,342.6308178931469,4.868105322049924
-40.39383662157831,342.6393037522042,4.915840141873723
-40.29420888575809,342.64787260852273,5.054197284881575
-40.19460203216486,342.6566820283156,5.081944096498469
-40.09499949171541,342.6655396808662,5.165801420259667
-39.99540998658638,342.6745431039923,5.17474159198092
-39.89582189135392,342.68356206615323,5.2029941078452975
-39.7962382516426,342.69263013439695,5.194364942209672
-39.69665325108146,342.70168320416974,5.165801420292105
-39.597063745952426,342.7106866272959,5.140827915473135
-39.49747035878022,342.7196466385496,5.054197284882292
-39.397863505187004,342.72845605834243,5.014024763966118
-39.298250588353945,342.7371956295486,4.868105322022653
-39.198615647917045,342.74568148860584,4.813737063757122
-39.09897287031198,342.7540727854149,4.607404376702606
-38.99930034997205,342.76210521026184,4.539648471591062
-38.8996186758686,342.77001973855636,4.271937796424082
-38.79990083441028,342.77746844681485,3.82874475666567
-38.700140581281,342.7841447867776,2.0141094581865158
-38.600206702643455,342.7876591943077,2.0141094581539654
-38.50027282400591,342.7911736018378,2.014109458121129
-38.400338945368354,342.7946880093678,2.451327009432466
-38.30044690663679,342.7989643726558,4.271937796489346
-38.20072906517848,342.8064130809144,4.335008952082455
-38.10101974457963,342.8139715341924,4.607404376702606
-38.0013472242397,342.8220039590393,4.65470578817867
-37.9016815223854,342.83011865484514,4.868105321984673
-37.80204658194839,342.83860451390234,4.900506086672556
-37.7024165317606,342.84714670868203,5.054197284882292
-37.60280967816738,342.8559561284749,5.072747869581967
-37.50320570819743,342.8647977950704,5.165801420292105
-37.403616203068395,342.87380121819655,5.171676899140961
-37.30402762452309,342.88281485357305,5.2029941078452975
-37.20444398481177,342.8918829218168,5.197429635107918
-37.10485946756347,342.9009413183741,5.1658014202593
-37.00526996243443,342.9099447415002,5.150024141801958
-36.90567800478286,342.9189207387089,5.0541972849150945
-36.80607115118965,342.9277301585018,5.029358815124581
-36.70646054872415,342.9364963912467,4.868105322017126
-36.60682560828714,342.94498225030395,4.835218917275609
-36.50718592728164,342.95341091027984,4.607404376735397
-36.40751340694172,342.96144333512683,4.346601760988745
-36.30781296416704,342.9690214043119,2.4259763182818324
-36.20790693035306,342.97325408282455,2.4347868065126503
-36.10800155744259,342.97750212366407,2.5008355053233555
-36.008101139059825,342.9818653296853,2.4979485306298055
-35.908200501923346,342.986223501955,2.47588337965323
-35.80829819285216,342.9905432012565,2.729588121996499
-35.70842362215298,342.99530485865705,4.706742157674435
-35.60876517800006,343.0035100807049,4.7399042404201035
-35.5091116390863,343.011772970876,5.016987317627728
-35.40949908534071,343.0205177004949,5.04033690418008
-35.30989017876664,343.0293030175769,5.252577513817465
-35.210314423792745,343.0384572614676,5.267170781669449
-35.110741036062784,343.04763686407387,5.413668730497912
-35.011191412441775,343.0570710358311,5.420738904018325
-34.91164296227164,343.06651749091156,5.50037477457725
-34.81210772942247,343.0761023008465,5.368403574616793
-34.71255407784266,343.0854575039168,3.6723524719699427
-34.61276374906383,343.09186230227766,3.701119061970154
-34.512976820908115,343.0983171905796,4.0953879410581315
-34.41323650061734,343.1054585957717,4.115682724340117
-34.31349880953068,343.1126353228931,4.418586579405803
-34.2138003596797,343.1203392346992,4.431274023333981
-34.1141036588405,343.12806522016,4.642175788571273
-34.01443603153774,343.1361581323469,4.648392861434222
-33.91476929410115,343.14426185835504,4.766331254608024
-33.81511943748847,343.15257072331366,4.767399940054252
-33.71546973625607,343.16088144691577,4.791157002500955
-33.6158234891542,343.1692334884831,4.788479555219636
-33.51617685478583,343.17758087330077,4.716674386049428
-33.41651983450627,343.18580337102526,4.711621471454765
-33.31686210241877,343.19401707889847,4.542819892413143
-33.21718059115821,343.2019371466155,4.589744583388484
-33.117507041098875,343.2099387341582,6.612781227155443
-33.01817664635817,343.22145410825067,6.614254522144711
-32.91884655129475,343.2329720360956,6.773068992996459
-32.81954876003195,343.2447652464371,6.773068992996939
-32.72025096876916,343.25655845677863,6.858906678323837
-32.620970957489675,343.2685004167721,6.859333854686785
-32.52169103469348,343.28044311702735,5.074721994054808
-32.42208830193,343.28928813266015,5.039313809164752
-32.322479163312735,343.29807167771645,5.449233522912348
-32.222935486391854,343.3075676335435,5.460740837258509
-32.123393647135075,343.31708358841985,5.770859751340777
-32.02390482696717,343.3271381754673,5.782611586128293
-31.924418015946664,343.3372131738695,5.994807237664611
-31.824969233512917,343.3476565494923,6.005232072068407
-31.725522319367325,343.3581180229425,4.391107285160257
-31.625822619806662,343.3657739311937,4.2918257065948575
-31.526107369873007,343.37325725201424,4.768666345231918
-31.426458086606846,343.38157015862413,4.8010867973160325
-31.326813288473836,343.3899394695192,5.158415153849212
-31.227222771051537,343.39893004070217,5.18563806558191
-31.127636389009183,343.40796794264594,5.425292318568537
-31.02808875614243,343.4174223027257,5.445876757185803
-30.928544451538592,343.4269124334277,5.570080528727643
-30.82902097581381,343.43661832809045,5.582103055332159
-30.729499516259274,343.4463451080286,5.593272399108661
-30.629979954957133,343.4560912886566,5.594484148767165
-30.530460599594274,343.4658395740438,7.577089386292084
-30.43134522045209,343.4790240528896,7.815918998795402
-30.332278514873153,343.49262254565775,8.072969251850598
-30.233273958112214,343.5066653298591,8.110151961654122
-30.134278391301788,343.52077238170267,8.277335191389897
-30.035324481200462,343.53516822149663,8.306069275920096
-29.93637773072305,343.5496136958671,8.387514666050535
-29.837451634481663,343.56419980445895,8.4039549214901
-29.73852970742685,343.5788143009469,6.928641660692464
-29.639272009538658,343.5908761499231,6.583178191728354
-29.539935678402912,343.6023402014024,6.887665618909531
-29.4406620305038,343.6143319492265,6.965273598258279
-29.341404359424445,343.6264581972749,7.16739296316673
-29.242190255155396,343.6389344936606,7.223761239102953
-29.14298830108608,343.6515084138391,7.3273650228724145
-29.043809295263344,343.66426168665475,7.359042314635243
-28.944637305966797,343.6770697973191,5.998150079118646
-28.845198492365235,343.68751799172037,5.542480047381739
-28.74567033003537,343.69717594507887,5.817080796433048
-28.646190000284733,343.7073107520716,5.913731958172753
-28.54672650621234,343.7176133976899,6.075916564381386
-28.44729272200431,343.7281975327575,6.136246147942109
-28.347869989312507,343.73888637665783,6.189416999447453
-28.248457235620528,343.74966747904705,6.210376607694877
-28.149048415586684,343.7604849491446,7.7991134062854375
-28.049993632822854,343.7740522050232,8.46266263699324
-27.9510867323347,343.78876805347494,8.6713841717132
-27.85223440010166,343.80384406288584,8.768140073218037
-27.753407363820436,343.8190870304348,8.888864038027892
-27.654612777504283,343.8345381778839,8.951186803805971
-27.555834943228103,343.8500967965731,8.989892390162037
-27.457067654924224,343.8657221380261,9.01216165405206
-27.35830643424719,343.8813858684315,8.974985704358108
-27.25953508437232,343.89698551294254,8.951186803795201
-27.16075725009602,343.9125441316317,8.84411407971868
-27.061950635234304,343.92791811100346,8.768140073186778
-26.96312359895309,343.94316107855235,7.575128593291315
-26.864017419062485,343.95634088206043,6.642380716715588
-26.764692986517126,343.96790756954516,6.669391165237173
-26.6653740269081,343.97952107832583,6.691705278465323
-26.566059588650226,343.9911732675346,7.87829290091027
-26.467026296140247,344.0048770322559,8.914592070077019
-26.368238544744262,344.0203725585122,9.057372848775449
-26.26949001028374,344.03611416785145,9.194962236349815
-26.170779266866088,344.0520929129137,9.27143047738455
-26.072090030978085,344.0682033699432,9.353236956774136
-25.973423804056797,344.08445473372996,8.543455387788866
-25.87454953017702,344.09930826678925,7.577776401276998
-25.77542716006939,344.1124948851608,7.749918694830487
-25.676345428693438,344.12597917378866,7.970444027851454
-25.577315758092368,344.13984479676344,8.073064575139048
-25.478311300951543,344.1538877348628,8.215481547336806
-25.37934183507693,344.16817675107546,8.254455093380804
-25.280382146358395,344.18253307963636,8.31341240058569
-25.181437248050187,344.1969912350722,8.29497220446786
-25.082487710104452,344.21141754388566,8.264453052217993
-24.98353049340091,344.22579114545675,8.194776664673203
-24.884556003030138,344.2400443772009,8.068494765583614
-24.785550205779796,344.25407945007777,7.953295779869474
-24.686516786222157,344.2679153781118,7.725112699875226
-24.587428653242323,344.2813568461268,7.569265809429927
-24.488305115297212,344.2945286359812,7.233602611990801
-24.389105322442607,344.30711959533426,7.739468514996167
-24.29002953158368,344.3205846708344,8.914592070046417
-24.191241780187713,344.33608019709067,8.34110394771915
-24.092316856948923,344.35058426929663,6.839618912390011
-23.993032830658414,344.3624928075519,6.865439244321584
-23.8937542094288,344.3744460835044,6.938177259832237
-23.794490814700197,344.3865253892289,6.925999730990352
-23.6952248617324,344.39858359661037,6.888903206804954
-23.59595111557619,344.41057753190887,7.38253020122868
-23.496796535408617,344.423424721884,9.012161654052697
-23.39803531473159,344.43908845228935,9.050078320639837
-23.299284564102823,344.4548175233789,9.194962236285509
-23.20057382068517,344.470796268441,9.206001865221275
-23.10186616612439,344.4867940312415,9.255854016883024
-23.0031724600526,344.5028776732931,9.24642629539579
-22.90447611613105,344.5189450744054,9.19496223631701
-22.80576537271339,344.53492381946756,9.171434804358839
-22.707048132590128,344.55086202038075,9.012161654021167
-22.60828691191311,344.56652575078607,8.792187002332192
-22.50947258373322,344.5818092197955,6.888903206837778
-22.41019883757702,344.59380315509407,6.893288001241865
-22.310926012572693,344.6058046873281,6.938177259799414
-22.211662617844084,344.61788399305254,6.93086950819823
-22.11239769335781,344.6299506369704,6.839618912356946
-22.01311366706729,344.64185917522565,6.824892708837474
-21.913826634945703,344.6537421888548,6.593046263252029
-21.814492279740765,344.66522334889396,6.574748263996474
-21.715154367270948,344.67667277287444,6.1980229737573875
-21.61574321717594,344.6874688090273,6.259625138739221
-21.51634534138218,344.6983715453433,7.985154648593773
-21.41731923402671,344.7122625936066,7.982794347734194
-21.318292560104535,344.72614956169144,7.8257335381506525
-21.21922818534677,344.739765023993,7.825733538118386
-21.120163810589002,344.75338048629453,5.724405554337173
-21.020667090202277,344.76335438466504,5.715790954030261
-20.9211685969747,344.7733133507396,5.788983501406011
-20.821682908185366,344.7833994129791,5.790035129994735
-20.72219740336991,344.79348730133347,7.991151772201182
-20.623174586107034,344.8073884568541,8.046437476173676
-20.52416339307873,344.8213854142,8.33895394149926
-20.425225009840062,344.83588766745055,8.352571081747664
-20.32629001603594,344.85041344318904,8.523912401880496
-20.227398934701377,344.8652350110001,8.536022103481804
-20.12851095692462,344.8800774842124,8.591725044279219
-20.029637460263817,344.89501608857404,8.597133471621849
-19.930765369634276,344.9099640267053,8.542824818725014
-19.831879160362394,344.9248182399249,8.536022103513409
-19.732991182585632,344.93966071313724,8.37711813169192
-19.634062479866756,344.9542288652935,8.352571081711003
-19.53512748606258,344.9687546410319,8.093991117110221
-19.43612812956757,344.9828337432622,8.04643747617396
-19.33711693653927,344.9968307006081,6.185550947437811
-19.237714583466914,345.0076038890315,5.790035129897523
-19.13822907865146,345.01769177738566,5.729574637370444
-19.03873299676703,345.0276746783226,5.715790954062669
-18.939234503539453,345.03763364439726,5.536562545970789
-18.83970546277815,345.04728130695975,5.49294381232688
-18.74016898766648,345.0568532076162,7.05461121921882
-18.64093985215397,345.0691330304171,7.457376843809085
-18.5417899909694,345.08211132718196,7.466935056915388
-18.44264229662781,345.0951061641213,7.469665566067433
-18.343495221291523,345.1081057261173,7.385525689893796
-18.244329196436556,345.120959670534,7.359042314667545
-18.14515720714001,345.1337677811984,7.185179238848245
-18.04594696574951,345.14627487780405,7.125324031741644
-17.946723555432317,345.15867834525716,6.865204780450701
-17.847445238676624,345.170631172398,6.768138636596116
-17.748146432964585,345.1824158380263,6.785742337360492
-17.6488512545659,345.1942310116919,6.792789410095646
-17.54955752824496,345.2060583982645,7.077204697952952
-17.450324260215442,345.2183784643992,7.199155933192401
-17.351116915504193,345.23090978177515,7.392566422232285
-17.25195269840357,345.24377588249655,7.481953597223987
-17.152808413319324,345.25679670792977,7.588405916866201
-17.053688576842944,345.2700017038645,7.6416346241964925
-16.954580965260856,345.28329878949717,7.6655260015958895
-16.855478911622903,345.29663719955334,7.678467231450971
-16.75637986855371,345.3099979937888,7.624277147205733
-16.65726825921497,345.32326505116606,7.592514601024815
-16.55814928438195,345.3364771663594,7.4645336528894575
-16.45900120144739,345.34946782733385,7.38363005712109
-16.35983471771731,345.3623184951937,7.1857024634596165
-16.260624834763203,345.374826466996,7.051468336505891
-16.16138551850424,345.38710202271807,6.786764934688201
-16.062091314744343,345.3989188776787,6.595513219747137
-15.962757453970186,345.4104043146982,7.5864586654426995
-15.863648397774075,345.42360444637524,8.342782146714022
-15.764710923697466,345.43811331894256,8.249264765591253
-15.665750009994817,345.452460671962,8.171396854742177
-15.566769579118587,345.4666735345657,8.029833606033145
-15.467754607419003,345.4806417600863,7.901780508214024
-15.368708391308955,345.4943886955305,7.715534269439407
-15.269618524155375,345.50781352898287,7.533555756981813
-15.170486006193617,345.52092364120165,7.305369199648469
-15.071302886426555,345.533638738986,7.066241367839393
-14.97206673857147,345.54593988197024,6.798127892311919
-14.872775326412834,345.5577763756449,6.499283801301347
-14.77342231572424,345.56909496331923,6.19246222842906
-14.674011792441666,345.57988116959314,5.832098186820903
-14.574533720345539,345.59004209139505,5.486983217723205
-14.47499846244293,345.5996034244932,5.064119222290478
-14.375393135874635,345.6084300931201,5.715107765682433
-14.27590264953582,345.61838705957547,6.538767023245367
-14.176557462213882,345.6297741099309,6.353676121864304
-14.077176700335718,345.64084009511834,6.106588174672871
-13.977748448105254,345.6514774734711,5.895221050454594
-13.878282577825914,345.6617478864581,5.599436439487742
-13.778764065415928,345.6715047736428,5.362323520538741
-13.679207269047632,345.6808496143822,5.016987317626927
-13.57959471530203,345.68959434400114,4.7542177222104325
-13.479944680718292,345.697882009588,4.358939726663798
-13.38023826485894,345.7054821277654,4.070205704586497
-13.280496768098791,345.7125795561616,3.625046265234047
-13.180701185218133,345.71890196055716,3.309728005372185
-13.080874690584102,345.72467492565175,2.8151478491792488
-12.98099971088254,345.72958609551625,3.3844374846203573
-12.881186268212803,345.7354889003796,4.286853825985143
-12.781470369284435,345.7429635683127,4.125697252649937
-12.681734481353335,345.75015768865234,3.8640151100556377
-12.581966135833706,345.75689626358417,3.6859064270132715
-12.482178123470804,345.76332461684046,3.3909334501220765
-12.382357540146598,345.76923920090417,3.1957561736590354
-12.282518362280248,345.77481365948523,2.8675172692277773
-12.182647913198965,345.77981611489537,2.655036525164482
-12.082760767421789,345.78444811416983,2.2937049909525067
-11.982845228405457,345.7884501415191,2.0636110350368373
-11.882915803687867,345.792050837415,1.6694772231759674
-11.782962593921704,345.79496408599147,1.4214448948478555
-11.682999320284909,345.7974445731247,0.994870126355983
-11.583018738553385,345.79918078637706,0.7286356442520436
-11.48303302817411,345.8004523823087,0.26998989420306674
-11.383038482666427,345.80092358135374,-0.014553797105775207
-11.283044955486991,345.80089818182955,-0.5049717610093498
-11.183053183406923,345.8000168895411,0.06014699454467043
-11.083065971917346,345.80012185246375,1.0348563756806757
-10.983086626222462,345.8019278409064,0.9111628751601457
-10.883104017209869,345.8035179776106,0.6974446060375643
-10.783115769828772,345.80473516514144,0.5646543304605852
-10.683125434464676,345.8057206095191,0.3349861238449689
-10.58313148782367,345.8063052418699,0.19307424290933212
-10.483136930629506,345.80664220292823,-0.052498408889983805
-10.383141316900462,345.8065505799129,-0.20352744331307873
-10.28314689346274,345.80619537582766,-0.4649758294101364
-10.183154530549517,345.80538388407405,-0.6250716642476033
-10.083165501613415,345.8042930046247,-0.9023982776208623
-9.983182247956712,345.80271815604624,-1.071445307375562
-9.88320483083676,345.80084833555145,-1.3647008792961737
-9.783237538662135,345.798466811858,-1.5424960530335932
-9.683278955160466,345.7957751130525,-1.851799319508369
-9.583335521745125,345.7925438165666,-1.177991544128301
-9.483373085814156,345.7904883161442,0.0
-9.383377430109382,345.7904883161442,0.0
-9.28338177440461,345.7904883161442,0.0
-9.183386118699843,345.7904883161442,0.0
-9.083390462995071,345.7904883161442,0.0
-8.98339480729029,345.7904883161442,0.0
-8.883399151585515,345.7904883161442,0.0
-8.783403495880748,345.7904883161442,0.0
-8.68340784017598,345.7904883161442,0.0
-8.583412184471205,345.7904883161442,0.0
-8.483416528766433,345.7904883161442,0.0
-8.383420873061667,345.7904883161442,0.0
-8.283425217356898,345.7904883161442,0.0
-8.183429561652124,345.7904883161442,0.0
-8.08343390594735,345.7904883161442,0.0
-7.9834382502425765,345.7904883161442,0.0
-7.883442594537805,345.7904883161442,0.0
-7.783446938833152,345.7904883161442,0.0
-7.68345128312838,345.7904883161442,0.0
-7.583455627423599,345.7904883161442,0.0
-7.483459971718805,345.7904883161442,0.0
-7.383464316013988,345.7904883161442,0.0
-7.283468660309185,345.7904883161442,0.0
-7.183473004604404,345.7904883161442,0.0
-7.0834773488996285,345.7904883161442,0.0
-6.983481693194862,345.7904883161442,0.0
-6.883486037490092,345.7904883161442,0.0
-6.7834903817853185,345.7904883161442,0.0
-6.683494726080547,345.7904883161442,0.0
-6.5834990703757805,345.7904883161442,0.0
-6.483503414671011,345.7904883161442,0.0
-6.383507758966237,345.7904883161442,0.0
-6.283512103261466,345.7904883161442,0.0
-6.183516447556813,345.7904883161442,0.0
-6.0835207918520435,345.7904883161442,0.0
-5.98352513614727,345.7904883161442,0.0
-5.8835294804424985,345.7904883161442,0.0
-5.783533824737732,345.7904883161442,0.0
-5.68353816903296,345.7904883161442,0.0
-5.583542513328179,345.7904883161442,0.0
-5.483546857623406,345.7904883161442,0.0
-5.383551201918646,345.7904883161442,0.0
-5.283555546213878,345.7904883161442,0.0
-5.183559890509097,345.7904883161442,0.0
-5.083564234804322,345.7904883161442,0.0
-4.983568579099555,345.7904883161442,0.0
-4.8835729233947855,345.7904883161442,0.0
-4.783577267690012,345.7904883161442,0.0
-4.6835816119852405,345.7904883161442,0.0
-4.583585956280474,345.7904883161442,0.0
-4.483590300575818,345.7904883161442,0.0
-4.383594644871044,345.7904883161442,0.0
-4.283598989166273,345.7904883161442,0.0
-4.183603333461506,345.7904883161442,0.0
-4.083607677756737,345.7904883161442,0.0
-3.983612022051963,345.7904883161442,0.0
-3.883616366347191,345.7904883161442,0.0
-3.7836207106424244,345.7904883161442,0.0
-3.6836250549376577,345.7904883161442,0.0
-3.583629399232891,345.7904883161442,0.0
-3.4836337435281166,345.7904883161442,0.0
-3.3836380878233285,345.7904883161442,0.0
-3.283642432118533,345.7904883161442,0.0
-3.1836467764137235,345.7904883161442,0.0
-3.0836511207089243,345.7904883161442,0.0
-2.9836554650041434,345.7904883161442,0.0
-2.8836598092994787,345.7904883161442,0.0
-2.783664153594705,345.7904883161442,0.0
-2.6836684978899332,345.7904883161442,0.0
-2.5836728421851665,345.7904883161442,0.0
-2.4836771864803975,345.7904883161442,0.0
-2.3836815307756236,345.7904883161442,0.0
-2.283685875070852,345.7904883161442,0.0
-2.183690219366085,345.7904883161442,0.0
-2.0836945636613162,345.7904883161442,0.0
-1.9836989079565421,345.7904883161442,0.0
-1.883703252251771,345.7904883161442,0.0
-1.7837075965470042,345.7904883161442,0.0
-1.6837119408422323,345.7904883161442,0.0
-1.5837162851374513,345.7904883161442,0.0
-1.4837206294326575,345.7904883161442,0.0
-1.383724973727841,345.7904883161442,0.0
-1.2837293180230374,345.7904883161442,0.0
-1.18373366231837,345.7904883161442,0.0
-1.0837380066135942,345.7904883161442,0.0
-0.9837423509088273,345.7904883161442,0.0
-0.8837466952040631,345.7904883161442,0.0
-0.7837510394993035,345.7904883161442,0.0
-0.6837553837945362,345.7904883161442,0.0
-0.5837597280897552,345.7904883161442,0.0
-0.48376407238497676,345.7904883161442,0.0
-0.3837684166802029,345.7904883161442,0.0
-0.2837727609754265,345.7904883161442,0.0
-0.1837771052706455,345.7904883161442,0.0
-0.0837814495658722,345.7904883161442,0.0
0.016214206138887466,345.7904883161442,0.0
0.11620986184364968,345.7904883161442,0.0
0.21620551754841644,345.7904883161442,0.0
0.3162011732531883,345.7904883161442,0.0
0.4161968289578556,345.7904883161442,0.0
0.516192484662634,345.7904883161442,0.0
0.6161881403674079,345.7904883161442,0.0
0.7161837960721792,345.7904883161442,0.0
0.816179451776946,345.7904883161442,0.0
0.9161751074817127,345.7904883161442,0.0
1.0161707631864796,345.7904883161442,0.0
1.1161664188912488,345.7904883161442,0.0
1.2161620745960227,345.7904883161442,0.665118471555699
1.3161389728142652,345.79164895082664,1.851799319475828
1.4160824062296051,345.7948802473125,1.6773924117303125
1.5160343823566884,345.79780727969455,1.3647008792961677
1.6160016745313142,345.800188803388,1.1994746706600643
1.7159746713253938,345.8022820221153,0.9023982775881579
1.8159579249821118,345.8038568706937,0.746210692966412
1.9159444312275213,345.8051591519358,0.4649758294102375
2.015936794140723,345.8059706436894,0.3177581817391662
2.1159303173069577,345.80652520610465,0.0524984088574028
2.2159259310360224,345.80661682911995,-0.08576503911838668
2.3159209499086524,345.80646714823274,-0.33498612387756244
2.415914896549652,345.8058825158819,-0.4642758359994256
2.515906810250015,345.8050722494744,-0.6974446060700888
2.6158950576311177,345.8038550619435,-0.817720803322337
2.7158801318504935,345.80242798603115,-1.0348563756808962
2.815859477545356,345.8006219975885,-1.1460715583031338
2.915834788713359,345.7986219524644,-1.3472112040415165
3.015802803196438,345.7962709441391,-1.4493203163819743
3.1157661812047737,345.7937417899077,-1.6345073626390858
3.2157211504236973,345.79088954723267,-1.7274757652046857
3.3156711204282816,345.7878751282035,-1.8967498303863681
3.4156119880233216,345.78456542365694,-1.9805592491378208
3.515547711755523,345.78110954093574,-2.13394864349464
3.615474021112152,345.77738612070834,-1.5572816942714631
3.71542341744294,345.7746688576599,-0.4949728227606424
3.815415341798539,345.7738050153883,-0.7323049787876522
3.9154012488471515,345.7725270126202,-1.1698022970622228
4.015376063687657,345.7704855529864,-1.3891394726435
4.11534097771044,345.76806142288626,-1.7943592443303773
4.2152876003357935,345.76493032314175,-1.9954052387253869
4.315221478974855,345.7614485790205,-2.3685786485333145
4.415131702862826,345.7573159863137,-2.5510565715545086
4.515027310558388,345.7528652592002,-2.89245340838674
4.614895573024007,345.74781933887493,-3.0561588661834764
4.714748239197981,345.7424881371998,-3.3660210212939643
4.8145713847706055,345.73661695607353,-2.878709380568471
4.914433909225908,345.73159534140467,-1.9416980057459017
5.014372149625643,345.7282072349083,-2.2352098666043956
5.114289187582118,345.72430731558643,-2.8026782424185233
5.214165233764273,345.7194178821986,-3.0683458878289085
5.314015436811356,345.7140655127446,-3.587695760611763
5.413815119994703,345.70780816535876,-3.8248254690968864
5.513586350537737,345.7011379460792,-4.296797522420347
5.613300950734127,345.6936459725403,-4.504969931896002
5.712986328427741,345.6857918626759,-4.930147611796934
5.812612021606649,345.67719811969346,-5.109310116108344
5.912209326146329,345.66829298414336,-5.487989734560572
6.011746628520023,345.65872968994086,-5.63850766235206
6.11125770671755,345.6489050160202,-5.970613997312317
6.210710923526673,345.6385036302402,-5.541032968034503
6.310232829365486,345.6288488212124,-4.542819892412539
6.409914340626055,345.6209287534954,-4.783948986661058
6.5095595235343895,345.612589424783,-5.361633138508936
6.609117674142468,345.6032456671165,-5.5666345375958075
6.70864016266323,345.59354591129267,-6.079398812869417
6.808073451601164,345.5829557172049,-6.248653112240016
6.90747387488787,345.5720719650544,-6.696637187884104
7.006787309779959,345.5604112270949,-6.831330485381136
7.106072278450707,345.5485171447803,-7.213919437687247
7.205276390901897,345.5359602648893,-7.316027786576562
7.304457480789415,345.5232266732523,-7.6318115211858775
7.403567370640333,345.50994657936803,-7.704030421561305
7.502660173764934,345.49654160864316,-7.950828221734387
7.601694585602462,345.4827098903182,-7.619399287049372
7.700800992447966,345.4694521178288,-6.348697447701767
7.800183407783452,345.4583946912785,-6.46619575031275
7.899542072805171,345.4471335794959,-6.952957468173276
7.998802348213515,345.43502866786076,-7.039110713653019
8.098043797094842,345.4227745797835,-7.432797330257418
8.19719921675983,345.4098388188516,-7.490672208563702
8.296341258685013,345.39680294120694,-7.788926637313571
8.395414359596082,345.38325112082396,-7.822431976803769
8.494479417901202,345.3696413807984,-8.021926561002738
8.593496589714093,345.3556867813414,-8.035595049688817
8.69251040978459,345.3417085635435,-8.132202280110333
8.79150054015583,345.3275634142365,-7.942182507915028
8.89053232177649,345.3137472979548,-6.296835752442326
8.989924705108878,345.3027798326445,-6.328390186499833
9.08931088329142,345.29175764738835,-6.642380716748411
9.188635315836772,345.28019095990356,-6.65770906825061
9.287956608208237,345.26859770547105,-6.8396189123586435
9.387240634498731,345.2566891672158,-6.989430041983235
9.486488161261772,345.244521688072,-9.207142273125461
9.585195505659513,345.2285219592689,-9.222938302781895
9.683898337942846,345.2124950339853,-9.632907565593682
9.782484064060995,345.19576225879445,-9.620268381446015
9.881073196052213,345.17905127951815,-8.129752364358286
9.980063931166745,345.16491036295264,-8.129752364390528
10.079054666281277,345.1507694463871,-8.78220316788796
10.177877880538906,345.1355022344719,-8.79011528355912
10.276699063267051,345.12022136394586,-9.28376808441903
10.37538478564442,345.1040896632393,-9.302117675314324
10.47406547275677,345.0879263358943,-9.64409428923674
10.572647812781712,345.0711743325558,-9.666923076872079
10.671223587568132,345.05438303168023,-9.865441375563236
10.76974053277577,345.0372502974892,-9.885429037477472
10.868251554760887,345.02008318627986,-9.949343644953286
10.966743356703818,345.0028061962153,-9.95820018752431
11.06523249535642,344.9855139804145,-8.364735629955659
11.164157525158183,344.9709682112725,-8.078297233032226
11.263160919764458,344.95691620016146,-8.291078535350273
11.362111304076786,344.9424966352242,-8.33544012352872
11.46105063654398,344.9280004408691,-8.404469310947979
11.559972415113336,344.9133850588339,-8.421079846905975
11.658889969676466,344.8987409965872,-6.925669322841494
11.758146693400697,344.8866844911469,-6.51409073803516
11.857496775711324,344.87534022807233,-8.474205956247976
11.956383528918828,344.8606070129865,-9.056050812685791
12.05513272204255,344.8448676350694,-9.464489466971427
12.153766352875094,344.8284248620407,-9.603745955045106
12.252360582639378,344.8117422658094,-9.873622400459297
12.350874709201404,344.7945955296015,-9.980025216157806
12.449357253782003,344.77726579871046,-8.883069131245854
12.548145243619327,344.7618259185942,-8.381934938253634
12.647072780029411,344.7472494409792,-8.723030208111025
12.745910903297235,344.732084421765,-8.895071878229684
12.844703928155798,344.71662255256626,-9.098006956446822
12.943441221352167,344.70081092323994,-9.212014052885173
13.042147204958606,344.6848028015477,-9.592756276736775
13.140743264565076,344.66813934782516,-9.832043032903423
13.23927023943952,344.65106403283755,-10.369262515649474
13.337629705611265,344.63306623169444,-10.751669491370517
13.435869933815152,344.61441177586545,-11.147632358293931
13.533976969105257,344.5950792271242,-11.473775652940207
13.631974296918779,344.57518815120517,-10.836243187794361
13.730180981662855,344.55638983389224,-10.217484946797551
13.828590858382617,344.5386520966118,-10.601887797111097
13.926877073617382,344.5202549795917,-11.026490046741472
14.025026695541301,344.5011295285898,-11.28409259846251
14.123088062919237,344.48156324474553,-11.615363639260117
14.221035937202059,344.46143006110975,-11.056696333397408
14.319168333327315,344.4422542614762,-10.20295670138384
14.417582704565465,344.4245414781367,-11.2533614738059
14.515626943718393,344.4050332866228,-13.094264699375673
14.613022577397514,344.382378889697,-13.368809902415153
14.710306052106242,344.3592586534925,-13.980349182299218
14.807339700646436,344.3351007932642,-13.712169701431563
14.904482144787295,344.31139815753454,-12.902014902436585
15.00195324443328,344.2890706880489,-13.083643014600916
15.099351078972337,344.2664348112087,-13.82487954483011
15.196449921526643,344.24254033623134,-13.918288827697406
15.29350886775755,344.2184877941424,-14.506428591559452
15.390316616123005,344.193440019466,-14.414112238999941
15.487162954005615,344.1685486783571,-13.208049351170807
15.584513405908975,344.14570090660504,-13.219276433460792
15.681859268708276,344.1228340854064,-13.881438111982833
15.77893447692837,344.09884377259357,-13.881438111982588
15.876009685148466,344.07485345978074,-16.377292742898533
15.971943949323242,344.0466597792737,-16.490997051405177
16.067826218800757,344.01827454438535,-15.56361392405473
16.164153472271824,343.9914454223532,-15.42568601493726
16.260546910182423,343.96484774787587,-16.115905449516404
16.35661116022657,343.9370913351736,-16.293126197777283
16.452590886081587,343.9090373981125,-15.508347666785442
16.54894219341728,343.88230169765734,-15.19079327907236
16.64544386217393,343.856099425103,-15.70981426028891
16.74170199104661,343.829024693577,-16.002500542481187
16.83782278164067,343.8014579604484,-15.339195803405973
16.934251155776902,343.77500722596375,-14.815279242198281
17.030922479278715,343.74943797935316,-16.226771751906636
17.12690428780826,343.72150404617656,-17.696855515845858
17.22216796565711,343.6911072890708,-18.040589082053085
17.317244899797238,343.6601404388827,-18.577326218965823
17.41203023768762,343.6282834007148,-18.278895850456106
17.506976913467096,343.59692158263744,-17.512885248549285
17.60233770062308,343.56683086259244,-17.6558522518173
17.697621783540832,343.5365027092824,-18.29383759111913
17.79256358314929,343.50511503898116,-18.33080744565768
17.887484871749837,343.4736661934457,-18.777002411641277
17.98215861226758,343.4414790218364,-18.77700241161044
18.07683235278532,343.4092918502272,-19.401036767037247
18.171149710990775,343.37607554693864,-19.424341475155998
18.26545375975313,343.3428208097294,-20.105200520294456
18.359354752842656,343.3084482612433,-20.231810131184123
18.453180793734862,343.2738678446713,-19.433696237145895
18.547475703871594,343.2405990189331,-19.110233529019563
18.641960644298262,343.20786177420473,-19.50692093429201
18.73621512702072,343.174471697775,-19.777096408988026
18.830312649160398,343.1406369894564,-19.168562033925607
18.924758191533027,343.107805667031,-18.480685266463148
19.01959712792331,343.0761085487995,-18.65451426777528
19.114338689197528,343.0441241071916,-18.962791968757205
19.208907560771486,343.0116301125301,-19.110581504973315
19.30339133740147,342.97889262831524,-19.564297247137485
19.39761387391965,342.9454076350808,-19.652672240269034
19.491783851717766,342.9117776347047,-20.282415641953136
19.58557931345967,342.87711436139637,-20.28241564195243
19.67937477520158,342.842451088088,-19.039193293989797
19.773900026093074,342.8098310906034,-19.027609141322607
19.868432077580056,342.7772301335393,-21.27065105501898
19.96160555533721,342.7409582832744,-21.590762600318836
20.054585098252236,342.7041624172138,-20.856423589668122
20.148025666171485,342.6685623396323,-20.576589784041957
20.241641920522657,342.63341795059097,-20.986751303134266
20.335002512903223,342.59760494381294,-21.274508916418146
20.428183739365394,342.5613228518828,-21.42743494858981
20.521267375149932,342.5247923476526,-21.621016178711525
20.6142274759833,342.4879473912422,-21.74900863737136
20.707104469650425,342.450895090798,-22.06256075067064
20.799777870703675,342.4133348472279,-22.13301895278306
20.89240455130528,342.3756608567611,-22.59731755097593
20.984723361316746,342.33723731608745,-22.59731755094586
21.077042171328213,342.29881377541386,-21.244854470476177
21.170241231891527,342.26258027821905,-21.19631832684181
21.263471885132336,342.2264253828919,-23.07455931632291
21.35545661063047,342.1872388375993,-23.48640673185888
21.447168091310825,342.1473874201685,-22.71172865596891
21.539405236061754,342.10878159964483,-22.274814590840496
21.631938858543336,342.0708783033467,-22.483928605073512
21.72433285631331,342.032637815815,-22.712285140544253
21.81657438127124,341.9940291091122,-22.869850755593685
21.908708605885508,341.9551672083675,-23.220913700177462
22.000603761929064,341.9157411832628,-23.088716192351466
22.092588049486853,341.876527969074,-22.22984461669632
22.185151392779847,341.83869731168807,-22.22984461666694
22.277714736072838,341.8008666543022,-22.852064004193306
22.369861644333994,341.76203309440564,-22.86952011083139
22.461996869453724,341.72317139794285,-23.4198817643329
22.553753513820038,341.68342694440105,-23.555764855662193
22.64541668607462,341.6434645369153,-24.009110617068934
22.736759042891,341.60277889472655,-24.286863667867866
22.82790484322654,341.5616501427272,-23.77719305554765
22.91940800831573,341.5213359393848,-23.08988489730738
23.011393086729388,341.48212017075707,-23.68077578588679
23.102954355804332,341.44196421922555,-25.43927442806843
23.193254538659367,341.3990106613266,-25.399193124681624
23.283584167408872,341.35612055897906,-24.34706829845569
23.374686700615822,341.3148960565187,-24.34706829845653
23.46578923382277,341.27367155405835,-24.738438862985305
23.556607652003006,341.23182590770097,-24.812225928635165
23.647372504143096,341.18986315307484,-25.126282433673854
23.73790521054562,341.14740388222515,-25.304573527685918
23.828306126466718,341.10466273623615,-25.525314290887493
23.918540800921207,341.0615740566922,-25.82334430200516
24.008551027273963,341.0180161606026,-25.541448838081823
24.098770195020563,340.97490368266983,-24.43830401186363
24.18980696835759,340.9335341641784,-24.4420610814424
24.280840999412643,340.8921586895414,-25.00553327925701
24.3714637592113,340.84988994735164,-25.00553327925701
24.462086519009954,340.80762120516187,-25.463114411642458
24.55236810041165,340.76463042177244,-25.577742768119105
24.64256421258017,340.72145875850225,-25.913640005951102
24.732504573019273,340.6777596030068,-26.15460553640042
24.822261462100045,340.633682034762,-26.360368181496565
24.911858425624544,340.5892829356895,-26.73579075669235
25.00116359972548,340.5442971930743,-26.80280927731119
25.09041562113454,340.499207260031,-27.32096432232317
25.17925669694137,340.45331178738587,-27.320964322294234
25.2680977727482,340.4074163147408,-26.563799332724884
25.35753634681069,340.3626994703404,-26.443927096606085
25.447069517804426,340.3181692283509,-26.8141974439771
25.53631195058563,340.2730618721525,-27.03211516515103
25.62538327245441,340.2276148614656,-27.25193559505334
25.714278528644137,340.1818269962475,-27.60439053102185
25.802891486329884,340.13549261495217,-27.6751456382332
25.891446693989742,340.0890490832162,-28.16103572504975
25.979605324822916,340.0418560014198,-28.16103572507761
26.067763955655987,339.99466291962335,-27.036672416120723
26.156828835275373,339.9492102672215,-26.851323210701594
26.24604311765404,339.904044539291,-27.174997852624063
26.334999945814978,339.8583759994254,-27.376189092275254
26.423796743823466,339.8123949182803,-27.55494986256819
26.51244889778284,339.7661374113555,-27.866824195485346
26.60084869986049,339.7193976407906,-27.913409806484985
26.689210212480457,339.67258614663206,-28.324006865374102
26.777234251671757,339.6251424991723,-28.324006865345435
26.865258290863057,339.57769885171257,-27.478584601681728
26.95397079161624,339.5315601821421,-27.30517570433357
27.04282451116082,339.48568919258526,-28.58241795871073
27.130617809583853,339.43785767564196,-29.51146283424454
27.217639745149537,339.3886000479054,-29.21027253494988
27.30491632144666,339.3398022807117,-28.4381768757541
27.392845647712864,339.29218332710917,-28.450843972114995
27.480764092500376,339.2445451255506,-30.523522765280596
27.566902422045345,339.19375812580626,-30.523522765280596
27.653040751590314,339.1429711260619,-29.751923160134467
27.73985156281977,339.0933507939768,-29.395839037716804
27.826972723802566,339.0442688780725,-29.630388648094772
27.913891084546833,338.9948313815692,-29.999454726680682
28.000490338471376,338.94483437786363,-29.932764433705483
28.087147044911962,338.894938600117,-29.15617533545299
28.174472748887425,338.84622153344606,-29.15617533545299
28.261798452862887,338.79750446677514,-30.929318362114934
28.34756393188036,338.7461152623054,-31.403975132168185
28.432911688762594,338.69401064106125,-30.989450256660476
28.518631383587934,338.6425265314915,-30.473410371892868
28.604814099824274,338.5918148900079,-30.346738711951712
28.69110724157304,338.5412947741495,-29.458422335712644
28.778174739173814,338.4921177264405,-29.458422335713642
28.865242236774584,338.4429406787315,-31.15018557548015
28.95081218837022,338.39121930424835,-31.50221492038438
29.036070480852235,338.3389684217402,-30.951756309545257
29.12182256710702,338.28754159280146,-30.360003376593646
29.20810548930083,338.2370006341884,-30.445001510414148
29.29431285552277,338.18633201503934,-30.878388790666556
29.380134981558353,338.13501248812645,-30.878388790665507
29.46595710759394,338.08369296121356,-30.094126360434643
29.552472013491542,338.03355387295363,-29.937542328412533
29.639125242369253,337.98365047542507,-31.024823568180818
29.724801997114692,337.9321201532047,-32.00650675607953
29.809597104281757,337.8791208988669,-31.82254266384134
29.89455975660486,337.82639553240574,-30.904162350685205
29.980358788716636,337.7750374050206,-30.904162350685205
30.066157820828412,337.7236792776355,-31.34019990494813
30.151563036180008,337.67166998394055,-31.42582400485385
30.236890917553726,337.61953282041867,-31.812091312580677
30.32186337861464,337.56682283350773,-32.21098141235112
30.40646880480126,337.5135213042652,-32.29740906113015
30.490993077369833,337.46009262685124,-32.88595881605635
30.57496472446588,337.40579811843827,-32.885958816027895
30.65893637156193,337.35150361002536,-33.31078293546396
30.742502362278405,337.2965884984667,-33.45520502720619
30.825930446000072,337.241462406583,-33.16643800110371
30.909633318025044,337.18675878110264,-32.627825985901374
30.993848723390524,337.1328431371859,-32.627825985902476
31.078064128756,337.07892749326913,-33.33028831622436
31.161612033847927,337.02398353238306,-33.34892527039389
31.245142229116983,336.96901228864465,-32.945213072232555
31.329056171304817,336.91463194563306,-32.65264333274006
31.413248215511064,336.8606798293427,-33.08227985231455
31.49702415632703,336.8061038936528,-34.755946991631376
31.57917936420113,336.74909816605464,-34.755946991632534
31.66133457207523,336.6920924384565,-34.05195571512454
31.744182119010134,336.6361016900462,-33.841525998755
31.82723661744495,336.5804143355609,-34.049151330279024
31.910087814684932,336.5244270273845,-34.415371463009166
31.992580420581593,336.4679106480577,-34.41537146298114
32.07507302647826,336.41139426873093,-33.64075725760966
32.15832163886974,336.3559986231024,-33.58899038794705
32.241620776124165,336.30067787751364,-33.93987915178975
32.32457821536881,336.24484893989796,-34.243181399238246
32.40724029622983,336.1885807290898,-34.342005822929174
32.48980427413642,336.1321706595608,-35.08871491477158
32.57162701492839,336.0746887471959,-35.088714914773924
32.65344975572035,336.01720683483103,-34.71925055258622
32.735640625511046,335.9602543136179,-34.53938595548077
32.81801071075782,335.90355951477113,-34.75480877336189
32.900165256759216,335.84655666423345,-35.4204495871019
32.98165381560691,335.7886019755814,-35.4204495871019
33.06314237445461,335.73064728692935,-35.979559642949916
33.14406049949481,335.6719009222414,-36.12802528095201
33.22482714976265,335.6129443334294,-36.298337073194624
33.3054174167245,335.5537484980499,-36.670585766253375
33.385622166693956,335.4940297468727,-36.67058576625094
33.46582691666342,335.43431099569545,-37.25221914775628
33.545420416010046,335.3737818268995,-37.37964443582146
33.62487999928046,335.31307510744995,-37.190908996896376
33.704538129518895,335.2526312144614,-36.75733555649811
33.78465236925433,335.1927910962175,-36.757335556469585
33.864766608989775,335.1329509779736,-37.33449869037838
33.944273035288184,335.0723076234593,-37.47266305641273
34.02363395766897,335.0114719829293,-37.29238404234961
34.103184924277016,334.9508870953852,-36.84388957700452
34.18320867500109,334.8909260206794,-36.84388957700696
34.26323242572516,334.83096494597356,-37.38734313018803
34.342682886634506,334.77024828745886,-37.534023130934024
34.4219786124813,334.70932769141587,-37.75053066763517
34.50104200422566,334.64810910148805,-38.35025661545877
34.57946184064979,334.5860650815099,-38.35025661546129
34.65788167707392,334.52402106153176,-37.98387848622515
34.73669600562833,334.4624802644357,-37.83775442988038
34.81566767196039,334.401140170887,-37.97561666203398
34.89449049304573,334.339611036232,-38.59389599814339
34.97264579089662,334.2772341127934,-38.593895998140844
35.05080108874752,334.2148571893548,-39.12994061439158
35.12836734068542,334.1517534745511,-39.453878125748446
35.205577622563275,334.08821054786233,-39.43923156095155
35.28280407148237,334.02468742141343,-39.009902804456836
35.36050441383239,333.9617446858634,-39.00990280443153
35.43820475618241,333.8988019503134,-39.36280591422336
35.51551421411389,333.8353832482677,-39.77875816795786
35.5923629539327,333.7714035456419,-39.77875816796047
35.6692116937515,333.70742384301604,-39.31868261497762
35.746571278962385,333.6440636212392,-39.2415910281648
35.824016463794926,333.58080720254446,-39.42068787934187
35.90126254192617,333.5173098347295,-39.89520541540086
35.97798109154712,333.45317407790156,-39.89520541537587
36.05469964116807,333.3890383210737,-40.38077805501212
36.1308705367049,333.3242558587505,-40.62311039588937
36.20676811476383,333.2591506454062,-40.64856871310356
36.282636530108796,333.1940119096434,-41.419944706414846
36.35762135450533,333.1278574897604,-41.419944706390424
36.43260617890187,333.06170306987747,-41.25160662105042
36.507784479498035,332.995769740289,-40.958419794459225
36.58329974785132,332.93022147253646,-40.95841979448649
36.6588150162046,332.86467320478386,-41.42853872109747
36.73378891729082,332.7985084206312,-41.614758568502786
36.80854837416337,332.732099424494,-41.64395388768198
36.8832737555643,332.6656525446119,-42.326403460597895
36.95720263112619,332.5983201414321,-42.32640346061316
37.031131506688155,332.53098773825224,-42.15016740353742
37.10526644597771,332.4638836791342,-41.80145728367671
37.179809112142486,332.39723143175365,-41.801457283674
37.25435177830727,332.3305791843731,-42.161026759848845
37.32847391505911,332.2634611505934,-42.35235524829735
37.402372285220956,332.1960952686705,-42.35235524832142
37.476270655382805,332.1287293867475,-42.05616432338337
37.55051622863847,332.0617464722019,-42.03934853000416
37.624781513914044,331.99478530014846,-42.18408621574318
37.698876222030435,331.92763781198556,-42.910449654978024
37.77211491380025,331.8595553238724,-42.91044965495417
37.84535360557007,331.79147283575935,-42.78557952182071
37.9187402055534,331.72355039954414,-42.573240974622706
37.99237831938838,331.6559001271821,-42.57324097462546
38.06601643322335,331.5882498548201,-42.984682853992105
38.13916565689067,331.5200736514221,-43.24603496773989
38.21200433090273,331.45156336950777,-43.24603496773015
38.284843004914876,331.3830530875934,-43.831892437195606
38.35697665621584,331.3138022862178,-43.94061878977099
38.42897946368259,331.24441405323313,-43.98578182463402
38.50092722289919,331.1749694055893,-44.65468886629038
38.572059684171016,331.1046892226553,-44.65468886629038
38.64319214544284,331.03440903972125,-44.52743438880456
38.714480043931324,330.9642874881973,-44.17991302026876
38.78619242624557,330.8945991435287,-44.17991302024257
38.85790480855982,330.8249107988602,-44.43384071221812
38.92930697211415,330.75490597185524,-44.67483752439399
39.00041471422925,330.68460077879587,-44.67483752441716
39.071522456344354,330.61429558573644,-44.35331376573127
39.14302323199344,330.54439089366485,-44.246845282052796
39.214654156282606,330.4746188229968,-44.24684528204995
39.28628508057178,330.4048467523287,-44.950697990105205
39.35705312923867,330.33420038830513,-45.00000000001152
39.42776073547663,330.26349278206715,-45.08986214344274
39.49835671676829,330.19267500863583,-45.75315471793293
39.56812878743638,330.1210440843467,-45.75315471793293
39.637900858104466,330.04941316005755,-45.62363691520649
39.707834261176906,329.97794056008456,-45.32516247557712
39.77813945423633,329.9068328179695,-45.32516247557423
39.848444647295764,329.8357250758544,-45.5928133281754
39.91841625428415,329.76429034974865,-45.82008697974259
39.98810459895273,329.6925779674344,-45.820086979719896
40.05779294362131,329.62086558512016,-45.44699680198442
40.127946368255785,329.54960891794695,-45.34531113374414
40.19822655118978,329.4784764566751,-45.34531113374414
40.26850673412377,329.4073439954032,-46.05267322217137
40.3379033463143,329.33534936419113,-46.05938121023216
40.40729157929897,329.2633465567244,-46.2055138823858
40.47649509912291,329.1911678903097,-46.753965032274586
40.5450053810372,329.11832921629764,-46.75396503226428
40.61351566295157,329.0454905422855,-47.05155046022452
40.681645551028105,328.9722982652448,-47.42675902533104
40.749295823390185,328.89866015140984,-47.42675902533104
40.816946095752265,328.8250220375749,-47.19626026114329
40.884891808699024,328.75165694823795,-47.08955034504159
40.95297429681215,328.6784182564681,-47.089550345022396
41.02105678492527,328.6051795646983,-47.86282592571928
41.08814388525447,328.531029569977,-47.96065147001884
41.155105057307864,328.4567642847014,-47.926978925895696
41.22210976727153,328.38253847144887,-47.647644751682385
41.28947564919447,328.30864010128704,-47.64764475170734
41.356841531117404,328.23474173112515,-47.86864171879372
41.42392113251781,328.16058489618143,-48.198542716334146
41.49057337989836,328.08604223001663,-48.19854271631244
41.5572256272789,328.0114995638519,-47.82156181055479
41.62436631579769,327.9373976799034,-47.6735965393654
41.69169871897748,327.8634688043416,-47.68272556138598
41.759019276345214,327.7895292737709,-48.38524143151987
41.82542827248242,327.7147698168983,-48.38524143151987
41.891837268619625,327.6400103600257,-48.60680824648195
41.95795569873851,327.5649957551454,-49.0415802055377
42.02350396649106,327.4894804867921,-49.04158020554078
42.08905223424361,327.4139652184388,-49.452982637885135
42.154055836615726,327.33798212647764,-49.63858394208903
42.218813715363346,327.26178797775253,-49.60380939476905
42.283617652846424,327.185633350911,-49.09723014600154
42.349092543623385,327.1100544528139,-49.09723014602595
42.41456743440034,327.0344755547168,-49.40504674402191
42.47963403370693,326.9585475165759,-49.83364288235148
42.54413214074102,326.88213334675874,-49.83364288237559
42.6086302477751,326.8057191769415,-50.3647587905875
42.67241657361051,326.7287112428604,-50.49697203510105
42.73602570993894,326.6515554981919,-50.388855924204805
42.799779893608545,326.5745204407034,-49.978477513353305
42.86408463189227,326.4979434742312,-49.97847751337425
42.92838937017599,326.42136650775893,-50.4430228486714
42.99206971315273,326.3442724032728,-50.756909479456496
43.05532815864986,326.2668288739555,-50.76672107019053
43.11857327725066,326.18937459171485,-51.445831855065855
43.18089599423438,326.11117606162895,-51.44583185508298
43.24321871121811,326.032977531543,-51.199167668418006
43.305876811384195,325.95504889023766,-50.90567054279388
43.368933971806726,325.87744137978103,-50.90567054281126
43.431991132229264,325.79983386932435,-51.58855567351743
43.49411825935171,325.7214810979906,-51.68204539016602
43.556118058222616,325.64302629507966,-51.902639802687304
43.617814412589276,325.5643345512279,-52.349827067778705
43.67889563135952,325.48516248624674,-52.349827067755584
43.739976850129764,325.40599042126564,-51.861102583633766
43.80173061760633,325.32734294049885,-51.74211127410791
43.86364813453042,325.2488231833814,-51.92819191867225
43.925309375340845,325.17010394980184,-52.46597686902298
43.986229971383985,325.090808223955,-52.46597686902621
44.04715056742712,325.0115124981081,-52.90262770548766
44.10746445595749,324.93175563958147,-53.06016856906396
44.16755944640661,324.85183240589595,-52.892492986818255
44.227887220822275,324.772086509194,-52.338858686561665
44.28898359472721,324.69292613870795,-52.338858686561665
44.35007996863215,324.61376576822187,-52.77375904524726
44.410573000108116,324.53414488943775,-52.95491085699912
44.47081471553119,324.4543321906817,-53.0478815937267
44.530926527595376,324.3744222666955,-53.419584043557265
44.590518981838706,324.2941236331013,-53.419584043534584
44.65011143608204,324.2138249995072,-52.7966970446365
44.710571848736386,324.1341808816166,-52.5415112875946
44.77138785438798,324.05480491159784,-52.91900534275717
44.83167398452849,323.97503737606684,-54.53143364940647
44.88969708649757,323.89359751606133,-54.53143364938757
44.94772018846665,323.8121576560559,-55.00989002471628
45.00506047558829,323.73023714674065,-55.18334893309987
45.06215321346652,323.64814238173466,-54.95919092645689
45.11956565605645,323.5662730861092,-54.43041019507075
45.1777322618602,323.48493565850606,-54.43041019509301
45.23589886766394,323.40359823090284,-54.96883351808296
45.29329808051123,323.3217184906926,-55.07229007864713
45.35054983882254,323.2397345451295,-54.76256648589489
45.40824267077617,323.15806307659375,-54.29665699751382
45.4665989947464,323.07686165657833,-54.296656997494814
45.52495531871663,322.99566023656297,-54.856469427802324
45.582515298805404,322.9138927924377,-54.89455016624872
45.64002110745804,322.83208684442025,-55.09288761102371
45.69724303456406,322.75008283077545,-55.29808722388316
45.75417125830331,322.6678738987686,-55.2373039578577
45.811186148042005,322.58572614805723,-54.262053288339146
45.869591502855044,322.5045599870726,-54.26205328835817
45.927996857668084,322.4233938260879,-55.40607635117914
45.984762319853886,322.34108893122834,-56.186076680122014
46.040409655740284,322.2580076146248,-56.038444778991106
46.09627007462006,322.1750711526398,-55.397898100971375
46.153055001755696,322.09276317483676,-55.39789810099322
46.20983992889133,322.01045519703365,-55.856620599580744
46.265963491412194,321.9276960790483,-56.00354085175257
46.32187522916349,321.8447924678998,-56.13752460023784
46.37759265837565,321.76175876740297,-56.39193119539905
46.432941137942564,321.6784780555337,-56.39193119541708
46.48828961750948,321.5951973436643,-55.34877699856565
46.545144523716765,321.51293889630676,-55.2862612022094
46.60208971441481,321.43074171620793,-56.2612669939943
46.65762025615269,321.3475989985246,-57.19697542451807
46.71179316082254,321.26354884945016,-57.08129862097492
46.76613491093722,321.17960938088544,-56.31224015899549
46.821599169654846,321.0964057321389,-56.31224015899549
46.87706342837247,321.0132020833924,-56.692019525409464
46.93197451265146,320.9296333151713,-56.834624629960764
46.98667788160456,320.84592744569363,-56.49491298625404
47.04187468256379,320.76255026107674,-55.82863056375391
47.098039244254664,320.67981772110664,-55.82863056375391
47.15420380594554,320.59708518113655,-57.70030726528505
47.207633796244295,320.5125662904991,-57.86245226635795
47.26082684639251,320.42789261940965,-58.144184487464116
47.313602396739256,320.3429592270395,-58.3671191711443
47.36604757902933,320.2578203169314,-58.141987296334875
47.41882535059753,320.1728906152502,-57.29068300510333
47.472860718368196,320.0887519785265,-57.29068300510333
47.52689608613886,320.0046133418028,-57.57899029263866
47.58050725650907,319.9202040858326,-57.63715514495502
47.634032846389005,319.8357402332812,-57.84518805722487
47.68725100293544,319.7510832380028,-58.085265341640046
47.74011437088025,319.6662033493992,-58.144938366146086
47.79288907208364,319.5812688306979,-58.63793032255296
47.844931257058434,319.4958829879435,-58.63793032255296
47.89697344203323,319.4104971451891,-57.82935549066868
47.950213772284165,319.32585679459874,-57.581896208699014
48.00382079845227,319.24144460409735,-57.7236664552947
48.05721854581778,319.1569004233743,-57.93959532548399
48.11029754312377,319.07215520991167,-57.95565145036227
48.16335273473669,318.9873952136252,-58.38161952337083
48.21577636848667,318.90224303347526,-58.38161952335028
48.26820000223666,318.8170908533254,-58.74514207302341
48.32008184790927,318.7316085606201,-58.910310811333346
48.37171752747833,318.6459762784172,-58.52063825727078
48.42393217646095,318.5607007822643,-57.803337811864274
48.477212559653275,318.47608203772927,-57.80333781187142
48.530492942845655,318.39146329319414,-59.812409188305125
48.58077367303269,318.305029295022,-59.83582273384934
48.63101943835705,318.2185741377045,-60.10182504690998
48.68086302704743,318.1318870906666,-60.229818158026916
48.730513098696164,318.0450884642656,-59.75327169020975
48.78088042090185,317.9587108568469,-58.94515677865594
48.83246401135205,317.87304718685726,-59.015066351694415
48.883942021490796,317.78732233809745,-60.87433857368655
48.9326125743637,317.69997070134764,-60.87433857370597
48.9812831272366,317.61261906459777,-60.013912157189935
49.03125801418514,317.5260114626787,-59.72196202011061
49.08167548770501,317.4396563266201,-59.85485088254316
49.13189235958459,317.35318479477394,-60.0305537705938
49.18184400032846,317.26655936694334,-60.07644265454834
49.23172613039181,317.17989416036977,-60.407190232389524
49.2811072597334,317.0929422470799,-60.407190232373736
49.33048838907506,317.00599033379,-60.77381471095602
49.37931190613352,316.9187246101913,-60.85335831461096
49.42801444169332,316.8313908012174,-60.176621986498
49.477742024208155,316.74464364036675,-59.58047156301384
49.52837259557316,316.6584132721483,-59.997353218265566
49.57836951199305,316.57182531038956,-61.544428971387994
49.626015157446226,316.48391044458646,-61.544428971399924
49.673660802899406,316.3959955787833,-60.44123188390227
49.72298965094553,316.30901541907195,-60.36751025929042
49.77243098665543,316.22209772534364,-60.54830019311962
49.82159767848868,316.13502470611917,-60.65162389337953
49.87060740774831,316.0478629163387,-60.765589027196604
49.91944348346681,315.96060414790276,-60.985103380992115
49.96794507638804,315.87315858401337,-61.00606061820242
50.01641462472484,315.78569538670223,-61.36887623162417
50.06432941491289,315.6979269183263,-61.36887623163716
50.112244205100886,315.6101584499504,-60.30573999912994
50.161776754534294,315.5232984282668,-59.99867034441162
50.21177659205966,315.43670081047463,-60.872302372562416
50.260443774690856,315.34936252270245,-61.872007110214405
50.30758600700702,315.26117668998495,-61.61255352274185
50.3551251189269,315.17320887983425,-60.56432630399793
50.40426759359782,315.08612186390735,-60.56432630400148
50.45341006826874,314.99903484798045,-62.34356041116929
50.49982249387432,314.91046866485016,-62.53714040002746
50.545937844009494,314.82174152333334,-61.72926756623232
50.593297064908754,314.7336781687887,-61.28997229070432
50.64133267852699,314.6459757686838,-61.371376749585856
50.68924355496398,314.5582053618646,-61.511588960982635
50.736939582427176,314.4703178193796,-61.534661472320664
50.78460017619299,314.38241114785717,-61.763237171281105
50.83190973487778,314.29431496850253,-61.763237171281105
50.87921929356258,314.2062187891479,-60.82359088263179
50.927965770964505,314.11891284699925,-60.61934428495734
50.97702459812761,314.03177868241835,-61.736255263488566
51.024367535163606,313.94371986360994,-62.742217108513415
51.07016501273817,313.8548282317899,-62.83251148999935
51.11582219755411,313.76586482607706,-63.06913637425466
51.16111173294823,313.6767133306122,-63.01985287717787
51.206477441510096,313.5876017957897,-61.56762244662594
51.25408749490237,313.4996676501134,-61.56762244662594
51.30169754829465,313.4117335044371,-61.83977525896743
51.348889212660325,313.3235745224539,-61.926475043052356
51.39594759028709,313.2353439140747,-62.108893439650686
51.44272457595413,313.14696439181307,-62.297538632525246
51.489210564466894,313.05843087255727,-62.386725193142794
51.5355585002408,312.9698254547431,-62.681009009212616
51.58145091307146,312.88098279829694,-62.681009009209006
51.62734332590212,312.7921401418508,-63.06972129805025
51.67263193141468,312.70298822290584,-63.077085375475036
51.71790909782937,312.613830444999,-63.37892145831113
51.76271573148563,312.52443582366334,-63.48596998478266
51.80735548634578,312.43495720361443,-63.69819392930832
51.851663206052166,312.3453144593538,-63.9078677410096
51.89564288039939,312.25550956302766,-63.50626043329988
51.94024806984223,312.1660209082126,-62.452571140635996
51.98649433202371,312.0773619301333,-62.49083717354097
52.03268087002284,311.9886730481361,-64.35314288276255
52.07596130298776,311.89852907838656,-64.35314288275889
52.119241735952684,311.808385108637,-63.17776067571571
52.1643598203155,311.71915256233757,-62.88661869080133
52.209933120605015,311.6301457903449,-63.118090344744935
52.25514617122564,311.5409562165843,-63.304102561950025
52.30006972244931,311.4516197419209,-63.4337093657433
52.344790825966264,311.3621823718484,-63.71461913201962
52.38907314573895,311.2725263217716,-63.74888922432969
52.43330174678484,311.1828439740877,-64.1179431617167
52.47695185590454,311.0928784299407,-64.1179431617167
52.520601965024234,311.0029128857937,-64.45917836399848
52.563715374866156,310.91268922912684,-64.51385495459789
52.606742788141716,310.8224242144941,-64.76476471262947
52.64937427761264,310.7319721151465,-64.90214053976337
52.69178899400029,310.6414175846492,-65.06862005522716
52.73394018635558,310.5507406876903,-65.28259183223301
52.77575267845935,310.45990651645553,-65.37039584606075
52.8174257623396,310.3690087215283,-65.65500677140568
52.85864696533058,310.2779046953615,-65.66974782272803
52.89984469540222,310.18679013830916,-66.01918943828397
52.94048599541231,310.09542594459344,-66.01918943826702
52.981127295422404,310.0040617508778,-64.65775374748803
53.02392576380532,309.91369340868255,-64.42022331614751
53.06710062887735,309.8234988291013,-64.62062116101463
53.10995961441639,309.7331541120099,-64.73630420093909
53.15263625291318,309.6427227253875,-64.85749293718565
53.19512139086105,309.5522015508528,-65.0232187769468
53.23734465159427,309.46155759124775,-65.07878518918648
53.27947991250348,309.370872880283,-65.28052903748045
53.321295674842894,309.28004021446384,-65.26237054011175
53.363140075322136,309.18922112463866,-63.99261549204779
53.40698686873516,309.09935127503815,-63.99261549204779
53.450833662148185,309.0094814254376,-65.66341111536534
53.49203680668303,308.9183817333963,-66.11108166693758
53.53253152258719,308.8269524758052,-65.27721738138345
53.57434959675479,308.7361286084071,-64.72403798948115
53.61704559434706,308.64570636031834,-64.92383779770964
53.659425611553786,308.5551366380977,-65.23722614513703
53.70131001127883,308.4643356016526,-65.32414550105949
53.74305640581722,308.37347158530144,-65.70275214499102
53.784201676246866,308.28233324056606,-65.70275214497308
53.82534694667647,308.19119489583085,-66.11621149576825
53.86583346830077,308.0997620316177,-66.11944199163136
53.906314842856176,308.0083268662056,-66.41469717988033
53.9463243718173,307.916684603069,-66.4862616464023
53.98621953354542,307.82499214301623,-66.68338414817303
54.02579885635452,307.73316329701436,-66.8023146377421
54.065187622915346,307.6412521647797,-66.22558317216644
54.10549702374297,307.5497478834682,-65.51405705484538
54.14694222101899,307.4587455385392,-65.66745569100497
54.1881431852994,307.36763353817094,-66.12780339661201
54.2286112159201,307.27619246612164,-66.16204601028446
54.26902448206979,307.18472746886476,-66.67360480086532
54.30861961919841,307.09290505180013,-66.67360480086906
54.348214756327025,307.0010826347355,-67.09466645863985
54.387133898377364,306.9089720430013,-67.14958368511456
54.42596487257247,306.81682386557554,-66.32138167385057
54.466122053193,306.72525041955925,-65.9899784500436
54.506809927936295,306.6339069577861,-67.20489527360915
54.545544036696555,306.5417401119161,-68.30556356064896
54.582508084247486,306.4488273014512,-67.80363393806097
54.62028220342756,306.3562478638455,-66.95667076103958
54.65942321668602,306.26423095104724,-67.07066032251689
54.698380774460816,306.17213708511036,-67.5306497907208
54.7365980298919,306.0797326883148,-67.6176257144833
54.77467373040783,305.9872733936217,-70.07472315873211
54.8087516837412,305.8932636906308,-70.07472315872828
54.84282963707458,305.79925398763993,-68.9793586911511
54.87869783043577,305.70591467071466,-68.86672879504998
54.91475011476159,305.61264428980667,-67.88709760815006
54.95239005511818,305.5200081445569,-67.58190308057038
54.990524635964235,305.42756959792445,-68.92811886979689
55.02647031719649,305.3342778934186,-69.82984107028246
55.060949755405495,305.24041469775256,-70.08851395653245
55.09500468572464,305.146397883873,-70.38245001643149
55.12857723826193,305.05220651019175,-69.97563449052936
55.162816082720845,304.9582603840384,-69.2024280786554
55.198321274811214,304.86478037283575,-69.3624376843367
55.233564735538536,304.7712029840593,-69.98197526394004
55.2677948229408,304.6772485681106,-70.03288356901652
55.301941254140466,304.58326422263553,-70.64683973299438
55.33507880741678,304.4889189327547,-70.64683973297883
55.36821636069302,304.39457364287415,-71.17018368759832
55.40049072570333,304.2999297906484,-71.19387083861889
55.432726021274924,304.20527242495905,-70.1600745629005
55.466662871587936,304.1112148954854,-69.96873447775992
55.500914670501274,304.0172683924582,-70.49174013037337
55.534306939949396,303.92301471711596,-70.70026644912618
55.567356504480756,303.82863856841243,-71.05309487750384
55.599823858348444,303.73406190735824,-71.29249430905412
55.631896172117116,303.63934919517374,-71.51021691729999
55.66360810514042,303.54451602268927,-71.74222773915349
55.69493600728002,303.449554484647,-72.03324767520277
55.72578051868761,303.35443706882387,-72.51212723610102
55.75582960609487,303.2590631546448,-72.68845586980265
55.78558467642726,303.1635983725602,-73.13965850148236
55.81458740090747,303.06790107305517,-73.23175877646017
55.84343610126858,302.9721578003972,-73.62169405276127
55.87163269717416,302.87621988745786,-73.47684483481824
55.90007097948861,302.78035613829405,-72.2600453386941
55.93053938742138,302.68511535250417,-72.26407808261553
55.96100108015476,302.58987245881605,-72.88585315520625
55.990427432749996,302.4943045723019,-72.88585315520625
56.019853785345234,302.3987366857878,-73.30414199105529
56.04858159262973,302.30295676144414,-73.34365401180595
56.07724341397953,302.20715680759895,-73.58092066268975
56.10550822397806,302.11123915772913,-73.63089909380187
56.13368940630035,302.0152967160114,-72.46166374181226
56.163820294906046,301.9199562283024,-72.05391115279352
56.19463115461772,301.8248256754623,-73.38610035873212
56.223217632000974,301.7290191427832,-74.13850453316243
56.25054772835116,301.6328308015286,-74.26165455209893
56.2776709678104,301.5365841147505,-74.35849536296845
56.30463154229309,301.44029154710694,-73.5583091406018
56.33293129779742,301.3443949057607,-72.70107921676117
56.36266569501726,301.24892241348255,-72.82506507856989
56.392193314908184,301.1533861536008,-73.02067318602624
56.42139470990247,301.0577492899435,-73.70779453448321
56.44944232246084,300.96178547512784,-75.33669743820252
56.47475505936983,300.8650466695222,-74.93190057474706
56.50074844115163,300.7684972134731,-73.57108187356417
56.52902977272083,300.6725842454005,-73.60425361815153
56.557255542042434,300.57665501527794,-73.80134870138212
56.58515118025492,300.4806291618397,-73.83251065911311
56.61299452484366,300.3845883683362,-74.30982482755456
56.64003688637898,300.2883187373905,-74.30982482755849
56.667079247914295,300.1920491064448,-74.61803044206539
56.6936033605142,300.09563542566013,-74.62310960904547
56.720118932433984,299.9992193709514,-74.72885248141962
56.74645651309356,299.90275456071686,-74.73938160608806
56.77277637063687,299.8062848957504,-73.24282054498556
56.80160481797174,299.7105419265877,-72.94981128627188
56.83092447173777,299.61494125157515,-73.07746850759553
56.86003102606068,299.5192755701876,-73.12134328888236
56.88906433973036,299.4235875466047,-74.52299738578391
56.91574411547613,299.3272332179868,-75.26418979741749
56.94117925475801,299.23052652302965,-75.401349624997
56.96638276510915,299.13375941219147,-75.49825764414989
56.99142262177257,299.0369496154862,-74.62052888826581
57.01793966492328,298.94054519479255,-73.81057062132516
57.04581984713815,298.84451485271524,-73.93681228581434
57.073488288672614,298.7484236144771,-74.09918813325812
57.10088438308336,298.6522540497964,-74.91522364489734
57.12690331067732,298.5557216447038,-76.38037505316677
57.150449789236745,298.4585378265689,-75.82156603428379
57.17494025111819,298.3615990478383,-74.51625384853124
57.20163559130185,298.26523261191625,-74.5449232884761
57.228282697150426,298.1688528720568,-74.64402902287529
57.254763064582505,298.072427142604,-74.70175985696913
57.28114618493553,297.97597505759757,-75.02829076605634
57.30697926974715,297.879373903935,-75.04134472894945
57.33279033708255,297.782766895994,-75.19173039171855
57.35834775661694,297.6860924450435,-75.19108382456432
57.383906266949,297.58941828305757,-75.13333064698624
57.40956221034809,297.4927699321759,-75.13333064697393
57.43521815374719,297.3961215812943,-75.32043735802844
57.46055833496644,297.29938999505885,-75.33201807391677
57.48587897247961,297.202653257075,-73.80859023877186
57.51376105625177,297.1066287609839,-73.58948325644025
57.54201158250158,297.01070671489214,-73.75305304805369
57.56998812228286,296.9147045137871,-73.79673806475424
57.597891487681295,296.8186809054438,-75.32880950781629
57.623213779606935,296.721959957983,-75.96552119854401
57.647463300617325,296.6249491756411,-76.10978478512742
57.67146844211407,296.5278778131435,-76.18926439604066
57.695338946704766,296.43077307499743,-75.1749940421934
57.72092176201084,296.3341168318112,-74.45590586698621
57.74771858733799,296.23777856676446,-74.57417518321681
57.77431644069865,296.1413853912888,-74.68820600367314
57.80072245277331,296.04493927324285,-74.89117752286336
57.82678642539146,295.94840100212923,-75.1543509214406
57.852406909394404,295.85174324527924,-76.05449935072173
57.876500601106045,295.7547156451388,-77.61208826088335
57.89795259553936,295.65704813214364,-77.0532114666006
57.920353946166514,295.5596044302074,-75.85733869986812
57.9447865938581,295.46263960727345,-75.91755496362828
57.969117281682884,295.3656493156183,-76.09264842375389
57.99315149675677,295.26858496755165,-76.18489322368988
58.01702928211286,295.1714825689591,-76.56469999536446
58.040262991524344,295.0742235030227,-76.59596969895912
58.06344359606522,294.9769518612535,-76.78958125944108
58.086295393593915,294.879602354272,-76.78757704309581
58.10915059625996,294.78225364735465,-76.76588989710476
58.13204264510327,294.68491359773685,-76.7722795912164
58.15492383371561,294.58757101538544,-76.9792771885801
58.17745320003535,294.49014638393595,-76.9792771885801
58.1999825663551,294.39272175248647,-77.42060976575684
58.22176082323918,294.2951265437546,-77.43096448895969
58.2435214571161,294.19752733283,-77.61894281116008
58.264961758025656,294.0998572949936,-77.63355386845633
58.28637716025735,294.00218175195914,-77.59156740959425
58.307864132776274,293.9045219319636,-77.58585731553916
58.329360838745416,293.80686425027744,-77.744737962977
58.35058664215555,293.70914740966793,-77.7767478040212
58.37175786649231,293.611418650237,-76.34970010170468
58.395354377155705,293.5142556657994,-75.9608154816549
58.41961186560444,293.417246875404,-76.07163746025542
58.44368165642637,293.3201914166154,-76.11384991781746
58.46767995256438,293.22311818167236,-77.52747812313488
58.48927282375504,293.12549749921897,-78.24319206758321
58.50964774664017,293.0275996255073,-78.3176145243349
58.52989548074135,292.92967541949105,-78.36305078740968
58.55006556376356,292.83173513712114,-77.26594338812771
58.57210426878776,292.7342120134899,-76.46777566798963
58.59550247304354,292.6369923899696,-76.51093536887875
58.61882743111017,292.539755193957,-76.55051103942459
58.64208522543296,292.4425018846916,-76.68817853619561
58.66510920093678,292.34519329647213,-76.84645928415422
58.68786434750888,292.24782115228135,-77.78647291618783
58.7090149066863,292.15010763536384,-79.13255481153325
58.72786783509409,292.0519053021416,-78.38291294167621
58.74800108728669,291.95397203107626,-77.13124355971657
58.770271973997005,291.85648798743335,-77.12740699344076
58.79254938815381,291.7590054357416,-77.11936452363737
58.814840485585535,291.66152601157876,-77.17418394991725
58.8370382792192,291.56402542426736,-77.32146060656471
58.85898540517324,291.4664679805627,-77.41371163698403
58.880775327594044,291.3688757720325,-77.73854751385258
58.90201170502096,291.2711611496179,-77.76354092638007
58.92320544607064,291.1734373168382,-77.88185542859668
58.944197354004515,291.075669883809,-77.86494362915103
58.96521811250515,290.977908679971,-77.7504839170538
58.986434132629356,290.88018963551224,-77.75734196040649
59.00763845437849,290.7824680601246,-77.83406892631338
59.02871189615026,290.6847181690161,-77.84483409682916
59.04976696160216,290.5869643663828,-78.13301412180515
59.0703301011703,290.4891058539737,-78.13301412180914
59.09089324073843,290.39124734156456,-76.4080259225068
59.11439273252641,290.29405251555534,-76.39454374908983
59.137915177741405,290.19686287757395,-78.24292346945103
59.15828981541436,290.09896867480126,-78.37264396245217
59.178443499768576,290.00102501667686,-78.31914647620705
59.19868862496686,289.9031002240313,-78.31269748260684
59.21894477314109,289.8051777055741,-78.44522322317944
59.23897436206096,289.7072086426696,-78.46861199343061
59.25896396669624,289.60923136537355,-76.94418739511924
59.281551103657826,289.51182870505426,-76.58362121478521
59.30475269320468,289.4145619717775,-76.63703439149343
59.32786359384915,289.3172736653215,-76.65460231318043
59.350944666353094,289.2199782633136,-78.06947404518449
59.37161357575932,289.12215558785846,-78.68477932087174
59.39123338723535,289.0241035906454,-78.6768815167011
59.410866714178354,288.9260542992973,-78.67276139942248
59.43050709185443,288.8280064195417,-78.79897305068728
59.449931412104256,288.7299156612158,-78.87720263801502
59.46922181372184,288.63179832551367,-77.80994913448211
59.4903337397481,288.53406964447856,-77.03386876433322
59.51277026939958,288.436623591213,-77.09640246964382
59.53510041927167,288.33915316053293,-77.15262866009412
59.557334919446916,288.24166081128544,-77.29958078172618
59.579319218662945,288.14411211021354,-77.46192819611906
59.60102710493212,288.04650115368946,-78.43537718904474
59.621069642696874,287.94855452693554,-79.74620025275513
59.63886974985329,287.85015591238704,-79.83678376644143
59.656514234560575,287.7517294687033,-79.97633350850285
59.67391897299036,287.6532601524671,-79.31157803390683
59.69246277726101,287.5550110216434,-78.14259129105464
59.71300955918468,287.4571490734081,-78.18841905315774
59.73347804613288,287.3592707891216,-78.28632924155599
59.7537792573396,287.26135760316913,-78.37912436072185
59.773921794489524,287.16341200283205,-78.62229716734223
59.79364852187374,287.0653814597012,-78.74728146970094
59.813161209607905,286.9673088734998,-79.1518445507305
59.83198107522129,286.86910019863785,-79.19759055343121
59.85072249927182,286.7708766545427,-79.3810994200075
59.86914925759502,286.6725934630117,-79.36917635280055
59.88759646590766,286.5743141189573,-79.30866561860869
59.90614745990162,286.4760543012205,-79.32426384907211
59.92467169828133,286.37778946133955,-79.42940771879529
59.943015583685685,286.2794907684281,-79.4591381805789
59.96130843639895,286.18118269692144,-79.74377956177631
59.979112700785265,286.08278483449806,-79.6339746286135
59.99710500775988,285.9844240069203,-77.97269690404104
60.01794188078667,285.88662341447684,-77.97575321962132
60.03877353511858,285.78882171870777,-78.15216913259826
60.0593039576754,285.6909563371396,-78.15216913258759
60.07983438023222,285.5930909555715,-78.49057046978126
60.09978642432567,285.49510607119214,-78.49981575840279
60.11972266674723,285.3971179219192,-78.98188687669129
60.138833718502426,285.29896575691583,-79.01686887005974
60.15788488873367,285.20080168980036,-81.24632477450024
60.173101553727925,285.10197959055193,-81.50799020859128
60.18786806080366,285.0030802405611,-79.83957015231265
60.20550670180454,284.90465883711676,-79.59618769249127
60.22356437619764,284.8063071642518,-79.64693314963107
60.241534934520715,284.70793954412176,-79.65665939588267
60.25948879553718,284.6095688674217,-79.84205052713851
60.277124244321534,284.511140736718,-79.88666338597051
60.29468306968158,284.4126987801557,-80.19661757036012
60.311709024598805,284.314163696244,-80.28692402115196
60.32857972478601,284.2156014791676,-80.71297039771702
60.34471691279947,284.11691747190923,-80.85863987130026
60.36060330369865,284.0181918230432,-79.74011561155625
60.37841253663109,283.91980241267055,-79.30383792504503
60.39697180984769,283.8215441583735,-79.56831356090333
60.41507724059744,283.72320176629,-79.69053373768925
60.43297293988642,283.62482049212264,-80.03769847942668
60.450272035449714,283.5263335606213,-80.22378804773868
60.46725133409655,283.4277899937217,-81.7749411569075
60.48155370057357,283.32884500585396,-82.71965673586958
60.4942255807639,283.2296555174377,-82.93565538265881
60.50652338154924,283.13041942257206,-83.07660387661488
60.51857707895132,283.03115291493344,-82.01782427176825
60.53246133352568,282.932137817521,-81.28314551947689
60.54761583465761,282.8332971768144,-81.380113914714
60.56260301811106,282.73443113810293,-81.45419875898057
60.57746236912401,282.6355456950523,-81.62734256263187
60.592022772260066,282.5366161777872,-81.77227444044125
60.60633293775559,282.4376497677112,-82.01609943413322
60.62022170405582,282.3386241726291,-82.23806920345478
60.63372684302935,282.2395446975541,-82.54829417284536
60.646695139664885,282.1403949775693,-82.85252388882044
60.65913696861192,282.0411763701799,-82.08967766889077
60.67289739604397,281.9421413734038,-81.29291580257892
60.68803504229287,281.8432981499342,-81.46941776303812
60.702868045917924,281.7444093016944,-81.67190217537721
60.717351561346646,281.6454681123916,-81.89511170520646
60.73144938478009,281.54647218952186,-82.1742664619203
60.74506484708154,281.4474078147641,-82.44083040588464
60.7582190824918,281.34828261641564,-82.80084406680429
60.77075039986773,281.24907527170444,-83.85996277087081
60.781443186629836,281.1496777464038,-85.38762806990127
60.78948425307028,281.0500059228511,-84.60361755140693
60.798887085027786,280.9504672721835,-83.4414937021963
60.81030836064707,280.8511260137706,-83.44630016993224
60.82172130255549,280.7517837981391,-83.45383056587755
60.83312118786063,280.6524400828127,-83.50492376190567
60.844432471982095,280.5530863066523,-83.58957606284508
60.855596959799705,280.4537158614907,-83.68390649399
60.86659780530188,280.35432740570036,-83.8489261021468
60.87731237875686,280.2549074425364,-83.98387033822213
60.88779271320429,280.15546302758634,-84.2322360857448
60.89784193018059,280.0559736090636,-84.40577748619482
60.907589675013575,279.95645508831564,-84.7399856538874
60.91675684348224,279.8568805223759,-84.17092072688105
60.92691152150115,279.75741173264936,-83.03226325332051
60.939042036630624,279.6581545829697,-83.10285171908677
60.951050238143225,279.5588827251856,-83.25404921228322
60.96279644932542,279.4595793632954,-83.35162415655245
60.97437349113722,279.3602564709457,-83.57476392315662
60.985563667889245,279.26088891535494,-83.6972003202585
60.99654141799326,279.1614982256961,-83.99476792794331
61.00700289144345,279.0620513115506,-84.65650393184772
61.01631353917366,278.9625072521714,-86.35503472497449
61.02267063735084,278.86271387331993,-86.3928699862006
61.02896183200716,278.76291637532455,-86.49199548186539
61.03508036454418,278.66310808549133,-85.92299014557396
61.0421888403584,278.5633786183453,-84.40303969540032
61.05194142667165,278.46385968436795,-84.36401482717494
61.061761787909596,278.3643474808527,-84.25450905039753
61.07177232895253,278.2648541633491,-84.24200935288995
61.081804574599914,278.1653630391286,-84.20501594918821
61.09190105597339,278.0658784060252,-84.21700286185063
61.10197672314728,277.9663916696155,-84.25450905038944
61.111987264190226,277.86689835211195,-84.28896938602004
61.12193795757911,277.7673990913722,-84.40303969540088
61.131690543892375,277.6678801573946,-84.45811735176586
61.14134744390601,277.5683520552106,-84.65075759898399
61.15066967099156,277.46879188625735,-84.72487359318777
61.15986307411769,277.36922004855484,-84.99789785913853
61.16858192456408,277.2696052263309,-85.08984882612177
61.177140854747904,277.16997703517586,-85.44475911088438
61.18508253196321,277.0702972432276,-85.08628280731182
61.19364703204977,276.9706769224795,-83.64636388662433
61.20471302492331,276.87129546061897,-83.66713637724251
61.215742983331204,276.7719100217483,-83.75750665975762
61.226616174617526,276.6725072809859,-83.78991972956632
61.237433122399864,276.57309848005656,-83.94284907360733
61.2479847058564,276.4736610864544,-83.98532596826253
61.25846255262354,276.37421603738994,-84.20254152129549
61.26856333042188,276.2747318404152,-84.53568283648222
61.2780846086499,276.17519989800087,-86.37744367277081
61.28440267616135,276.07540404045784,-86.3663066494957
61.29074014096186,275.97560942365016,-86.30275153401509
61.297188299317604,275.87582188728584,-86.30635765394456
61.30363017709083,275.77603394644757,-86.32764752800438
61.31003497545172,275.6762436176688,-86.34515792896983
61.316409274358605,275.57645136462804,-86.45214814257902
61.32259721880906,275.476647354171,-86.48279813008348
61.32873176735779,275.37684013796854,-86.67633302714817
61.33452915586087,275.2770126795898,-86.40610869627636
61.34079684130528,275.17722089417975,-84.64827941130112
61.35012337461176,275.07766112852954,-84.63440720065776
61.35947401070326,274.97810364443365,-84.53678188768784
61.36899426942202,274.87856221670745,-84.53250130800073
61.37852196467089,274.7790215026532,-84.4996252254456
61.38810677460581,274.67948626980393,-84.50355880848518
61.39768475083806,274.57995038113523,-84.53678188767663
61.40720500955683,274.4804089534091,-84.54755824323334
61.41670654449757,274.3808657533021,-84.64827941130922
61.42603307780404,274.2813059876519,-84.66460448717609
61.4353312396133,274.1817436106524,-84.83419857973442
61.444334662739415,274.08215410552333,-84.85492244536351
61.45330205699835,273.9825614257393,-85.09466792151142
61.46185265001698,273.882932019845,-85.11884291146924
61.47036119558083,273.7832991291367,-85.42985448128293
61.47832880271589,273.6836214064682,-85.45678036630744
61.486249553444104,273.5839401071067,-85.83995078020816
61.4935035162237,273.4842079097789,-85.86920240781917
61.50070654642964,273.384472224636,-86.32515786595735
61.50711568095368,273.2846821742578,-86.3565904598612
61.51347005337399,273.1848888756012,-86.8856643517262
61.51890268229639,273.0850409026482,-86.79450852657062
61.524494032954,272.98520395579635,-85.16664336893223
61.53291946394855,272.8855638871874,-85.25908065896313
61.541183907133856,272.7859130573343,-87.18485215084651
61.54609507699831,272.6860380776327,-87.17351466403515
61.55102600754268,272.5861641148865,-86.92305386613124
61.556393477508074,272.48631261802234,-86.91551502113036
61.56177408454572,272.3864618488282,-86.73613315845294
61.567467279074926,272.28662839403535,-86.73198526419121
61.57316770058462,272.18679535846934,-86.62401385378666
61.579056243286765,272.0869732355472,-86.62276460579724
61.584946962417746,271.98715124172554,-86.58664646117799
61.59090060625773,271.8873329804463,-86.58775963983348
61.59685231072769,271.78751460412803,-86.62401385379071
61.60274085342983,271.6876924812059,-86.62695431861728
61.608624272886054,271.58787006109145,-86.73613315846293
61.61431746741525,271.4880366062985,-86.74041172304501
61.6200032061847,271.3882027385268,-86.92305386613937
61.62537067615008,271.2883512416626,-86.92826763736484
61.63072905876742,271.18849927713103,-87.18485215084651
61.63564022863188,271.0886242974294,-87.19071586099021
61.64054117571212,270.9887488451528,-87.52162136536408
61.644865225796565,270.888846724301,-87.49156949330236
61.64924163599053,270.7889477609569,-85.57644328084223
61.65695419613989,270.6892499797591,-85.57597664156692
61.6646675682398,270.5895522617276,-85.52674556446391
61.67246660221396,270.4898612078215,-85.52674556445731
61.680265636188125,270.39017015391545,-85.5267455644695
61.68806467016227,270.2904791000094,-85.52674556446543
61.69586370413642,270.19078804610336,-85.57629386028286
61.70357652427699,270.0910902851317,-85.57644328084069
61.71128908442636,269.99139250393387,-85.67495702516382
61.71883021386991,269.89168161056716,-85.67585865125942
61.726369774329605,269.791970597194,-85.82281289668941
61.73365356756902,269.6922405790286,-85.82503044801082
61.74093350125639,269.59251027407896,-86.01997982795872
61.74787405941127,269.4927557883813,-86.02401406554998
61.75480759459345,269.39300080229185,-86.26661017147214
61.76131869471243,269.293217376296,-86.27287818738338
61.76781888023905,269.19343321548905,-86.562881306928
61.7738139238677,269.09361747113144,-86.57170031630683
61.77979360604043,268.9938007663123,-86.90898415296583
61.78518559245208,268.89395064989344,-86.920561149879
61.790557406562186,268.79409938664156,-87.30510909876129
61.79525893622337,268.69421440339414,-87.31953778291766
61.79993531584761,268.5943281549242,-87.75142929779166
61.80385862984623,268.4944096078321,-87.7686957225838
61.807751837039135,268.3944897694736,-88.24808128386934
61.81080889831028,268.2945410009214,-88.26807970868244
61.81383107785477,268.19459102548046,-88.79514290232682
61.81593370005475,268.09461765942086,-88.81770334389662
61.81799696091809,267.9946432921339,-88.90153116344727
61.819913949893255,267.8946660177913,-88.90516615266247
61.82182459614201,267.7946886173913,-88.5461126986105
61.8243617234611,267.69472523947695,-88.53036652511517
61.82692632508508,267.59476247651827,-88.21952516092819
61.83003320277183,267.49481516377216,-88.20564075565309
61.833164302516366,267.3948685411468,-87.94299992982928
61.83675351606888,267.2949373694546,-87.93096199681527
61.8403637269762,267.1950069059461,-87.71645383016828
61.84434803742791,267.09509069208394,-87.70629500906193
61.848350064777144,266.9951751530677,-87.5397969077054
61.85264242249639,266.8952716863144,-87.53160244178024
61.85694906930148,266.79536881371746,-87.41294441349403
61.86146260240559,266.6954750853053,-87.40684995620018
61.865986761513106,266.59558182655275,-87.33582624055947
61.87063474437342,266.4956942568073,-87.33201019727719
61.87528938017939,266.3958069927275,-87.30839384135608
61.87998518741532,266.2959216561726,-87.30706562276994
61.88468331019309,266.19603642802446,-87.33062465419451
61.8893403614772,266.09614927703024,-87.3320101972716
61.89399499728318,265.99626201295047,-87.40252405960112
61.89852669822204,265.8963691007028,-87.40684995619316
61.90305085732957,265.7964758419504,-87.52412487775042
61.90737054165631,265.6965735455999,-87.53160244178979
61.91167718846139,265.5966706730029,-87.69548440483595
61.915698066781914,265.4967559178312,-87.70629500906324
61.919700094131144,265.3968403788149,-87.91667897524682
61.92333521450321,265.296910864121,-87.93096199680832
61.926945425410544,265.19698040061246,-88.18779602557235
61.93010765110038,265.09703482778053,-88.20564075565106
61.93323875084492,264.9970882051551,-88.5089236320919
61.93584076068363,264.89712650800936,-88.53036652513144
61.938405362307584,264.7971637450507,-88.88013749432376
61.94035967914414,264.6971873221267,-88.90516615266999
61.942270325392876,264.59720992172674,-87.09814787010842
61.9473324464558,264.4973460678746,-86.9679247434236
61.95262171662793,264.3974903981263,-86.90997507689687
61.9580119791403,264.29764013293624,-86.90560509770097
61.96340985747736,264.1977902753034,-86.870951000214
61.96886812674437,264.0979437021632,-86.86821681831138
61.97433116081005,263.99809738816697,-86.85670436513502
61.97981425689732,263.89825217404115,-86.85575465020841
61.98529900799253,263.79840705064873,-86.86722844155028
61.990763764439684,263.69856083107953,-86.86821681831366
61.99622679850536,263.59871451708335,-86.90252472878373
62.00163004493358,263.49886495140595,-86.90560509770502
62.00702792327063,263.39901509377313,-86.96260289626929
62.01232646814471,263.2991599203562,-86.96792474343752
62.01761573831681,263.19930425060784,-87.04748041971011
62.02276635250875,263.09944134224605,-87.05518428004747
62.02790353979394,262.999577732925,-87.15718191137191
62.032862941598395,262.89970515250087,-87.16739515008774
62.037804541357055,262.79983167378066,-87.29173814286027
62.042529383613925,262.69994773030066,-87.3045712213483
62.04723185494235,262.6000627067824,-87.45118475760307
62.051678714929054,262.5001660118678,-87.46672815166808
62.05609847597113,262.4002680795961,-87.63556066998802
62.06022384873568,262.3003576044828,-87.653882610543
62.06431727402774,262.20044576820095,-87.84490614776273
62.06807756984293,262.1005209012655,-87.86605135653016
62.07180099007029,262.00059459190885,-88.07926057440896
62.07515253669821,261.9006551966948,-88.10325016955935
62.07846224124486,261.80071432909983,-88.33865988861328
62.081361291708745,261.70076080276806,-88.36549263736076
62.08421353438378,261.60080583354915,-88.62313369925481
62.08661628094847,261.5008391656199,-88.6527887959624
62.088967289273725,261.4008711511368,-88.93270207532574
62.09082988433743,261.3008929823194,-88.96514362430283
62.0926358727801,261.20091363662453,-89.26737201286441
62.09391445737415,261.1009263174644,-89.3025553939464
62.09513164490499,261.0009380700833,-89.6271335835908
62.09578238548519,260.90094471907094,-89.66501387610617
62.09636701783608,260.8009507724299,-90.01195577361356
62.09634615202603,260.7009553331298,-90.05249840888594
62.096254529010686,260.6009597194008,-90.4217820248242
62.09551842092212,260.5009670160666,-90.46497582942621
62.09470692916848,260.40097465315336,-90.85652549739326
62.09321213487309,260.3009904441964,-90.90239827763294
62.09163728629461,260.20100719053966,-91.31606407713797
62.089340629955615,260.10103821911554,-91.36470087923881
62.086959106262285,260.0010709269409,-91.80023515948533
62.08381776734688,259.9011249678198,-91.85179931949551
62.08058647086098,259.8011815344044,-90.19810480601895
62.08024074571003,259.70119146610364,-90.0
62.08024074571003,259.60119581039885,-90.0
62.08024074571003,259.50120015469406,-90.0
62.08024074571003,259.4012044989893,-90.0
62.08024074571003,259.3012088432845,-90.0
62.08024074571003,259.2012131875797,-90.0
62.08024074571003,259.1012175318749,-90.0
62.08024074571003,259.0012218761701,-90.0
62.08024074571003,258.90122622046533,-90.0
62.08024074571003,258.80123056476054,-90.0
62.08024074571003,258.7012349090557,-90.0
62.08024074571003,258.6012392533511,-90.0
62.08024074571003,258.50124359764635,-90.0
62.08024074571003,258.4012479419416,-90.0
62.08024074571003,258.3012522862368,-90.0
62.08024074571003,258.20125663053193,-91.65240739077025
62.07735742050558,258.10130757341193,-91.85179931951284
62.07412612401965,258.0013641399966,-91.41770638609745
62.07165212822589,257.90139944412726,-91.36470087924366
62.069270604532555,257.80143215195267,-90.95300808684212
62.067607445869655,257.70145064566583,-90.9023982776243
62.06603259729119,257.60146739200906,-90.51300849151956
62.065137281975204,257.50147602937557,-90.46497582943488
62.06432579022155,257.4014836664624,-90.09785493818866
62.064155009071214,257.3014884101993,-90.05249840886962
62.0640633860559,257.20149279647023,-89.70765618011315
62.06457359675368,257.1014986663668,-89.6650138761184
62.065158229104554,257.0015047197258,-89.34248751564343
62.06630572758533,256.90151584445323,-89.30255539395048
62.067522915116164,256.8015275970721,-89.00239568631605
62.069263896532014,256.70154726857953,-88.96514362430283
62.07106988497468,256.60156792288467,-88.68740351337904
62.07336049476537,256.5015986526885,-88.6527887959624
62.07571150309062,256.4016306382054,-88.39751425029017
62.07850787875075,256.30167421497606,-88.36549263735982
62.08136012142578,256.2017192457572,-88.13271563431408
62.084618425605605,256.1017767937052,-88.10325016956043
62.08792813015225,256.0018359261102,-87.89298362571104
62.09160457576055,255.9019079637639,-87.86605135653137
62.09532799598791,255.8019816544072,-87.67828582712869
62.09937886398553,255.70206815345918,-87.6538826105396
62.10347228927759,255.60215631717728,-87.48858457902351
62.10785393986137,255.50225676115403,-87.46672815167142
62.112273700903444,255.40235882888237,-87.32383973009672
62.11694257878322,255.30247227146353,-87.30457122135566
62.12164505011163,255.2025872479453,-87.18401108325496
62.12655768458132,255.10271237082011,-87.16739515008045
62.13149928433999,255.00283889210002,-87.06906051933719
62.13661228483772,254.90297406230718,-87.0551842800507
62.1417494721229,254.80311045298615,-86.97895380138446
62.147019519967444,254.7032537797254,-86.96792474343667
62.15230879013955,254.60339810997706,-86.91366206309644
62.157692627120504,254.50354750092757,-86.90560509769371
62.163090505457575,254.40369764329472,-86.87316298453086
62.16854491994825,254.30385086050407,-86.86821681832356
62.174007954013916,254.20400454650783,-86.85744165823864
62.17948976526728,254.10415926194287,-86.85575465020297
62.1849745163625,254.00431413855037,-86.86649114843121
62.19044055764359,253.90446798942028,-86.86821681831366
62.19590359170927,253.8046216754241,-86.90031274447311
62.20131069291379,253.7047723193971,-86.90560509770415
62.20670857125084,253.60492246176432,-86.95891591002582
62.21201354165633,253.50506763220667,-86.96792474344072
62.21730281182843,253.40521196245834,-87.04231792743926
62.222462423625366,253.30534952382158,-87.05518428004339
62.227599610910566,253.2054859145005,-87.15054323643521
62.23257058416361,253.10561391797478,-87.16739515008612
62.23751218392227,253.00574043925462,-87.28362246520325
62.242251173616786,252.9058571787938,-87.304571221345
62.24695364494522,252.80597215527553,-87.44159115133017
62.25141723078147,252.70607622407525,-87.46672815166735
62.25583699182355,252.6061782918036,-87.62448814941877
62.259981671429486,252.5062686392865,-87.65388261054166
62.26407509672154,252.40635680300468,-87.83235372202536
62.267857282964286,252.30643279233257,-87.8660513565395
62.27158070319163,252.20650648297587,-88.06522731057467
62.27495672627681,252.10656794906345,-88.10325016955665
62.27826643082346,252.00662708146862,-88.32314498358707
62.281192545878945,251.9066743894242,-88.36549263735714
62.284044788553985,251.80671942020527,-88.60613656014014
62.28647718939985,251.70675352406653,-88.65278879597015
62.28882819772509,251.6067855095835,-88.9142224085094
62.29072303753191,251.50680801114896,-88.96514362429498
62.292529025974595,251.40682866545407,-89.24740992168982
62.29384244550725,251.3068418729401,-89.3025553939499
62.295059633038086,251.20685362555906,-89.60568967441021
62.29574779716912,251.1068606117292,-89.66501387610617
62.296332429520014,251.00686666508818,-89.98903127009157
62.29635157267343,250.90687132441715,-90.05249840887777
62.2962599496581,250.80687571068808,-90.39737889029244
62.295566430809444,250.70688281502746,-90.4649758294345
62.29475493905579,250.60689045211421,-90.8306465646438
62.29330530686458,250.5069057042307,-90.90239827763243
62.291730458286104,250.40692245057392,-91.288713185453
62.28948152686996,250.3069525348285,-91.36470087923473
62.28710000317664,250.20698524265384,-93.3144622700605
62.281319313760065,250.10716827642133,-93.69973798865459
62.27486681960529,250.00738102032608,-91.75993262369394
62.271796132761764,249.90744420595342,-91.36470087923067
62.26941460906845,249.80747691377877,-90.98096223611495
62.26770267286206,249.70749637264123,-90.90239827764083
62.266127824283565,249.60751311898449,-90.53945821609257
62.26518635076829,249.50752230716398,-90.46497582942635
62.26437485901465,249.40752994425074,-90.12279631363766
62.264160549276355,249.307534884556,-90.05249840887778
62.264068926261025,249.20753927082697,-89.73108631104735
62.264538245557894,249.10754503991907,-89.6650138761185
62.265122877908766,249.00755109327804,-89.36440439555926
62.2662321274251,248.9075618733861,-89.30255539394194
62.26744931495595,248.80757362600502,-89.02279806472309
62.26915469311399,248.70759275925099,-88.9651436243066
62.27096068155665,248.60761341355615,-88.70629077070755
62.273218335414356,248.50764345819118,-88.65278879596201
62.27556934373961,248.40767544370814,-88.41488628102584
62.2783354110639,248.30771823166563,-88.36549263735714
62.28118765373894,248.2077632624467,-88.14857273856792
62.28441829639069,248.10781995770623,-88.10325016956503
62.28772800093733,248.00787909011117,-87.90732640945284
62.291379430235786,247.9079502474662,-87.86605135653829
62.29510285046313,247.80802393810956,-87.6911151111473
62.299131345218036,247.7081095620124,-87.653882610543
62.30322477051009,247.60819772573052,-87.49990131675106
62.307586688420905,247.5082973289679,-87.4667281516688
62.312006449462984,247.40839939669618,-87.3336449342312
62.31665823258799,247.30851205871838,-87.304571221345
62.321360703916426,247.2086270352001,-87.1923057612304
62.32625887891266,247.10875145999097,-87.1673951500902
62.33120047867131,247.0088779812708,-87.0758456174759
62.33630165250066,246.90901255470106,-87.05518428004017
62.341438839785866,246.80914894537997,-86.98423015790006
62.34669969157428,246.70929179203395,-86.96792474343
62.35198896174639,246.6094361222857,-86.91743036963763
62.357366231474444,246.50958516179273,-86.90560509769371
62.362764109811515,246.40973530415988,-86.87542375638445
62.36821458450497,246.30988830709478,-86.86821681831366
62.373677618570646,246.2100419930986,-88.34552721032497
62.37656445793343,246.110096114502,-88.70525931524335
62.378823916245274,246.01012598892453,-88.32385210109328
62.381748786037974,245.91017366038164,-88.23061583357985
62.384836319019406,245.8102256824135,-87.88996254325751
62.38851802077095,245.71029826246973,-87.8061387023949
62.39234592919512,245.61037590122393,-87.50630333391798
62.39669667316183,245.51047527988592,-87.4317985229837
62.401177334857245,245.41058006062815,-87.17276262893834
62.40610956573827,245.3107063763917,-87.10754659159744
62.41115548606354,245.21083811392606,-86.88920085465536
62.416581941913485,245.1109899913854,-86.8333234988512
62.4221057816982,245.01114702291054,-86.65546794524428
62.42793951608754,244.91132180783038,-86.60906654992348
62.433854100151166,244.81150122450615,-86.47141795267528
62.440008473269025,244.7116952153508,-86.43471600989865
62.446226782614254,244.6118930921834,-86.33692106361102
62.4526154269136,244.51210176775916,-86.31022018583921
62.45905057765328,244.41231339170866,-86.25187307025185
62.46558734351032,244.3125316351139,-86.23553935943936
62.47215255554142,244.21275173157207,-86.21620234454544
62.47875144226642,244.11297405106833,-86.2106485843241
62.485360000658936,244.01319700904062,-86.22987435925288
62.491935078077816,243.91341775676332,-86.23553935942097
62.49850029010894,243.81363785322154,-86.29289378746341
62.50496561584961,243.713851442844,-86.31022018584117
62.51140076658928,243.61406306679356,-86.4053041966654
62.517670304163765,243.51426419134773,-86.43471600990577
62.52388861350898,243.41446206818037,-86.56718533602312
62.52987615628689,243.314645919223,-86.60906654992968
62.5357907403505,243.21482533589884,-86.77864799789035
62.541409846571476,243.11498782509457,-86.83332349882907
62.546933686356226,243.01514485661977,-87.03982642007503
62.55209763042098,242.9152828405861,-87.10754659159336
62.55714355074626,242.81541457812045,-87.35086818359787
62.56176529614882,242.71552608704673,-87.43179852300028
62.56624595784422,242.61563086778878,-87.71192155684443
62.57023815724208,242.51571533788925,-87.80613870237863
62.57406606566628,242.41579297664344,-88.12312024048785
62.57734109370879,242.31585148593655,-88.23061583358391
62.580428626690214,242.2159035079684,-88.58456548211804
62.5828986513087,242.1159390141781,-88.70525931524041
62.585158109620544,242.01596888860087,-87.33641633740017
62.58980461031023,241.91609101727738,-86.86821681831951
62.5952676443759,241.81624470328114,-86.89596040541689
62.60068233030559,241.716395759766,-86.90560509769603
62.60608020864265,241.6165459021332,-86.95166133101354
62.611397822035926,241.51669174915918,-86.96792474343259
62.61668709220804,241.41683607941084,-87.03216011616412
62.621864407849614,241.3169745650132,-87.0551842800483
62.62700159513481,241.2171109556921,-87.13748086085252
62.631995336572054,241.11724010805509,-87.16739515008858
62.636936936330706,241.017366629335,-87.26765391092357
62.641703762770454,240.9174847127947,-87.3045712213572
62.64640623409887,240.81759968927642,-87.42271459552963
62.65090273000863,240.71770526077353,-87.4667281516688
62.65532249105071,240.6178073285018,-87.60270165146895
62.65950515913475,240.51789929453918,-87.6538826105376
62.663598584426815,240.41798745825736,-87.80765533087664
62.66742384265693,240.31806513238408,-87.86605135653137
62.67114726288429,240.21813882302737,-88.03761518909732
62.67457144627393,240.11820198382756,-88.10325016956503
62.67788115082057,240.0182611162325,-88.292617549789
62.68086051863887,239.91831006574668,-88.36549263736028
62.683712761313906,239.8183550965278,-88.57269264550528
62.68620351044102,239.71839071897756,-88.65278879597092
62.68855451876626,239.61842270449446,-88.87786143322288
62.69051280389244,239.5184465251171,-88.96514362429032
62.69231879233513,239.41846717942227,-89.20813208675246
62.693700753701,239.3184814231463,-89.30255539394234
62.69491794123185,239.21849317576516,-89.56349617036501
62.69567974059471,239.1185008253815,-89.6650138761184
62.696264372945585,239.01850687874048,-89.94392450198784
62.69636223843381,238.9185117321338,-90.05249840887369
62.696270615418484,238.81851611840472,-90.34936271831174
62.695660895901675,238.71852284431952,-90.46497582942635
62.69484940414804,238.61853048140628,-90.77972655973878
62.6934886337013,238.5185446731217,-90.90239827763268
62.69191378512282,238.41856141946496,-91.2348968988595
62.6897587580979,238.31858964565646,-91.36470087924734
62.68737723440456,238.21862235348183,-91.71471454349442
62.6843850915354,238.118672205438,-91.85179931950417
62.68115379504948,238.01872877202265,-91.85179931950469
62.67792249856357,237.91878533860734,-91.85179931950877
62.674691202077646,237.81884190519202,-91.50288842172935
62.67206860092952,237.7188813816608,-91.36470087924366
62.66968707723618,237.6189140894862,-91.03385392349988
62.66788284999314,237.5189353744887,-90.9023982776126
62.6663080014147,237.418952120832,-90.58950338202833
62.66527919287269,237.31896235119407,-90.46497582944696
62.664467701119015,237.2189699882809,-90.16998753591359
62.66417103179021,237.1189753005093,-90.05249840887372
62.66407940877489,237.01897968678028,-89.77541811429663
62.66447135825131,236.91898526514225,-89.66501387609785
62.66505599060222,236.8189913185013,-89.40587298607551
62.66609287000046,236.71900144656172,-89.30255539395823
62.66731005753128,236.61901319918064,-89.06140107899375
62.668948071461095,236.51903131399177,-88.9651436242944
62.67075405990378,236.41905196829694,-88.74202703887227
62.6729493584848,236.31908071653734,-88.65278879597015
62.67530036681004,236.2191127020543,-88.447755605661
62.678009088324465,236.11915399751385,-88.36549263735714
62.680861330999505,236.0191990282949,-88.17857568958387
62.684039635814635,235.9192541101993,-88.10325016956396
62.68734934036127,235.8193132426043,-87.93446413527883
62.69095343678885,235.71938273436325,-87.86605135653016
62.69467685701621,235.6194564250066,-87.71538916652716
62.69866301979587,235.51954039305687,-87.65388261054646
62.702756445087914,235.4196285567752,-87.52131350719559
62.70708102719387,235.31972656926624,-87.46672815166066
62.711500788235966,235.21982863699452,-87.35219717722306
62.71612022670953,235.11993982213684,-87.30457122136126
62.720822698037935,235.02005479861856,-87.20799996402522
62.72569351454707,234.92017790257856,-87.16739515008612
62.73063511430573,234.8203044238584,-87.08868357161269
62.73571391112697,234.72043786813884,-87.05518428003288
62.74085109841219,234.62057425881773,-86.99421345012418
62.746094550522564,234.52071619711168,-86.96792474343667
62.75138382069467,234.42086052736335,-86.9245603092206
62.756748664651866,234.32100890191103,-86.90560509769777
62.76214654298893,234.22115904427818,-86.87970131872535
62.76758956326904,234.12131164178854,-86.86821681832178
62.773052597334704,234.02146532779236,-86.85962099951281
62.77853061078832,233.9216198350187,-86.8557546502111
62.78401536188353,233.8217747116262,-86.86431180717312
62.789485200964336,233.7219287707048,-86.86821681830959
62.79494823503002,233.62208245670863,-86.89377441025539
62.80036673044513,233.52223372038065,-86.90560509770415
62.80576460878218,233.42238386274786,-86.94801766378644
62.81108857221143,233.32253004959313,-86.96792474343493
62.81637784238354,233.22267437984485,-87.02705827828957
62.82156404991464,233.12281332965335,-87.0551842800507
62.82670123719983,233.02294972033232,-87.13092018305618
62.831706414129364,232.92307944973328,-87.16739515008612
62.83664801388802,232.82320597101312,-87.25963358204277
62.84142882154309,232.72332472946712,-87.30457122133787
62.84613129287153,232.62343970594895,-87.41323369967013
62.85064431811401,232.52354603218728,-87.46672815166735
62.85506407915609,232.42364809991562,-87.59175921349018
62.85926582723985,232.3237408788842,-87.6538826105464
62.8633592525319,232.22382904260235,-87.79525037034117
62.86720614399259,232.12390756293226,-87.86605135654644
62.87092956421992,232.0239812535756,-88.02374678267975
62.87437793648582,231.92404526555808,-88.10325016954768
62.87768764103249,231.82410439796308,-88.27728490229883
62.88069375545267,231.72415417196237,-88.36549263736528
62.883545998127694,231.62419920274343,-88.55589516930205
62.886066053119265,231.52423558791577,-88.65278879596201
62.88841706144452,231.42426757343273,-88.85959883630095
62.89040721246099,231.32429205656175,-88.96514362430223
62.89221320090366,231.22431271086694,-89.18840446918763
62.893629587922355,231.12432747504934,-89.30255539395048
62.89484677545319,231.0243392276682,-89.54230412916067
62.89564555866676,230.92434721050537,-89.66501387610617
62.89623019101765,230.82435326386437,-89.92126924407678
62.89636759539244,230.72435821472797,-90.05249840887777
62.89627597237711,230.6243626009989,-90.32524618144856
62.895708341706914,230.5243691368468,-90.46497582943488
62.89489684995326,230.42437677393363,-90.7541515408563
62.893580710988076,230.32439043305456,-90.90239827763219
62.8920058624096,230.22440717939776,-91.20786718949611
62.88989799957363,230.12443447236305,-91.36470087923067
62.88751647588031,230.0244671801884,-91.68623507162657
62.88457401700884,229.92451563718518,-91.85179931950825
62.881342720522916,229.82457220376983,-90.63149939304576
62.88024074571007,229.72459435752572,-90.0
62.88024074571007,229.624598701821,-91.22013901445685
62.8781117048033,229.52463745440747,-91.85179931951691
62.87488040831737,229.42469402099215,-91.53141021934667
62.872208049335086,229.32473489449336,-91.36470087923105
62.86982652564177,229.22476760231874,-91.0609238047047
62.86797506411804,229.1247898219343,-90.90239827762862
62.86640021553957,229.02480656827757,-90.61511641091231
62.86532670918819,228.92481733202555,-90.46497582942753
62.86451521743455,228.82482496911257,-90.1941399150589
62.864176396709965,228.7248304716901,-90.05249840887369
62.86408477369464,228.62483485796102,-89.79810704255482
62.86443712552487,228.5248403387078,-89.66501387611432
62.86502175787575,228.4248463920668,-89.42709652283443
62.86602159846078,228.32485618641113,-89.30255539394194
62.86723878599163,228.22486793903005,-89.08115801562492
62.86884232310789,228.1248855326093,-88.96514362430312
62.87064831155056,228.02490618691442,-88.76031677752724
62.872811696884696,227.92493427166383,-88.65278879596278
62.87516270520995,227.82496625718073,-88.46457804617077
62.877842077307825,227.72500678878424,-88.36549263736435
62.88069431998285,227.62505181956536,-88.19393112439518
62.88384583844739,227.5251060757593,-88.10325016955582
62.887155542994044,227.42516520816432,-87.94835315289656
62.890735414597735,227.32523384747608,-87.86605135654358
62.89445883482507,227.22530753811938,-87.727812563302
62.89842333222451,227.12539065870914,-87.65388261053486
62.90251675751658,227.02547882242726,-87.53227220777532
62.906822231267604,226.925576020779,-87.46672815167142
62.91124199230968,226.82567808850735,-87.36169216347486
62.91584487688594,226.72578851778692,-87.304571221345
62.92054734821438,226.62590349426864,-87.21603221254738
62.925404162730416,226.52602592223136,-87.16739515008858
62.93034576248907,226.42615244351126,-87.09525399968385
62.93541310682348,226.32628530989612,-87.05518428004017
62.94055029410869,226.22642170057503,-86.99932287012415
62.945784841115085,226.12656317397307,-86.96792474343493
62.95107411128719,226.0267075042248,-86.92820939145469
62.95643259577147,225.92685553844828,-86.90560509769603
62.96183047410853,225.8270056808155,-86.8818905625658
62.96726967924185,225.72715807083074,-86.86821681832039
62.97273271330752,225.62731175683447,-86.86035071279352
62.9782094551361,225.52746619434612,-86.85575465021515
62.983694206231306,225.42762107095362,-86.86358209388524
62.98916531693715,225.32777519974715,-86.86821681830553
62.99462835100284,225.22792888575097,-86.89158516641716
63.00005066156473,225.12808035691808,-86.90560509771228
63.005448539901764,225.02823049928529,-86.94436858153777
63.010778862803924,224.9283770264548,-86.967924743439
63.016068132976024,224.82852135670652,-87.02194885820856
63.0212632456111,224.728660771411,-87.05518428004255
63.0264004328963,224.62879716208997,-87.12434975477667
63.03141706231266,224.5289274693865,-87.16739515008858
63.036358662071315,224.4290539906664,-87.25160133305678
63.041153471719475,224.32917342511774,-87.30457122134347
63.04585594304791,224.22928840159952,-87.40373871254089
63.05038552218769,224.12939548370053,-87.46672815166808
63.05480528322977,224.02949755142885,-87.58080051140607
63.05902613966848,223.9295911445367,-87.65388261053353
63.06311956496055,223.82967930825487,-87.78282697119243
63.06698812180148,223.729758676045,-87.86605135653829
63.070711542028825,223.62983236668836,-88.00985776154472
63.07418413911858,223.529897231118,-88.10325016956043
63.07749384366522,223.429956363523,-88.26192946246032
63.080526744436,223.33000696323273,-88.365492637349
63.083378987111054,223.2300519940138,-88.53907272195406
63.08592839151916,223.13008914304217,-88.6527887959783
63.08827939984439,223.03012112855913,-88.84130908861876
63.09030146410776,222.93014627517908,-88.96514362428684
63.09210745255046,222.8301669294842,-89.16864752100753
63.093558316382705,222.73018221489843,-89.30255539395803
63.094775503913525,222.63019396751739,-89.52108057795789
63.095611325940304,222.53020228407067,-89.66501387611821
63.096195958291176,222.43020833742972,-89.8985802980919
63.09637296031216,222.33021338590848,-90.05249840886148
63.09628133729686,222.2302177721794,-90.30109378084693
63.09575585802245,222.13022411767832,-90.4649758294471
63.09494436626878,222.03023175476517,-90.72853848623787
63.09367292511297,221.93024488050014,-90.90239827763243
63.09209807653449,221.83026162684337,-91.18079727754878
63.09003744797919,221.73028798519556,-91.36470087922777
63.08765592428588,221.630320693021,-91.65771323717973
63.08476322324857,221.53036775298537,-91.85179931951691
63.081531926762636,221.43042431957005,-91.85179931950825
63.078300630276715,221.3304808861547,-91.8517993195001
63.07506933379081,221.23053745273936,-91.55988973100467
63.07234729081084,221.13057972119992,-91.3647008792392
63.06996576711751,221.0306124290253,-91.08795354880964
63.068067141404846,220.93063558186705,-90.90239827762836
63.066492292826375,220.83065232821028,-90.6406914595561
63.06537415499343,220.73066362455273,-90.46497582943475
63.064562663239776,220.63067126163955,-90.21825647699472
63.06418175366857,220.53067695428382,-90.05249840887777
63.06409013065324,220.43068134055477,-89.82076232129425
63.064402943596924,220.33068672383123,-89.66501387610617
63.06498757594782,220.23069277719023,-89.44828858116612
63.065950432682136,220.13070223831366,-89.30255539395029
63.06716762021297,220.03071399093255,-89.10088564710922
63.0687367316764,219.93073106405342,-88.96514362430312
63.07054272011907,219.83075171835853,-88.7785793856309
63.072674239562915,219.73077914060158,-88.65278879596201
63.07502524788817,219.63081112611854,-88.48137553123372
63.077675314121606,219.53085089499953,-88.36549263734808
63.08052755679666,219.43089592578065,-88.20926377881482
63.08365232865933,219.3309493574894,-88.10325016956503
63.08696203320597,219.23100848989435,-87.96222156461278
63.090517715933416,219.13107627802393,-87.86605135654237
63.094241136160754,219.03114996866728,-87.74021752780881
63.09818400032958,218.93123224305418,-87.65388261054852
63.102277425621615,218.8313204067726,-87.54321464861023
63.1065638193729,218.73141679219313,-87.4667281516688
63.11098358041498,218.6315188599214,-87.37117306127512
63.11556993565855,218.53162853445986,-87.30457122133863
63.12027240698699,218.43174351094166,-87.22405254266364
63.125115240287734,218.33186526391012,-87.16739515008612
63.13005684004639,218.23199178518996,-87.10181467820811
63.13511274888851,218.13212407453685,-87.0551842800507
63.140249936173696,218.0322604652158,-87.00442470837102
63.14547559129054,217.93240147440773,-86.96792474344072
63.15076486146264,217.8325458046594,-86.93185305882847
63.15611699591092,217.73269349906363,-86.90560509769603
63.161514874247985,217.63284364143084,-86.88407655775829
63.166950269895885,217.53299582425893,-86.86821681831366
63.17241330396156,217.43314951026275,-86.86107934323739
63.17788877605212,217.3333038781627,-86.85575465020791
63.18337352714734,217.23345875477017,-86.86285346343223
63.18884590759123,217.13361295317517,-86.86821681831138
63.194308941656914,217.03376663917894,-86.88939917121567
63.19973506170424,216.93391831753317,-86.90560509770097
63.205132940041295,216.83406845990035,-86.94072491414931
63.21046961297946,216.73421532688903,-86.96792474343408
63.215758883151565,216.63435965714078,-87.0168470199264
63.22096288767617,216.5344995360513,-87.0551842800483
63.226100074961366,216.4346359267302,-87.1177890761257
63.23112813987001,216.33476681106475,-87.16739515009266
63.236069739628654,216.23489333234465,-87.24358100265046
63.24087853049211,216.1350134417902,-87.3045712213516
63.24558100182053,216.03512841827197,-87.39425781417907
63.25012711029302,215.93523625511418,-87.46672815166329
63.25454687133511,215.83533832284252,-87.56985806963968
63.25878680777354,215.73543272888153,-87.653882610543
63.262880233065594,215.63552089259966,-87.7704220051956
63.26677042313711,215.5356011065929,-87.8660513565395
63.270493843364456,215.4356747972362,-87.99598934758554
63.27399062933048,215.335740512848,-88.10325016955284
63.277300333877136,215.23579964525294,-88.24659680486985
63.28035998124979,215.13585106944777,-88.36549263736482
63.283212223924814,215.03589610022885,-88.52227523256317
63.28579093419737,214.93593401197978,-88.65278879596609
63.28814194252262,214.83596599749674,-88.82304647482793
63.29019587267628,214.7359918066231,-88.96514362429846
63.292001861118955,214.63601246092827,-89.14891988223714
63.29348715060403,214.53602826680088,-89.30255539394234
63.29470433813488,214.43604001941975,-89.4998885105099
63.29557714401238,214.33604866919387,-89.66501387611821
63.29616177636325,214.23605472255292,-89.87592500817281
63.29637831727077,214.13605986850197,-90.05249840887777
63.29628669425544,214.0360642547729,-90.27697720537599
63.295803303827654,213.93607041020488,-90.46497582943081
63.29499181207401,213.83607804729172,-90.70296342136147
63.293765002399766,213.73609064043228,-90.90239827763294
63.29219015382129,213.63610738677556,-91.15376751405138
63.29017668945491,213.53613281190155,-91.36470087923473
63.28779516576159,213.4361655197269,-91.62923370229058
63.284952148721956,213.3362111847318,-91.85179931950825
63.281720852236035,213.23626775131646,-90.8482163652309
63.280240745710074,213.1362960162119,-90.0
63.280240745710074,213.03630036050717,-91.00342203831661
63.27848983651643,212.9363330019541,-91.85179931950877
63.27525854003051,212.83638956853878,-91.58841159063584
63.27248673921637,212.73643323403186,-91.36470087923881
63.27010521552304,212.6364659418572,-91.1150234827424
63.26815935552971,212.53649002931212,-90.90239827762454
63.26658450695125,212.43650677565537,-90.66630453299355
63.265421671308935,212.3365186053838,-90.46497582943555
63.264610179555284,212.23652624247077,-90.24240889345612
63.264187118588296,212.13653212546424,-90.05249840887778
63.26409549557297,212.03653651173522,-89.84345128045413
63.26436871087048,211.93654179739661,-89.66501387610627
63.26495334322137,211.83654785075558,-89.46951214321142
63.265879161142465,211.736556978163,-89.30255539395009
63.2670963486733,211.63656873078193,-89.12064260409369
63.26863098332318,211.53658528267104,-88.96514362429846
63.270436971765854,211.4366059369762,-88.79686914039287
63.27253657796279,211.33663269572833,-88.65278879596201
63.274887586288045,211.2366646812453,-88.4981979842088
63.27750830310492,211.1367036862702,-88.3654926373639
63.28036054577995,211.03674871705135,-88.2246192230428
63.28345853129202,210.9368013230497,-88.10325016955582
63.28676823583867,210.8368604554547,-87.9761105891144
63.29029969374225,210.73692739113713,-87.86605135653829
63.294023113969594,210.63700108178048,-87.75264092945174
63.29794431275821,210.5370825087069,-87.65388261054572
63.30203773805026,210.43717067242508,-87.55417335248087
63.306305023446626,210.33726624370632,-87.46672815166066
63.31072478448872,210.2373683114346,-87.38066804965338
63.31529458583496,210.13747723011028,-87.3045712213572
63.31999705716338,210.037592206592,-87.23208479244774
63.32482588847101,209.9377132835631,-87.16739515008453
63.32976748822967,209.83783980484301,-87.10838510694401
63.33481194458496,209.73797151629438,-87.0551842800507
63.33994913187015,209.63810790697335,-87.00953412866824
63.34516588188304,209.53824845126928,-86.96792474342446
63.35045515205517,209.43839278152095,-86.93550214117028
63.355800927030536,209.3385401356009,-86.90560509770185
63.36119880536759,209.23869027796806,-86.8862658016266
63.366630385868696,209.13884225330102,-86.86821681832356
63.37209341993436,209.03899593930478,-86.86180905653202
63.37756762039986,208.93915023749,-86.85575465021337
63.38305237149506,208.83930511409756,-86.86212375014671
63.38852602356398,208.73945938221752,-86.8682168183073
63.393989057629675,208.63961306822128,-86.88720992734665
63.3994189928238,208.53976495407065,-86.90560509769195
63.40481687116087,208.43991509643786,-86.93707583179471
63.41015990357196,208.34006230375078,-86.96792474343174
63.41544917374407,208.24020663400248,-87.01173759959286
63.42066208337266,208.14034697780895,-87.05518428004017
63.42579927065787,208.04048336848786,-87.11121864732972
63.43083878805334,207.94061483071792,-87.1673951500902
63.435780387811995,207.84074135199776,-87.23554875274934
63.44060318066855,207.74086213744062,-87.3045712213549
63.44530565199697,207.64097711392242,-87.3847628255805
63.44986831436677,207.5410857066273,-87.46672815165995
63.45428807540886,207.44118777435563,-87.55889936536622
63.458547120202226,207.34128299453394,-87.65388261054366
63.46264054549428,207.24137115825204,-87.75799860291947
63.46655240094603,207.14145221970557,-87.86605135653829
63.470275821173374,207.04152591034892,-87.98210032214998
63.47379683196326,206.94159247840793,-88.10325016955582
63.477106536509915,206.84165161081293,-88.23124135932369
63.480192970233155,206.74170386071827,-88.36549263736842
63.48304521290817,206.6417488914994,-88.50545277779067
63.485653272597276,206.5417875671064,-88.65278879596201
63.48800428092253,206.44181955262337,-88.80475671769182
63.49009012432309,206.34184602524067,-88.96514362430223
63.49189611276576,206.24186667954586,-89.12916292220703
63.493415879064386,206.1418830066503,-89.30255539394214
63.494633066595235,206.04189475926918,-89.4786649446561
63.49554291128596,205.94190374275934,-89.66501387611821
63.49612754363683,205.8419097961184,-90.75272368311244
63.4948141384334,205.74194184346504,-91.9042413566714
63.49149136646688,205.64200140947432,-91.86793886457939
63.48823191791948,205.54205891158122,-91.82932320542683
63.48503982771049,205.4421142182757,-91.81724933470919
63.481868798872476,205.34216885689492,-91.80434908506746
63.47872027292103,205.24222278171348,-91.81639600674966
63.47555073260786,205.14227737311614,-91.82932320542787
63.472358642398866,205.04233267981067,-91.8653790242093
63.46910365904962,204.94239003638327,-91.90424135667277
63.4657808870831,204.8424496023924,-90.82924442960451
63.46433397177955,204.74248347818545,-89.66501387611413
63.46491860413043,204.6424895315445,-89.49104964444741
63.46580683536666,204.54249832029956,-89.30255539393808
63.46702402289751,204.44251007291845,-89.14069180571012
63.468523670758856,204.3425260958657,-88.96514362430254
63.470329659201525,204.24254675017087,-88.815429436496
63.47239688009641,204.14257283561778,-88.65278879596278
63.47474788842167,204.0426048211347,-88.51526927386836
63.47733882169057,203.9426430510047,-88.36549263736528
63.4801910643656,203.84268808178575,-88.24020180373074
63.483261867308066,203.7427398498599,-88.10325016955582
63.48657157185472,203.6427989822649,-87.99020505865673
63.49007844660507,203.54286505289087,-87.8660513565395
63.49380186683241,203.44293874353417,-87.76524809658105
63.4977010797703,203.34301931046457,-87.653882610543
63.50179450506236,203.2431074741827,-87.56529415604415
63.50604239945635,203.14320221928202,-87.46672815166329
63.510462160498435,203.04330428701036,-87.39030348650037
63.515015163085025,202.9434124386427,-87.30457122135313
63.519717634413446,202.8435274151244,-87.24023585401794
63.52453225661294,202.74364780609898,-87.16739515008453
63.5294738563716,202.64377432737888,-87.11505272439526
63.534506690836885,202.5439054523865,-87.0551842800483
63.53964387812208,202.4440418430654,-87.01471912665495
63.544851591308266,202.3441819155887,-86.96792474343384
63.550140861480365,202.2443262458406,-86.93920520011693
63.55548018291459,202.14447325456234,-86.90560509770415
63.56087806125164,202.04462339692955,-86.8884874283966
63.56630577017298,201.94477516169823,-86.86821681831366
63.57176880423866,201.84492884770205,-86.86254956360405
63.57724171426949,201.7450830751409,-86.85575465020524
63.58272646536471,201.64523795174847,-86.8613832430728
63.58820140786831,201.5453922906146,-86.86821681831138
63.593664441933996,201.44554597661835,-86.88498830057694
63.59909824870788,201.345698073032,-86.9056050977059
63.60449612704493,201.24584821539915,-86.93337277286079
63.60984561299714,201.14599576807035,-86.96792474344308
63.61513488316923,201.04614009832207,-87.82548805493735
63.618928511557556,200.94623054111747,-88.90516615266655
63.6208391578063,200.84625314071747,-88.73942020141709
63.62303899992825,200.74628221337014,-88.53036652511601
63.62560360155223,200.6463194504114,-88.3870064213869
63.62841830115236,200.546363813098,-88.2056407556536
63.631549400896894,200.44641719047263,-88.08466881021559
63.63489150721687,200.34647768452533,-87.93096199680713
63.6385017181242,200.24654722101684,-87.83232851858818
63.642283944625156,200.1466233096718,-87.7062950090748
63.646285971974365,200.04670777065553,-87.62989667882037
63.650421218616735,199.94679777104716,-87.53160244178166
63.654727865421826,199.84689489845016,-87.47728698645481
63.659129213990745,199.74699621158436,-87.40684995619797
63.66365337309826,199.6471029528319,-87.37442573045972
63.668234061062584,199.5472122912634,-87.3320101972716
63.67288869686856,199.44732502718364,-87.32125929990143
63.67756207518593,199.34743864057293,-87.30706562275876
63.682260197963714,199.2475534124249,-87.31775919564376
63.6869396781664,199.14766731148646,-87.33201019727719
63.69159431397237,199.04778004740663,-87.36392456953709
63.6961933098072,198.94789022698234,-87.40684995619611
63.700717468914725,198.84799696822978,-87.45978230351922
63.70514933777666,198.74809963033297,-87.53160244179244
63.70945598458173,198.64819675773603,-87.60538462902169
63.71363397397911,198.5482885354195,-87.70629500906324
63.71763600132834,198.44837299640318,-87.80080427454998
63.721473205651165,198.34845117919204,-87.93096199680771
63.7250834165585,198.24852071568353,-88.0461271193259
63.7284927494809,198.14858347710674,-88.20564075565106
63.73162384922544,198.0486368544813,-88.34144232461244
63.734518037150785,197.9486834819028,-88.53036652512863
63.737082638774744,197.84872071894404,-88.68682991460611
63.73937424080844,197.74875184545297,-88.90516615265402
63.741284887057205,197.648774445053,-88.0973379045249
63.74460444298617,197.54884780718163,-86.96792474344221
63.749893713158265,197.44899213743338,-86.9421171703582
63.755227959728686,197.34913887457614,-86.90560509770415
63.760625838065735,197.24928901694335,-86.89023444651798
63.766050502497286,197.1494406161308,-86.86821681831138
63.77151353656297,197.04959430213455,-86.86313187531363
63.776985431836145,196.9497484739408,-86.8557546502111
63.782470182931355,196.8499033505483,-86.86080093136908
63.78794614019261,196.75005774504697,-86.86821681831225
63.793409174258294,196.6502114310507,-86.88324128245564
63.79884602552197,196.55036369304563,-86.90560509769603
63.80424390385903,196.45051383541283,-86.93046080262691
63.80959846467505,196.35066165966302,-86.96792474343259
63.81488773484716,196.25080598991468,-87.00247528069394
63.82011678758161,196.1509471764811,-87.05518428003204
63.82525397486683,196.05108356716002,-87.09930782328698
63.83031425324475,195.95121607699485,-87.16739515008858
63.8352558530034,195.85134259827475,-87.22098795048552
63.84010402856829,195.75146460916056,-87.30457122136174
63.844806499896684,195.65157958564257,-87.36755038177047
63.84939917104767,195.55168954856987,-87.46672815166256
63.85381893208976,195.45179161629824,-87.53903350905853
63.85811261636599,195.35188831234225,-87.65388261054233
63.86220604165805,195.2519764760604,-87.7354775534966
63.86615717194898,195.15205907378396,-87.8660513565395
63.86988059217632,195.05213276442726,-87.95692240263567
63.8734455175457,194.9522008777961,-88.10325016956396
63.876755222092335,194.8522600102011,-88.20340512518659
63.87989021391153,194.7523137569481,-88.36549263736528
63.882742456586556,194.65235878772916,-88.47495716125397
63.885403720678404,194.55239884804868,-88.65278879595387
63.887754729003674,194.45243083356564,-88.77160118754603
63.889898424499464,194.35245850895438,-88.96514362431068
63.89170441294212,194.25247916325955,-89.09334765896679
63.89328667855041,194.15249643524916,-89.30255539394234
63.89450386608126,194.05250818786803,-89.44019103086102
63.8954808544555,193.95251777631617,-89.66501387611441
63.89606548680638,193.85252382967514,-89.81210566977293
63.89639340767681,193.75252925019535,-90.05249840887372
63.89630178466149,193.65253363646633,-90.20904146441805
63.89593695736441,193.55253925648555,-90.46497582943054
63.89512546561077,193.45254689357233,-90.63091915442733
63.89402438160037,193.3525579864088,-90.90239827763243
63.89244953302189,193.25257473275204,-91.07762539972792
63.89056892888682,193.15259752900528,-91.36470087923182
63.888187405193506,193.0526302368307,-91.54900762087232
63.88548434661759,192.95267197227315,-91.85179931951637
63.88225305013165,192.8527285388578,-91.85179931951231
63.87902175364572,192.75278510544246,-91.8517993195077
63.8757904571598,192.65284167202708,-91.66859534691015
63.87287877171845,192.55288926500955,-91.36470087923067
63.87049724802513,192.4529219728349,-91.19112542609335
63.868418597892244,192.35294868777586,-90.90239827763268
63.866843749313766,192.25296543411912,-90.73831079081108
63.86555525433544,192.15297876336007,-90.46497582942635
63.8647437625818,192.05298640044683,-90.31030879293806
63.864202201033265,191.95299281857055,-90.05249840888183
63.86411057801793,191.85299720484147,-89.90723694922013
63.86427247211212,191.75300221607657,-89.665013876106
63.86485710446301,191.65300826943562,-89.5291781278957
63.865678794849885,191.5530164586642,-89.30255539395048
63.86689598238072,191.45302821128305,-89.17618550883662
63.8683336920681,191.35304329782858,-88.96514362430283
63.87013968051077,191.25306395213372,-88.84828728641378
63.87214956872219,191.15308884560798,-88.6527887959624
63.87450057704745,191.05312083112491,-88.54549109166585
63.877038783597136,190.95315768871478,-88.36549263736435
63.87989102627216,190.8532027194959,-88.26778811584073
63.8829137070864,190.7532530041674,-88.10325016954876
63.88622341163307,190.65331213657234,-88.01515692327395
63.889686766080914,190.55337667576265,-87.86605135654582
63.893410186308245,190.45345036640603,-87.787566945292
63.89727047702707,190.35352941085952,-87.65388261054233
63.901363902319126,190.25361757457767,-87.58498165077532
63.90557746823289,190.1537108570621,-87.46672815165658
63.90999722927499,190.05381292479038,-87.40736139190865
63.914520492507336,189.95391971850256,-87.30457122134906
63.919222963835765,189.85403469498428,-87.25466592513843
63.924012431219765,189.75415387151824,-87.16739515008612
63.928954030978424,189.65428039279809,-87.12685660962275
63.933966290859,189.55441047960662,-87.0551842800483
63.93910347814419,189.45454687028553,-87.02389828583418
63.94429519316169,189.3546861076154,-86.96792474343259
63.94958446333381,189.25483043786707,-86.94576083771298
63.95491235986825,189.15497683519058,-86.9056050976948
63.96031023820531,189.05512697755796,-86.89242044170953
63.96573109315144,188.9552783695582,-86.86821681832356
63.9711941272171,188.85543205556195,-86.86386050576239
63.976664752752235,188.7555861577567,-86.85575465019303
63.982149503847474,188.65574103436427,-86.86007230091133
63.987626730846785,188.55589549847446,-86.86821681831951
63.993089764912455,188.45604918447822,-86.88105528727205
63.99853042566154,188.3562016536603,-86.9056050977059
64.00392830399859,188.25635179602745,-86.92681713529004
64.00928921485058,188.15649996009682,-86.96792474343087
64.0145784850227,188.05664429034854,-86.99737344253518
64.01981642964665,187.95678594112113,-87.05518428004507
64.02495361693185,187.8569223318,-87.09274714491445
64.03002533080205,187.75705541867285,-87.16739515008858
64.0349669305607,187.65718193995275,-87.2129676206195
64.0398290873409,187.55730462583278,-87.30457122134753
64.04453155866933,187.45741960231456,-87.3580694844021
64.04914075915303,187.357530319983,-87.46672815166256
64.05356052019512,187.25763238771137,-87.52809106893179
64.05787328447106,187.15772989668656,-87.65388261054366
64.06196670976311,187.05781806040466,-87.72307259000777
64.06593947328464,186.9579015043311,-87.86605135653137
64.069662893512,186.8579751949744,-87.9430539923493
64.07325200775763,186.75804415952538,-88.1032501695569
64.07656171230428,186.65810329193033,-88.18807247271783
64.07972345072535,186.55815786316248,-88.36549263735982
64.08257569340039,186.45820289394362,-88.4581596787686
64.08526626335669,186.3582437169857,-88.65278879595871
64.08761727168195,186.2582757025026,-88.75333858278962
64.08979283306802,186.1583040403977,-88.96514362430254
64.09159882151069,186.05832469470286,-89.07362003170427
64.0932155127718,185.95834248715084,-89.30255539394582
64.09443270030265,185.8583542397698,-89.4189989777782
64.09544667252759,185.75836416143906,-89.66501387611423
64.09603130487847,185.65837021479808,-89.78945039743152
64.09639876463547,185.5583757327886,-90.05249840888183
64.09630714162013,185.4583801190595,-90.18492491023171
64.09598440316965,185.358385549012,-90.4649758294266
64.09517291141601,185.25839318609883,-90.60534411503406
64.09411645888716,185.15840374634092,-90.90239827762888
64.09254161030869,185.0584204926842,-91.05059566655912
64.09070817036255,184.9584423557113,-91.36470087923958
64.08832664666922,184.8584750635367,-91.52052812206945
64.08567327209097,184.7585154040198,-91.85179931949301
64.08244197560508,184.6585719706045,-91.85179931950825
64.07921067911916,184.55862853718915,-91.85179931950825
64.07597938263324,184.4586851037738,-91.69707484430097
64.0730180131942,184.35873409171566,-91.3647008792392
64.07063648950087,184.25876679954104,-91.21815515735638
64.06851067517904,184.15879444770792,-90.90239827763651
64.06693582660056,184.05881119405115,-90.76388582828204
64.06560270014069,183.9588250558865,-90.46497582942635
64.06479120838705,183.85883269297327,-90.33442534540053
64.0642075579919,183.75883930116373,-90.05249840888186
64.06411593497657,183.6588436874347,-89.92989222005741
64.06423829018422,183.55884860119954,-89.66501387611413
64.0648229225351,183.4588546545586,-89.55037017970893
64.06560762907125,183.35886251056633,-89.30255539393768
64.06682481660211,183.25887426318528,-89.19591313496818
64.06822810063666,183.15888882927248,-88.96514362430254
64.07003408907933,183.05890948357765,-88.86654989015736
64.07201211140044,182.95893371454557,-88.6527887959498
64.07436311972572,182.85896570006253,-88.56228857317119
64.07687202041097,182.75900179492982,-88.36549263736936
64.07972426308599,182.65904682571087,-88.28312076740578
64.08272019729834,182.5590962858972,-88.10325016956396
64.08602990184498,182.4591554183022,-88.02902533271788
64.08946906741656,182.35921910631058,-87.86605135653137
64.09319248764392,182.25929279695387,-87.79997190800431
64.09703114513218,182.1593709952044,-87.65388261054366
64.10112457042423,182.0594591589225,-87.59592409026935
64.10531905633827,181.9595516284757,-87.46672815167142
64.10973881738035,181.85965369620405,-87.4168422887613
64.11424555127998,181.75975973517515,-87.30457122134753
64.11894802260841,181.65987471165693,-87.26268625461988
64.1237235087771,181.5599932131967,-87.1673951500902
64.12866510853576,181.46011973447654,-87.13341728775333
64.13366593292405,181.36024924424711,-87.05518428005152
64.13880312020923,181.26038563492605,-87.02900012387207
64.1439859433372,181.16052440804987,-86.96792474343174
64.14927521350931,181.06066873830156,-86.94940450500633
64.15459676000776,180.96081479580585,-86.90560509770415
64.15999463834481,180.86096493817305,-86.89460643689546
64.1654116838055,180.76111612298612,-86.86821681831138
64.17087471787119,180.66126980898989,-86.86458913621145
64.17634407366828,180.56142384157314,-86.85575465021923
64.18182882476347,180.46157871818065,-86.85934367047132
64.18730732150081,180.3617332519023,-86.86821681830959
64.1927703555665,180.26188693790613,-86.87886929208341
64.19821482580103,180.16203961427541,-86.90560509769777
64.2036127041381,180.06218975664257,-86.92317346800836
64.2089799650261,179.96233826053117,-86.96792474344072
64.2142692351982,179.86248259078283,-87.50841454445943
64.21861581301982,179.76259295615512,-88.90516615264994
64.2205264592686,179.66261555575514,-88.80076049637461
64.2226192743102,179.56264223282759,-88.53036652512863
64.22518387593416,179.46267946986882,-88.44015151490967
64.22790586180767,179.3627211910101,-88.20564075565463
64.2310369615522,179.26277456838469,-88.12962311137711
64.23430065599445,179.1628324178179,-87.93096199680826
64.23791086690177,179.06290195430955,-87.86909780760148
64.24162896827829,178.96297560040514,-87.70629500906324
64.24563099562752,178.86306006138884,-87.658487079039
64.24971638790335,178.76314798877988,-87.53160244177954
64.25402303470844,178.66324511618296,-87.49770412588079
64.2583887849666,178.5633448559045,-87.40684995619871
64.26291294407412,178.463451597152,-87.38667409174168
64.2674722780736,178.36355995448858,-87.33201019727237
64.27212691387957,178.26367269040878,-87.32534175737867
64.27679317506968,178.1637859705952,-87.3070656227669
64.28149129784745,178.06390074244717,-87.31367673817775
64.28617789517737,177.96401497471166,-87.33201019726347
64.29083253098337,177.8641277106319,-87.35167620829071
64.29545288078306,177.76423887130235,-87.40684995620684
64.29997703989056,177.66434561254985,-87.43936516442135
64.30444450706325,177.5644498480658,-87.53160244178024
64.30875115386834,177.46454697546886,-87.57679423000889
64.31297899763227,177.3646408261529,-87.70629500906453
64.3169810249815,177.26472528713654,-87.76403498869264
64.32088235442876,177.16480591248472,-87.93096199680365
64.3244925653361,177.0648754489762,-88.00117282481301
64.32798031013623,176.96494085501885,-88.20564075565463
64.33111140988076,176.86499423239343,-88.28829724316815
64.33409831153273,176.76504350136025,-88.53036652513593
64.33666291315667,176.66508073840154,-88.62548963940479
64.33906154227071,176.56511426049076,-88.90516615265027
64.34097218851949,176.46513686009075,-88.4144085860501
64.34373879501516,176.36519029964248,-86.96792474343087
64.34902806518727,176.2653346298942,-86.95231647507495
64.35434453682193,176.16548041581956,-86.90560509769603
64.35974241515899,176.06563055818677,-86.89635345497194
64.3651564161299,175.96578157741862,-86.86821681831772
64.37061945019558,175.86593526342244,-86.86517144792613
64.37608779123498,175.7660892403734,-86.85575465021923
64.38157254233018,175.6662441169809,-86.8587613587568
64.38705205382519,175.56639870633512,-86.86821681831951
64.39251508789086,175.46655239233888,-86.87712227401013
64.39796260261517,175.36670523428938,-86.90560509770415
64.40336048095222,175.2668553766566,-86.92026149796988
64.408732816704,175.1670041521242,-86.96792474343259
64.41402208687612,175.06714848237587,-86.9881942841634
64.41927602966878,174.96729096834179,-87.05518428004423
64.42441321695398,174.8674273590207,-87.08094326148417
64.42950550540891,174.7675614840926,-87.16739515008858
64.43444710516756,174.6676880053725,-87.19853755293478
64.43933441676327,174.5678119056931,-87.30457122135566
64.44403688809169,174.46792688217488,-87.34101158486664
64.44867582792963,174.36803895776345,-87.4667281516707
64.4530955889717,174.26814102549181,-87.50840358348135
64.45744268172788,174.1682399970819,-87.65388261053486
64.46153610701995,174.06832816080004,-87.70075375516544
64.46554779276053,173.96841312720343,-87.8660513565395
64.46927121298788,173.86848681784673,-87.91810214748877
64.472903847536,173.76855731383338,-88.10325016956396
64.47621355208264,173.6686164462384,-88.16048618770384
64.47942341263196,173.56867250087322,-88.36549263735982
64.48227565530699,173.46871753165436,-88.42793789703035
64.48501895198251,173.36875972697666,-88.65278879597498
64.48736996030775,173.26879171249357,-88.72048077959138
64.48960285437728,173.16882124236128,-88.96514362430254
64.49140884281995,173.06884189666644,-89.03812638777667
64.49308747225504,172.96886062551616,-89.3025553939464
64.49430465978588,172.86887237813502,-89.38087056792766
64.4953851728602,172.7688828993305,-89.66501387611432
64.49596980521108,172.66888895268949,-89.74868939389953
64.49640840280374,172.5688946460472,-90.0524984088738
64.49631677978842,172.46889903231835,-90.54107393619663
64.49537260741805,172.36892104373226,-92.31616792285577
64.49133140827833,172.2690070813979,-92.30547854717462
64.4873088498942,172.16909237323824,-92.26624933895381
64.48335470168217,172.0691749279559,-92.26624933894567
64.47940055347016,171.96925748267358,-92.26624933894439
64.47544640525814,171.8693400373912,-92.27677373784586
64.47147390398662,171.76942332642324,-92.31616792288017
64.46743270484686,171.66950936408887,-91.84287079332
64.46421739784344,171.5695783277084,-90.05249840887369
64.46412577482812,171.46958271397932,-89.97150616180895
64.46417550360688,171.36958744870722,-89.665013876106
64.46476013595777,171.26959350206627,-89.58929644024276
64.46547690924552,171.16960074600212,-89.30255539395436
64.46669409677635,171.069612498621,-89.23214949644638
64.46803414655106,170.9696261087118,-88.96514362430254
64.46984013499373,170.86964676301696,-88.90009525509004
64.47175962491761,170.76966977706965,-88.65278879596686
64.47411063324286,170.66970176258656,-88.5931427569629
64.4765657038771,170.56973645645795,-88.36549263736121
64.47941794655213,170.469781487239,-88.31128430568307
64.48236475165774,170.3698294329818,-88.10325016955582
64.48567445620439,170.2698885653868,-88.05449930422152
64.48906919079035,170.16995068991326,-87.8660513565395
64.49279261101769,170.07002438055656,-87.82275777281095
64.49659153182087,169.97010102447157,-87.65388261054166
64.50068495711292,169.87018918818976,-87.6160235438021
64.50484439620689,169.77028016452215,-87.46672815166473
64.50926415724898,169.67038223225043,-87.43425713146226
64.51374052948417,169.5704868848862,-87.30457122134753
64.5184430008126,169.47060186136798,-87.27741827725727
64.52319280578925,169.37071912305444,-87.1673951500902
64.5281344055479,169.2708456443343,-87.14546817236354
64.53311422481843,169.1709740941812,-87.05518428005236
64.53825141210362,169.0711104848601,-87.03837136011316
64.54341790229358,168.97124840531364,-86.96792474343813
64.54870717246568,168.8713927355654,-86.95609732200002
64.55401705499285,168.77153816887773,-86.90560509769603
64.55941493332992,168.67168831124494,-86.89862175028401
64.5648249813927,168.57183911548924,-86.86821681830959
64.57028801545839,168.47199280149306,-87.20565278437412
64.57516255070873,168.37212374323406,-88.70525931523412
64.57742200902058,168.27215361765667,-88.61835121224608
64.5798330902402,168.17218754737166,-88.23061583359055
64.58292062322161,168.0722395694036,-88.15333506307634
64.58614295040678,167.97229625526614,-87.80613870237863
64.58997085883098,167.87237389402034,-87.73856756534467
64.59391659442812,167.77245643211987,-87.43179852299956
64.59839725612352,167.67256121286195,-87.37394884566082
64.60297876570422,167.57267080296978,-87.10754659158849
64.60802468602951,167.47280254050418,-87.05934596532505
64.61315461118467,167.3729387240124,-86.83332349885754
64.61867845096937,167.2730957555376,-86.79461088968438
64.62426974351997,167.1732566513301,-86.60906654991749
64.6301843275836,167.07343606800592,-86.57959582674617
64.6361502508131,166.9736186050313,-86.43471600989865
64.64236856015833,166.8738164818639,-86.41416596608431
64.64862266268901,166.77401662788088,-86.31022018583921
64.65505781342868,166.67422825183039,-86.29820966275078
64.66151388124267,166.57444123836896,-86.23553935942503
64.66807909327379,166.47466133482718,-86.23164611599772
64.67465108524402,166.3748818788637,-86.21064858433438
64.68125964363652,166.27510483683594,-86.21443058780666
64.68786161581016,166.17532736001834,-86.23553935942503
64.69442682784128,166.07554745647656,-86.24655719503082
64.70097285162502,165.9757663029657,-86.31022018585311
64.70740800236466,165.87597792691548,-86.32805929475836
64.71381208170781,165.7761875810284,-86.43471600989865
64.72003039105304,165.67638545786102,-86.45900746406322
64.72620638371933,165.5765807627229,-86.60906654992465
64.73212096778295,165.47676017939875,-86.63950505905561
64.73798251584265,165.37693655772188,-86.83332349884128
64.74350635562737,165.27709358924707,-86.86968132137812
64.74896683038692,165.17724726716463,-87.10754659159579
64.75401275071219,165.07737900469905,-87.14968198910974
64.75898521741506,164.9775072392811,-87.43179852299141
64.76346587911047,164.87761202002318,-87.47965736258033
64.7678630868779,164.7777133306861,-87.80613870239367
64.77169099530207,164.67779096944037,-87.8597477780493
64.77542539791095,164.57786537292725,-88.23061583357577
64.77851293089239,164.4779173949591,-88.52201091020149
64.7810918773465,164.37796403798743,-90.55746566824381
64.78011897382724,164.27797311530654,-90.26649302129735
64.77965391961084,164.17798756383203,-88.23061583359205
64.78274145259225,164.07803958586388,-88.17796757045903
64.78592081552898,163.97809478517897,-87.80613870238552
64.78974872395317,163.87817242393322,-87.76029062255175
64.79365658004744,163.77825338697366,-87.43179852298547
64.79813724174286,163.67835816771566,-87.39276527572623
64.80268594916565,163.57846619351125,-87.10754659158931
64.80773186949094,163.4785979310456,-87.07525921304011
64.81283406081107,163.37873264673456,-86.83332349884128
64.8183579005958,163.27888967825976,-86.80762459085837
64.82392651811791,163.17904927503406,-86.60906654992561
64.82984110218153,163.0792286917099,-86.589713445812
64.83578940012565,162.97941015748586,-86.43471600991289
64.84200770947085,162.87960803431852,-86.42139050104221
64.84824922861881,162.7798073825855,-86.31022018583005
64.8546843793585,162.68001900653502,-86.30254341708033
64.86113289966984,162.5802315014109,-86.23553935944086
64.86769811170092,162.48045159786935,-86.2330905364607
64.87426758826648,162.3806719758512,-86.21064858431706
64.880876146659,162.28089493382345,-86.21298616733755
64.88748063423733,162.18111762306052,-86.23553935944342
64.89404584626843,162.08133771951867,-86.24222344076969
64.90059941755483,161.98155705767041,-86.31022018582898
64.90703456829452,161.88176868161997,-86.32083476035524
64.91345123102039,161.78197913348296,-86.43471600990678
64.9196695403656,161.68217701031557,-86.44888984710006
64.92586315831724,161.58237338642687,-86.60906654992561
64.93177774238086,161.4825528031027,-86.6264913633869
64.93766196546906,161.38273048044402,-86.8333234988512
64.94318580525378,161.28288751196916,-86.8537680854763
64.94867401384833,161.1830426577059,-87.10754659158849
64.95371993417362,161.0831743952403,-87.13086558093171
64.95872520303442,160.98330419413455,-87.43179852297588
64.96320586472986,160.8834089748766,-87.45793434197792
64.96764095200015,160.78351186059868,-87.8061387023949
64.97146886042432,160.68358949935288,-87.83511532719824
64.97524622728163,160.58366538938716,-88.23061583357577
64.97833376026307,160.483717411419,-88.38700080375995
64.98114833528133,160.3837665465442,-90.55746566823598
64.98017543176209,160.28377562386336,-90.40150309509295
64.97947474898152,160.18378758029206,-88.2306158335824
64.98256228196294,160.083839602324,-88.20260001883084
64.98569868065127,159.98389331509165,-87.80613870238676
64.98952658907545,159.88397095384585,-87.7820136391317
64.99339656566686,159.7840503418271,-87.4317985229936
64.99787722736227,159.6841551225691,-87.41158167923035
65.00239313262715,159.5842615840525,-87.10754659158931
65.00743905295244,159.48439332158688,-87.09117244457339
65.01251351043756,159.3845265694566,-86.8333234988503
65.01803735022227,159.28468360098177,-86.82063828313552
65.02358329271586,159.184841898738,-86.60906654991652
65.02949787677949,159.08502131541385,-86.59983106063181
65.03542854943825,158.9852017099404,-86.43471600989967
65.04164685878348,158.885399586773,-86.42861503443837
65.04787579454874,158.7855981372899,-86.31022018584733
65.0543109452884,158.6858097612394,-86.30687717110192
65.06075191809704,158.58602176445262,-86.23553935942503
65.06731713012816,158.48624186091084,-86.23453495689365
65.07388409128907,158.38646207283801,-86.21064858432625
65.08049264968159,158.28668503081025,-86.21154174691272
65.08709965266455,158.186907886102,-86.23553935942716
65.09366486469567,158.08712798256016,-86.23788968684096
65.10022598348476,157.98734781237457,-86.31022018583712
65.10666113422444,157.88755943632412,-86.31361022761021
65.11309038033299,157.78777068593718,-86.43471600989663
65.11930868967822,157.68796856276984,-86.43877223468763
65.12551993291521,157.5881660101306,-86.60906654992561
65.13143451697883,157.48834542680643,-86.61347767749862
65.13734141509552,157.38852440316595,-86.8333234988485
65.14286525488023,157.28868143469117,-86.8378548675546
65.14838119730983,157.18883804824716,-87.10754659158849
65.15342711763512,157.08896978578156,-87.1120492026957
65.15846518865385,156.989101148988,-87.4317985229936
65.16294585034926,156.88920592973,-87.43621136768925
65.1674188171224,156.78931039051116,-87.80613870238676
65.17124672554658,156.68938802926536,-87.81048294407458
65.17506705665234,156.58946540584708,-88.2306158335834
65.17815458963376,156.48951742787895,-88.2520018806698
65.18120479321618,156.38956905510094,-90.5574656682521
65.18023188969691,156.28957813242008,-90.5365019808517
65.17929557835217,156.18958759675186,-88.23061583356713
65.18238311133362,156.08963961878374,-88.22723239911238
65.18547654577353,155.9896918450039,-87.80613870238177
65.18930445419771,155.88976948375833,-87.80373660883696
65.19313655128624,155.78984729668045,-87.43179852298401
65.19761721298167,155.6899520774225,-87.43039805214704
65.2021003160886,155.59005697459378,-87.10754659157952
65.2071462364139,155.4901887121282,-87.10708565747716
65.21219296006402,155.39032049217877,-86.83332349884307
65.21771679984874,155.2904775237039,-86.8333234988503
65.22324063963346,155.19063455522908,-86.60939501622961
65.22915465137744,155.09081393911757,-86.60906654992465
65.23506923544106,154.99099335579342,-86.43559813062053
65.24128600809605,154.89119113922737,-86.43471600991289
65.24750431744125,154.79138901606004,-86.31134374202131
65.2539375112183,154.69160051594378,-86.31022018582296
65.260372661958,154.59181213989328,-86.23653009834584
65.26693614855537,154.49203212395247,-86.2355393594353
65.27350136058648,154.39225222041063,-86.21108860222776
65.28010915270411,154.29247512779725,-86.2106485843241
65.28671771109663,154.19269808576954,-86.23498810157788
65.29328388312287,154.09291824560188,-86.23553935941199
65.29984909515402,153.99313834206,-86.30823675965846
65.30628770015431,153.89335019102845,-86.31022018584629
65.31272285089398,153.79356181497798,-86.4308815202265
65.3189478389908,153.69376011522408,-86.43471600989054
65.32516614833604,153.5939579920567,-86.6030051655314
65.33109129157678,153.49413805051,-86.60906654992753
65.3370058756404,153.39431746718577,-86.82472094657554
65.34254470450671,153.29447535741286,-86.83332349884037
65.34806854429144,153.1946323889381,-87.09616475204061
65.35313430109659,153.09476517632243,-87.10754659159744
65.35818022142186,152.9948969138568,-87.41748476963679
65.36268583596863,152.895002884583,-87.43179852298547
65.36716649766406,152.795107665325,-87.7888285911571
65.37102459066882,152.6951865591775,-87.80613870238177
65.37485249909301,152.59526419793193,-88.21032771579092
65.37797541900443,152.49531744433875,-88.23061583358391
65.38106295198585,152.3953694663706,-88.68207942258985
65.38336285090442,152.2954004224139,-88.70525931524335
65.38562230921626,152.19543029683643,-88.71713501828663
65.38786104665738,152.09545970519991,-88.71775261946969
65.39009870650045,151.99548908932576,-88.2905732432151
65.39308164246266,151.89553808140022,-88.26807970866973
65.39610382200718,151.7955881059593,-87.88893316297566
65.39978733074561,151.6956604352108,-87.8685478193556
65.40350639703065,151.595733963714,-87.53746894154924
65.40780281081037,151.49583074309092,-87.51912611975983
65.41213121165319,151.3959288106473,-87.23607022087448
65.41695309554109,151.29604955083735,-87.21976771843599
65.42180340152227,151.1961715968549,-86.98460622146929
65.42706359614711,151.09631444213204,-86.97041767961802
65.43234852159956,150.99645854234245,-86.7829415243215
65.43796015237828,150.8966205037392,-86.77101986445103
65.44359255847476,150.79678360093567,-86.63094924860229
65.44946901693577,150.69696078603852,-86.62152260447418
65.45536189994846,150.59713891924753,-86.52852166103482
65.46141680268377,150.49732675850444,-86.52188321834836
65.46748327045351,150.39751529058304,-86.47557826113896
65.47363040111091,150.29770876048659,-86.47207138510319
65.47978364072068,150.19790260435312,-86.47207138510218
65.48593688033046,150.09809644821968,-86.47207138509405
65.49209011994024,149.99829029208624,-86.51798936348625
65.49816337077662,149.89847923939416,-86.52188321834836
65.50422983854637,149.79866777147276,-86.61335725422597
65.51013694666564,149.6988467568593,-86.62152260445889
65.51602982967836,149.59902489006828,-86.75823515749904
65.5216845112594,149.49918927311566,-86.77101986446546
65.52731691735585,149.3993523703122,-86.95271410194873
65.53263269399827,149.29949815717683,-86.97041767961974
65.53791761945072,149.19964225738718,-87.1969094770438
65.5428077676557,149.0997663251459,-87.21976771843599
65.54765807363688,148.99988837116345,-87.49095197402931
65.55203559379808,148.89998869546255,-87.51912611976124
65.5563639946409,148.80008676301887,-87.83497599185624
65.56014160499257,148.70016264920218,-87.86854781936252
65.5638606712776,148.60023617770543,-88.22910546525085
65.56695083236269,148.50028849508237,-88.26807970868454
65.56997301190718,148.40033851964154,-88.67343708308715
65.57228798721414,148.30036993790958,-88.71775261947006
65.57452564705721,148.2003993220354,-88.70649789129617
65.57678294428652,148.10042914785032,-88.70525931523521
65.57904240259838,148.00045902227285,-88.27795489252223
65.58204734601472,147.90050883537182,-88.23061583359105
65.58513487899613,147.80056085740372,-87.84891630957269
65.58888817398287,147.70063591456005,-87.8061387023774
65.59271608240707,147.6007135533143,-87.47010524064197
65.59712994667159,147.50081555656726,-87.431798523001
65.60161060836698,147.4009203373093,-87.14140797401464
65.60659749894049,147.30104925975573,-87.10754659158765
65.61164341926577,147.20118099729015,-86.8626838999263
65.61711608923666,147.10133532064188,-86.83332349884037
65.62263992902139,147.0014923521671,-86.63378263372982
65.62851144781771,146.90166930169866,-86.6090665499194
65.63442603188135,146.80184871837443,-86.45455851239628
65.64060977479492,146.70204449428957,-86.4347160099078
65.64682808414014,146.60224237112214,-86.32488249901645
65.6532376966889,146.50245237602425,-86.31022018583816
65.65967284742858,146.40266399997378,-86.24465154259633
65.66622219002453,146.30288306265834,-86.2355393594353
65.67278740205563,146.2031031591165,-86.21379544257437
65.67939048031114,146.103325755317,-86.21064858431765
65.68599903870366,146.00354871328946,-86.23228126122228
65.69256992459204,145.9037691843079,-86.23553935944128
65.69913513662313,145.8039892807661,-86.3001153152112
65.70558788562492,145.70420205110918,-86.31022018583921
65.7120230363646,145.60441367505868,-86.41734276206151
65.71827160568967,145.50461347028644,-86.43471600989865
65.7244899150349,145.40481134711905,-86.58404477930894
65.73044808801707,145.30499341309113,-86.60906654992657
65.73636267208069,145.20517282976692,-86.80033331733348
65.74194399389467,145.10533315435086,-86.8333234988512
65.74746783367938,145.005490185876,-87.06634339175115
65.75258556362319,144.90562572395,-87.10754659158765
65.75763148394847,144.80575746148443,-87.38222286994164
65.76219856965858,144.70586636372786,-87.43179852298401
65.766679231354,144.60597114446992,-87.74811970270666
65.77060831045401,144.5060529899794,-87.8061387023949
65.77443621887818,144.4061306287336,-88.16416655532056
65.77763965368551,144.30618666092673,-88.23061583358292
65.78072718666694,144.20623868295863,-90.19084568096328
65.78039414966285,144.10625452774812,-90.55746566823566
65.77942124614361,144.00626360506723,-88.59765826678205
65.7818681753854,143.90630885183157,-88.23061583358391
65.78495570836682,143.8063608738634,-87.87354879440937
65.78866603910512,143.70643444447225,-87.80613870238676
65.79249394752931,143.60651208322645,-87.49182828444371
65.79686993229097,143.50661251142031,-87.43179852299215
65.80135059398638,143.40671729216237,-87.16022439718428
65.80630468240197,143.30684465029665,-87.10754659158765
65.81135060272726,143.20697638783108,-86.87859714485029
65.81679553886312,143.10712924336354,-86.8333234988503
65.82231937864783,143.0072862748887,-86.6467963342853
65.82816822241566,142.9074619254021,-86.60906654993374
65.83408280647926,142.80764134207791,-86.46467613163242
65.84024892410748,142.7078360467437,-86.43471600990479
65.84646723345269,142.60803392357658,-86.33210703422884
65.85286426261875,142.5082431307287,-86.31022018583712
65.85929941335843,142.40845475467825,-86.2489852970475
65.86584120845168,142.30867332570023,-86.23553935943423
65.87240642048279,142.2088934221584,-86.21523986303363
65.87900698333364,142.10911585230426,-86.21064858432518
65.88561554172615,142.00933881027652,-86.2308368407562
65.8921889430192,141.90955944734955,-86.2355393594353
65.89875415505031,141.8097795438077,-86.29578156070396
65.90521445155477,141.7099928058135,-86.31022018584525
65.91164960229443,141.61020442976306,-86.41011822633953
65.9179107550022,141.51040502274085,-86.43471600990678
65.92412906434741,141.41060289957346,-86.57392715814814
65.93010486261497,141.31078603679498,-86.60906654991844
65.9360194466786,141.21096545347078,-86.78731961173199
65.9416234435211,141.11112707707295,-86.8333234988485
65.94714728330581,141.01128410859818,-87.0504301360517
65.95229274708464,140.91142111449136,-87.10754659159825
65.95733866740991,140.8115528520257,-87.363406426777
65.96193855527794,140.71166331858126,-87.43179852298475
65.96641921697336,140.61176809932329,-87.72639662545764
65.97038617557625,140.51185151989185,-87.80613870240305
65.97421408400041,140.41192915864605,-88.13953401886529
65.97746048305618,140.3119866773866,-88.23061583357428
65.98054801603762,140.21203869941854,-90.05582114317734
65.98045060759767,140.1120570363049,-90.55746566825195
65.9794777040784,140.012066113624,-88.73268282990661
65.98168900475605,139.91210886829148,-88.23061583357577
65.98477653773749,139.81216089032333,-87.89818133276653
65.98844390422738,139.7122329743847,-87.80613870238676
65.99227181265157,139.6123106131389,-87.51355136479958
65.99660991791038,139.5124094662736,-87.43179852299288
66.00109057960579,139.41251424701562,-87.17904084396572
66.00601186586344,139.31264004083792,-87.10754659158765
66.01105778618873,139.21277177837234,-86.89451040394016
66.01647498848956,139.11292316608564,-86.8333234988485
66.02199882827428,139.01308019761086,-86.65981004251708
66.0278249970136,138.91325454910606,-86.60906654991749
66.03373958107723,138.81343396578188,-86.47479375444694
66.03988807342009,138.71362759919825,-86.43471600990577
66.0461063827653,138.61382547603088,-86.33933157072673
66.05249082854867,138.51403388543292,-86.31022018583108
66.05892597928836,138.41424550938243,-86.25331905177035
66.06546022687894,138.31446358874166,-86.2355393594353
66.07202543891005,138.21468368519982,-86.21668428351099
66.07862348635622,138.114905949291,-86.21064858432304
66.08523204474874,138.01512890726332,-86.22939242028413
66.09180796144645,137.91534971039107,-86.23553935943316
66.09837317347755,137.81556980684928,-86.29144780592972
66.10484101748469,137.7157835605177,-86.31022018584733
66.11127616822435,137.6159951844672,-86.40289368941934
66.11754990431481,137.51619657519507,-86.43471600989865
66.12376821366004,137.41639445202767,-86.56380953374925
66.12976163721297,137.31657866049866,-86.60906654991749
66.1356762212766,137.2167580771745,-86.77430589932506
66.14130289314758,137.11692099979487,-86.8333234988485
66.1468267329323,137.0170780313201,-87.03451686801638
66.15199993054614,136.91721650503254,-87.10754659159579
66.15704585087141,136.81734824256696,-87.34458996340011
66.16167854089734,136.7174602734347,-87.431798523001
66.16615920259274,136.61756505417674,-89.05428164029729
66.16780939982706,136.51759792413603,-89.65751436344956
66.1684071204994,136.41760405487486,-89.61196604846035
66.16908433282765,136.31761070413535,-89.59501890549079
66.16979112158657,136.217617546322,-89.60412680502297
66.17048201513755,136.11762427788926,-89.60751792475779
66.17116699046849,136.01763096827014,-87.94963058714517
66.17474408304894,135.9177149186926,-87.3320101972805
66.1793987188549,135.8178276546128,-87.06033302602862
66.18452691039386,135.71796400711412,-86.95795311369953
66.18983355914392,135.61810925941094,-86.72359370413712
66.19554858428256,135.51827737233452,-86.63397897873963
66.20141976540879,135.41845422676187,-86.43676673306742
66.2076344883177,135.31865211117992,-86.36001439489263
66.21398291326508,135.2188581801996,-86.19967294728389
66.2206105746182,135.119082561131,-86.13598488990402
66.22734914955011,135.01931421561136,-86.01214195346967
66.23430334795837,134.91956076302645,-85.96182113828628
66.24134516021422,134.81981336185737,-85.8740241431247
66.24853980822039,134.72007691704945,-85.83746401888062
66.25579809958721,134.6203450346534,-85.78520016511291
66.26314735967756,134.5206198323174,-85.76286852526094
66.27053548948102,134.42089748428128,-85.74558791663792
66.27795369541089,134.32117737105645,-85.73800654570415
66.28538509637794,134.22145823829092,-85.7551471026682
66.29278666497223,134.12173688882626,-85.76286852527028
66.30017479477567,134.0220145407901,-85.81388140004113
66.30747413326787,133.92228567258678,-85.83746401887133
66.31473242463471,133.82255379019077,-85.92183824483222
66.32184383855805,133.72281137856768,-85.96182113829555
66.32888565081389,133.62306397739857,-86.07910624173861
66.33572325746222,133.52330247191753,-86.13598488990293
66.34246183239412,133.42353412639793,-86.28581017491265
66.34893948492665,133.3237486699721,-86.36001439487637
66.35528790987406,133.22395473899178,-86.54210358236168
66.36131913724127,133.1241413906873,-86.63397897873772
66.36719031836749,133.0243182451147,-88.07107178205935
66.37055560837405,132.92439536562568,-88.80770793755141
66.37263631000928,132.8244213598015,-88.73343006841203
66.37484661454452,132.7244501785592,-88.69526476045255
66.3771235113995,132.62448044863794,-88.67052961617107
66.37944356583256,132.52451171579048,-88.65778589230351
66.3817858553601,132.42454349664263,-88.68249720679921
66.3840850288875,132.3245742813815,-88.69526476045328
66.38636192574248,132.22460455146017,-88.76933494824686
66.38850958206784,132.1246320048548,-88.80770793755141
66.39059028370308,132.0246579990306,-87.37689126932904
66.39516593324414,131.92478329158536,-86.63397897873772
66.40103711437037,131.82496014601276,-86.45462224545803
66.40722073317265,131.72515612638566,-86.36001439490074
66.41356915812003,131.62536219540533,-86.21427395954207
66.42017139165996,131.52558490881827,-86.13598488990183
66.42690996659186,131.4258165632987,-86.02349298667964
66.43384440167236,131.32606174567715,-85.9618211382944
66.4408862139282,131.22631434450807,-85.88212905279941
66.44806675302598,131.12657688827252,-85.83746401887944
66.45532504439281,131.0268450058765,-85.79006188629818
66.46266584233365,130.92711918214383,-85.76286852525973
66.47005397213711,130.82739683410773,-85.74720828265983
66.4774693578924,130.72767651132943,-85.73800654570864
66.48490075885944,130.627957378564,-85.75352673664335
66.4923051476283,130.52823623865285,-85.76286852526094
66.49969327743176,130.42851389061673,-85.80901967880243
66.50700107807349,130.3287856438101,-85.83746401888062
66.51425936944031,130.22905376141406,-85.91373333481499
66.52138489227204,130.12931236121858,-85.96182113827815
66.5284267045279,130.0295649600495,-86.06775520726758
66.535284074504,129.9298048196051,-86.13598488990183
66.5420226494359,129.83003647408552,-87.38675934017145
66.54658112218868,129.7301604381562,-88.20813823291698
66.5497078653368,129.63021367914365,-88.08024401196572
66.55305769368664,129.5302743128022,-87.99587795092772
66.556554681372,129.4303398230756,-87.91332035174861
66.5601956586693,129.33041054471101,-87.85856201675115
66.56393214059624,129.23048472290984,-87.82113332694938
66.56773389810988,129.1305613775302,-87.79615372313827
66.57157922002204,129.03063968489428,-87.80361965002874
66.57541152158299,128.93071749261185,-87.80863496806624
66.5792350765806,128.83079496468642,-87.86076441680203
66.58296771639836,128.73086902729497,-87.8960094427101
66.5866388879254,128.63094078474342,-87.99260351716285
66.59014158344063,128.53100659162428,-88.05830199422999
66.59352968993701,128.43106835122452,-86.79830339797144
66.59911363114536,128.33124528094316,-85.93694662778691
66.60619874728324,128.23150094632135,-85.80516786967837
66.6135132402673,128.1317733552744,-85.71314617398717
66.62098790820043,128.0320574563459,-85.61169606656327
66.62863911654958,127.93235506039012,-85.53916936419742
66.63641653371016,127.83266231771474,-85.46750000792157
66.64431864250702,127.73297943871883,-85.41495047149374
66.6523121779444,127.63330379198888,-85.37244570374953
66.66037965369745,127.53363412332718,-85.34043978893794
66.66850280620547,127.43396895612635,-85.32644038759629
66.67665031003564,127.3343057789785,-85.31560639187009
66.68481665910889,127.23464414191261,-85.32943716862435
66.69295895017478,127.1349805387642,-85.34043978893727
66.7010821026828,127.03531537156339,-85.38143731399904
66.70913393683952,126.93564443827994,-85.41495047149309
66.7171274722769,126.83596879155,-85.48249018254971
66.72500350090678,126.73628384949345,-85.5391693641893
66.73278091806738,126.63659110681806,-85.63269080950667
66.7403955920219,126.53688591647136,-85.71314617399591
66.74787025995502,126.43717001754287,-86.8143690095418
66.75342622591609,126.3373451133844,-87.78367268748691
66.75729331419537,126.2374242607656,-87.6711791044307
66.76135657090195,126.13751136390104,-87.57152824049412
66.7655936006846,126.03760551453044,-87.4990155641865
66.76995706326068,125.93770517889934,-87.4342934334193
66.77443337507431,125.83780976462828,-87.40146881792138
66.77896691532527,125.73791694597409,-87.37192361786747
66.78355196648113,125.638026463616,-87.37846092978164
66.78812562031412,125.53813545935513,-87.38439708713275
66.79268892489304,125.43824398118431,-87.42997214625846
66.79717276957557,125.3383489337515,-87.4717182530442
66.80158383012045,125.23845061692535,-87.55604357284417
66.8058478558817,125.13854601621765,-87.63391701110528
66.80997609674723,125.03863561241917,-87.75677153866417
66.81389009043062,124.93871680011618,-87.87104429028089
66.81760480275216,124.83879016666842,-86.81401497110512
66.82316140419462,124.73896496179627,-85.82503044801776
66.83044133788198,124.63923465684668,-85.74877108383602
66.83785399754548,124.53951421410541,-85.67585865126163
66.84539355800517,124.43980320073229,-85.62561194675877
66.85302055629491,124.34009887519022,-85.57644328083005
66.8607331164443,124.24040109399243,-85.55162626941033
66.86848885809283,124.14070667212957,-85.5267455644686
66.87628789206698,124.04101561822345,-85.52674556446796
66.88408692604114,123.94132456431736,-85.52674556446048
66.8918859600153,123.84163351041124,-85.55094651594987
66.89964288443203,123.74193918056267,-85.57644328083005
66.90735544458141,123.64224139936488,-85.62425216689674
66.91498480911929,123.54253725480932,-85.67585865126163
66.92252436957898,123.4428262414362,-85.74673074670808
66.92994058035507,123.3431060625605,-85.82503044800727
66.93722051404244,123.24337575761096,-85.91849212780045
66.94433774595232,123.14363386004403,-86.02401406554941
66.95127128113451,123.04387887395458,-86.13968188136161
66.9580034027352,122.94411032795048,-86.27287818737526
66.96450358826183,122.84432616714352,-87.26173161397097
66.96927990785865,122.74446211790656,-88.42044772643695
66.97203627770304,122.64450445894485,-88.35730559683925
66.97490280094911,122.54454996967047,-88.28306567530787
66.97789883802875,122.44459920718393,-88.25442918096489
66.9809448297853,122.34464996934005,-88.2206257211723
66.98404978968455,122.24470253123452,-88.22633973274176
66.9871447819605,122.14475478456282,-88.23311337851594
66.99022795816842,122.04480667210295,-88.27302281446875
66.99324151380007,121.94485646516425,-88.32053161549291
66.99617219203908,121.8449037649261,-88.394504797059
66.9989738185911,121.74494746381585,-88.48290021453337
67.0016212328171,121.6449868597873,-87.51742310723023
67.00595186589206,121.54510205862383,-86.36001439489263
67.01230029083945,121.4453081276435,-86.25905105743753
67.01882454463575,121.34552572725983,-86.13598488990183
67.02556311956765,121.24575738174025,-86.05830332888267
67.03243694624186,121.14599837794636,-85.96182113829211
67.0394787584977,121.04625097677733,-85.90698446803509
67.04661602965687,120.9465104187861,-85.83746401886616
67.05387432102373,120.84677853639002,-85.80497137875243
67.06118916800106,120.74705080701335,-85.76286852526967
67.06857729780451,120.64732845897721,-85.75217747630002
67.07598403490063,120.54760749355889,-85.73800654570354
67.08341543586768,120.44788836079337,-85.74855754300468
67.09082847329572,120.34816786352222,-85.76286852526725
67.09821660309916,120.24844551548614,-85.79411018632814
67.10555035470439,120.14871917432343,-85.83746401887369
67.11280864607123,120.04898729192736,-85.88887791940444
67.11997743684157,119.94924899348756,-85.96182113828685
67.12701924909742,119.84950159231846,-86.03294486440618
67.1339372274798,119.74974563804643,-86.13598488990237
67.1406758024117,119.64997729252684,-86.9725522377328
67.14595617629924,119.55013691631555,-88.20813823291292
67.14908291944735,119.45019015730324,-88.12266877475949
67.15235874657908,119.350248338685,-87.99587795093927
67.15585573426443,119.25031384895824,-87.94076586422067
67.15944884356146,119.15038283812507,-87.8585620167418
67.16318532548841,119.05045701632395,-87.83360694834275
67.16696532902417,118.95053284564314,-87.79615372313827
67.17081065093633,118.85061115300722,-87.8011250086761
67.17464730307651,118.75068912767509,-87.80863496805935
67.17847085807414,118.6507665997496,-87.84330077290319
67.18223395495824,118.55084180454728,-87.89600944271038
67.18590512648528,118.4509135619957,-87.96016589013314
67.18946439854645,118.35098136715843,-88.0583019942311
67.19285250504284,118.25104312675862,-87.22234771582896
67.19769752051621,118.15118130029765,-85.93694662778691
67.2047826366541,118.05143696567583,-85.84989918833527
67.21201926945533,117.95170369115287,-85.71314617399021
67.21949393738846,117.85198779222432,-85.64646904500002
67.22708463488773,117.75228076800055,-85.53916936419553
67.23486205204831,117.6525880253252,-85.4923277957164
67.24272096502693,117.55290172934228,-85.41495047148497
67.25071450046433,117.45322608261235,-85.38733824489805
67.25875606949859,117.35355431939465,-85.34043978893463
67.26687922200661,117.25388915219389,-85.3314038684184
67.27501809208766,117.15422526947381,-85.31560639187555
67.2831844411609,117.05456363240798,-85.32447368780555
67.2913353659759,116.95490073483191,-85.34043978894341
67.2994585184839,116.85523556763114,-85.36654477288145
67.30753625935942,116.75556672890372,-85.41495047147946
67.31552979479683,116.65589108217372,-85.45766239505338
67.32344901924496,116.5562095571042,-85.539169364203
67.33122643640553,116.45651681442887,-85.59791783222519
67.33890162120993,116.3568162523502,-85.71314617401214
67.34637628914302,116.2571003534217,-86.40048966401066
67.35265330636054,116.15731641360247,-87.78367268748721
67.35652039463982,116.05739556098365,-87.71358071224299
67.36050971069606,115.95747966540173,-87.57152824049412
67.36474674047871,115.85757381603113,-87.52644486085985
67.3690623774693,115.75767139472423,-87.43429343342596
67.37353868928292,115.65777598045322,-87.41393474859349
67.3780504956716,115.55788217605175,-87.37192361787373
67.38263554682744,115.45799169369373,-87.37596784256506
67.38721354717475,115.35810088846719,-87.38439708713126
67.39177685175368,115.25820941029643,-87.41251915747645
67.39629112563323,115.15831572971385,-87.47171825302937
67.40070218617814,115.05841741288764,-87.52362469412127
67.40502273944666,114.95851522801749,-87.63391701110662
67.4091509803122,114.85860482421896,-87.70937656649492
67.41314762643985,114.75868925575533,-87.87104429028089
67.41686233876139,114.65876262230756,-87.22299230748973
67.42170635514903,114.55889817702388,-85.82503044801024
67.4289862888364,114.45916787207427,-85.77858624369405
67.43634705658665,114.35944357350257,-85.67585865126225
67.44388661704635,114.25973256012944,-85.64548221990952
67.45147903768135,114.16002558985667,-85.57644328083818
67.45919159783072,114.06032780865888,-85.56155941188848
67.46693005585257,113.96063204220421,-85.52674556445731
67.47472908982674,113.86094098829817,-85.5267455644667
67.48252812380089,113.7612499343921,-85.5267455644686
67.49032715777504,113.66155888048598,-85.54101337348341
67.49810136581847,113.56186589522922,-85.57644328083258
67.50581392596786,113.46216811403137,-85.60438189405363
67.51347786816048,113.36246661420645,-85.67585865127221
67.52101742862015,113.26275560083327,-85.71691558840178
67.5284855313095,113.16303927778797,-85.82503044801598
67.53576546499686,113.06330897283843,-85.8787210041394
67.54295193198992,112.96357200832041,-86.02401406555832
67.54988546717207,112.86381702223115,-86.08994105400231
67.55670420288628,112.76405430741266,-86.27287818737314
67.56320438841291,112.66427014660576,-86.35074685082175
67.56956893818295,112.56447750529303,-86.57170031630325
67.57554862035569,112.46466080047387,-87.13648026954786
67.58054340572,112.36480403816122,-88.77022581512237
67.582689508545,112.26483141489615,-88.74780560104081
67.5848747306622,112.16485966127061,-88.68277167874332
67.58717342540358,112.0648904301927,-88.6795766068658
67.58947769486755,111.96492132790817,-88.67027872228886
67.59179818716751,111.86495260042143,-88.68621531628766
67.59409087321377,111.76498324265656,-88.73274474541077
67.5963023744733,111.66501204469432,-88.76772870383833
67.59845283321054,111.56503956963239,-88.87018039395052
67.6004245269677,111.46506335454315,-88.32422673678788
67.60334836924895,111.36512378918341,-86.72118245314712
67.6090676140292,111.265291823366,-86.65872892276334
67.61489566385528,111.16546632818753,-86.47207138510218
67.62104890346505,111.0656601720541,-86.42290626890878
67.62728777676922,110.96585944483903,-86.27287818738338
67.63378796229584,110.86607528403206,-86.23666492680681
67.64035121006872,110.76629531379349,-86.12354221166177
67.64711145110445,110.66652843401377,-86.09987223064888
67.65391290530592,110.56676438281562,-86.02401406555167
67.6608464404881,110.46700939672611,-86.01242562001566
67.66780015115721,110.36725582174964,-85.97425896594058
67.67482030997729,110.26750689428684,-85.97425896593943
67.68184046879738,110.16775796682407,-85.97425896594642
67.68886062761744,110.06800903936133,-85.9853464681791
67.69586148309297,109.96825876178491,-86.02401406554941
67.70279501827515,109.86850377569546,-86.04570415219938
67.7096907875988,109.76874619762334,-86.12354221166123
67.71645102863454,109.66897931784364,-86.15538897678226
67.72315581129254,109.56920875278273,-86.27287818737526
67.72965599681918,109.46942459197577,-86.31449554413585
67.73608369500408,109.36963583568958,-86.47207138509606
67.74223693461387,109.26982967955608,-86.52315038696979
67.74830118558242,109.17001823126573,-86.72118245315663
67.75402043036266,109.07018626544827,-86.78150379156627
67.7596345559877,108.97034855272206,-87.02027880194434
67.76483258077648,108.87048809158689,-87.08971910533077
67.76990955968101,108.7706216994223,-87.36942895391323
67.77449896007408,108.6707314167925,-87.44795947472825
67.77895142788344,108.57083532091677,-87.76869572258254
67.78284463507634,108.47091548255831,-88.217581624083
67.78595451120859,108.3709808680746,-90.06999786326539
67.78583234722804,108.27098528699328,-90.07243521972754
67.78570592944652,108.1709897115728,-90.08249746572702
67.78556195051127,108.0709941595222,-89.63887938470914
67.78619211528412,107.97101287278075,-87.8061387023949
67.7900200237083,107.87109051153494,-87.7337596192516
67.79397414313566,107.77117339824063,-87.4317985229851
67.79845480483108,107.67127817898265,-87.36978422192887
67.80304357447868,107.57138811531799,-87.1075465915962
67.80808949480395,107.4715198528524,-87.05582390114647
67.8132255582594,107.37165636123147,-86.83332349885076
67.81874939804412,107.27181339275663,-86.79173057990972
67.82434570923478,107.17197457605938,-86.60906654991749
67.83026029329841,107.07215399273521,-86.57735650432537
67.83623011751365,106.9723367668591,-86.43471600990678
67.84244842685887,106.87253464369171,-86.41256696724172
67.84870531445628,106.77273496627386,-86.31022018583108
67.85514046519597,106.67294659022336,-86.29725047743656
67.86159820349076,106.5731596855811,-86.23553935944342
67.86816341552185,106.47337978203926,-86.23132642395757
67.87473596422392,106.37360036282844,-86.21064858432308
67.88134452261642,106.27382332080097,-86.21475027984664
67.88794593805822,106.17404580723073,-86.23553935943369
67.89451115008933,106.07426590368893,-86.24751638032272
67.90105550339229,105.97448464135888,-86.31022018583108
67.90749065413198,105.87469626530839,-86.32965829349854
67.91389194840838,105.7749057428561,-86.4347160099134
67.92011025775358,105.67510361968876,-86.4612467860639
67.92628234943412,105.57529868745219,-86.60906654991892
67.93219693349775,105.47547810412797,-86.6423853677203
67.93805346291741,105.37565419494072,-86.83332349884083
67.94357730270214,105.27581122646593,-86.87320338320954
67.94903163916136,105.1759645795126,-87.10754659159744
67.95407755948663,105.07609631704696,-87.15384660843179
67.95904276612265,104.97622420540141,-87.43179852299325
67.96352342781806,104.87632898614342,-87.48446530135472
67.96791225175524,104.77642994820015,-87.80613870239367
67.97174016017941,104.6765075869544,-87.8651996605384
67.97546505355672,104.57658166142532,-88.23061583357477
67.97855258653816,104.47663368345722,-88.55189391562024
67.98107938157182,104.37667977491243,-90.55746566825202
67.98010647805255,104.27668885223156,-90.23661002247192
67.97969357525659,104.17670385233022,-88.23061583358292
67.98278110823802,104.07675587436212,-88.1725156884682
67.98596998040632,103.97681140269322,-87.80613870238676
67.98979788883051,103.87688904144741,-87.75548268459949
67.99371412875502,103.77697035309399,-87.43179852298401
67.99819479045044,103.67707513383604,-87.38860065732787
68.0027507579401,103.57718350585924,-87.10754659158117
68.00779667826541,103.4773152433936,-87.07173715209197
68.01290500788586,103.37745028395342,-86.83332349884896
68.01842884767058,103.27760731547863,-86.80474428289988
68.0240024838327,103.17776719976322,-86.6090665499194
68.02991706789633,103.077946616439,-86.58747412423538
68.03586926682621,102.97812831931343,-86.43471600990479
68.04208757617141,102.87832619614632,-86.41979150249662
68.04833188038614,102.77852572097846,-86.31022018584733
68.0547670311258,102.67873734492797,-86.30158423185787
68.0612172219179,102.57894994862305,-86.23553935942503
68.06778243394902,102.47917004508126,-86.23277084440471
68.07435246724644,102.37939045981581,-86.21064858433115
68.08096102563894,102.27961341778813,-86.2133058593993
68.0875649564854,102.17983607027254,-86.23553935941692
68.09413016851653,102.08005616673076,-86.24318262597227
68.10068206932218,101.98027539606338,-86.31022018584733
68.10711722006184,101.88048702001288,-86.32243375877985
68.11353109772092,101.78069729531065,-86.43471600989916
68.11974940706615,101.68089517214324,-86.45112916817176
68.12593912403206,101.58109131115604,-86.60906654991892
68.13185370809569,101.48127072783183,-86.6293716700709
68.13773291254385,101.38144811766277,-86.83332349884263
68.14325675232858,101.28160514918793,-86.8572901436477
68.14873882262283,101.18175997005376,-87.10754659159784
68.1537847429481,101.08189170758811,-87.13503019418442
68.15878275174204,100.98202116025475,-87.43179852299178
68.16326341343745,100.88212594099681,-87.46274227134866
68.1676901168775,100.78222847811273,-87.80613870239367
68.17151802530167,100.68230611686698,-87.84056719593174
68.17528588292738,100.58238167788534,-88.23061583357553
68.17837341590882,100.4824336999172,-88.41688153643916
68.18113583950662,100.3824822834692,-90.55746566823566
68.18016293598738,100.28249136078831,-90.37162237004515
68.17951440462727,100.18250386879012,-88.23061583357553
68.18260193760871,100.08255589082198,-88.197148150683
68.18574784552861,99.98260993260557,-87.80613870238676
68.1895757539528,99.88268757135977,-87.7772057107012
68.19345411437445,99.7827673079472,-87.4317985229936
68.19793477606986,99.6828720886892,-87.40741706706952
68.20245794140159,99.5829788964004,-87.10754659158889
68.20750386172688,99.48311063393479,-87.08765038742301
68.2125844575123,99.38324420667541,-86.83332349883993
68.21810829729704,99.28340123820065,-86.8177579772371
68.22365925843069,99.18355982346708,-86.60906654993374
68.22957384249429,99.0837392401429,-86.59759174006057
68.23550841613879,98.98391987176797,-86.43471600990831
68.241726725484,98.88411774860053,-86.42701603626703
68.24795844631602,98.78431647568256,-86.31022018583869
68.2543935970557,98.68452809963208,-86.30591798594365
68.26083624034511,98.58474021166447,-86.23553935943636
68.26740145237622,98.4849603081226,-86.23421526485195
68.27396897026898,98.3851805568024,-86.21064858430947
68.28057752866152,98.28540351477464,-86.21186143894111
68.28718397491267,98.18562633331369,-86.23553935944503
68.29374918694376,98.0858464297718,-86.23884887198003
68.30030863525207,97.98606615076703,-86.31022018582794
68.30674378599176,97.88627777471662,-86.31520922562518
68.31317024703357,97.7864888477645,-86.43471600990476
68.31938855637878,97.68668672459717,-86.44101155470543
68.32559589863003,97.58688393485944,-86.60906654991224
68.33151048269367,97.48706335153518,-86.61635798188799
68.33741236217035,97.38724204038431,-86.83332349884985
68.34293620195507,97.28739907190949,-86.8413769215556
68.34844600608432,97.18755536059457,-87.10754659159703
68.35349192640959,97.08768709812895,-87.11621380897914
68.35852273736144,96.9878181151078,-87.43179852298475
68.36300339905686,96.88792289584983,-87.44101928626634
68.36746798199977,96.78802700802486,-87.80613870239304
68.37129589042394,96.68810464677914,-87.81593479704505
68.37510671229808,96.58818169434497,-88.23061583358316
68.3781942452795,96.48823371637685,-88.24107555472764
68.38126352977953,96.38828525033652,-88.70525931524763
68.38352298809136,96.28831512475935,-88.6658802258796
68.385851129704,96.18834765364956,-86.86821681830871
68.39131416376968,96.0885013396534,-86.86890330907637
68.39677600150299,95.9886549605921,-86.90560509769514
68.40217387984005,95.88880510295934,-86.9065619384321
68.40757009063336,95.78895515608875,-86.96792474343259
68.41285936080547,95.68909948634041,-86.96901225717745
68.4181467355711,95.58924371764132,-87.05518428003485
68.42328392285631,95.48938010832028,-87.05627625316937
68.42841920679244,95.38951640295573,-87.16739515008778
68.4333608065511,95.28964292423566,-87.16838251685954
68.43830068510805,95.18976936241829,-87.30457122136265
68.44300315643645,95.0898843389001,-87.31442404934336
68.44768843695277,94.98999880849242,-89.31755276852681
68.44887945216195,94.89001024593352,-89.31615305715195
68.4500729099726,94.790021718864,-89.01762577721311
68.45178731795282,94.69004076085139,-89.01655472732934
68.4535035948418,94.59005983896265,-88.76772704403368
68.4556540576491,94.49008730938802,-88.76698019473491
68.45780582354732,94.39011481011775,-88.56784135674484
68.46030504306277,94.29015039113953,-88.56738800758585
68.46280505351437,94.19018599297084,-88.4179497040029
68.46556578138176,94.09022845427828,-88.41773239421647
68.46832688835609,93.99027092638707,-88.31803384109779
68.47126192396902,93.89031835400507,-88.31797260101553
68.474197066414,93.79036578480672,-88.26807970866827
68.47721924595852,93.69041580936589,-88.26807970865988
68.48024142550305,93.59046583392507,-88.26807970868502
68.48326360504754,93.4905158584842,-88.2680797086769
68.48628578459204,93.39056588304334,-88.31799507383839
68.48922088783365,93.29061331267671,-88.31803384109779
68.49215592344659,93.19066074029472,-88.4177773432441
68.49491695200527,93.09070321016932,-88.41794970399953
68.49767767987265,92.99074567147697,-88.56745543913597
68.50017757267972,92.89078127021307,-88.56784135674484
68.50267679219517,92.79081685123485,-88.76707011696865
68.5048284011985,92.69084434831592,-88.76772704403281
68.50697886400579,92.59087181874136,-89.0166671486982
68.50869494472718,92.49089089306096,-89.01762577719627
68.51040935270743,92.39090993504841,-89.31628798446035
68.51160257505981,92.29092140455775,-89.31755276854358
68.51279359026896,92.19093284199879,-87.31351865216456
68.51748045048102,92.09104735817009,-87.30457122135527
68.52218292180943,91.99116233465188,-87.16832080563745
68.52712290794288,91.89128877802814,-87.16739515008778
68.53206450770153,91.79141529930807,-87.05622577299965
68.53719987962644,91.69155159838344,-87.05518428005195
68.54233706691163,91.59168798906236,-86.9689730018126
68.54762451009466,91.49183222393508,-86.96792474343174
68.55291378026678,91.39197655418677,-86.90653390275935
68.55831003991953,91.29212660993088,-86.90560509769514
68.5637079182566,91.19227675229811,-86.86888648923681
68.56916978530147,91.09243037483098,-86.86821681830871
68.57463281936715,90.99258406083483,-86.85601622744726
68.58011711462831,90.89273891245193,-86.85575465021064
68.58560186572352,90.79289378905945,-86.86791657924176
68.59106542299678,90.69304750374734,-86.86821681830959
68.59652845706246,90.59320118975116,-86.90458923975967
68.60192810571283,90.49335142840069,-86.90560509769647
68.6073259840499,90.39350157076788,-86.96604407046723
68.61261853178358,90.29364607641676,-86.96792474343987
68.61790780195568,90.19379040666846,-87.05229872742166
68.62305001841412,90.0939270598982,-87.05518428005152
68.6281872056993,89.99406345057714,-87.16337798387411
68.63313580752516,89.8941903251832,-87.1673951500894
68.63807740728382,89.79431684646308,-87.29931274520781
68.64278904531456,89.69443226550113,-87.30457122134678
68.64749151664299,89.59454724198294,-87.46013875357845
68.65192276589472,89.49464983427106,-87.4667281516573
68.65634252693683,89.39475190199931,-87.64589497911345
68.66044988004961,89.29484065913253,-87.65388261054332
68.66454330534167,89.19492882285064,-87.8566216943118
68.66828317016696,89.09500315673894,-87.8660513565386
68.6720065903943,88.99507684738228,-88.09235822849487
68.6753352924136,88.8951366482892,-88.10325016956449
68.67864499696024,88.79519578069417,-88.35314039912701
68.68151878723242,88.69524147569697,-88.36549263735262
68.68437102990747,88.59528650647806,-88.63899761885386
68.68674609924577,88.49531911821364,-88.65278879597385
68.689097107571,88.39535110373063,-88.9499496771958
68.69092960765282,88.29537230922485,-88.96514362430283
68.69273559609549,88.19539296352998,-89.28600319964677
68.69398166820086,88.09540515283535,-89.3025553939465
68.6951988557317,87.9954169054542,-89.64714778842898
68.6958146677941,87.89542323973937,-89.66501387612232
68.69639930014496,87.79542929309841,-90.03335185336142
68.6963410927743,87.69543376174474,-90.05249840887367
68.69624946975898,87.59543814801565,-90.44455814599701
68.69547361186069,87.49544562418546,-90.46497582943462
68.69466212010704,87.39545326127225,-90.88067901489441
68.69312517467087,87.29546955531137,-90.90239827763676
68.69155032609238,87.19548630165463,-91.34159140649153
68.68920912665739,87.09551821159377,-91.36470087923047
68.68682760296407,86.9955509194191,-91.8271316430302
68.68363934117922,86.89560627773423,-91.85179931951664
68.68040804469328,86.7956628443189,-90.09586192334751
68.68024074571039,86.69566989240059,-90.0
68.68024074571039,86.59567423669574,-90.0
68.68024074571039,86.49567858099098,-90.0
68.68024074571039,86.39568292528645,-90.0
68.68024074571039,86.29568726958169,-90.0
68.68024074571039,86.19569161387693,-90.0
68.68024074571039,86.09569595817212,-90.0
68.68024074571039,85.9957003024673,-90.0
68.68024074571039,85.89570464676257,-90.0
68.68024074571039,85.79570899105784,-90.0
68.68024074571039,85.6957133353531,-90.0
68.68024074571039,85.59571767964837,-90.0
68.68024074571039,85.49572202394361,-90.0
68.68024074571039,85.39572636823885,-90.0
68.68024074571039,85.2957307125341,-90.0
68.68024074571039,85.19573505682934,-90.0
68.68024074571039,85.09573940112449,-90.0
68.68024074571039,84.99574374541965,-90.0
68.68024074571039,84.89574808971489,-90.0
68.68024074571039,84.79575243401013,-90.0
68.68024074571039,84.69575677830537,-90.0
68.68024074571039,84.5957611226006,-90.0
68.68024074571039,84.49576546689579,-90.0
68.68024074571039,84.39576981119097,-90.0
68.68024074571039,84.29577415548624,-90.0
68.68024074571039,84.19577849978151,-90.0
68.68024074571039,84.0957828440767,-90.0
68.68024074571039,83.99578718837188,-90.0
68.68024074571039,83.89579153266712,-90.0
68.68024074571039,83.79579587696236,-90.0
68.68024074571039,83.6958002212576,-90.0
68.68024074571039,83.59580456555284,-90.0
68.68024074571039,83.49580890984808,-90.0
68.68024074571039,83.39581325414332,-90.0
68.68024074571039,83.29581759843856,-90.0
68.68024074571039,83.1958219427338,-90.0
68.68024074571039,83.09582628702924,-90.0
68.68024074571039,82.99583063132445,-90.0
68.68024074571039,82.89583497561969,-90.0
68.68024074571039,82.79583931991493,-90.0
68.68024074571039,82.69584366421017,-90.0
68.68024074571039,82.59584800850541,-90.0
68.68024074571039,82.49585235280068,-90.0
68.68024074571039,82.39585669709595,-90.0
68.68024074571039,82.2958610413911,-90.0
68.68024074571039,82.19586538568626,-90.0
68.68024074571039,82.09586972998144,-90.0
68.68024074571039,81.99587407427663,-90.0
68.68024074571039,81.89587841857181,-90.0
68.68024074571039,81.795882762867,-90.0
68.68024074571039,81.6958871071622,-90.0
68.68024074571039,81.59589145145742,-90.0
68.68024074571039,81.49589579575263,-90.0
68.68024074571039,81.39590014004784,-90.0
68.68024074571039,81.29590448434305,-90.0
68.68024074571039,81.19590882863827,-90.0
68.68024074571039,81.0959131729335,-90.0
68.68024074571039,80.99591751722875,-90.0
68.68024074571039,80.89592186152393,-90.0
68.68024074571039,80.79592620581911,-90.0
68.68024074571039,80.6959305501143,-90.0
68.68024074571039,80.59593489440948,-90.0
68.68024074571039,80.49593923870466,-90.0
68.68024074571039,80.39594358299985,-90.0
68.68024074571039,80.29594792729512,-90.0
68.68024074571039,80.19595227159039,-90.0
68.68024074571039,80.09595661588563,-90.0
68.68024074571039,79.99596096018087,-90.0
68.68024074571039,79.8959653044761,-90.0
68.68024074571039,79.79596964877135,-90.0
68.68024074571039,79.69597399306681,-90.0
68.68024074571039,79.59597833736206,-90.0
68.68024074571039,79.49598268165724,-90.0
68.68024074571039,79.39598702595242,-90.0
68.68024074571039,79.29599137024766,-90.0
68.68024074571039,79.1959957145429,-90.0
68.68024074571039,79.09600005883814,-90.0
68.68024074571039,78.99600440313338,-90.0
68.68024074571039,78.8960087474286,-90.0
68.68024074571039,78.79601309172381,-90.0
68.68024074571039,78.69601743601902,-90.0
68.68024074571039,78.59602178031423,-90.0
68.68024074571039,78.49602612460944,-90.0
68.68024074571039,78.39603046890466,-90.0
68.68024074571039,78.2960348131999,-90.0
68.68024074571039,78.19603915749514,-90.0
68.68024074571039,78.09604350179032,-90.0
68.68024074571039,77.9960478460855,-90.0
68.68024074571039,77.89605219038069,-90.0
68.68024074571039,77.79605653467587,-90.0
68.68024074571039,77.69606087897105,-90.0
68.68024074571039,77.59606522326624,-90.0
68.68024074571039,77.49606956756139,-90.0
68.68024074571039,77.39607391185655,-90.0
68.68024074571039,77.29607825615176,-90.0
68.68024074571039,77.19608260044697,-90.0
68.68024074571039,77.09608694474224,-90.0
68.68024074571039,76.99609128903751,-90.0
68.68024074571039,76.89609563333275,-90.0
68.68024074571039,76.79609997762799,-90.0
68.68024074571039,76.69610432192317,-90.0
68.68024074571039,76.59610866621836,-90.0
68.68024074571039,76.4961130105136,-90.0
68.68024074571039,76.39611735480906,-90.0
68.68024074571039,76.2961216991043,-90.0
68.68024074571039,76.19612604339954,-90.0
68.68024074571039,76.09613038769473,-90.0
68.68024074571039,75.99613473198991,-90.0
68.68024074571039,75.89613907628518,-90.0
68.68024074571039,75.79614342058045,-90.0
68.68024074571039,75.69614776487563,-90.0
68.68024074571039,75.59615210917082,-90.0
68.68024074571039,75.496156453466,-90.0
68.68024074571039,75.39616079776118,-90.0
68.68024074571039,75.29616514205637,-90.0
68.68024074571039,75.19616948635155,-90.0
68.68024074571039,75.09617383064679,-90.0
68.68024074571039,74.99617817494203,-90.0
68.68024074571039,74.89618251923727,-90.0
68.68024074571039,74.79618686353251,-90.0
68.68024074571039,74.69619120782772,-90.0
68.68024074571039,74.59619555212294,-90.0
68.68024074571039,74.49619989641812,-90.0
68.68024074571039,74.3962042407133,-90.0
68.68024074571039,74.29620858500849,-90.0
68.68024074571039,74.19621292930367,-90.0
68.68024074571039,74.09621727359891,-90.0
68.68024074571039,73.99622161789415,-91.74564089024129
68.67719471725157,73.89627519028724,-91.85179931949118
68.67396342076567,73.79633175687185,-91.39318001256888
68.67153221299816,73.69636585965873,-91.36470087923861
68.66915068930483,73.59639856748406,-90.92973021713884
68.66752814860037,73.49641625749967,-90.90239827762849
68.6659533000219,73.39643300384292,-90.49098337395141
68.66509642148824,73.29644118253732,-90.4649758294268
68.6642849297346,73.19644881962418,-90.0770858418252
68.66415039564079,73.0964533996751,-90.0524984088818
68.66405877262545,72.99645778594599,-89.68814551695523
68.6646030343456,72.8964637397843,-89.66501387610617
68.6651876666965,72.79646979314329,-89.32423695752288
68.66636701579414,72.69648120484163,-89.30255539395426
68.66758420332496,72.59649295746054,-88.98540627542265
68.66935483222905,72.49651307718852,-88.96514362429468
68.67116082067173,72.39653373149366,-88.67167576647134
68.67347887347452,72.29656503185032,-88.65278879596589
68.67582988179977,72.1965970173673,-88.38304825599882
68.67865149576913,72.09664125099721,-88.36549263734447
68.68150373844419,71.9966862817783,-88.11951114345082
68.68478507688769,71.89674453977568,-88.10325016956503
68.68809478143433,71.79680367218063,-87.88104013432736
68.69179205858438,71.69687644287539,-87.86605135653046
68.69551547881174,71.59695013351873,-87.6676026523453
68.69958497742044,71.49703736132352,-87.65388261054233
68.7036784027125,71.39712552504167,-87.47916092740506
68.70807648505635,71.2972266691174,-87.46672815166544
68.71249624609844,71.19732873684566,-87.31567475883834
68.71717935909524,71.09744282941223,-87.3045712213549
68.72188183042365,70.99755780589403,-87.17710395385667
68.72680650556308,70.89768351007615,-87.16739515008899
68.73174810532173,70.79781003135604,-87.0634104440938
68.73687095410396,70.69794569851024,-87.05518428004423
68.74200814138916,70.59808208918915,-86.97456008259812
68.74728584695893,70.49822581570429,-86.9679247434467
68.75257511713102,70.39837014595602,-86.9105241250119
68.75796442278437,70.29851982956006,-86.90560509769514
68.76336230112143,70.1986699719273,-86.87128039821418
68.7688199963538,70.098823367567,-86.86821681831861
68.77428303041947,69.99897705357078,-86.8568141592532
68.77976593517549,69.89913182895556,-86.85575465021796
68.78525068627067,69.79928670556336,-86.86711864742757
68.79071563404908,69.69944049648358,-86.86821681831138
68.79617866811476,69.59959418248734,-86.90219533078158
68.80158248857762,69.49974464803006,-86.90560509769514
68.80698036691469,69.3998947903973,-86.96205384815175
68.81227986864778,69.3000396681862,-86.96792474344844
68.81756913881986,69.20018399843788,-87.0467116464016
68.82272109289156,69.10032116002519,-87.05518428004423
68.82785828017676,69.0004575507041,-87.15619331212042
68.8328194051453,68.90058505723134,-87.16739515008778
68.83776100490395,68.80071157851127,-87.29052959557028
68.84248795392874,68.70082773674324,-87.30457122133825
68.84719042525718,68.60094271322505,-87.44975612442876
68.85163977597641,68.50104613203912,-87.46672815166473
68.8560595370185,68.4011481997674,-87.63391180418203
68.86018778486437,68.30123784715117,-87.653882610543
68.86428121015642,68.2013260108693,-87.84303690180006
68.86804476578807,68.10140127144437,-87.86605135653922
68.87176818601542,68.00147496208768,-88.07717080938501
68.87512337755885,67.90153569513429,-88.10325016955636
68.8784330821055,67.80159482753926,-88.33634948500213
68.88133616289731,67.70164142544544,-88.36549263735354
68.88418840557236,67.60168645622647,-88.62060256881423
68.88659556810899,67.50171990322848,-88.6527887959748
68.88894657643422,67.4017518887454,-88.92995017435969
68.89081397322894,67.30177381975817,-88.96514362429453
68.89261996167163,67.20179447406332,-89.26439935684967
68.89390373371604,67.1018072333288,-89.30255539396289
68.89512092124686,67.00181898594764,-89.62394026286573
68.89577723476104,66.90182568514687,-89.66501387609799
68.89636186711195,66.80183173850588,-90.00854197049371
68.89634695924299,66.70183631389315,-90.05249840888187
68.89625533622765,66.60184070016415,-90.41814803174084
68.89552557032245,66.50184796818986,-90.4649758294345
68.8947140785688,66.40185560527662,-90.85267173624929
68.89322600959528,66.30187131606529,-90.90239827762888
68.89165116101681,66.20188806240857,-91.3119911197561
68.88936161164223,66.10191895036073,-91.3647008792394
68.8869800879489,66.00195165818612,-91.7959437489158
68.8838462356968,65.90200548886475,-91.85179931950037
68.88061493921089,65.80206205544941,-90.21441836401898
68.88024074571041,65.70207244723716,-90.0
68.88024074571041,65.6020767915324,-90.0
68.88024074571041,65.50208113582764,-90.0
68.88024074571041,65.40208548012288,-90.0
68.88024074571041,65.30208982441815,-90.0
68.88024074571041,65.20209416871342,-90.0
68.88024074571041,65.1020985130086,-90.0
68.88024074571041,65.00210285730378,-90.0
68.88024074571041,64.90210720159897,-90.0
68.88024074571041,64.80211154589415,-90.0
68.88024074571041,64.70211589018939,-90.0
68.88024074571041,64.60212023448463,-90.0
68.88024074571041,64.50212457877987,-90.0
68.88024074571041,64.40212892307511,-90.0
68.88024074571041,64.30213326737027,-90.0
68.88024074571041,64.20213761166542,-90.0
68.88024074571041,64.10214195596063,-90.0
68.88024074571041,64.00214630025584,-90.0
68.88024074571041,63.90215064455106,-90.0
68.88024074571041,63.80215498884627,-90.0
68.88024074571041,63.70215933314151,-90.0
68.88024074571041,63.60216367743675,-90.0
68.88024074571041,63.50216802173193,-90.0
68.88024074571041,63.402172366027116,-90.0
68.88024074571041,63.3021767103223,-90.0
68.88024074571041,63.20218105461771,-90.0
68.88024074571041,63.10218539891295,-90.0
68.88024074571041,63.00218974320819,-90.0
68.88024074571041,62.902194087503375,-90.0
68.88024074571041,62.80219843179856,-90.0
68.88024074571041,62.70220277609372,-90.0
68.88024074571041,62.602207120388876,-90.0
68.88024074571041,62.50221146468405,-90.0
68.88024074571041,62.402215808979236,-90.0
68.88024074571041,62.30222015327442,-90.0
68.88024074571041,62.2022244975696,-90.0
68.88024074571041,62.102228841864786,-90.0
68.88024074571041,62.00223318615997,-90.0
68.88024074571041,61.90223753045521,-90.0
68.88024074571041,61.80224187475045,-90.0
68.88024074571041,61.70224621904569,-90.0
68.88024074571041,61.60225056334093,-90.0
68.88024074571041,61.50225490763614,-90.0
68.88024074571041,61.402259251931355,-90.0
68.88024074571041,61.302263596226595,-90.0
68.88024074571041,61.202267940521835,-90.0
68.88024074571041,61.102272284817076,-90.0
68.88024074571041,61.002276629112316,-90.0
68.88024074571041,60.90228097340756,-90.0
68.88024074571041,60.8022853177028,-90.0
68.88024074571041,60.70228966199804,-90.0
68.88024074571041,60.60229400629328,-90.0
68.88024074571041,60.50229835058852,-90.0
68.88024074571041,60.40230269488376,-90.0
68.88024074571041,60.30230703917894,-90.0
68.88024074571041,60.202311383474125,-90.0
68.88024074571041,60.10231572776934,-90.0
68.88024074571041,60.00232007206455,-90.0
68.88024074571041,59.90232441635976,-90.0
68.88024074571041,59.8023287606552,-90.0
68.88024074571041,59.70233310495041,-90.0
68.88024074571041,59.602337449245624,-90.0
68.88024074571041,59.50234179354081,-90.0
68.88024074571041,59.40234613783599,-90.0
68.88024074571041,59.302350482131175,-90.0
68.88024074571041,59.20235482642636,-90.0
68.88024074571041,59.1023591707216,-90.0
68.88024074571041,59.00236351501684,-90.0
68.88024074571041,58.90236785931202,-90.0
68.88024074571041,58.802372203607206,-90.0
68.88024074571041,58.70237654790247,-90.0
68.88024074571041,58.602380892197736,-90.0
68.88024074571041,58.502385236492984,-90.0
68.88024074571041,58.402389580788224,-90.0
68.88024074571041,58.302393925083464,-90.0
68.88024074571041,58.202398269378705,-90.0
68.88024074571041,58.102402613673945,-90.0
68.88024074571041,58.002406957969185,-90.0
68.88024074571041,57.902411302264426,-90.0
68.88024074571041,57.802415646559666,-90.0
68.88024074571041,57.70241999085488,-90.0
68.88024074571041,57.60242433515009,-90.0
68.88024074571041,57.5024286794453,-90.0
68.88024074571041,57.402433023740514,-90.0
68.88024074571041,57.302437368035726,-90.0
68.88024074571041,57.20244171233094,-90.0
68.88024074571041,57.10244605662618,-90.0
68.88024074571041,57.00245040092142,-90.0
68.88024074571041,56.9024547452166,-90.0
68.88024074571041,56.802459089511785,-90.0
68.88024074571041,56.70246343380697,-90.0
68.88024074571041,56.60246777810215,-90.0
68.88024074571041,56.50247212239762,-90.0
68.88024074571041,56.40247646669286,-90.0
68.88024074571041,56.302480810988044,-90.0
68.88024074571041,56.20248515528323,-90.0
68.88024074571041,56.10248949957841,-90.0
68.88024074571041,56.002493843873594,-90.0
68.88024074571041,55.90249818816876,-90.0
68.88024074571041,55.80250253246391,-90.0
68.88024074571041,55.70250687675912,-90.0
68.88024074571041,55.60251122105433,-90.0
68.88024074571041,55.50251556534959,-90.0
68.88024074571041,55.40251990964486,-90.0
68.88024074571041,55.302524253940106,-90.0
68.88024074571041,55.20252859823535,-90.0
68.88024074571041,55.10253294253059,-90.0
68.88024074571041,55.00253728682583,-90.0
68.88024074571041,54.90254163112104,-90.0
68.88024074571041,54.80254597541625,-90.0
68.88024074571041,54.70255031971141,-90.0
68.88024074571041,54.60255466400657,-90.0
68.88024074571041,54.5025590083018,-90.0
68.88024074571041,54.40256335259704,-90.0
68.88024074571041,54.302567696892304,-90.0
68.88024074571041,54.20257204118757,-90.0
68.88024074571041,54.10257638548282,-90.0
68.88024074571041,54.00258072977806,-90.0
68.88024074571041,53.9025850740733,-90.0
68.88024074571041,53.80258941836854,-90.0
68.88024074571041,53.70259376266378,-90.0
68.88024074571041,53.60259810695902,-90.0
68.88024074571041,53.50260245125423,-90.0
68.88024074571041,53.402606795549445,-90.0
68.88024074571041,53.30261113984466,-90.0
68.88024074571041,53.2026154841401,-90.0
68.88024074571041,53.10261982843531,-90.0
68.88024074571041,53.00262417273052,-90.0
68.88024074571041,52.90262851702576,-90.0
68.88024074571041,52.802632861321,-90.0
68.88024074571041,52.70263720561624,-90.0
68.88024074571041,52.60264154991148,-90.0
68.88024074571041,52.50264589420672,-90.0
68.88024074571041,52.40265023850196,-90.0
68.88024074571041,52.3026545827972,-90.0
68.88024074571041,52.20265892709244,-90.0
68.88024074571041,52.10266327138763,-90.0
68.88024074571041,52.00266761568281,-90.0
68.88024074571041,51.90267195997802,-90.0
68.88024074571041,51.802676304273234,-90.0
68.88024074571041,51.702680648568446,-90.0
68.88024074571041,51.60268499286366,-90.0
68.88024074571041,51.5026893371589,-90.0
68.88024074571041,51.40269368145414,-90.0
68.88024074571041,51.3026980257493,-90.0
68.88024074571041,51.202702370044456,-90.0
68.88024074571041,51.10270671433969,-90.0
68.88024074571041,51.00271105863493,-90.0
68.88024074571041,50.90271540293017,-90.0
68.88024074571041,50.80271974722541,-90.0
68.88024074571041,50.70272409152062,-90.0
68.88024074571041,50.602728435815834,-90.0
68.88024074571041,50.502732780111074,-90.0
68.88024074571041,50.402737124406315,-90.0
68.88024074571041,50.3027414687015,-90.0
68.88024074571041,50.20274581299668,-90.0
68.88024074571041,50.10275015729192,-90.0
68.88024074571041,50.00275450158716,-90.0
68.88024074571041,49.90275884588263,-90.0
68.88024074571041,49.80276319017787,-90.0
68.88024074571041,49.70276753447311,-90.0
68.88024074571041,49.60277187876835,-90.0
68.88024074571041,49.50277622306359,-90.0
68.88024074571041,49.40278056735883,-90.0
68.88024074571041,49.302784911654044,-90.0
68.88024074571041,49.202789255949256,-90.0
68.88024074571041,49.102793600244496,-90.0
68.88024074571041,49.002797944539736,-90.0
68.88024074571041,48.90280228883498,-90.0
68.88024074571041,48.80280663313022,-90.0
68.88024074571041,48.7028109774254,-90.0
68.88024074571041,48.602815321720584,-90.0
68.88024074571041,48.502819666015824,-90.0
68.88024074571041,48.402824010311065,-90.0
68.88024074571041,48.302828354606305,-90.0
68.88024074571041,48.202832698901545,-90.0
68.88024074571041,48.102837043196786,-90.0
68.88024074571041,48.002841387492026,-90.0
68.88024074571041,47.90284573178724,-90.0
68.88024074571041,47.80285007608245,-90.0
68.88024074571041,47.70285442037766,-90.0
68.88024074571041,47.602858764672874,-90.0
68.88024074571041,47.502863108968036,-90.0
68.88024074571041,47.40286745326319,-90.0
68.88024074571041,47.30287179755837,-90.0
68.88024074571041,47.20287614185355,-90.0
68.88024074571041,47.10288048614879,-90.0
68.88024074571041,47.00288483044403,-90.0
68.88024074571041,46.902889174739194,-90.0
68.88024074571041,46.80289351903435,-90.0
68.88024074571041,46.702897863329554,-90.0
68.88024074571041,46.60290220762499,-90.0
68.88024074571041,46.502906551920205,-90.0
68.88024074571041,46.40291089621542,-90.0
68.88024074571041,46.30291524051066,-90.0
68.88024074571041,46.2029195848059,-90.0
68.88024074571041,46.10292392910114,-90.0
68.88024074571041,46.00292827339638,-90.0
68.88024074571041,45.90293261769162,-90.0
68.88024074571041,45.80293696198686,-90.0
68.88024074571041,45.70294130628204,-90.0
68.88024074571041,45.602945650577226,-90.0
68.88024074571041,45.502949994872466,-90.0
68.88024074571041,45.40295433916771,-90.0
68.88024074571041,45.30295868346295,-90.0
68.88024074571041,45.20296302775819,-90.0
68.88024074571041,45.1029673720534,-90.0
68.88024074571041,45.00297171634861,-90.0
68.88024074571041,44.90297606064385,-90.0
68.88024074571041,44.80298040493909,-90.0
68.88024074571041,44.70298474923433,-90.0
68.88024074571041,44.60298909352957,-90.0
68.88024074571041,44.502993437824756,-90.0
68.88024074571041,44.40299778211994,-90.0
68.88024074571041,44.30300212641512,-90.0
68.88024074571041,44.20300647071031,-90.0
68.88024074571041,44.10301081500552,-90.0
68.88024074571041,44.00301515930073,-90.0
68.88024074571041,43.903019503595964,-90.0
68.88024074571041,43.80302384789121,-90.0
68.88024074571041,43.703028192186444,-90.0
68.88024074571041,43.60303253648169,-90.0
68.88024074571041,43.50303688077688,-90.0
68.88024074571041,43.403041225072066,-90.0
68.88024074571041,43.30304556936752,-90.0
68.88024074571041,43.20304991366276,-90.0
68.88024074571041,43.103054257958,-90.0
68.88024074571041,43.00305860225324,-90.0
68.88024074571041,42.90306294654844,-90.0
68.88024074571041,42.80306729084362,-90.0
68.88024074571041,42.70307163513885,-90.0
68.88024074571041,42.60307597943409,-90.0
68.88024074571041,42.50308032372933,-90.0
68.88024074571041,42.40308466802457,-90.0
68.88024074571041,42.30308901231984,-90.0
68.88024074571041,42.203093356615106,-90.0
68.88024074571041,42.103097700910304,-90.0
68.88024074571041,42.00310204520549,-90.0
68.88024074571041,41.903106389500714,-90.0
68.88024074571041,41.803110733795954,-90.0
68.88024074571041,41.70311507809115,-90.0
68.88024074571041,41.603119422386335,-90.0
68.88024074571041,41.50312376668156,-90.0
68.88024074571041,41.4031281109768,-90.0
68.88024074571041,41.30313245527204,-90.0
68.88024074571041,41.20313679956728,-90.0
68.88024074571041,41.10314114386252,-90.0
68.88024074571041,41.00314548815776,-90.0
68.88024074571041,40.90314983245298,-90.0
68.88024074571041,40.803154176748194,-90.0
68.88024074571041,40.703158521043385,-90.0
68.88024074571041,40.60316286533857,-90.0
68.88024074571041,40.50316720963375,-90.0
68.88024074571041,40.403171553928935,-90.0
68.88024074571041,40.30317589822416,-90.0
68.88024074571041,40.2031802425194,-90.0
68.88024074571041,40.10318458681464,-90.0
68.88024074571041,40.00318893110988,-90.0
68.88024074571041,39.90319327540533,-90.0
68.88024074571041,39.80319761970054,-90.0
68.88024074571041,39.70320196399575,-90.0
68.88024074571041,39.603206308290964,-90.0
68.88024074571041,39.503210652586176,-90.0
68.88024074571041,39.40321499688139,-90.0
68.88024074571041,39.30321934117658,-90.0
68.88024074571041,39.20322368547176,-90.0
68.88024074571041,39.103228029766946,-90.0
68.88024074571041,39.00323237406213,-90.0
68.88024074571041,38.903236718357356,-90.0
68.88024074571041,38.803241062652596,-90.0
68.88024074571041,38.703245406947836,-90.0
68.88024074571041,38.60324975124308,-90.0
68.88024074571041,38.503254095538274,-90.0
68.88024074571041,38.40325843983346,-90.0
68.88024074571041,38.303262784128684,-90.0
68.88024074571041,38.203267128423924,-90.0
68.88024074571041,38.10327147271914,-90.0
68.88024074571041,38.003275817014355,-90.0
68.88024074571041,37.903280161309546,-90.0
68.88024074571041,37.80328450560473,-90.0
68.88024074571041,37.70328884989991,-90.0
68.88024074571041,37.603293194195096,-90.0
68.88024074571041,37.50329753849032,-90.0
68.88024074571041,37.40330188278556,-90.0
68.88024074571041,37.3033062270808,-90.0
68.88024074571041,37.20331057137604,-90.0
68.88024074571041,37.10331491567126,-90.0
68.88024074571041,37.003319259966474,-90.0
68.88024074571041,36.903323604261686,-90.0
68.88024074571041,36.8033279485569,-90.0
68.88024074571041,36.70333229285206,-90.0
68.88024074571041,36.60333663714744,-90.0
68.88024074571041,36.503340981442626,-90.0
68.88024074571041,36.40334532573781,-90.0
68.88024074571041,36.303349670033036,-90.0
68.88024074571041,36.203354014328276,-90.0
68.88024074571041,36.10335835862352,-90.0
68.88024074571041,36.00336270291876,-90.0
68.88024074571041,35.903367047214026,-90.0
68.88024074571041,35.803371391509295,-90.0
68.88024074571041,35.70337573580449,-90.0
68.88024074571041,35.603380080099676,-90.0
68.88024074571041,35.5033844243949,-90.0
68.88024074571041,35.40338876869014,-91.61292532770734
68.87742631920493,35.30343859807045,-91.85179931950864
68.87419502271901,35.20349516465512,-91.42809240290693
68.87170290780803,35.1035309775096,-91.3647008792394
68.8693213841147,35.00356368533499,-90.96286540616462
68.86764102527653,34.903582519383846,-90.9023982776372
68.86606617669804,34.80359926572715,-90.52233531466511
68.86515458485272,34.703608097324064,-90.46497582942676
68.86434309309908,34.603615734410916,-90.10664988116469
68.86415696268577,34.50362054746262,-90.05249840888182
68.86406533967043,34.40362493373352,-89.7159182217833
68.864561131043,34.30363076808391,-89.66501387612249
68.86514576339387,34.2036368214429,-89.35021594832794
68.86627977433828,34.10364782464897,-89.30255539394591
68.86749696186912,34.003659577267904,-89.0095900689544
68.86922538869057,33.90367905897092,-88.96514362430246
68.87103137713324,33.803699713276096,-88.694063627361
68.87331036584212,33.703730201472375,-88.65278879596647
68.87566137416736,33.60376218698931,-88.40364005831073
68.8784470623543,33.503805485604836,-88.36549263736076
68.88129930502933,33.40385051638592,-88.13830724209453
68.88454785506622,33.30390776365506,-88.10325016956355
68.88785755961285,33.20396689606009,-87.89804124685121
68.89152518384796,33.10403862329863,-87.8660513565386
68.8952486040753,33.00411231394197,-87.68280975096333
68.89929158271096,32.90419850439458,-87.65388261054315
68.90338500800301,32.804286668112695,-87.49257514167502
68.90775970035543,32.70438681562376,-87.46672815165714
68.91217946139753,32.60448888335202,-87.32729728862418
68.9168423112415,32.504602050688504,-87.30457122134811
68.92154478256992,32.40471702717026,-87.18693599283216
68.92645231826955,32.30484190388329,-87.16739515008126
68.93139391802822,32.204968425163166,-87.07145311361252
68.93650274814846,32.105103384931994,-87.05518428004193
68.94163993543366,32.00523977561098,-86.98081437589208
68.94690674052003,31.905382933060285,-86.96792474342979
68.95219601069215,31.80552726331204,-86.91499086170954
68.95757753189635,31.705676530334845,-86.9056050977059
68.9629754102334,31.605826672701998,-86.87396018891693
68.96842843545357,31.505979814352855,-86.86821681831861
68.97389146951924,31.406133500356646,-86.8577073804306
68.9793728177154,31.306288190405304,-86.85575465021041
68.98485756881061,31.206443067012827,-86.86622542624953
68.99032407314888,31.106596943269178,-86.86821681830881
68.99578710721457,31.00675062927302,-86.89951554007132
69.00119559768962,30.906901348804563,-86.90560509769514
69.00659347602668,30.8070514911718,-86.95758711139246
69.01190076220892,30.707196785541967,-86.96792474342969
69.01719003238104,30.607341115793727,-87.04045735287538
69.02235288693612,30.507478846446926,-87.05518428004444
69.02749007422132,30.407615237125828,-87.14815064199881
69.03246521785184,30.30774345103849,-87.16739515008868
69.03740681761049,30.207869972318388,-87.2806975552535
69.04215090607507,30.107986958019325,-87.30457122135097
69.04685337740348,30.008101934501273,-87.43813359209977
69.05132299127554,29.908206278545382,-87.46672815167196
69.05574275231761,29.8083083462737,-87.62049758555804
69.05989439015492,29.708398990222165,-87.65388261053444
69.06398781544699,29.608487153940306,-87.82782979627488
69.0677778910517,29.508563451867584,-87.86605135653053
69.07150131127906,29.40863714251092,-88.06016968659598
69.0748861557374,29.308698919013796,-88.10325016956348
69.07819586028404,29.208758051418826,-88.3175533717357
69.08113172948248,29.108805660053655,-88.36549263735209
69.08398397215753,29.008850690834773,-88.60001074659121
69.08642706047658,28.908885072851156,-88.65278879597471
69.08877806880182,28.80891705836808,-88.90756228723065
69.09068452969046,28.708939801541174,-88.96514362428647
69.09249051813316,28.60896045584632,-89.24021552972897
69.09381649226022,28.50897385313684,-89.30255539395431
69.09503367979104,28.408985605755742,-89.59796123004597
69.09573533145847,28.308992713447278,-89.66501387609797
69.09631996380938,28.208998766806292,-89.98076921410319
69.09635352628801,28.109003461681397,-90.05249840888996
69.09626190327266,28.009007847952297,-90.38858392998542
69.095583733687,27.909014882976802,-90.4649758294428
69.09477224193333,27.8090225200636,-90.82131972069769
69.0933388862715,27.709037577949754,-90.90239827762879
69.09176403769303,27.609054324293027,-91.27885584130031
69.08953230645216,27.50908406821195,-91.36470087924675
69.08715078275881,27.409116776037283,-91.7610312514708
69.08407783765018,27.30916889664835,-91.85179931950037
69.08084654116428,27.209225463233018,-90.34714004799066
69.08024074571043,27.109239598033604,-90.0
69.08024074571043,27.009243942328844,-90.0
69.08024074571043,26.90924828662404,-90.0
69.08024074571043,26.809252630919225,-90.0
69.08024074571043,26.709256975214636,-90.0
69.08024074571043,26.60926131950982,-90.0
69.08024074571043,26.50926566380507,-90.0
69.08024074571043,26.40927000810034,-90.0
69.08024074571043,26.30927435239554,-90.0
69.08024074571043,26.209278696690724,-90.0
69.08024074571043,26.10928304098595,-90.0
69.08024074571043,26.00928738528119,-90.0
69.08024074571043,25.90929172957643,-90.0
69.08024074571043,25.80929607387167,-90.0
69.08024074571043,25.70930041816691,-90.0
69.08024074571043,25.609304762462152,-90.0
69.08024074571043,25.509309106757392,-90.0
69.08024074571043,25.409313451052633,-90.0
69.08024074571043,25.30931779534783,-90.0
69.08024074571043,25.209322139643014,-90.0
69.08024074571043,25.10932648393824,-90.0
69.08024074571043,25.00933082823348,-90.0
69.08024074571043,24.9093351725287,-90.0
69.08024074571043,24.80933951682391,-90.0
69.08024074571043,24.709343861119144,-90.0
69.08024074571043,24.609348205414385,-90.0
69.08024074571043,24.509352549709625,-90.0
69.08024074571043,24.409356894004866,-90.0
69.08024074571043,24.309361238300063,-90.0
69.08024074571043,24.209365582595247,-90.0
69.08024074571043,24.10936992689043,-90.0
69.08024074571043,24.009374271185614,-90.0
69.08024074571043,23.909378615480797,-90.0
69.08024074571043,23.80938295977598,-90.0
69.08024074571043,23.709387304071207,-90.0
69.08024074571043,23.609391648366447,-90.0
69.08024074571043,23.509395992661666,-90.0
69.08024074571043,23.409400336957106,-90.0
69.08024074571043,23.30940468125234,-90.0
69.08024074571043,23.20940902554758,-90.0
69.08024074571043,23.109413369842777,-90.0
69.08024074571043,23.00941771413796,-90.0
69.08024074571043,22.909422058433144,-90.0
69.08024074571043,22.809426402728327,-90.0
69.08024074571043,22.709430747023553,-90.0
69.08024074571043,22.609435091318794,-90.0
69.08024074571043,22.509439435614013,-90.0
69.08024074571043,22.409443779909225,-90.0
69.08024074571043,22.309448124204437,-90.0
69.08024074571043,22.20945246849965,-90.0
69.08024074571043,22.10945681279486,-90.0
69.08024074571043,22.009461157090072,-90.0
69.08024074571043,21.909465501385306,-90.0
69.08024074571043,21.809469845680546,-90.0
69.08024074571043,21.709474189975786,-90.0
69.08024074571043,21.609478534271027,-90.0
69.08024074571043,21.509482878566267,-90.0
69.08024074571043,21.409487222861507,-90.0
69.08024074571043,21.309491567156748,-90.0
69.08024074571043,21.209495911451988,-90.0
69.08024074571043,21.109500255747207,-90.0
69.08024074571043,21.00950460004242,-90.0
69.08024074571043,20.909508944337652,-90.0
69.08024074571043,20.809513288632893,-90.0
69.08024074571043,20.70951763292809,-90.0
69.08024074571043,20.609521977223274,-90.0
69.08024074571043,20.5095263215185,-90.0
69.08024074571043,20.40953066581374,-90.0
69.08024074571043,20.30953501010898,-90.0
69.08024074571043,20.20953935440422,-90.0
69.08024074571043,20.10954369869946,-90.0
69.08024074571043,20.00954804299493,-90.0
69.08024074571043,19.90955238729017,-90.0
69.08024074571043,19.80955673158541,-90.0
69.08024074571043,19.70956107588063,-90.0
69.08024074571043,19.60956542017584,-90.0
69.08024074571043,19.509569764471074,-90.0
69.08024074571043,19.409574108766314,-90.0
69.08024074571043,19.309578453061512,-90.0
69.08024074571043,19.209582797356695,-90.0
69.08024074571043,19.10958714165192,-90.0
69.08024074571043,19.009591485947162,-90.0
69.08024074571043,18.909595830242402,-90.0
69.08024074571043,18.809600174537643,-90.0
69.08024074571043,18.709604518832883,-90.0
69.08024074571043,18.609608863128123,-90.0
69.08024074571043,18.509613207423364,-90.0
69.08024074571043,18.409617551718604,-90.0
69.08024074571043,18.309621896013823,-90.0
69.08024074571043,18.209626240309035,-90.0
69.08024074571043,18.109630584604268,-90.0
69.08024074571043,18.00963492889951,-90.0
69.08024074571043,17.909639273194706,-90.0
69.08024074571043,17.80964361748989,-90.0
69.08024074571043,17.709647961785116,-90.0
69.08024074571043,17.609652306080356,-90.0
69.08024074571043,17.509656650375597,-90.0
69.08024074571043,17.409660994670837,-90.0
69.08024074571043,17.309665338966077,-90.0
69.08024074571043,17.209669683261318,-90.0
69.08024074571043,17.109674027556558,-90.0
69.08024074571043,17.0096783718518,-90.0
69.08024074571043,16.909682716147017,-90.0
69.08024074571043,16.80968706044223,-90.0
69.08024074571043,16.70969140473769,-90.0
69.08024074571043,16.60969574903293,-90.0
69.08024074571043,16.50970009332817,-90.0
69.08024074571043,16.40970443762341,-90.0
69.08024074571043,16.30970878191861,-90.0
69.08024074571043,16.209713126213792,-90.0
69.08024074571043,16.10971747050902,-90.0
69.08024074571043,16.00972181480426,-90.0
69.08024074571043,15.9097261590995,-90.0
69.08024074571043,15.809730503394741,-90.0
69.08024074571043,15.709734847689981,-90.0
69.08024074571043,15.609739191985222,-90.0
69.08024074571043,15.509743536280439,-90.0
69.08024074571043,15.409747880575651,-90.0
69.08024074571043,15.309752224870886,-90.0
69.08024074571043,15.209756569166126,-90.0
69.08024074571043,15.109760913461367,-90.0
69.08024074571043,15.009765257756607,-90.0
69.08024074571043,14.909769602051847,-90.0
69.08024074571043,14.809773946347088,-90.0
69.08024074571043,14.709778290642282,-90.0
69.08024074571043,14.609782634937465,-90.0
69.08024074571043,14.509786979232718,-90.0
69.08024074571043,14.409791323527987,-90.0
69.08024074571043,14.30979566782321,-90.0
69.08024074571043,14.209800012118421,-90.0
69.08024074571043,14.109804356413633,-90.0
69.08024074571043,14.009808700708845,-90.0
69.08024074571043,13.909813045004034,-90.0
69.08024074571043,13.809817389299218,-90.0
69.08024074571043,13.709821733594401,-90.0
69.08024074571043,13.609826077889585,-90.0
69.08024074571043,13.509830422184768,-90.0
69.08024074571043,13.409834766480179,-90.0
69.08024074571043,13.309839110775362,-90.0
69.08024074571043,13.209843455070546,-90.0
69.08024074571043,13.10984779936573,-90.0
69.08024074571043,13.009852143660913,-90.0
69.08024074571043,12.909856487956166,-90.0
69.08024074571043,12.809860832251434,-90.0
69.08024074571043,12.70986517654668,-90.0
69.08024074571043,12.60986952084192,-90.0
69.08024074571043,12.509873865137115,-90.0
69.08024074571043,12.409878209432298,-90.0
69.08024074571043,12.309882553727482,-90.0
69.08024074571043,12.209886898022665,-90.0
69.08024074571043,12.109891242317849,-90.0
69.08024074571043,12.009895586613032,-90.0
69.08024074571043,11.909899930908216,-90.0
69.08024074571043,11.8099042752034,-90.0
69.08024074571043,11.70990861949856,-90.0
69.08024074571043,11.609912963793715,-90.0
69.08024074571043,11.509917308088916,-90.0
69.08024074571043,11.409921652384128,-90.0
69.08024074571043,11.30992599667934,-90.0
69.08024074571043,11.209930340974552,-90.0
69.08024074571043,11.109934685269787,-90.0
69.08024074571043,11.009939029565027,-90.0
69.08024074571043,10.909943373860267,-90.0
69.08024074571043,10.809947718155508,-90.0
69.08024074571043,10.709952062450679,-90.0
69.08024074571043,10.609956406745834,-90.0
69.08024074571043,10.509960751041081,-90.0
69.08024074571043,10.40996509533635,-90.0
69.08024074571043,10.309969439631526,-90.0
69.08024074571043,10.209973783926682,-90.0
69.08024074571043,10.109978128222133,-90.0
69.08024074571043,10.009982472517374,-90.0
69.08024074571043,9.909986816812568,-90.0
69.08024074571043,9.809991161107751,-90.0
69.08024074571043,9.709995505402935,-90.0
69.08024074571043,9.609999849698118,-90.0
69.08024074571043,9.510004193993302,-90.0
69.08024074571043,9.410008538288485,-90.0
69.08024074571043,9.310012882583715,-90.0
69.08024074571043,9.210017226878955,-90.0
69.08024074571043,9.110021571174196,-90.0
69.08024074571043,9.010025915469436,-90.0
69.08024074571043,8.91003025976463,-90.0
69.08024074571043,8.810034604059814,-90.0
69.08024074571043,8.710038948354974,-90.0
69.08024074571043,8.61004329265013,-90.0
69.08024074571043,8.510047636945353,-90.0
69.08024074571043,8.410051981240594,-90.0
69.08024074571043,8.310056325535788,-90.0
69.08024074571043,8.210060669830971,-90.0
69.08024074571043,8.110065014126155,-90.0
69.08024074571043,8.010069358421338,-90.0
69.08024074571043,7.910073702716522,-90.0
69.08024074571043,7.8100780470117055,-90.0
69.08024074571043,7.710082391306935,-90.0
69.08024074571043,7.6100867356021755,-90.0
69.08024074571043,7.510091079897393,-90.0
69.08024074571043,7.410095424192605,-90.0
69.08024074571043,7.31009976848784,-90.0
69.08024074571043,7.21010411278308,-90.0
69.08024074571043,7.11010845707832,-90.0
69.08024074571043,7.010112801373561,-90.0
69.08024074571043,6.910117145668755,-90.0
69.08024074571043,6.810121489964166,-90.0
69.08024074571043,6.7101258342593955,-90.0
69.08024074571043,6.610130178554636,-88.5119134597809
69.082837327812,6.510176487263378,-88.14820068049255
69.08606862429792,6.410233053847988,-88.53906893946635
69.0886180283646,6.310270475189038,-88.63529912075326
69.09099955205795,6.21030318301437,-89.00596758672233
69.09273429453448,6.110323093138872,-89.09760172237934
69.09430914311294,6.010339839482146,-89.44817501462498
69.09527219820629,5.910349285198001,-89.53502417056535
69.09608368995994,5.810356922284799,-89.86554215942279
69.09631835178378,5.710361954496838,-89.9475015911182
69.09640997479912,5.6103663407677375,-90.25795875774726
69.09595977455312,5.51037206272803,-90.33498612390204
69.09537514220222,5.4103781160870446,-90.62534820670535
69.09428377624776,5.310388735065934,-90.69744460603758
69.09306658871695,5.210400487684838,-90.96766265538612
69.09137785710271,5.110419369262628,-91.03485637571384
69.08957186866002,5.010440023567801,-91.28487835654958
69.08732962357155,4.910469747847444,-91.3472112040168
69.08497861524633,4.810501733364343,-91.57699130244664
69.08222671878931,4.7105441525069125,-91.63450736265513
69.07937447611425,4.610589183287974,-91.84401316050518
69.07615676679691,4.5106454798672635,-91.89674983043548
69.07284706225028,4.410704612272238,-92.0859675216347
69.06920732949656,4.31077535803766,-92.13394864347069
69.0654839092692,4.210849048681053,-92.3028864679536
69.06146587527515,4.110934263402063,-92.3461173894588
69.05737244998309,4.011022427120263,-92.49480746435252
69.05301975821692,3.911121637264314,-92.53327184833472
69.04859999717483,3.811223704992576,-92.66177057521465
69.04395620681798,3.711336002059274,-92.69542877865183
69.03925373548955,3.611450978541024,-92.8038160053734
69.03436232111787,3.5115750769382954,-92.83260484990971
69.02942072135922,3.4117015982181362,-92.92098196366982
69.02432507716863,3.3118358926214073,-92.94481571994996
69.01918788988344,3.2119722833003954,-93.01330284579053
69.01393133777322,3.112114905487304,-93.03207525656211
69.00864206760112,3.0122592357390605,-93.08080773310951
69.00326786843655,2.9124081109263855,-93.09439490230488
68.99786999009949,2.812558253293624,-93.12351920444216
68.99242135748486,2.7127111560430985,-93.13178318169119
68.98695832341917,2.612864842046942,-91.70640949863922
68.98398091275607,2.5129224638439203,-91.29474068474902
68.98172145444424,2.4129523382664884,-91.66272880752177
68.97881999592859,2.3129993835677625,-91.76938416643355
68.97573246294714,2.213051405599673,-92.09803666485189
68.97207169304541,2.113123261421501,-92.1938612976051
68.96824378462124,2.0132009001756983,-92.48311334266899
68.96391149525563,1.9132995114810372,-92.56820147700664
68.95943083356022,1.8134042922230442,-92.81807013938233
68.95451458363706,1.713529845865762,-92.89245340841782
68.94946866331176,1.6136615834000931,-93.10304632596403
68.94405571917193,1.5138127457492203,-93.16667650114839
68.93853187938721,1.4139697772743471,-93.33819187530153
68.93270919209654,1.314143929322522,-93.39093345007981
68.9267946080329,1.214323345998268,-93.52365281903938
68.92064882181788,1.1145168149384512,-93.56528399009196
68.91443051247266,1.0147146917710226,-93.65955919780089
68.90804799870014,0.9149229786891697,-93.68977981416299
68.90161284796046,0.8151346026387318,-93.74601555789505
68.89507975918839,0.7153526065097046,-93.7644606405716
68.88851454715727,0.615572702967828,-93.78309394495712
68.88191688591799,0.5157949415635059,-93.78935141567561
68.87530832752547,0.41601789953578727,-93.77082935124523
68.86873202462087,0.3162387281589748,-93.76446064057973
68.86216681258973,0.21645882461709812,-93.70921758441403
68.85569780976411,0.11667265377404637,-93.68977981415593
68.84926265902445,0.01688427772363682,-93.59821554210208
68.84298699092315,-0.08291420906461322,-93.56528399009196
68.83676868157794,-0.18271633223204192,-93.43774389297265
68.83077255189718,-0.28253195928504804,-93.39093345008794
68.82485796783354,-0.382352542609302,-93.2276921834275
68.8192278145139,-0.48218942054200636,-93.16667650115832
68.81370397472917,-0.582032389016823,-92.96792640328961
68.80852651895432,-0.6818936899402863,-92.89245340840402
68.80348059862905,-0.7817619524058701,-92.65829905550132
68.79884287226861,-0.8816496813588337,-92.5682014770059
68.7943622105732,-0.9815449006168551,-92.29866177894611
68.79035155657427,-1.081459663159765,-92.19386129761385
68.78652364815008,-1.1813820244055393,-90.55827909947375
68.78554948058158,-1.2813569721350144,-89.91750253426483
68.78569345951685,-1.3813525241855786,-89.92648219715012
68.7858217666786,-1.4813480970916957,-89.93000213672646
68.78594393065916,-1.5813436781729844,-91.58309938434041
68.78318182342979,-1.681284852688738,-92.23130427741808
68.77928861623688,-1.7812046910471708,-92.51746024317687
68.77489644530542,-1.8811033467269709,-92.63057104609341
68.77030704491233,-1.9809936293568284,-92.88004118998431
68.76528277860376,-2.0808626043432885,-92.9797211980554
68.76008475381498,-2.180723065478462,-93.1925916395524
68.75451577074257,-2.2805632461671026,-93.27881754685308
68.74879652596232,-2.3803952119845126,-93.45527424406116
68.74276986302718,-2.480208895636158,-93.52792861490478
68.73661662341739,-2.5800150517696308,-93.66825244734714
68.73021897401145,-2.6798057130579216,-93.7271218126246
68.72371878848482,-2.779589873864888,-93.83167712134468
68.71703652907938,-2.879361935625469,-93.8764577883316
68.71027628804366,-2.979128815405152,-93.94567577375042
68.70339552762269,-3.078887423582719,-93.97598593445754
68.6964619924405,-3.1786424096719954,-94.01034427223564
68.68946863938658,-3.2783932119825177,-94.02574103405968
68.68244848056649,-3.3781421394453095,-94.02574103405232
68.67542832174642,-3.4778910669080823,-94.02574103406083
68.66840816292634,-3.5776399943708457,-93.99188363957681
68.66144694983565,-3.677393044613208,-93.97598593444377
68.65451341465348,-3.7771480307026266,-93.90874784364703
68.64769695154932,-3.8769110517953043,-93.8764577883408
68.64093671051359,-3.9766779315749594,-93.77626897623598
68.63435093948814,-4.076456405114014,-93.7271218126267
68.62785075396151,-4.176240565920923,-93.5943457432239
68.62158183187837,-4.276039388133895,-93.52792861491191
68.61542859226857,-4.375845544267396,-93.36284645470349
68.60956295440913,-4.475668804084578,-93.27881754683494
68.6038437096289,-4.575500769902045,-93.08161772387463
68.59846811477881,-4.675351523206735,-92.97972119806437
68.59327008999001,-4.7752119843418805,-92.75049568829102
68.58847164155465,-4.875092023995722,-92.63057104610152
68.58388224116155,-4.974982306625581,-92.36931980787934
68.57974837875157,-5.074891928365626,-92.23130427742495
68.57585517155866,-5.174811766724115,-90.72914987002116
68.57458288725604,-5.274781044057828,-89.93000213672646
68.5747050512366,-5.374776625139117,-89.9218444703781
68.5748414523997,-5.474772187273966,-89.91750253426483
68.57498543133497,-5.57476773932453,-91.40297072147791
68.57253757463661,-5.674715531074092,-92.1938612976051
68.56870966621244,-5.774637892319895,-92.43755361234437
68.56445682120625,-5.874542584372719,-92.56820147699776
68.55997615951085,-5.974437803630741,-92.7786065019681
68.55512870527473,-6.074315530806652,-92.89245340841053
68.55008278494944,-6.1741837932722925,-93.06967154492409
68.54472800674607,-6.274035709367873,-93.1666765011673
68.53920416696133,-6.373878677842662,-93.31089831510106
68.53342903581523,-6.473707250214052,-93.39093345007169
68.52751445175161,-6.573527833538306,-93.50243320519881
68.52140563089777,-6.673336611320428,-93.56528399008383
68.51518732155257,-6.773138734487857,-93.64440723540577
68.50883119880163,-6.872932120684117,-93.68977981416299
68.50239604806195,-6.9727204967345555,-93.73692641022554
68.49587878860311,-7.072503524023509,-93.7644606405716
68.48931357657199,-7.172283427565386,-93.78006457416025
68.48272119086951,-7.2720615372347535,-93.7893514156848
68.47611263247698,-7.371838579262444,-93.77385872204411
68.46953105403557,-7.471617402374182,-93.76446064055536
68.46296584200448,-7.571397305916059,-93.71830673215862
68.45648100986561,-7.671182445599432,-93.68977981415486
68.45004585912595,-7.77097082164987,-93.61336750509119
68.44374380000305,-7.870767635323719,-93.56528399010818
68.4375254906578,-7.970569758491148,-93.45896350897075
68.43149239561588,-8.07038313882185,-93.39093345007169
68.42557781155226,-8.170203722146104,-93.25498574934282
68.41990010208806,-8.270037875659026,-93.16667650114842
68.41437626230335,-8.369880844133899,-93.00130119659566
68.40914064059201,-8.469739066612668,-92.89245340841785
68.40409472026671,-8.569607329078336,-92.69776271564261
68.39938819821924,-8.669491777212665,-92.56820147701477
68.39490753652382,-8.769386996470658,-92.34422154727531
68.39081743816546,-8.869298455655436,-92.1938612976051
68.38698952974129,-8.969220816901238,-91.94054238707866
68.38360346129589,-9.069158465650368,-91.76938416642493
68.38051592831445,-9.169106443618485,-90.3831634487154
68.37984734877725,-9.269080005353478,-89.44253433176429
68.38082025229649,-9.36907092803436,-90.82833252823926
68.379374939596,-9.469036274745529,-91.76938416642493
68.37628740661457,-9.568984252713646,-92.02174225748546
68.37275970951434,-9.668917001162567,-92.19386129761068
68.36893180109017,-9.768839362408116,-92.41583045630891
68.36471683558685,-9.868745629520014,-92.56820147700809
68.36023617389144,-9.96864084877795,-92.75979000647845
68.35542152181324,-10.06852014026601,-92.89245340840242
68.35037560148797,-10.16838840273165,-93.05375825673505
68.34504855711963,-10.268241786646486,-93.16667650114931
68.33952471733491,-10.36808475512133,-93.29788459119283
68.3337722612173,-10.46791462651113,-93.39093345008986
68.32785767715366,-10.567735209835327,-93.49231557515367
68.32176648158517,-10.667545058866828,-93.56528399009296
68.31554817223996,-10.767347182034229,-93.63718269631556
68.30920463287173,-10.867141365980531,-93.68977981417109
68.30276948213204,-10.96692974203097,-93.73259265496772
68.29625977017585,-11.066713260982588,-93.7644606405635
68.28969455814475,-11.166493164524464,-93.77862015366244
68.28310468784694,-11.266271440248511,-93.78935141568483
68.27649612945442,-11.3660484822762,-93.77530314254211
68.26991203560833,-11.46582713933326,-93.76446064056344
68.26334682357722,-11.565607042875138,-93.72264048745143
68.25685444393567,-11.665391690895847,-93.68977981416302
68.25041929319599,-11.765180066946284,-93.62059204430764
68.2441046506904,-11.86497608287008,-93.56528399009196
68.23788634134519,-11.964778206037508,-93.46908113954316
68.23183562101792,-12.064590515118743,-93.39093345007457
68.2259210369543,-12.164411098442912,-93.26799947466246
68.2202206524616,-12.264243952937539,-93.16667650116014
68.21469681267688,-12.364086921412298,-93.01721448778937
68.20943345713053,-12.463943676071764,-92.89245340841946
68.20438753680523,-12.563811938537377,-92.7165792167053
68.19964821259985,-12.66369482235947,-92.56820147701622
68.19516755090443,-12.763590041617407,-92.365944712646
68.19103957304321,-12.863499925743005,-92.19386129760572
68.18721166461904,-12.963422286988779,-91.96517505100604
68.18378263192521,-13.06335844919024,-91.76938416641624
68.18069509894379,-13.163306427158387,-90.51820887324853
68.1797908908424,-13.263277496796544,-89.44253433175615
68.18076379436165,-13.363268419477423,-90.69328709833204
68.17955411022533,-13.463236258285427,-91.76938416641728
68.1764665772439,-13.563184236253516,-91.99710959317089
68.17298184439208,-13.663118471249884,-92.19386129760507
68.16915393596791,-13.763040832495689,-92.39410729027396
68.16497684996745,-13.862948674666786,-92.5682014770059
68.16049618827203,-13.962843893924807,-92.74097350463981
68.15571433835176,-14.062724749725083,-92.89245340840242
68.15066841802648,-14.162593012190722,-93.03784496482419
68.14536910749315,-14.262447863924733,-93.16667650116008
68.13984526770842,-14.362290832399493,-93.28487086531521
68.13411548661932,-14.46212200280748,-93.39093345007981
68.12820090255569,-14.561942586131734,-93.48219794421259
68.12212733227257,-14.661753506412666,-93.56528399010212
68.11590902292734,-14.761555629580037,-93.62995815691751
68.10957806694182,-14.861350611276409,-93.68977981416093
68.10314291620215,-14.961138987326903,-93.72825889963813
68.09664075174864,-15.060922997941212,-93.76446064057968
68.0900755397175,-15.16070290148309,-93.77717573317013
68.08348818482436,-15.260481343261828,-93.78935141566744
68.07687962643186,-15.360258385289548,-93.77674756302541
68.07029301718113,-15.460036876291943,-93.76446064057976
68.06372780515,-15.559816779833819,-93.72697424277972
68.05722787800578,-15.65960093619185,-93.68977981415595
68.05079272726611,-15.75938931224226,-93.62781658376156
68.04446550137781,-15.859184530415986,-93.56528399010008
68.03824719203259,-15.958986653583414,-93.47919877069971
68.03217884641994,-16.058797891415278,-93.39093345007988
68.0262642623563,-16.15861847473953,-93.28101320109188
68.0205412028351,-16.258450030216018,-93.16667650115012
68.0150173630504,-16.35829299869058,-93.03312778088518
68.00972627366905,-16.458148285530854,-92.8924534084105
68.00468035334376,-16.558016547996495,-92.73539572075497
67.99990822698044,-16.657897867506463,-92.56820147702213
67.995427565285,-16.757793086764487,-92.3876678823599
67.99126170792091,-16.857701395831,-92.19386129761324
67.98743379949673,-16.957623757076803,-91.09958141600467
67.98551524710271,-17.057581302428215,-89.91750253425664
67.985659226038,-17.157576854478723,-89.92351020074976
67.98579272008203,-17.257572420482266,-89.93000213672649
67.9859148840626,-17.357568001563585,-91.03586436679437
67.98410750068659,-17.457527185220005,-92.23130427740996
67.9802142934937,-17.557447023578437,-92.42252735411404
67.97598765452082,-17.657352706643188,-92.63057104610304
67.97139825412772,-17.75724298927299,-92.79702449634799
67.96651869878191,-17.857119054834882,-92.97972119805533
67.96132067399313,-17.95697951597006,-93.12147618071029
67.95587561997665,-18.056826471912704,-93.27881754684395
67.95015637519641,-18.156658437730144,-93.39604370570628
67.94423290202832,-18.256478258079966,-93.52792861489657
67.93807966241855,-18.35628441421344,-93.62089078314746
67.93176450539707,-18.456080305270504,-93.72712181261862
67.92526431987045,-18.555864466077413,-93.79616989629315
67.9186438931542,-18.655640636700667,-93.87645778833382
67.91188365211848,-18.755407516480293,-93.92201123266942
67.90504409537414,-18.855168952588066,-93.97598593445187
67.89811056019195,-18.954923938677485,-93.99851413722615
67.89113780340419,-19.054676181531086,-94.02574103406998
67.8841176445841,-19.154425108993824,-94.025741034061
67.87709748576401,-19.254174036456583,-94.02574103405972
67.87007732694393,-19.353922963919374,-94.0037137746066
67.86309551758706,-19.453674573618652,-93.97598593444847
67.85616198240487,-19.553429559708157,-93.93241238490253
67.84930431562411,-19.653189752870592,-93.8764577883334
67.8425440745884,-19.75295663265002,-93.81177620222873
67.83589647087378,-19.852730997326365,-93.72712181262568
67.82939628534714,-19.952515158133302,-93.64170741032338
67.82304487087953,-20.05230875057747,-93.52792861490381
67.81689163126974,-20.15211490671097,-93.42207699987918
67.81092280364324,-20.251932029829984,-93.27881754684314
67.805203558863,-20.35176399564745,-93.15273319623844
67.79970403495699,-20.451607973698167,-92.9797211980563
67.7945060101682,-20.55146843483331,-92.05856515590328
67.7909147095296,-20.651381630116475,-90.77992840284021
67.78955357884567,-20.75136802160602,-90.81653709935324
67.78812856331427,-20.85135349464165,-90.8674076773644
67.78661477491686,-20.951337691415546,-90.87263340676773
67.78509186735752,-21.05132174912808,-90.87990439596129
67.78355627155459,-21.151305613353035,-90.85379557718876
67.78206623725735,-21.251290152482103,-90.81741998955593
67.78063968061124,-21.35127563190774,-91.74630144593007
67.77759297247167,-21.451206523661337,-93.04204688628985
67.77228632372162,-21.551061271364595,-93.17638127542259
67.76674559408642,-21.65090291538235,-93.36602102125356
67.7608744129602,-21.750726060954968,-93.47864844113843
67.75480703581141,-21.850537196342128,-93.63998560510595
67.74845861086402,-21.950331127322492,-93.73115940216107
67.74195140564565,-22.0501146457268,-93.8640151100957
67.73521283071375,-22.149882991246443,-93.93408614558034
67.72835225475173,-22.2496429102561,-94.03817886170417
67.72131044249589,-22.349390311425218,-94.0875814350903
67.71418263093211,-22.44913154754805,-94.1625359811328
67.70692433956526,-22.54886342994416,-94.19176898444555
67.69961516620266,-22.648591575948515,-94.23713147473845
67.6922270363992,-22.748313923984654,-94.24673611739847
67.68482219014464,-22.848035029902224,-94.26199345429197
67.67739078917761,-22.947754162667653,-94.25252886330104
67.66997586090802,-23.047474519439266,-94.23713147472222
67.6625877311046,-23.147196867475405,-94.20914945045382
67.65524830588463,-23.246922792010484,-94.1625359811328
67.64799001451777,-23.346654674406594,-94.11655617732637
67.64081176415205,-23.446392294714848,-94.03817886170762
67.63376995189621,-23.54613969588388,-93.97466566063592
67.62683872280162,-23.64589473494019,-93.86401511010494
67.6201001478697,-23.745663080459803,-93.7833574793923
67.61350203920244,-23.845440637549963,-93.63998560511318
67.60715361425504,-23.945234568530353,-93.54248125152563
67.60097504112771,-24.04503889702966,-93.36602102125453
67.5951038600015,-24.14486204260225,-93.251866193235
67.58943159648948,-24.244696323444824,-93.04204688629972
67.58412494773941,-24.344551071148025,-92.911333219695
67.57904614421653,-24.444417181664296,-92.66798980272888
67.57439150841056,-24.544304445744046,-91.87799391748808
67.57111510565102,-24.644228527951682,-90.3924820752497
67.57043013032006,-24.744221837570972,-90.39681995802353
67.56973758446765,-24.844215094504797,-90.40498109452575
67.5690307957087,-24.94420825231808,-90.3833001086264
67.5683618449594,-25.0442016569476,-90.34248563654202
67.56776412428708,-25.144195526208847,-91.11432141964008
67.56581980596907,-25.24415518380906,-92.56820147700594
67.56133914427366,-25.34405040306708,-92.67997117930148
67.55666363760956,-25.443936330303558,-92.89245340840237
67.55161771728429,-25.5438045927692,-92.98625472623085
67.54640831871131,-25.643664203113218,-93.16667650115649
67.54088447892659,-25.743507171588092,-93.24268090015974
67.53522820935373,-25.843342553360035,-93.39093345007451
67.52931362529011,-25.943163136684205,-93.44939699947096
67.5232971954622,-26.042977529911965,-93.5652839901011
67.51707888611698,-26.142779653079366,-93.6065364959498
67.5107887249442,-26.242577221048816,-93.68977981415411
67.50435357420456,-26.342365597099054,-93.71420904204011
67.49787587844645,-26.442151201663613,-93.76446064058189
67.49131066641532,-26.541931105205432,-93.77249298094125
67.48473146636134,-26.641710085326626,-93.78935141566643
67.47812290796884,-26.74148712735437,-93.7814303152542
67.47152814387894,-26.841265080014296,-93.76446064058895
67.4649629318478,-26.941044983556143,-93.74102410033309
67.45843853600816,-27.040827545963886,-93.68977981414781
67.45200338526851,-27.140615922014295,-93.65123824431112
67.44563536456748,-27.2404085539149,-93.565283990095
67.43941705522226,-27.340210677082244,-93.51199971391154
67.43329156915439,-27.440018441967155,-93.39093345007451
67.42737698509077,-27.539839025291325,-93.32320316218033
67.42158041405331,-27.639666369403827,-93.16667650116008
67.41605657426858,-27.739509337878587,-93.084718010746
67.41067557292688,-27.839359866108875,-92.89245340840247
67.4056296526016,-27.939228128574513,-92.79639802990079
67.40075118298212,-28.039104376648275,-92.56820147701472
67.3962705212867,-28.13899959590627,-92.45809346606839
67.39198186012152,-28.238902798695378,-92.19386129762951
67.3881539516973,-28.33882515994118,-92.06966576340578
67.38454266641654,-28.43875501626933,-91.76938416641671
67.38145513343511,-28.53870299423745,-91.63100491330918
67.37860902111116,-28.638657429220373,-91.29474068475716
67.37634956279932,-28.738627554797805,-91.82919532421542
67.37315803410527,-28.8385616577815,-93.13178318168306
67.3676950000396,-28.938407971777657,-93.121020276531
67.3622507222514,-29.03825530587493,-93.09439490229674
67.35685284391435,-29.138105163507692,-93.07664246242065
67.35148590381536,-29.23795667678591,-93.03207525656762
67.34619663364325,-29.33781234653424,-93.00747066248462
67.34095024632724,-29.4376702550062,-92.94481571995006
67.33581305904205,-29.53753386432721,-92.39686010241721
67.33163164438294,-29.637430241950316,-90.98237422280401
67.3299172364027,-29.73741119996284,-91.07993122683652
67.32803260138458,-29.837388719152397,-91.33221985386658
67.32570774961252,-29.93735734535116,-91.41563024690892
67.32323737422091,-30.037322206336988,-91.63200946853442
67.32038948923305,-30.137277299808666,-91.7012749467706
67.31742077523118,-30.237228687080552,-91.8817665835859
67.3141372060329,-30.33717041676918,-91.93693190061556
67.31075741693952,-30.43710881724865,-92.08152123643454
67.30712543391607,-30.537038491816077,-92.12267531736636
67.30342167744924,-30.636965463805904,-92.23130427740989
67.29952847025635,-30.73688530216434,-92.25857552205282
67.29558770554785,-30.83680324602568,-92.33114281549572
67.29152039291519,-30.93671614873483,-92.34468997587823
67.28742945704163,-31.036628079468265,-92.38105681142572
67.28327510548218,-31.136537400970102,-92.38105681142606
67.27912075392273,-31.236446722471925,-92.38105681143522
67.27496640236326,-31.336356043973705,-92.36769086041305
67.27083535805582,-31.436266324449885,-92.3311428154876
67.26676804542318,-31.536179227159035,-92.30458215780384
67.26274705113492,-31.636093975001756,-92.23130427740989
67.25885384394203,-31.73601381336019,-92.1916969162143
67.25502971268757,-31.835936252723616,-92.08152123643394
67.25139772966412,-31.935865927291072,-92.02898097530229
67.24785738789181,-32.03579877264655,-91.88176658359451
67.24457381869351,-32.13574050233515,-91.81636574104705
67.24140433692037,-32.23568573143815,-91.63200946853442
67.23855645193251,-32.33564082490983,-91.55377663685087
67.23584505744833,-32.435599449875646,-91.33221985387466
67.23352020567626,-32.53556807607441,-91.24114409068291
67.23135427187192,-32.635539912637185,-90.98237422279594
67.22963986389169,-32.7355208706497,-91.49247730849649
67.22703570118746,-32.83547132375868,-92.94481571995412
67.22189851390227,-32.93533493307955,-92.96726056322919
67.21672220794684,-33.03519650018841,-93.03207525656208
67.21143293777475,-33.13505216993666,-93.0479249256228
67.2061160454367,-33.23490636149752,-93.09439490230487
67.20071816709964,-33.334756219130284,-93.1037913718574
67.19530391374221,-33.43460518617182,-93.13178318168028
67.18984087967654,-33.53445150016807,-93.13487682539099
67.18437245451427,-33.63429751860546,-93.14424534978325
67.17888770341908,-33.73414264199788,-93.14119036792076
67.17340827604693,-33.83398805725548,-93.13178318169855
67.16794524198123,-33.93383437125166,-92.67504044270498
67.16327877874997,-34.033711123162604,-91.24476674087889
67.16110651621584,-34.133683181435416,-91.3473352444594
67.15875530330106,-34.23365068773662,-91.66947722316665
67.1558420547246,-34.333603897502854,-91.75959178234326
67.15277161582021,-34.43355201144621,-92.04407094831858
67.14920495068444,-34.53348403864291,-92.12169510721166
67.1455029120433,-34.633410850348305,-92.36857864848342
67.14137031933657,-34.73332107423632,-92.43373922127036
67.1371241135929,-34.83322632612639,-92.64304421605075
67.13251296740559,-34.93311560728647,-92.69583852824705
67.1278097882442,-35.033000459283826,-92.86751726925247
67.12280733283403,-35.1328709083651,-92.90811249531728
67.11773412264053,-35.23273770533615,-93.04204688629149
67.11242747389048,-35.332592453039354,-93.07067290318919
67.10707093879297,-35.43244449518574,-93.16667650116008
67.10154709900824,-35.5322874636605,-93.18361365204697
67.09599374580876,-35.63212877998227,-93.24143994987948
67.0903396288351,-35.73196445557516,-93.24700308422969
67.08467581843496,-35.83179958007356,-93.26635865671311
67.07897828211635,-35.93163278717281,-93.26087878650628
67.07329029414147,-36.03146653711824,-93.24143994988063
67.06763617716781,-36.1313022127111,-93.22524484314584
67.06201028057835,-36.23113946807322,-93.16667650116008
67.05648644079362,-36.330982436547984,-93.14007152382503
67.05100896530693,-36.43082791956327,-93.0420468862917
67.04570231655688,-36.53068266726647,-93.00529740479593
67.04045971971736,-36.63054072110144,-92.86751726924373
67.0354572643072,-36.730411170182734,-92.82083393762221
67.03053618899845,-36.83028553574845,-92.64304421605301
67.02592504281114,-36.93017481690844,-92.58657249180429
67.0214123599347,-37.03006840707552,-92.3685786484924
67.01727976722796,-37.1299786309635,-92.30239390815231
67.0132625981728,-37.22989330174123,-92.04407094831043
67.00969593303704,-37.32982532893793,-91.96818060189138
67.00626164645774,-37.42976164760527,-91.66947722317478
67.00334839788127,-37.5297148573715,-91.58383125011231
67.00058457520812,-37.62967186809343,-91.24476674088703
66.99841231267398,-37.72964392636624,-91.62421146892461
66.9955782786234,-37.82959069756585,-93.1317831816913
66.99011524455771,-37.929437011562,-92.76804084416028
66.9852865849558,-38.02930784281996,-91.29474068476563
66.98302712664395,-38.12927796839737,-91.38844574225813
66.98060418728038,-38.229243721525535,-91.76938416640809
66.97751665429897,-38.329191699493684,-91.85274350378637
66.97428372483495,-38.42913464679615,-92.19386129760572
66.97045581641078,-38.529057008041924,-92.26679303459666
66.96650073329641,-38.62897408126535,-92.56820147701472
66.96202007160099,-38.72886930052334,-92.630694484594
66.95743046743841,-38.828759324390575,-92.89245340840968
66.95238454711313,-38.928627586856244,-92.94458094578474
66.94724777808513,-39.02849104113465,-93.16667650115104
66.94172393830041,-39.12833400960944,-93.20860049992976
66.93612705023763,-39.228172793258516,-93.3909334500806
66.930212466174,-39.32799337658275,-93.42290089663217
66.92424219355641,-39.427810575205385,-93.56528399008687
66.91802388421121,-39.52761269837273,-93.58761683114993
66.91176667648176,-39.62741235549484,-93.68977981417207
66.90533152574207,-39.72720073154525,-93.70285977698906
66.89887359543236,-39.82698762367911,-93.76446064055845
66.89230838340127,-39.9267675272209,-93.7687103233392
66.88573577070515,-40.0265469422071,-93.78935141567672
66.87912721231264,-40.12632398423479,-93.78521297285825
66.87252586086488,-40.226101502029614,-93.76446064057363
66.86596064883376,-40.32588140557144,-93.75237336526327
66.85941648754572,-40.42566268040983,-93.68977981415398
66.85298133680605,-40.52545105646029,-93.67015790811682
66.84658036266171,-40.62524159920801,-93.56528399009196
66.8403620533165,-40.72504372237544,-93.53849581301426
66.83419041003832,-40.82484868186557,-93.39093345008253
66.82827582597469,-40.92466926518974,-93.3572835525514
66.82241987342718,-41.02449320742507,-93.1666765011673
66.81689603364244,-41.124336175899856,-93.12639177014788
66.81144240275572,-41.224182860195775,-92.89245340840257
66.80639648243044,-41.32405112266141,-92.84567468552262
66.80143211030943,-41.423923274104396,-92.56820147700732
66.79695144861402,-41.52381849336236,-92.51498204561551
66.79256358836386,-41.623717571376474,-92.19386129762137
66.78873567993966,-41.72363993262228,-92.13417366769633
66.78501187960961,-41.82356589597046,-91.76938416641634
66.78192434662819,-41.9235138739386,-91.70313660959846
66.77895239158055,-42.02346494314358,-91.29474068475749
66.7766929332687,-42.12343506872099,-91.55001945142979
66.77398825281816,-42.22338798738298,-93.13178318168295
66.76852521875249,-42.32323430137914,-93.12670218310956
66.76307103923119,-42.423081096949026,-93.09439490229674
66.75767316089414,-42.52293095458179,-93.08611319521378
66.75228971558397,-42.62278158459128,-93.03207525657042
66.74700044541186,-42.72263725433952,-93.02073151687902
66.74173094601984,-42.822493956232485,-92.94481571996225
66.73659375873464,-42.922357565553355,-92.6950905202706
66.73189218341112,-43.02223610966549,-90.98237422278717
66.7301777754309,-43.12221706767807,-91.02676510859396
66.72838590971517,-43.222196460936644,-91.33221985386587
66.72606105794311,-43.32216508713546,-91.37007114995929
66.72367016804583,-43.4221320046934,-91.6320094685507
66.72082228305794,-43.52208709816508,-91.66331929842248
66.71791978009925,-43.622040516334565,-91.8817665835777
66.71463621090098,-43.721982246023195,-91.90657513700882
66.71130937034756,-43.82192247852257,-92.08152123644311
66.7076773873241,-43.92185215308998,-92.09991275099179
66.70401332916246,-44.02178061989103,-92.23130427741748
66.70012012196956,-44.12170045824949,-92.24340303382925
66.6962058161102,-44.22161945612329,-92.3311428154876
66.69213850347755,-44.32153235883244,-92.3371045329537
66.68806079493241,-44.42144483380288,-92.38105681142632
66.68390644337296,-44.52135415530469,-92.38105681143463
66.6797520918135,-44.6212634768065,-92.38105681143445
66.67559774025403,-44.72117279830831,-92.37527630332426
66.67145346861817,-44.82108253454751,-92.33114281549375
66.66738615598551,-44.92099543725674,-92.31975464580769
66.66333870284815,-45.020909131087116,-92.23130427741684
66.65944549565525,-45.120828969445604,-92.21445948160411
66.65558166609559,-45.22074991399782,-92.08152123645066
66.6519496830721,-45.320679588565255,-92.05933773593829
66.64835639275984,-45.4206106019008,-91.88176658357877
66.64507282356156,-45.52055233158937,-91.85432138254916
66.64183713074526,-45.62049552979474,-91.63200946854302
66.63898924575739,-45.72045062326639,-91.59933572059201
66.6361983657789,-45.82040719166011,-91.33221985387513
66.63387351400682,-45.92037581785884,-91.29431018642262
66.6316148109001,-46.02034578035264,-90.98237422279503
66.62990040291987,-46.12032673836525,-91.19425102604922
66.62781640088002,-46.22029502498534,-92.94481571996369
66.62267921359481,-46.32015863430644,-92.95399970929401
66.6175260197154,-46.42002140799426,-93.03207525656123
66.6122367495433,-46.519877077742535,-93.03845419303887
66.60693636241643,-46.61973215257214,-93.09439490230223
66.60153848407937,-46.71958201020499,-93.09810946534763
66.596134132455,-46.819431515773964,-93.13178318167417
66.59067109838935,-46.919277829770145,-92.95494851604079
66.58551648075087,-47.019136063423765,-91.29474068474823
66.58325702243904,-47.11910618900126,-91.34015176750114
66.58091833817484,-47.21907419560867,-91.76938416642486
66.5778308051934,-47.31902217357679,-91.80955382611305
66.57467320759108,-47.41896772733438,-92.1938612976051
66.5708452991669,-47.518890088580186,-92.22870467067519
66.56695663251683,-47.618809923451785,-92.568201477014
66.56247597082141,-47.71870514270981,-92.59770248565057
66.55794388070167,-47.81859790938191,-92.8924534084105
66.55289796037638,-47.91846617184755,-92.91667927274351
66.54780981878866,-48.018332199743746,-93.16667650115672
66.54228597900394,-48.11817516821861,-93.1857827786119
66.53672884846452,-48.218016229516344,-93.39093345008801
66.53081426440087,-48.317836812840596,-93.40516105329324
66.52487489528113,-48.417655889750826,-93.56528399008687
66.51865658593593,-48.51745801291817,-93.57494960962724
66.51242144142601,-48.61725906878479,-93.68977981416421
66.50598629068634,-48.717047444835195,-93.69526113877467
66.49954159387772,-48.81683519903147,-93.76446064056658
66.49297638184662,-48.91661510257327,-93.76617773204175
66.48640817956434,-49.01639480871335,-93.78935141567672
66.47979962117182,-49.11617185074104,-93.7877455641538
66.47319385931023,-49.215949077381985,-93.76446064057284
66.46662864727911,-49.31572898092383,-93.75997200332938
66.46007125249,-49.41550939369982,-93.68977981415502
66.45363610175035,-49.515297769750035,-93.68282512866087
66.44721306438643,-49.615086913753444,-93.56528399010008
66.4409947550412,-49.71488903692087,-93.55623565262783
66.43479220826516,-49.81469211812346,-93.39093345007988
66.42887762420153,-49.91451270144771,-93.38010126400054
66.42298191413066,-50.014334366034554,-93.16667650114925
66.41745807434594,-50.1141773345094,-93.1542934220629
66.41195581601897,-50.21402144518756,-92.89245340841214
66.40690989569369,-50.313889707653146,-92.87866664531342
66.40188800952983,-50.41375911629124,-92.568201477014
66.3974073478344,-50.51365433554926,-92.55307034407701
66.39295307111992,-50.613550651915276,-92.19386129761385
66.38912516269573,-50.71347301316105,-92.17736324426548
66.385326030504,-50.81339637005405,-91.76938416641634
66.38223849752258,-50.91334434802219,-91.75143043770876
66.37918228737561,-51.013293163748,-91.29474068476563
66.37692282906376,-51.11326328932541,-91.36312045544672
66.37454410664975,-51.213228805591775,-93.13178318169655
66.36908107258405,-51.31307511958802,-93.13050637275646
66.36362026358523,-51.41292155459938,-93.09439490229585
66.35822238524818,-51.51277141223217,-93.03485719842888
66.35292835562971,-51.612625147421575,-91.18229665609483
66.35086509476639,-51.71259951470857,-91.19454095270221
66.3487804706056,-51.812573366538544,-91.58205029598932
66.34601974273824,-51.91253090523109,-91.59246318073316
66.34324085021625,-52.012487886760006,-91.93170972703587
66.33987016583986,-52.11242671628424,-91.9402649394228
66.33648456025637,-52.212365003495094,-92.23130427740934
66.33259135306348,-52.312284841853554,-92.238030549985
66.32868641671928,-52.41220419761953,-92.48087388023983
66.32435801587646,-52.512106130063174,-92.48586124246883
66.32002091963835,-52.61200767059111,-92.6804622170931
66.31534454001408,-52.71189391906126,-92.6838608382071
66.31066223578709,-52.81177988240418,-92.8301110248091
66.30572498307212,-52.911653576115036,-92.83212400316948
66.30078422163577,-53.01152709331065,-92.92985555806666
66.29567310932138,-53.1113920405681,-92.93072704190354
66.2905604780688,-53.21125690942319,-92.97972119805692
66.28536245328002,-53.311117370558314,-92.97972119805715
66.28016442849123,-53.41097783169343,-92.97972119805544
66.27496640370245,-53.5108382928286,-92.97912843089033
66.2697694120673,-53.610698807291605,-92.92985555806499
66.26465829975292,-53.71056375454911,-92.92893964629533
66.25954878391833,-53.81042878212163,-92.8301110248075
66.25461153120337,-53.910302475832545,-92.82911537348427
66.24967601414491,-54.010176253073524,-92.68046221708649
66.24499963452065,-54.11006250154362,-92.67958889238136
66.24032477752581,-54.20994881864112,-92.48087388023046
66.235996376683,-54.30985075108481,-92.48027182982685
66.23166902568494,-54.409752726724065,-92.23130427742561
66.22777581849202,-54.509672565082525,-92.23106225310796
66.2238830334156,-54.60959241878287,-91.93170972702814
66.22051234903923,-54.70953124830708,-91.93170972702828
66.21714166466285,-54.809470077831286,-91.58219586359489
66.21438068286136,-54.90942760873495,-91.58205029598886
66.21161995499399,-55.00938514742752,-91.18280270095623
66.20955581120576,-55.10935949341114,-91.1822966561033
66.20749255034242,-55.20933386069811,-93.09099450449956
66.20210060324857,-55.30918393979469,-93.09439490230399
66.1967027249115,-55.40903379742748,-93.131604239512
66.19124000268442,-55.508880128383666,-93.1317831816913
66.18577696861874,-55.60872644237982,-93.14414734104113
66.18029238831716,-55.70857157513583,-93.14424534978869
66.17480763722195,-55.80841669852833,-91.30266413487595
66.17253436705326,-55.90838593814669,-91.28224738053058
66.17029670721018,-56.00835655402082,-91.72672451001759
66.16728359255065,-56.1083067679554,-91.731920291314
66.16426141300616,-56.20825674339632,-92.12643582292756
66.16055109661204,-56.308183510001214,-92.13145218064577
66.156832030327,-56.408109981497965,-92.47597245308947
66.15251217682594,-56.508012258159226,-92.48087388023097
66.14818377598313,-56.6079141906029,-92.77544537754702
66.14334181558577,-56.70779252801564,-92.78023228156539
66.13849150960459,-56.807670481998045,-93.02498568645984
66.13321459615236,-56.907526788346054,-93.02958232038155
66.1279296706999,-57.00738268813566,-93.22472884646045
66.12230467312725,-57.1072199959678,-93.22898013554267
66.11667226703078,-57.20705689877128,-93.37480156775864
66.11078578861232,-57.30687913526705,-93.37847739553371
66.10489290559961,-57.40670100205805,-93.4753112392237
66.09883132545157,-57.50651276278018,-93.4781167816344
66.09276485768186,-57.60632423070161,-93.52633788720078
66.08661438910812,-57.70613055646562,-93.52792861490595
66.08046114949833,-57.805936712599056,-93.52792861489556
66.07430790988856,-57.90574286873256,-93.5279286149037
66.06815467027877,-58.00554902486606,-93.48009448817704
66.0620847573587,-58.10536028189068,-93.47811678164055
66.05601828958898,-58.205171749812166,-93.38280984535719
66.05011785888243,-58.30499316444659,-93.37847739553443
66.04422497586972,-58.40481503123757,-93.23601402537207
66.03858031424612,-58.50465122659161,-93.22898013554897
66.03294790814964,-58.60448812939514,-93.03961552486615
66.02764549830115,-58.70434307330181,-93.02958232038047
66.0223605728487,-58.804198973091445,-92.79349860940424
66.01748714347112,-58.90407575370763,-92.78023228155469
66.01263683748995,-59.00395370769013,-92.49753241645747
66.00827939383821,-59.10385430578815,-92.48087388024655
66.00395099299537,-59.20375623823185,-92.15158259409785
66.00019682236508,-59.303681296010424,-92.13145218063566
65.99647775608005,-59.40360776750727,-90.01299681439535
65.99645507431879,-59.503599129284254,-89.88000377872017
65.99666449798244,-59.6035945656879,-89.91528358744412
65.99681234953637,-59.70359011089516,-89.91750253425666
65.99695632847165,-59.8035856629457,-92.10595414751482
65.99328190112867,-59.9035091882947,-92.24378484854243
65.98936692878381,-60.00342817623678,-92.64216253317622
65.98475732694395,-60.10331737180489,-92.66798980273636
65.98010269113796,-60.20320463588467,-93.0184284372052
65.97483721156968,-60.30306143672602,-93.04204688628975
65.96953056281963,-60.40291618442928,-93.34462231915678
65.96369666958469,-60.502741417352176,-93.36602102126182
65.95782548845847,-60.60256456292479,-93.62091929256282
65.95151027695603,-60.702360527073964,-93.63998560510608
65.94516185200864,-60.802154458054325,-93.84749875158056
65.93845204056477,-60.90192468984108,-93.86401511010494
65.93171346563285,-61.001693035360695,-94.02453000823209
65.9246954174882,-61.10144207789719,-94.03817886170762
65.91765360523236,-61.20118947906622,-94.15216052487722
65.91041337532354,-61.30092265623691,-94.16253598112026
65.90315508395672,-61.40065453863293,-94.23050668268763
65.89577848504854,-61.500377733411405,-94.23713147473966
65.88839035524508,-61.600100081447515,-94.25964702877668
65.88096303812681,-61.699819517664054,-94.26199345428834
65.87353163715977,-61.79953865042957,-94.23961795190576
65.8661391797539,-61.89926067690252,-94.23713147473033
65.85875104995046,-61.99898302493866,-94.17041175190595
65.85147905027605,-62.098713900699586,-94.16253598114108
65.84422075890919,-62.19844578309569,-94.05197708513897
65.83715492688852,-62.29819146235597,-94.03817886169949
65.8301131146327,-62.397938863525006,-93.88422178896789
65.82333935772076,-62.49770477905445,-93.86401511010384
65.81660078278884,-62.597473124574094,-93.66701810607647
65.81020528034706,-62.69726396828181,-93.63998560511307
65.80385685539967,-62.79705789926198,-93.40021034868536
65.797926116626,-62.896877398999244,-93.36602102126277
65.79205493549978,-62.99670054457183,-93.08362505357337
65.78667583558749,-63.09655123650928,-93.04204688629896
65.78136918683742,-63.196405984212504,-92.71708368755957
65.77662897587332,-63.29628898059468,-92.66798980272084
65.77197434006736,-63.39617624467443,-92.30041795993245
65.76796061902606,-63.496090997325396,-92.24378484854371
65.7640456466812,-63.59600998526742,-91.83348778648747
65.760846304752,-63.69595404591609,-91.76938416642486
65.75775877177055,-63.79590202388421,-91.31620192369425
65.75546187920544,-63.89587080320367,-91.24476674087855
65.75328961667131,-63.99584286147651,-92.78772780644539
65.74842652381885,-64.09571444461196,-93.03207525655417
65.74313725364676,-64.1955701143602,-92.9569986496563
65.73797883297395,-64.29543261518027,-92.94481571996516
65.73284164568874,-64.39529622450132,-92.8485779200826
65.7278722042913,-64.49516829832486,-92.83260484991142
65.72293060453265,-64.59504177704495,-92.71530316216986
65.71819348770923,-64.69492512792543,-92.69542877865172
65.7134910163808,-64.79481015144368,-90.97869033846406
65.71178316907593,-64.89478347465531,-90.6824472314728
65.71059215386676,-64.99477203721426,-90.93816110854308
65.70895490095624,-65.09475411623833,-90.98237422278689
65.70724049297603,-65.19473507425094,-91.19533943310432
65.70515447656017,-65.29470884950015,-91.23227295597464
65.70300401375286,-65.39468137907477,-91.40250687711537
65.70055653013233,-65.4946470012096,-91.43215864324824
65.69805731061689,-65.59461142018773,-91.55970811011233
65.69533556205278,-65.69456998442587,-91.5820502959892
65.69257483418541,-65.79452752311842,-91.66698825009283
65.68966592822025,-65.89448083997651,-91.68196615890965
65.6867308926073,-65.99443341235855,-91.72438449812188
65.68372185909627,-66.09438377955887,-91.73192029132237
65.68069967955176,-66.19433375499978,-91.73192029132262
65.67767750000726,-66.29428373044067,-91.73192029133075
65.67465532046275,-66.39423370588156,-91.68960195947433
65.6717069643556,-66.4941858813049,-91.68196615890223
65.66877192874266,-66.5941384536869,-91.59741787551967
65.66598439142922,-66.69409522853482,-91.58205029598942
65.66322366356185,-66.79405276722736,-91.45534009663265
65.66068400051539,-66.89401612213608,-91.43215864325599
65.65818478099993,-66.99398054111424,-91.26332850064003
65.65598013301076,-67.09395181057222,-91.232272955958
65.65382967020348,-67.19392434014686,-91.021337428942
65.65204727418188,-67.2939039840288,-90.98237422279587
65.65033286620165,-67.39388494204132,-90.72932485039162
65.64906004617809,-67.49387231603113,-90.68244723146448
65.64786903096893,-67.5938608785901,-92.3803824782182
65.64371619366463,-67.69376210865562,-92.69542877865285
65.6390137223362,-67.79364713217383,-92.81081744269899
65.63411010289944,-67.89352244453264,-92.83260484991223
65.62916850314079,-67.9933959232527,-92.9267091826788
65.62406287620375,-68.09326112511742,-92.94481571995536
65.61892568891855,-68.19312473443853,-93.01775655413469
65.61366137452961,-68.29298170701756,-93.03207525655928
65.60837210435751,-68.3928373767659,-93.08398851475445
65.60299236185492,-68.49268820492948,-93.09439490230355
65.59759448351785,-68.59253806256228,-93.12542749440317
65.59214252536844,-68.69238497894635,-93.13178318169086
65.58667949130276,-68.79223129294252,-93.142088523691
65.58119849877154,-68.89207662239264,-93.14424534978936
65.57571374767633,-68.99192174578512,-93.1339786696288
65.57024688767312,-69.09176785003,-93.1317831816823
65.56478385360745,-69.19161416402618,-93.10109677661968
65.55937429606162,-69.29146338645967,-93.09439490229563
65.55397641772458,-69.3913132440922,-93.04343351216369
65.54866735284072,-69.49116785453566,-93.03207525656101
65.54337808266862,-69.59102352428394,-92.96097171713467
65.53821273741612,-69.69088566360246,-92.94481571995661
65.53307555013092,-69.79074927292352,-92.85368706183972
65.52809720331719,-69.89062089737742,-92.8326048499094
65.52315560355854,-69.99049437609759,-92.72154900948046
65.5184075988311,-70.09037720132474,-92.69542877864396
65.51370512750269,-70.19026222484298,-92.56452208996947
65.50923088361738,-70.29015766938922,-92.53327184834305
65.50481112257528,-70.39005560166095,-92.38256748680425
65.50065414026018,-70.48996473000325,-92.34611738945668
65.49656071496813,-70.58987656628514,-92.17564494081248
65.49276457970294,-70.68980003132893,-92.1339486434608
65.48904115947559,-70.78972634068562,-91.943714973638
65.48564953949764,-70.88966432575906,-91.8967498304442
65.48233983495099,-70.98960519335405,-91.68674143408904
65.47939647379128,-71.08955735377363,-91.63450736263134
65.47654423111626,-71.18951232299253,-91.40469436920402
65.47409293396366,-71.28947772733078,-91.34721120404167
65.4717419256384,-71.38944574181384,-91.09755321997582
65.4698265388302,-71.48942281306684,-91.03485637569689
65.46802055038754,-71.58940215876173,-90.7653103405438
65.46668493332865,-71.68938861568617,-90.69744460605409
65.46546774579781,-71.78937686306723,-90.40797483569744
65.46475573462455,-71.8893696620376,-90.33498612389383
65.46417110227365,-71.9893636086786,-90.02557670864198
65.4641264646009,-72.08935888650122,-89.94750159112634
65.46421808761622,-72.18935450023031,-89.61817130655864
65.46488446774127,-72.28934751844518,-89.53502417056539
65.46569595949492,-72.3893398813584,-89.18584404579383
65.46711681348144,-72.48932497265669,-89.09760172237112
65.46869166205991,-72.5893082263134,-88.72871539266072
65.47091018219156,-72.6892787437992,-88.635299120761
65.47329170588489,-72.78924603597385,-88.2469460691633
65.47635073406344,-72.88919430610332,-88.1482006804915
65.47958203054937,-72.98913773951865,-89.6225328915334
65.48024074571023,-73.08912274946127,-90.0
65.48024074571023,-73.18911840516603,-90.0
65.48024074571023,-73.28911406087079,-90.0
65.48024074571023,-73.38910971657555,-90.0
65.48024074571023,-73.48910537228033,-90.0
65.48024074571023,-73.58910102798512,-90.0
65.48024074571023,-73.68909668368994,-90.0
65.48024074571023,-73.78909233939476,-90.0
65.48024074571023,-73.88908799509959,-90.0
65.48024074571023,-73.98908365080443,-90.0
65.48024074571023,-74.08907930650928,-90.0
65.48024074571023,-74.18907496221412,-90.0
65.48024074571023,-74.28907061791892,-90.0
65.48024074571023,-74.38906627362371,-90.0
65.48024074571023,-74.4890619293285,-90.0
65.48024074571023,-74.58905758503329,-90.0
65.48024074571023,-74.68905324073808,-90.0
65.48024074571023,-74.78904889644286,-90.0
65.48024074571023,-74.88904455214762,-90.0
65.48024074571023,-74.98904020785238,-90.0
65.48024074571023,-75.08903586355721,-90.0
65.48024074571023,-75.18903151926206,-90.0
65.48024074571023,-75.28902717496686,-90.0
65.48024074571023,-75.38902283067165,-90.0
65.48024074571023,-75.48901848637641,-90.0
65.48024074571023,-75.58901414208117,-90.0
65.48024074571023,-75.68900979778596,-90.0
65.48024074571023,-75.78900545349074,-90.0
65.48024074571023,-75.88900110919553,-90.0
65.48024074571023,-75.9889967649001,-90.0
65.48024074571023,-76.08899242060488,-90.0
65.48024074571023,-76.18898807630967,-90.0
65.48024074571023,-76.28898373201442,-90.0
65.48024074571023,-76.38897938771915,-90.0
65.48024074571023,-76.48897504342392,-90.0
65.48024074571023,-76.58897069912871,-90.0
65.48024074571023,-76.68896635483347,-90.0
65.48024074571023,-76.78896201053823,-90.0
65.48024074571023,-76.88895766624302,-90.0
65.48024074571023,-76.9889533219478,-90.0
65.48024074571023,-77.08894897765256,-90.0
65.48024074571023,-77.18894463335732,-90.0
65.48024074571023,-77.28894028906211,-90.0
65.48024074571023,-77.3889359447669,-90.0
65.48024074571023,-77.48893160047169,-90.0
65.48024074571023,-77.58892725617648,-90.0
65.48024074571023,-77.68892291188124,-90.0
65.48024074571023,-77.788918567586,-90.0
65.48024074571023,-77.88891422329075,-90.0
65.48024074571023,-77.98890987899551,-90.0
65.48024074571023,-78.0889055347003,-90.0
65.48024074571023,-78.18890119040509,-90.0
65.48024074571023,-78.28889684610984,-90.0
65.48024074571023,-78.38889250181457,-90.0
65.48024074571023,-78.48888815751934,-90.0
65.48024074571023,-78.58888381322413,-90.0
65.48024074571023,-78.68887946892892,-90.0
65.48024074571023,-78.7888751246337,-88.53033393648533
65.48280518481214,-78.88882933540091,-88.14820068049097
65.48603648129806,-78.98877276881622,-88.53422357810996
65.48859433839486,-79.08873511014251,-88.635299120761
65.49097586208819,-79.18870240231715,-89.00136887909639
65.49271862888503,-79.28868233341736,-89.09760172236895
65.4942934774635,-79.38866558707383,-89.44382379958853
65.49526412597277,-79.48865605074457,-89.53502417057366
65.4960756177264,-79.58864841365781,-89.86143908236623
65.49631744037274,-79.6886433491086,-89.94750159112634
65.49640906338806,-79.78863896283771,-90.25410429475515
65.49596559012492,-79.8886332574606,-90.33498612388573
65.49538095777405,-79.98862720410159,-90.62174268772483
65.49429588409917,-80.08861664181549,-90.69744460605398
65.49307869656833,-80.18860488919657,-90.9643062859183
65.4913958219925,-80.28858609616742,-91.03485637569719
65.48958983354983,-80.38856544186228,-91.28177123841186
65.48735300999229,-80.48853583029874,-91.34721120403314
65.48500200166704,-80.58850384478184,-91.57413345280396
65.48225509118876,-80.68846155540572,-91.63450736263134
65.47940284851374,-80.78841652462462,-91.8414045298638
65.47618968975277,-80.88836036831985,-91.89674983043497
65.47287998520613,-80.9883012359149,-92.08360801018699
65.4692443678479,-81.08823063496617,-92.13394864346954
65.46552094762055,-81.18815694432283,-92.30077594053971
65.461506594215,-81.28807187357137,-92.346117389457
65.45741316892294,-81.38798370985324,-92.4929457640514
65.45306372334909,-81.48788463801795,-92.53327184834342
65.44864396230699,-81.58778257028966,-92.66015753530397
65.44400298418253,-81.6876704016315,-92.69542877864357
65.43930051285412,-81.78755542514975,-92.8024514600638
65.43441147718865,-81.88743144159336,-92.83260484992036
65.42946987742998,-81.98730492031343,-92.91986575721552
65.4243761788268,-82.08717072408506,-92.94481571995661
65.4192389915416,-82.18703433340612,-93.01243484023017
65.41398395226075,-82.28689179019733,-93.03207525656187
65.40869468208865,-82.38674745994558,-93.08018781464335
65.40332156329298,-82.48659864257371,-93.09439490230399
65.39792368495591,-82.5864485002065,-93.12314728825902
65.39247570047141,-82.6862956327068,-93.13178318169042
65.38701266640572,-82.78614194670298,-93.14132849105684
65.38153299833515,-82.8859873487647,-93.14424534978981
65.37604824723994,-82.98583247215717,-93.1347387022549
65.3705800627761,-83.08567850379045,-93.13178318167505
65.36511702871044,-83.1855248177866,-93.10337698275951
65.35970349749974,-83.28537382410364,-93.09439490230487
65.35430561916267,-83.3852236817364,-93.04723421231749
65.34898993057189,-83.48507793771525,-93.03207525657
65.34370066039978,-83.5849336074635,-92.9662934312019
65.33852604003917,-83.68479526256979,-92.94481571994766
65.33338885275398,-83.78465887189088,-92.86053048771515
65.3283985776064,-83.88452989443782,-92.83260484991142
65.32345697784774,-83.98440337315792,-92.72991499300973
65.31869438934902,-84.08428549430023,-92.69542877864434
65.3139919180206,-84.18417051781846,-92.57441158618455
65.30950043242902,-84.28406517509603,-92.53327184833529
65.30508067138693,-84.38396310736775,-92.39398151248835
65.30090378677106,-84.48387138774348,-92.34611738945834
65.296810361479,-84.5837832240253,-92.18858451819925
65.29299166064419,-84.68370580639684,-92.13394864346985
65.28926824041683,-84.78363211575349,-91.95818106529497
65.28585138908159,-84.88356921296085,-91.89674983043605
65.28254168453495,-84.98351008055585,-91.70273486895474
65.2795704240606,-85.083461380957,-91.63450736264716
65.27671818138555,-85.18341635017593,-91.42221575956017
65.27423631535781,-85.28338095892018,-91.34721120403353
65.27188530703256,-85.38334897340324,-91.11660286971444
65.26993668099259,-85.48332535359745,-91.03485637569689
65.26813069254992,-85.58330469929234,-90.78588814449819
65.26675916617725,-85.68329061332794,-90.69744460605398
65.26554197864641,-85.78327886070902,-90.4300801702862
65.26479138970946,-85.88327131209749,-90.33498612389468
65.26420675735856,-85.98326525873824,-90.04920831401529
65.2641208767705,-86.08326043488982,-89.94750159111005
65.26421249978586,-86.18325604861893,-89.64332716052863
65.26483497713852,-86.28324926509194,-89.53502417057346
65.26564646889216,-86.38324162800514,-89.21252122986267
65.26702076789007,-86.48322727485137,-89.097601722371
65.26859561646855,-86.58321052850808,-88.75690995090966
65.27076493975076,-86.68318201944007,-88.63529912075325
65.2731464634441,-86.78314931161474,-88.27665286031655
65.27615366636688,-86.88309903682293,-88.14820068050778
65.27938496285277,-86.98304247023826,-89.50959538389085
65.28024074571019,-87.08302429529014,-90.0
65.28024074571019,-87.1830199509949,-90.0
65.28024074571019,-87.28301560669968,-90.0
65.28024074571019,-87.38301126240447,-90.0
65.28024074571019,-87.48300691810924,-90.0
65.28024074571019,-87.583002573814,-90.0
65.28024074571019,-87.68299822951876,-90.0
65.28024074571019,-87.78299388522352,-90.0
65.28024074571019,-87.88298954092829,-90.0
65.28024074571019,-87.98298519663308,-88.63940983148827
65.28261485550712,-88.08294248338923,-88.14820068048441
65.28584615199306,-88.18288591680462,-88.5055325555431
65.28845406226996,-88.28284685280612,-88.63529912076876
65.29083558596328,-88.38281414498073,-88.97413838058166
65.29262586740775,-88.48279313592035,-89.09760172237178
65.29420071598622,-88.58277638957713,-89.41805879144151
65.29521632761619,-88.68276631669592,-89.53502417056532
65.29602781936984,-88.78275867960912,-89.83714338561003
65.2963120436086,-88.88275342358081,-89.9475015911263
65.29640366662392,-88.98274903730983,-90.23128072809618
65.29600002604542,-89.08274343012728,-90.33498612388563
65.29541539369454,-89.1827373767683,-90.60039320416442
65.29436757868297,-89.28272715017891,-90.69744460606174
65.29315039115211,-89.38271539756005,-90.94443210209684
65.29150219803273,-89.48269712885664,-91.03485637568846
65.28969620959008,-89.58267647455156,-91.26337295649685
65.28749148870584,-89.68264753041724,-91.3472112040411
65.28514048038058,-89.78261554490035,-91.55721117427439
65.28242309352721,-89.88257402391427,-91.63450736263925
65.27957085085218,-89.98252899313319,-91.82595796119064
65.27638463743668,-90.08247366743994,-91.8967498304442
65.27307493289003,-90.18241453503494,-92.06963655999998
65.26946368414619,-90.28234479159319,-92.13394864346141
65.26574026391884,-90.38227110094985,-92.2882788083233
65.261747704492,-90.4821868826891,-92.34611738945668
65.25765427919994,-90.582098718971,-92.48192202015977
65.25332405540185,-90.68200046610748,-92.53327184833455
65.24890429435976,-90.78189839837923,-92.65060619246673
65.24427996839104,-90.88178699007035,-92.69542877863621
65.23957749706264,-90.98167201358858,-92.79437153627305
65.23470254650145,-91.08154871004206,-92.83260484991142
65.2297609467428,-91.18142218876216,-92.91325633008958
65.22467876860459,-91.28128857385953,-92.94481571997245
65.21954158131936,-91.3811521831806,-93.00729509279469
65.2142955000002,-91.48101010762726,-93.03207525657042
65.20900622982809,-91.5808657773755,-93.07651707280783
65.20363950825305,-91.6807173023479,-93.09439490230487
65.19824162991598,-91.78056715998066,-93.12094504981641
65.19279748322371,-91.8804145012079,-93.13178318167417
65.18733444915806,-91.98026081520408,-93.14059444645233
65.18185606026043,-92.08010628739456,-93.14424534979705
65.1763713091652,-92.17995141078706,-93.13547274687438
65.17090184552839,-92.27979737229161,-93.13178318168184
65.16543881146272,-92.3796436862878,-93.10557922119735
65.16002144245978,-92.4794924838782,-93.09439490230113
65.15462356412273,-92.57934234151082,-93.05090495417562
65.14930147831133,-92.6791962551454,-93.03207525655417
65.14401220813924,-92.77905192489364,-92.97143317876346
65.13882862981693,-92.87891311234449,-92.94481571995578
65.13369144253173,-92.97877672166558,-92.86713991517325
65.12868964691914,-93.07864716288677,-92.83260484991142
65.12374804716049,-93.17852064160687,-92.73799491747934
65.1189713735575,-93.27840208273933,-92.69542877865362
65.11426890222907,-93.37828710625752,-92.58396293032425
65.10976076448175,-93.47818100318574,-92.53327184832895
65.10534100343968,-93.57807893545738,-92.40500525861346
65.10114489704803,-93.67798639686136,-92.34611738945735
65.09705147175598,-93.77789823314322,-92.2010816539425
65.09321097694246,-93.87781996302408,-92.1339486434605
65.08948755671511,-93.97774627238078,-91.97215252073497
65.08604633676549,-94.07768251208114,-91.89674983044392
65.08273663221884,-94.17762337967615,-91.71818144508177
65.07973842639905,-94.27757384946572,-91.63450736264716
65.076886183724,-94.37752881868465,-91.43913804825483
65.07437479407137,-94.47749265903884,-91.34721120402538
65.07202378574614,-94.57746067352191,-91.13500116504244
65.07004305703286,-94.67743638628691,-91.03485637570503
65.06823706859018,-94.7774157319818,-90.80576234549376
65.06683086076106,-94.87740112169172,-90.69744460605398
65.06561367323022,-94.9773893690728,-90.45142967531874
65.06482582562998,-95.07738148476436,-90.33498612389401
65.06424119327909,-95.17737543140531,-90.07203190703554
65.0641154800064,-95.27737050936227,-89.94750159111815
65.06420710302173,-95.37736612309129,-89.66762288919477
65.06478717878196,-95.47735953104328,-89.5350241705652
65.0655986705356,-95.57735189395645,-89.23828627627266
65.06692800641282,-95.67733807735466,-89.09760172236311
65.06850285499131,-95.7773213310114,-88.78414049516645
65.07062466362586,-95.87729376210378,-88.63529912076062
65.0730061873192,-95.97726105427839,-88.30534393764718
65.07596333706186,-96.0772121848114,-88.1482006804923
65.07919463354779,-96.17715561822678,-89.4005163582605
65.0802407457102,-96.27713436728986,-90.0
65.0802407457102,-96.3771300229947,-90.0
65.0802407457102,-96.47712567869952,-90.0
65.0802407457102,-96.57712133440434,-90.0
65.0802407457102,-96.6771169901091,-90.0
65.0802407457102,-96.77711264581383,-90.0
65.0802407457102,-96.87710830151859,-90.0
65.0802407457102,-96.97710395722335,-88.74832796639988
65.08242480696846,-97.07706431543073,-88.1482006804991
65.08565610345437,-97.17700774884604,-88.4768837998869
65.08831399307492,-97.27696728159576,-88.63529912077651
65.09069551676822,-97.37693457377034,-88.94694800287436
65.0925332427686,-97.47691262593615,-89.09760172235458
65.0941080913471,-97.57689587959284,-89.39233174975828
65.09516859976993,-97.67688527095115,-89.53502417057346
65.09598009152357,-97.77687763386434,-89.81288349448587
65.09630665480562,-97.87687218663952,-89.94750159112631
65.09639827782094,-97.97686780036858,-90.20849080136739
65.09603441116744,-98.07686229123571,-90.33498612387768
65.09544977881657,-98.17685623787668,-90.57907519120091
65.09443916750577,-98.27684634648914,-90.69744460606212
65.09322197997491,-98.37683459387021,-90.9245872171117
65.09160841715124,-98.47681684871897,-91.03485637570576
65.08980242870855,-98.57679619441379,-91.24500180010445
65.08762976314104,-98.6767679167241,-91.347211204025
65.0852787548158,-98.7767359312072,-91.54031384728128
65.08259084803525,-98.87669517747769,-91.63450736263879
65.07973860536022,-98.97665014669663,-91.81053416995934
65.07657929754143,-99.07659565038969,-91.8967498304442
65.07326959299478,-99.17653651798469,-92.05568571351752
65.0696826769177,-99.27646763078472,-92.13394864345447
65.06595925669036,-99.37639394014133,-92.27580010680967
65.06198845909259,-99.4763105731137,-92.34611738946649
65.05789503380052,-99.57622240939551,-92.47091453492348
65.05358400342301,-99.67612497429563,-92.53327184833455
65.04916424238093,-99.77602290656738,-92.64106893737966
65.04455654400334,-99.87591225748619,-92.69542877864434
65.03985407267493,-99.97579728100442,-92.7863035304795
65.0349931864402,-100.0756746564646,-92.83260484991142
65.03005158668155,-100.1755481351847,-92.90665665226852
65.02498091201379,-100.27541510075028,-92.9448157199562
65.01984372472859,-100.37527871007136,-93.00216292700897
65.0146065881567,-100.4751371014836,-93.0320752565533
65.00931731798461,-100.57499277123186,-93.07285174578881
65.00395698419328,-100.67484463804361,-93.09439490231036
64.9985591058562,-100.77469449567646,-93.11874606002168
64.99311879129479,-100.87454204532253,-93.13178318169042
64.9876557572291,-100.97438835931871,-93.1398614846589
64.98217864561748,-101.07423390153447,-93.14424534978168
64.97669389452228,-101.17407902492694,-93.13620570866874
64.97122315359947,-101.27392491640619,-93.1317831816981
64.96576011953377,-101.37377123040238,-93.10777821099558
64.96033891839997,-101.47361981957393,-93.09439490229585
64.95494104006292,-101.57346967720672,-93.05457028121576
64.9496125664678,-101.67332324900202,-93.03207525656957
64.94432329629569,-101.77317891875029,-92.97656534463829
64.93913077322611,-101.87303963923553,-92.94481571995829
64.93399358594091,-101.97290324855653,-92.87373959322255
64.9289802868579,-102.07277310930951,-92.83260484991061
64.92403868709924,-102.17264658802964,-92.74606292379583
64.91924794916977,-102.27252735015539,-92.69542877864511
64.91454547784136,-102.37241237367358,-92.59350018637532
64.91002071250291,-102.47230551137417,-92.53327184833255
64.90560095146084,-102.57220344364568,-92.41601274550683
64.90138565164862,-102.67211008728604,-92.34611738946482
64.89729222635656,-102.77202192356793,-92.21356035810473
64.89342996971395,-102.87194280221566,-92.1339486434608
64.8897065494866,-102.97186911157235,-91.9861033711426
64.88624099687026,-103.0718044950307,-91.89674983044311
64.8829312923236,-103.17174536262576,-91.73360524191875
64.87990618090707,-103.27169500302904,-91.63450736265553
64.87705393823201,-103.37164997224795,-91.4560353828674
64.87451306850657,-103.47161304534556,-91.34721120402578
64.87216206018134,-103.5715810598286,-91.15337233146477
64.87014927615135,-103.67155610614897,-91.03485637571288
64.86834328770865,-103.77153545184389,-90.8256072433484
64.8669024495838,-103.87152031800163,-90.69744460604555
64.86568526205298,-103.97150856538275,-90.47274770436347
64.86486021075196,-104.07150034587269,-90.33498612389377
64.86427557840106,-104.17149429251371,-90.09482185350049
64.86411009120336,-104.27148927242104,-89.94750159112634
64.86420171421868,-104.37148488615014,-89.69188280417762
64.86473945093564,-104.47147848529877,-89.53502417056546
64.8655509426893,-104.571470848212,-89.26401334659049
64.86683538177364,-104.67145756737067,-89.09760172236285
64.86841023035213,-104.77144082102737,-88.81133090708995
64.87048459443079,-104.87141419089376,-88.63529912076139
64.87286611812412,-104.97138148306843,-88.33399273427699
64.87577328852316,-105.07133401685311,-88.14820068050724
64.87900458500906,-105.17127745026842,-89.29159588038054
64.88024074571013,-105.27125312788013,-90.0
64.88024074571013,-105.37124878358492,-90.0
64.88024074571013,-105.47124443928969,-90.0
64.88024074571013,-105.57124009499445,-90.0
64.88024074571013,-105.67123575069921,-90.0
64.88024074571013,-105.77123140640397,-90.0
64.88024074571013,-105.87122706210855,-90.0
64.88024074571013,-105.97122271781339,-90.0
64.88024074571013,-106.07121837351822,-90.0
64.88024074571013,-106.17121402922304,-90.0
64.88024074571013,-106.27120968492783,-90.0
64.88024074571013,-106.37120534063259,-88.85757028379949
64.88223419689709,-106.47116877936642,-88.14820068048283
64.88546549338302,-106.57111221278173,-88.4481503535848
64.88817351002018,-106.67107033813363,-88.63529912076139
64.89055503371351,-106.7710376303083,-88.91967724990843
64.89244034445325,-106.87101474092661,-89.09760172237125
64.89401519303172,-106.97099799458334,-89.36652866211122
64.8951207309031,-107.0709868485982,-89.53502417055718
64.89593222265677,-107.1709792115114,-89.78855189736883
64.89630125008041,-107.27097357252504,-89.94750159111814
64.89639287309575,-107.37096918625404,-90.18563351633173
64.89606889788647,-107.47096377546059,-90.33498612389393
64.89548426553557,-107.57095772210157,-90.55769417284255
64.8945109678506,-107.6709481669062,-90.6974446060535
64.89329378031975,-107.77093641428735,-90.90468368275751
64.89171495011323,-107.87091919423531,-91.0348563757136
64.88990896167053,-107.97089853993016,-91.22657635169081
64.88776844613292,-108.07087093065425,-91.34721120401686
64.8854174378077,-108.17083894513735,-91.52336658544719
64.88275909820416,-108.27079896093139,-91.63450736265507
64.8799068555291,-108.37075393015033,-91.79506479980279
64.87677453280449,-108.47070026568028,-91.89674983043551
64.87346482825785,-108.5706411332753,-92.04169364195916
64.86990231674272,-108.67057310484758,-92.13394864346111
64.86617889651538,-108.77049941420425,-92.26328453130789
64.86222992504594,-108.87041690092494,-92.34611738946482
64.85813649975387,-108.97032873720683,-92.4598745237984
64.85384471950732,-109.07023212228684,-92.53327184833218
64.84942495846525,-109.17013005455836,-92.63150350126823
64.84483393680802,-109.27002016694813,-92.69542877864434
64.8401314654796,-109.36990519046635,-92.77821168541729
64.83528468512694,-109.46978324693949,-92.83260484991223
64.83034308536828,-109.56965672565956,-92.9000374740371
64.82528394816003,-109.66952427340844,-92.94481571996349
64.82014676087482,-109.76938788272955,-92.99701559708778
64.81491859547907,-109.86924674248709,-93.03207525655417
64.80962932530699,-109.96910241223533,-93.06917558883126
64.80427539817322,-110.06895462189631,-93.09439490230487
64.79887751983615,-110.16880447952907,-93.11654057289807
64.79344104872833,-110.26865223820973,-93.13178318169042
64.78797801466264,-110.3684985522059,-93.13912635720217
64.78250218411098,-110.46834416465386,-93.14424534978936
64.77701743301577,-110.56818928804634,-93.13694083610967
64.77154541103302,-110.66803510929338,-93.13178318168318
64.76608237696735,-110.76788142328954,-93.10998369812255
64.76065733237996,-110.86772980342646,-93.09439490229585
64.75525945404291,-110.96757966105925,-93.05824643818295
64.74992457379025,-111.06743289000525,-93.03207525656957
64.74463530361814,-111.16728855975352,-92.98171267461754
64.73943380937241,-111.26714881189348,-92.9448157199562
64.73429662208721,-111.36701242121455,-92.88035877161096
64.72927178554468,-111.46688169978425,-92.83260484990981
64.72433018578603,-111.56675517850441,-92.75415476920062
64.7195253419745,-111.66663525961724,-92.69542877864434
64.71482287064609,-111.76652028313546,-92.60306562313771
64.7102814285873,-111.86641265936505,-92.53327184833708
64.70586166754521,-111.9663105916367,-92.42705275775263
64.70162711760202,-112.06621641509714,-92.34611738945668
64.69753369230996,-112.16612825137904,-92.22607593536033
64.69364960953904,-112.26604827627844,-92.13394864346171
64.68992618931169,-112.36597458563509,-92.00009544535274
64.68643623213335,-112.46590911032122,-91.89674983044311
64.6831265275867,-112.56584997791627,-91.74907461579726
64.680074431076,-112.66579878648271,-91.63450736263879
64.67722218840096,-112.76575375570165,-91.47298264978657
64.67465175149852,-112.86571605927574,-91.34721120403353
64.67230074317327,-112.96568407375881,-91.17179778657867
64.67025580911337,-113.06565845166537,-91.03485637569719
64.6684498206707,-113.16563779736023,-90.84551078628137
64.6669742499287,-113.26562213841876,-90.69744460604595
64.66575706239787,-113.36561038579983,-90.49412873344231
64.66489469747104,-113.46560183009764,-90.33498612389387
64.66431006512015,-113.56559577673863,-90.11767915170371
64.66410468647823,-113.66559065830648,-89.94750159111815
64.66419630949356,-113.7655862720355,-89.71621441722964
64.66469158206893,-113.86558006294557,-89.53502417057334
64.66550307382256,-113.96557242585874,-89.28981645335007
64.66674248345836,-114.06555968236087,-89.09760172236336
64.66831733203685,-114.16554293601763,-88.8386016829143
64.67034411137612,-114.26551724743157,-88.63529912076139
64.67272563506945,-114.36548453960624,-88.36272620792732
64.6755826784519,-114.46543848078886,-88.1482006805007
64.67881397493781,-114.56538191420425,-89.18235199910599
64.68024074571017,-114.66535451128952,-90.0
64.68024074571017,-114.76535016699428,-90.0
64.68024074571017,-114.86534582269904,-90.0
64.68024074571017,-114.9653414784038,-90.0
64.68024074571017,-115.06533713410857,-90.0
64.68024074571017,-115.16533278981336,-88.96633142844041
64.68204442912479,-115.26529929546099,-88.14820068049255
64.68527572561071,-115.36524272887638,-88.41954385114354
64.68803364775499,-115.46519945304964,-88.63529912076022
64.69041517144832,-115.56516674522422,-88.89252698141576
64.69234785665222,-115.66514291845562,-89.09760172236068
64.6939227052307,-115.76512617211208,-89.34083957713133
64.69507307356712,-115.86511449115798,-89.5350241705736
64.69588456532075,-115.96510685407121,-89.76432780374053
64.6962958692385,-116.06510102417079,-89.94750159111818
64.69638749225383,-116.16509663789986,-90.16287722273933
64.69610323220996,-116.26509132501124,-90.33498612388583
64.69551859985908,-116.3650852716522,-90.53640762495736
64.69458245091235,-116.46507605116328,-90.69744460606184
64.6933652633815,-116.5650642985444,-90.88486809213089
64.69182101230999,-116.66504760127113,-91.03485637568889
64.69001502386733,-116.765026946966,-91.20823231735271
64.68790651628983,-116.86500000315017,-91.34721120404981
64.68555550796455,-116.96496801763324,-92.53140472166324
64.68113976042325,-117.06484894681527,-93.48309820311447
64.67506461484724,-117.16465988692738,-93.35963811653343
64.66920456542817,-117.26448349681984,-93.2588831741173
64.6635200545747,-117.3643174464371,-93.13611423595471
64.6580494834137,-117.46416315760489,-93.0345681812566
64.65275586855199,-117.56401859712386,-92.91239801262536
64.64767519415517,-117.66388490707287,-92.81016003843112
64.64277271879779,-117.76376031393164,-92.68850298480221
64.6380823303338,-117.86364571481127,-92.58566557665681
64.63357122018083,-117.96353956369612,-92.46444273853314
64.62927147734908,-118.06344254268448,-92.36109164274423
64.62515194023642,-118.16335330573737,-92.24023090412582
64.62124317314495,-118.26327234542927,-92.13644509817334
64.6175153989965,-118.36319849245665,-92.01588115255035
64.61399790804975,-118.46313207125404,-91.91173281778376
64.61066206883375,-118.56307206993603,-91.79140719176422
64.60753612463041,-118.66301866244093,-91.68696168850734
64.60459237431984,-118.76297097854186,-91.5668227631341
64.60185821756059,-118.86292905595124,-91.46213860813369
64.59930669209771,-118.9628921535305,-91.34214163775503
64.59696453350307,-119.06286018403323,-91.23727048406596
64.59480535076806,-119.16283252565675,-91.11737761273437
64.59285537100645,-119.26280897483213,-91.01236423197653
64.59108863079021,-119.36278902178569,-90.89254450755159
64.58953098041619,-119.46277235300356,-90.78742677463802
64.58815676439727,-119.56275856550396,-90.667656160303
64.58699156379998,-119.66274724032581,-90.56246504056415
64.58600993552574,-119.76273807773485,-90.44272642398343
64.58523727488776,-119.86273055631628,-90.3374859627289
64.58464827975969,-119.9627244773544,-89.23236171164862
64.58598774391017,-120.0626948042074,-88.26058681410764
64.58902299445487,-120.16264438356596,-88.39988386238736
64.59181523235203,-120.26260078598924,-88.52287170869505
64.59439291000542,-120.36256321261922,-88.64875243753728
64.596750955806,-120.46253084756543,-88.76023075895388
64.5989144984864,-120.56250309492893,-88.87276221544907
64.60088168381716,-120.66247922761687,-88.97264097042644
64.60267458960959,-120.76245880877542,-89.07186939483346
64.60429433973117,-120.86244121176175,-89.16008539236573
64.60576015108042,-120.96242612340806,-89.2460421009479
64.60707595939647,-121.06241302143373,-89.32255191428541
64.60825825044373,-121.16240168752994,-89.39525790348792
64.60931365830861,-121.26239170167844,-89.46003220118418
64.61025602501178,-121.36238291681667,-89.51950163713964
64.61109460619522,-121.46237500819205,-89.5725207687485
64.61184065886812,-121.5623678807643,-89.61876352926
64.61250600802333,-121.66236129384798,-89.66001419972294
64.61309936592521,-121.76235518909274,-89.69303763747803
64.61363509039897,-121.86234939489763,-89.72251050215712
64.61411937800358,-121.96234387787223,-89.74232059945504
64.61456909232115,-122.06233851697641,-89.76000861007185
64.61498793689277,-122.16233329548534,-89.76661069543259
64.61539525924819,-122.26232812100011,-89.77250802665999
64.61579228935172,-122.36232298850298,-89.76590722443248
64.61620083943208,-122.46231780900894,-89.76000861008006
64.6166196840037,-122.5623125875179,-89.74021019440094
64.61707308147517,-122.66230720998932,-89.72251050215712
64.61755736907978,-122.76230169296392,-89.68952032611476
64.61809923206323,-122.86229586569121,-89.6600141997149
64.61869258996512,-122.962289760936,-89.61383937123446
64.61936653282878,-123.06228311646336,-89.57252076875653
64.62011258550166,-123.16227598903558,-89.51317074412226
64.62096221529877,-123.26226798713006,-89.46003220118409
64.62190458200195,-123.36225920226828,-90.63459746141142
64.62079727974825,-123.4622299007445,-91.68696168850782
64.61785352943767,-123.5621822168454,-91.88417373502213
64.61456577893514,-123.66212327602481,-92.06154796882991
64.61096863154448,-123.7620542106271,-92.25814970344686
64.60702862921025,-123.86197168189543,-92.43595802768097
64.6027785457627,-123.96187697680269,-92.63174106564543
64.59818712996982,-124.06176663424182,-92.81016003844819
64.5932846546124,-124.16164204110056,-93.00488460079741
64.58804280105188,-124.26149967888149,-93.18412228080908
64.58248856070809,-124.36134096079452,-93.37751742093722
64.5765973814701,-124.46116239617614,-93.55781315681475
64.57039208544028,-124.56096532930444,-93.74957701685474
64.56385282796946,-124.66074640559694,-93.93120120674959
64.55699726747979,-124.76050678074763,-94.12100130335132
64.5498113134069,-124.86024337023558,-94.30425512460162
64.54230636110783,-124.95995699443421,-94.49172866378649
64.53447522496002,-125.05964500125513,-94.67694377377433
64.52632183437424,-125.15930769930101,-93.69359583428943
64.51988100054321,-125.25908072881539,-92.69542877865324
64.51517852921478,-125.35896575233359,-92.61532992748049
64.51061570513603,-125.45885715224487,-92.53327184833708
64.50619594409395,-125.55875508451652,-92.4412076861905
64.50193671263808,-125.65865985638513,-92.34611738946334
64.49784328734603,-125.75857169266673,-92.24212275674118
64.49393122025313,-125.85849062293464,-92.13394864345447
64.4902078000258,-125.95841693229124,-92.01803535464877
64.48668655259249,-126.05835035590499,-91.89674983045153
64.48337684804582,-126.15829122350003,-91.76890864239905
64.48029015265654,-126.25823896552865,-91.63450736263925
64.4774379099815,-126.35819393474756,-91.49471155461093
64.4748295635887,-126.45815525167873,-91.34721120403353
64.47247855526345,-126.5581232661618,-91.19542194824416
64.47039240011408,-126.65809678706314,-91.03485637569703
64.46858641167141,-126.75807613275802,-90.87103007629028
64.46706630858144,-126.8580598005619,-90.6974446060535
64.4658491210506,-126.95804804794305,-90.52154238057534
64.46493891454129,-127.05803906119296,-90.33498612389387
64.4643542821904,-127.15803300783395,-90.14698559583444
64.46409775682181,-127.25802776331616,-89.94750159112628
64.46418937983714,-127.35802337704517,-89.74741115289905
64.46463020710762,-127.45801741382182,-89.53502417056532
64.46544169886127,-127.55800977673502,-89.32289986365423
64.46662337408964,-127.65799772219086,-89.097601722371
64.46819822266811,-127.75798097584756,-88.87356686433361
64.47016399133945,-127.85795649446452,-88.63529912076837
64.47254551503276,-127.9579237866391,-88.39956678673983
64.47533828817218,-128.0578795323137,-88.14820068050699
64.47856958465808,-128.157822965729,-89.04228415704597
64.48024074571015,-128.25779161312408,-90.0
64.48024074571015,-128.35778726882884,-90.0
64.48024074571015,-128.4577829245336,-90.0
64.48024074571015,-128.55777858023836,-90.0
64.48024074571015,-128.65777423594312,-90.0
64.48024074571015,-128.75776989164788,-90.0
64.48024074571015,-128.85776554735264,-90.0
64.48024074571015,-128.9577612030574,-89.10656018826712
64.48179975807874,-129.05773166293247,-88.14820068049072
64.48503105456466,-129.15767509634776,-88.38266094796225
64.48785332078847,-129.25763001395583,-88.63529912076856
64.49023484448179,-129.35759730613043,-88.85752163008682
64.49222861044538,-129.45757227077186,-89.09760172236298
64.49380345902387,-129.55755552442858,-89.30771815877522
64.49501162809557,-129.65754315372925,-89.53502417057354
64.4958231198492,-129.75753551664246,-89.73309522756828
64.496288931621,-129.857529440593,-89.9475015911182
64.49638055463633,-129.9575250543221,-90.13353710980896
64.49614750007872,-130.05751986766404,-90.33498612388578
64.49556286772784,-130.15751381430502,-90.5089624835693
64.49467461532612,-130.25750502535922,-90.69744460606212
64.49345742779526,-130.3574932727403,-90.85931948422855
64.49195776023245,-130.45747724949516,-91.03485637569689
64.49015177178978,-130.55745659519005,-91.18458101501871
64.48808453265836,-130.65743050936402,-91.34721120402578
64.48573352433313,-130.75739852384706,-91.48474033917599
64.48314257429276,-130.85736029354052,-91.63450736264646
64.48029033161771,-130.9573152627595,-91.75980697099861
64.47721951336842,-131.05726349421354,-91.89674983043551
64.47390980882179,-131.15720436180857,-92.00980287810117
64.47040292022838,-131.25713829069548,-92.13394864346171
64.46667950000104,-131.35706460005213,-92.23475900267094
64.46278027468264,-131.45698403263742,-92.34611738946515
64.45868684939057,-131.5568958689193,-92.43471210620345
64.4544389440773,-131.6568011233547,-92.53327184833672
64.45001918303521,-131.75669905562637,-92.60970193931415
64.44546617098906,-131.85659090356208,-92.69542877864511
64.44076369966065,-131.95647592708028,-92.75976873594959
64.43594906945982,-132.05635553571938,-92.83260484991142
64.43100746970117,-132.15622901443948,-92.88495103022157
64.42597462869146,-132.25609788910157,-92.94481571996414
64.42083744140626,-132.35596149842237,-92.98528379307929
64.41562972313133,-132.4558214256334,-93.03207525656015
64.41034045295923,-132.5556770953817,-93.06079688512614
64.40500112789093,-132.6555300864655,-93.0943949022941
64.39960324955388,-132.75537994409834,-93.11151382262146
64.39417553845242,-132.8552281792111,-93.13178318169042
64.38871250438673,-132.9550744932073,-93.13745085338296
64.38323959362924,-133.0549202657286,-93.14424534978981
64.37775484253403,-133.15476538912108,-93.13861633992799
64.3722799007571,-133.25461105029478,-93.1317831816823
64.36681686669144,-133.35445736429097,-93.11501044839865
64.36138306209769,-133.4543052679958,-93.09439490230399
64.35598518376062,-133.5541551256286,-93.06662514190022
64.35063570144249,-133.65400757315186,-93.03207525657085
64.34534643127037,-133.75386324290008,-92.9934444786576
64.34012448990381,-133.85372242758658,-92.94481571996475
64.3349873026186,-133.95358603690764,-92.89544521549053
64.32993616987753,-134.0534539885641,-92.83260484991142
64.32499457011888,-134.15332746728419,-92.77259771881349
64.3201575761555,-134.25320599623103,-92.6954287786428
64.31545510482708,-134.35309101974931,-92.62486718534193
64.31087565315721,-134.45298166043298,-92.53327184833744
64.30645589211512,-134.5528795927046,-92.4522151757756
64.30217746723869,-134.6527835468096,-92.34611738945635
64.29808404194664,-134.7526953830915,-92.25460146470635
64.29415021302465,-134.8526134621263,-92.1339486434605
64.2904267927973,-134.952539771483,-92.0319862102439
64.28688121269725,-135.05247233885473,-91.89674983043605
64.28357150815062,-135.15241320644972,-91.78433244608632
64.28045790716459,-135.25236011909206,-91.6345073626546
64.27760566448953,-135.35231508831103,-91.51160889808163
64.27496783802391,-135.4522756379857,-91.34721120403353
64.27261682969866,-135.55224365246877,-91.21379312590403
64.27049861923261,-135.6522165069252,-91.03485637570533
64.26869263078993,-135.75219585262008,-90.89087498820848
64.26713789740424,-135.85217899687171,-90.69744460606174
64.26592070987338,-135.95216724425285,-90.54286042698571
64.2649732996633,-136.0521579223011,-90.3349861238856
64.26438866731242,-136.15215186894213,-90.16977556346716
64.26409236801882,-136.25214652637467,-89.9475015911182
64.26418399103416,-136.35214214010378,-89.77167109338902
64.26458247926135,-136.45213636807705,-89.53502417056525
64.265393971015,-136.55212873099023,-89.34862696430106
64.26653074945047,-136.65211721220655,-89.09760172236324
64.26810559802895,-136.7521004658633,-88.90075731182567
64.27002392214438,-136.852076923254,-88.63529912076042
64.2724054458377,-136.9520442154286,-88.4282156244353
64.2751482396335,-137.05200136435494,-88.14820068049177
64.27837953611942,-137.15194479777028,-88.93336147218277
64.28024074571016,-137.2519103737141,-90.0
64.28024074571016,-137.3519060294189,-90.0
64.28024074571016,-137.4519016851237,-90.0
64.28024074571016,-137.55189734082848,-90.0
64.28024074571016,-137.65189299653326,-90.0
64.28024074571016,-137.75188865223805,-90.0
64.28024074571016,-137.85188430794284,-90.0
64.28024074571016,-137.9518799636476,-90.0
64.28024074571016,-138.0518756193524,-90.0
64.28024074571016,-138.15187127505723,-90.0
64.28024074571016,-138.25186693076205,-90.0
64.28024074571016,-138.35186258646686,-90.0
64.28024074571016,-138.45185824217168,-90.0
64.28024074571016,-138.55185389787644,-90.0
64.28024074571016,-138.6518495535812,-90.0
64.28024074571016,-138.75184520928596,-90.0
64.28024074571016,-138.85184086499072,-90.0
64.28024074571016,-138.95183652069548,-90.0
64.28024074571016,-139.0518321764,-90.0
64.28024074571016,-139.1518278321048,-90.0
64.28024074571016,-139.2518234878096,-90.0
64.28024074571016,-139.35181914351438,-90.0
64.28024074571016,-139.4518147992192,-90.0
64.28024074571016,-139.55181045492404,-90.0
64.28024074571016,-139.65180611062885,-90.0
64.28024074571016,-139.75180176633367,-90.0
64.28024074571016,-139.85179742203846,-90.0
64.28024074571016,-139.9517930777432,-90.0
64.28024074571016,-140.05178873344795,-90.0
64.28024074571016,-140.15178438915274,-90.0
64.28024074571016,-140.25178004485753,-90.0
64.28024074571016,-140.3517757005623,-90.0
64.28024074571016,-140.4517713562671,-90.0
64.28024074571016,-140.55176701197186,-90.0
64.28024074571016,-140.65176266767662,-90.0
64.28024074571016,-140.75175832338138,-90.0
64.28024074571016,-140.85175397908614,-90.0
64.28024074571016,-140.95174963479093,-90.0
64.28024074571016,-141.0517452904957,-90.0
64.28024074571016,-141.15174094620042,-90.0
64.28024074571016,-141.25173660190518,-90.0
64.28024074571016,-141.35173225761,-90.0
64.28024074571016,-141.4517279133148,-90.0
64.28024074571016,-141.55172356901957,-90.0
64.28024074571016,-141.65171922472433,-90.0
64.28024074571016,-141.7517148804291,-90.0
64.28024074571016,-141.85171053613385,-90.0
64.28024074571016,-141.95170619183864,-90.0
64.28024074571016,-142.05170184754343,-90.0
64.28024074571016,-142.15169750324822,-90.0
64.28024074571016,-142.25169315895297,-90.0
64.28024074571016,-142.35168881465748,-90.0
64.28024074571016,-142.45168447036224,-90.0
64.28024074571016,-142.55168012606703,-90.0
64.28024074571016,-142.65167578177181,-90.0
64.28024074571016,-142.7516714374766,-90.0
64.28024074571016,-142.8516670931814,-90.0
64.28024074571016,-142.95166274888615,-90.0
64.28024074571016,-143.0516584045909,-90.0
64.28024074571016,-143.15165406029567,-90.0
64.28024074571016,-143.25164971600043,-90.0
64.28024074571016,-143.35164537170522,-90.0
64.28024074571016,-143.45164102741,-90.0
64.28024074571016,-143.55163668311476,-90.0
64.28024074571016,-143.65163233881952,-90.0
64.28024074571016,-143.7516279945243,-90.0
64.28024074571016,-143.85162365022907,-90.0
64.28024074571016,-143.9516193059338,-90.0
64.28024074571016,-144.05161496163856,-90.0
64.28024074571016,-144.15161061734335,-90.0
64.28024074571016,-144.25160627304814,-90.0
64.28024074571016,-144.35160192875293,-90.0
64.28024074571016,-144.45159758445774,-90.0
64.28024074571016,-144.5515932401626,-90.0
64.28024074571016,-144.6515888958674,-90.0
64.28024074571016,-144.7515845515722,-90.0
64.28024074571016,-144.85158020727698,-90.0
64.28024074571016,-144.9515758629818,-90.0
64.28024074571016,-145.05157151868664,-90.0
64.28024074571016,-145.1515671743915,-90.0
64.28024074571016,-145.2515628300963,-90.0
64.28024074571016,-145.3515584858011,-90.0
64.28024074571016,-145.45155414150588,-90.0
64.28024074571016,-145.55154979721064,-90.0
64.28024074571016,-145.65154545291517,-90.0
64.28024074571016,-145.75154110861993,-90.0
64.28024074571016,-145.8515367643247,-90.0
64.28024074571016,-145.95153242002948,-90.0
64.28024074571016,-146.0515280757343,-90.0
64.28024074571016,-146.15152373143914,-90.0
64.28024074571016,-146.25151938714396,-90.0
64.28024074571016,-146.35151504284877,-90.0
64.28024074571016,-146.45151069855356,-90.0
64.28024074571016,-146.5515063542583,-90.0
64.28024074571016,-146.65150200996305,-90.0
64.28024074571016,-146.75149766566784,-90.0
64.28024074571016,-146.85149332137263,-90.0
64.28024074571016,-146.95148897707742,-90.0
64.28024074571016,-147.0514846327822,-90.0
64.28024074571016,-147.15148028848697,-90.0
64.28024074571016,-147.25147594419172,-90.0
64.28024074571016,-147.35147159989648,-90.0
64.28024074571016,-147.45146725560124,-90.0
64.28024074571016,-147.55146291130603,-90.0
64.28024074571016,-147.6514585670108,-90.0
64.28024074571016,-147.75145422271552,-90.0
64.28024074571016,-147.85144987842028,-90.0
64.28024074571016,-147.9514455341251,-90.0
64.28024074571016,-148.05144118982992,-90.0
64.28024074571016,-148.15143684553468,-90.0
64.28024074571016,-148.25143250123944,-90.0
64.28024074571016,-148.3514281569442,-90.0
64.28024074571016,-148.45142381264895,-90.0
64.28024074571016,-148.55141946835374,-90.0
64.28024074571016,-148.65141512405853,-90.0
64.28024074571016,-148.7514107797633,-90.0
64.28024074571016,-148.85140643546805,-90.0
64.28024074571016,-148.95140209117258,-90.0
64.28024074571016,-149.05139774687734,-90.0
64.28024074571016,-149.15139340258213,-90.0
64.28024074571016,-149.25138905828692,-90.0
64.28024074571016,-149.3513847139917,-90.0
64.28024074571016,-149.4513803696965,-90.0
64.28024074571016,-149.55137602540125,-90.0
64.28024074571016,-149.651371681106,-90.0
64.28024074571016,-149.75136733681077,-90.0
64.28024074571016,-149.85136299251553,-90.0
64.28024074571016,-149.95135864822032,-90.0
64.28024074571016,-150.0513543039251,-90.0
64.28024074571016,-150.15134995962987,-90.0
64.28024074571016,-150.25134561533463,-90.0
64.28024074571016,-150.35134127103942,-90.0
64.28024074571016,-150.45133692674418,-90.0
64.28024074571016,-150.5513325824489,-90.0
64.28024074571016,-150.65132823815367,-90.0
64.28024074571016,-150.75132389385845,-90.0
64.28024074571016,-150.85131954956324,-90.0
64.28024074571016,-150.95131520526803,-90.0
64.28024074571016,-151.05131086097282,-90.0
64.28024074571016,-151.1513065166776,-90.0
64.28024074571016,-151.25130217238237,-90.0
64.28024074571016,-151.3512978280871,-90.0
64.28024074571016,-151.45129348379186,-90.0
64.28024074571016,-151.55128913949665,-90.0
64.28024074571016,-151.65128479520143,-90.0
64.28024074571016,-151.7512804509062,-90.0
64.28024074571016,-151.85127610661095,-90.0
64.28024074571016,-151.95127176231574,-90.0
64.28024074571016,-152.05126741802053,-90.0
64.28024074571016,-152.1512630737253,-90.0
64.28024074571016,-152.25125872942982,-90.0
64.28024074571016,-152.3512543851346,-90.0
64.28024074571016,-152.4512500408394,-90.0
64.28024074571016,-152.55124569654416,-90.0
64.28024074571016,-152.65124135224892,-90.0
64.28024074571016,-152.7512370079537,-90.0
64.28024074571016,-152.8512326636585,-90.0
64.28024074571016,-152.95122831936325,-90.0
64.28024074571016,-153.051223975068,-90.0
64.28024074571016,-153.15121963077277,-90.0
64.28024074571016,-153.25121528647753,-90.0
64.28024074571016,-153.3512109421823,-90.0
64.28024074571016,-153.45120659788705,-90.0
64.28024074571016,-153.55120225359184,-90.0
64.28024074571016,-153.65119790929663,-90.0
64.28024074571016,-153.75119356500142,-90.0
64.28024074571016,-153.8511892207062,-90.0
64.28024074571016,-153.95118487641096,-90.0
64.28024074571016,-154.05118053211572,-90.0
64.28024074571016,-154.15117618782048,-90.0
64.28024074571016,-154.25117184352524,-90.0
64.28024074571016,-154.35116749923003,-90.0
64.28024074571016,-154.45116315493482,-90.0
64.28024074571016,-154.55115881063958,-90.0
64.28024074571016,-154.65115446634434,-90.0
64.28024074571016,-154.7511501220491,-90.0
64.28024074571016,-154.85114577775386,-90.0
64.28024074571016,-154.95114143345864,-90.0
64.28024074571016,-155.05113708916343,-90.0
64.28024074571016,-155.1511327448682,-90.0
64.28024074571016,-155.25112840057295,-90.0
64.28024074571016,-155.35112405627774,-90.0
64.28024074571016,-155.45111971198253,-90.0
64.28024074571016,-155.55111536768706,-90.0
64.28024074571016,-155.65111102339182,-90.0
64.28024074571016,-155.75110667909658,-90.0
64.28024074571016,-155.85110233480134,-90.0
64.28024074571016,-155.95109799050613,-90.0
64.28024074571016,-156.05109364621092,-90.0
64.28024074571016,-156.1510893019157,-90.0
64.28024074571016,-156.25108495762046,-90.0
64.28024074571016,-156.35108061332522,-90.0
64.28024074571016,-156.45107626902998,-90.0
64.28024074571016,-156.55107192473474,-90.0
64.28024074571016,-156.65106758043953,-90.0
64.28024074571016,-156.75106323614435,-90.0
64.28024074571016,-156.8510588918491,-90.0
64.28024074571016,-156.95105454755387,-90.0
64.28024074571016,-157.05105020325863,-90.0
64.28024074571016,-157.15104585896339,-90.0
64.28024074571016,-157.25104151466815,-90.0
64.28024074571016,-157.3510371703729,-90.0
64.28024074571016,-157.4510328260777,-90.0
64.28024074571016,-157.55102848178248,-90.0
64.28024074571016,-157.65102413748727,-90.0
64.28024074571016,-157.75101979319203,-90.0
64.28024074571016,-157.8510154488968,-90.0
64.28024074571016,-157.95101110460155,-90.0
64.28024074571016,-158.05100676030634,-90.0
64.28024074571016,-158.1510024160111,-90.0
64.28024074571016,-158.25099807171586,-90.0
64.28024074571016,-158.35099372742064,-90.0
64.28024074571016,-158.45098938312543,-90.0
64.28024074571016,-158.5509850388302,-90.0
64.28024074571016,-158.65098069453495,-90.0
64.28024074571016,-158.7509763502397,-90.0
64.28024074571016,-158.8509720059445,-90.0
64.28024074571016,-158.95096766164906,-90.0
64.28024074571016,-159.05096331735385,-90.0
64.28024074571016,-159.1509589730586,-90.0
64.28024074571016,-159.25095462876337,-90.0
64.28024074571016,-159.35095028446813,-90.0
64.28024074571016,-159.45094594017291,-90.0
64.28024074571016,-159.55094159587767,-90.0
64.28024074571016,-159.65093725158243,-90.0
64.28024074571016,-159.7509329072872,-90.0
64.28024074571016,-159.85092856299195,-90.0
64.28024074571016,-159.95092421869674,-90.0
64.28024074571016,-160.05091987440153,-90.0
64.28024074571016,-160.1509155301063,-90.0
64.28024074571016,-160.25091118581108,-90.0
64.28024074571016,-160.35090684151587,-90.0
64.28024074571016,-160.45090249722065,-90.0
64.28024074571016,-160.5508981529254,-90.0
64.28024074571016,-160.65089380863017,-90.0
64.28024074571016,-160.75088946433493,-90.0
64.28024074571016,-160.85088512003972,-90.0
64.28024074571016,-160.95088077574448,-90.0
64.28024074571016,-161.05087643144924,-90.0
64.28024074571016,-161.15087208715403,-90.0
64.28024074571016,-161.25086774285882,-90.0
64.28024074571016,-161.35086339856358,-90.0
64.28024074571016,-161.45085905426834,-90.0
64.28024074571016,-161.5508547099731,-90.0
64.28024074571016,-161.65085036567788,-90.0
64.28024074571016,-161.75084602138264,-90.0
64.28024074571016,-161.8508416770874,-90.0
64.28024074571016,-161.9508373327922,-90.0
64.28024074571016,-162.05083298849695,-90.0
64.28024074571016,-162.1508286442017,-90.0
64.28024074571016,-162.25082429990624,-90.0
64.28024074571016,-162.350819955611,-90.0
64.28024074571016,-162.45081561131576,-90.0
64.28024074571016,-162.55081126702055,-90.0
64.28024074571016,-162.65080692272534,-90.0
64.28024074571016,-162.7508025784301,-90.0
64.28024074571016,-162.85079823413488,-90.0
64.28024074571016,-162.95079388983964,-90.0
64.28024074571016,-163.0507895455444,-90.0
64.28024074571016,-163.15078520124916,-90.0
64.28024074571016,-163.25078085695395,-90.0
64.28024074571016,-163.35077651265877,-90.0
64.28024074571016,-163.45077216836353,-90.0
64.28024074571016,-163.5507678240683,-90.0
64.28024074571016,-163.65076347977305,-90.0
64.28024074571016,-163.7507591354778,-90.0
64.28024074571016,-163.85075479118257,-90.0
64.28024074571016,-163.95075044688733,-90.0
64.28024074571016,-164.05074610259211,-90.0
64.28024074571016,-164.1507417582969,-90.0
64.28024074571016,-164.2507374140017,-90.0
64.28024074571016,-164.35073306970645,-90.0
64.28024074571016,-164.4507287254112,-90.0
64.28024074571016,-164.55072438111597,-90.0
64.28024074571016,-164.65072003682076,-90.0
64.28024074571016,-164.75071569252552,-90.0
64.28024074571016,-164.85071134823028,-90.0
64.28024074571016,-164.95070700393507,-90.0
64.28024074571016,-165.05070265963985,-90.0
64.28024074571016,-165.1506983153446,-90.0
64.28024074571016,-165.25069397104937,-90.0
64.28024074571016,-165.35068962675416,-90.0
64.28024074571016,-165.45068528245895,-90.0
64.28024074571016,-165.55068093816348,-90.0
64.28024074571016,-165.65067659386827,-90.0
64.28024074571016,-165.75067224957303,-90.0
64.28024074571016,-165.8506679052778,-90.0
64.28024074571016,-165.95066356098255,-90.0
64.28024074571016,-166.05065921668734,-90.0
64.28024074571016,-166.1506548723921,-90.0
64.28024074571016,-166.25065052809686,-90.0
64.28024074571016,-166.35064618380164,-90.0
64.28024074571016,-166.45064183950643,-90.0
64.28024074571016,-166.5506374952112,-90.0
64.28024074571016,-166.65063315091595,-90.0
64.28024074571016,-166.75062880662074,-90.0
64.28024074571016,-166.85062446232553,-90.0
64.28024074571016,-166.9506201180303,-90.0
64.28024074571016,-167.05061577373507,-90.0
64.28024074571016,-167.15061142943983,-90.0
64.28024074571016,-167.2506070851446,-90.0
64.28024074571016,-167.35060274084935,-90.0
64.28024074571016,-167.45059839655414,-90.0
64.28024074571016,-167.5505940522589,-90.0
64.28024074571016,-167.65058970796366,-90.0
64.28024074571016,-167.75058536366845,-90.0
64.28024074571016,-167.85058101937324,-90.0
64.28024074571016,-167.950576675078,-90.0
64.28024074571016,-168.05057233078276,-90.0
64.28024074571016,-168.15056798648752,-90.0
64.28024074571016,-168.2505636421923,-90.0
64.28024074571016,-168.35055929789706,-90.0
64.28024074571016,-168.45055495360182,-90.0
64.28024074571016,-168.5505506093066,-90.0
64.28024074571016,-168.6505462650114,-90.0
64.28024074571016,-168.75054192071616,-90.0
64.28024074571016,-168.85053757642072,-90.0
64.28024074571016,-168.95053323212548,-90.0
64.28024074571016,-169.05052888783024,-90.0
64.28024074571016,-169.150524543535,-90.0
64.28024074571016,-169.25052019923976,-90.0
64.28024074571016,-169.35051585494455,-90.0
64.28024074571016,-169.45051151064933,-90.0
64.28024074571016,-169.55050716635412,-90.0
64.28024074571016,-169.65050282205888,-90.0
64.28024074571016,-169.75049847776364,-90.0
64.28024074571016,-169.8504941334684,-90.0
64.28024074571016,-169.9504897891732,-90.0
64.28024074571016,-170.05048544487798,-90.0
64.28024074571016,-170.15048110058274,-90.0
64.28024074571016,-170.25047675628753,-90.0
64.28024074571016,-170.35047241199229,-90.0
64.28024074571016,-170.45046806769705,-90.0
64.28024074571016,-170.5504637234018,-90.0
64.28024074571016,-170.65045937910656,-90.0
64.28024074571016,-170.75045503481135,-90.0
64.28024074571016,-170.85045069051614,-90.0
64.28024074571016,-170.9504463462209,-90.0
64.28024074571016,-171.0504420019257,-90.0
64.28024074571016,-171.15043765763045,-90.0
64.28024074571016,-171.25043331333518,-90.0
64.28024074571016,-171.35042896903994,-90.0
64.28024074571016,-171.4504246247447,-90.0
64.28024074571016,-171.55042028044952,-90.0
64.28024074571016,-171.65041593615433,-90.0
64.28024074571016,-171.7504115918591,-90.0
64.28024074571016,-171.85040724756385,-90.0
64.28024074571016,-171.9504029032686,-90.0
64.28024074571016,-172.05039855897337,-90.0
64.28024074571016,-172.1503942146779,-90.0
64.28024074571016,-172.2503898703827,-90.0
64.28024074571016,-172.35038552608748,-90.0
64.28024074571016,-172.45038118179227,-90.0
64.28024074571016,-172.55037683749703,-90.0
64.28024074571016,-172.6503724932018,-90.0
64.28024074571016,-172.75036814890655,-90.0
64.28024074571016,-172.85036380461133,-90.0
64.28024074571016,-172.95035946031612,-90.0
64.28024074571016,-173.0503551160209,-90.0
64.28024074571016,-173.15035077172567,-90.0
64.28024074571016,-173.25034642743043,-90.0
64.28024074571016,-173.3503420831352,-90.0
64.28024074571016,-173.45033773883995,-90.0
64.28024074571016,-173.5503333945447,-90.0
64.28024074571016,-173.6503290502495,-90.0
64.28024074571016,-173.75032470595428,-90.0
64.28024074571016,-173.85032036165904,-90.0
64.28024074571016,-173.9503160173638,-90.0
64.28024074571016,-174.05031167306856,-90.0
64.28024074571016,-174.15030732877335,-90.0
64.28024074571016,-174.25030298447817,-90.0
64.28024074571016,-174.350298640183,-90.0
64.28024074571016,-174.45029429588783,-90.0
64.28024074571016,-174.55028995159262,-90.0
64.28024074571016,-174.6502856072974,-90.0
64.28024074571016,-174.75028126300217,-90.0
64.28024074571016,-174.85027691870695,-90.0
64.28024074571016,-174.9502725744117,-90.0
64.28024074571016,-175.05026823011647,-90.0
64.28024074571016,-175.15026388582126,-90.0
64.28024074571016,-175.25025954152605,-90.0
64.28024074571016,-175.3502551972308,-90.0
64.28024074571016,-175.45025085293537,-90.0
64.28024074571016,-175.55024650864013,-90.0
64.28024074571016,-175.6502421643449,-90.0
64.28024074571016,-175.75023782004965,-90.0
64.28024074571016,-175.8502334757544,-90.0
64.28024074571016,-175.9502291314592,-90.0
64.28024074571016,-176.05022478716398,-90.0
64.28024074571016,-176.15022044286877,-90.0
64.28024074571016,-176.25021609857353,-90.0
64.28024074571016,-176.3502117542783,-90.0
64.28024074571016,-176.45020740998305,-90.0
64.28024074571016,-176.55020306568784,-90.0
64.28024074571016,-176.65019872139263,-90.0
64.28024074571016,-176.7501943770974,-90.0
64.28024074571016,-176.85019003280217,-90.0
64.28024074571016,-176.95018568850693,-90.0
64.28024074571016,-177.0501813442117,-90.0
64.28024074571016,-177.15017699991645,-90.0
64.28024074571016,-177.2501726556212,-90.0
64.28024074571016,-177.350168311326,-90.0
64.28024074571016,-177.4501639670308,-90.0
64.28024074571016,-177.55015962273555,-90.0
64.28024074571016,-177.65015527844034,-90.0
64.28024074571016,-177.7501509341451,-90.0
64.28024074571016,-177.85014658984986,-90.0
64.28024074571016,-177.95014224555464,-90.0
64.28024074571016,-178.05013790125943,-90.0
64.28024074571016,-178.1501335569642,-90.0
64.28024074571016,-178.25012921266898,-90.0
64.28024074571016,-178.35012486837374,-90.0
64.28024074571016,-178.4501205240785,-90.0
64.28024074571016,-178.55011617978326,-90.0
64.28024074571016,-178.65011183548802,-90.0
64.28024074571016,-178.75010749119284,-90.0
64.28024074571016,-178.8501031468974,-90.0
64.28024074571016,-178.95009880260216,-90.0
64.28024074571016,-179.05009445830692,-90.0
64.28024074571016,-179.15009011401168,-90.0
64.28024074571016,-179.25008576971643,-90.0
64.28024074571016,-179.3500814254212,-90.0
64.28024074571016,-179.45007708112598,-90.0
64.28024074571016,-179.55007273683077,-90.0
64.28024074571016,-179.65006839253556,-90.0
64.28024074571016,-179.75006404824032,-90.0
64.28024074571016,-179.85005970394508,-90.0
64.28024074571016,-179.95005535964984,-90.0
64.28024074571016,-180.05005101535457,-90.0
64.28024074571016,-180.15004667105933,-90.0
64.28024074571016,-180.25004232676412,-90.0
64.28024074571016,-180.35003798246893,-90.0
64.28024074571016,-180.45003363817372,-90.0
64.28024074571016,-180.55002929387848,-90.0
64.28024074571016,-180.65002494958324,-90.0
64.28024074571016,-180.750020605288,-90.0
64.28024074571016,-180.8500162609928,-90.0
64.28024074571016,-180.95001191669758,-90.0
64.28024074571016,-181.05000757240236,-90.0
64.28024074571016,-181.15000322810712,-90.0
64.28024074571016,-181.24999888381188,-90.0
64.28024074571016,-181.34999453951664,-90.0
64.28024074571016,-181.4499901952214,-90.0
64.28024074571016,-181.54998585092616,-90.0
64.28024074571016,-181.64998150663095,-90.0
64.28024074571016,-181.74997716233574,-90.0
64.28024074571016,-181.84997281804053,-90.0
64.28024074571016,-181.9499684737453,-90.0
64.28024074571016,-182.04996412945005,-90.0
64.28024074571016,-182.14995978515458,-90.0
64.28024074571016,-182.24995544085937,-90.0
64.28024074571016,-182.34995109656413,-90.0
64.28024074571016,-182.4499467522689,-90.0
64.28024074571016,-182.54994240797367,-90.0
64.28024074571016,-182.64993806367846,-90.0
64.28024074571016,-182.74993371938322,-90.0
64.28024074571016,-182.84992937508798,-90.0
64.28024074571016,-182.94992503079274,-90.0
64.28024074571016,-183.04992068649753,-90.0
64.28024074571016,-183.1499163422023,-90.0
64.28024074571016,-183.24991199790705,-90.0
64.28024074571016,-183.34990765361184,-90.0
64.28024074571016,-183.44990330931662,-90.0
64.28024074571016,-183.54989896502138,-90.0
64.28024074571016,-183.64989462072617,-90.0
64.28024074571016,-183.74989027643093,-90.0
64.28024074571016,-183.8498859321357,-90.0
64.28024074571016,-183.94988158784045,-90.0
64.28024074571016,-184.0498772435452,-90.0
64.28024074571016,-184.14987289924997,-90.0
64.28024074571016,-184.24986855495476,-90.0
64.28024074571016,-184.34986421065955,-90.0
64.28024074571016,-184.44985986636433,-90.0
64.28024074571016,-184.5498555220691,-90.0
64.28024074571016,-184.64985117777385,-90.0
64.28024074571016,-184.74984683347864,-90.0
64.28024074571016,-184.8498424891834,-90.0
64.28024074571016,-184.94983814488816,-90.0
64.28024074571016,-185.04983380059292,-90.0
64.28024074571016,-185.1498294562977,-90.0
64.28024074571016,-185.2498251120025,-90.0
64.28024074571016,-185.34982076770729,-90.0
64.28024074571016,-185.44981642341185,-90.0
64.28024074571016,-185.5498120791166,-90.0
64.28024074571016,-185.64980773482134,-90.0
64.28024074571016,-185.7498033905261,-90.0
64.28024074571016,-185.84979904623086,-90.0
64.28024074571016,-185.94979470193564,-90.0
64.28024074571016,-186.04979035764043,-90.0
64.28024074571016,-186.1497860133452,-90.0
64.28024074571016,-186.24978166904998,-90.0
64.28024074571016,-186.34977732475477,-90.0
64.28024074571016,-186.44977298045956,-90.0
64.28024074571016,-186.54976863616432,-90.0
64.28024074571016,-186.64976429186908,-90.0
64.28024074571016,-186.74975994757384,-90.0
64.28024074571016,-186.8497556032786,-90.0
64.28024074571016,-186.94975125898338,-90.0
64.28024074571016,-187.04974691468814,-90.0
64.28024074571016,-187.1497425703929,-90.0
64.28024074571016,-187.24973822609766,-90.0
64.28024074571016,-187.34973388180245,-90.0
64.28024074571016,-187.44972953750724,-90.0
64.28024074571016,-187.549725193212,-90.0
64.28024074571016,-187.6497208489168,-90.0
64.28024074571016,-187.74971650462155,-90.0
64.28024074571016,-187.8497121603263,-90.0
64.28024074571016,-187.9497078160311,-90.0
64.28024074571016,-188.04970347173585,-90.0
64.28024074571016,-188.1496991274406,-90.0
64.28024074571016,-188.24969478314537,-90.0
64.28024074571016,-188.34969043885016,-90.0
64.28024074571016,-188.44968609455495,-90.0
64.28024074571016,-188.5496817502597,-90.0
64.28024074571016,-188.64967740596447,-90.0
64.28024074571016,-188.74967306166903,-90.0
64.28024074571016,-188.84966871737382,-90.0
64.28024074571016,-188.94966437307858,-90.0
64.28024074571016,-189.04966002878336,-90.0
64.28024074571016,-189.14965568448812,-90.0
64.28024074571016,-189.24965134019288,-90.0
64.28024074571016,-189.34964699589764,-90.0
64.28024074571016,-189.4496426516024,-90.0
64.28024074571016,-189.5496383073072,-90.0
64.28024074571016,-189.64963396301198,-90.0
64.28024074571016,-189.74962961871674,-90.0
64.28024074571016,-189.84962527442153,-90.0
64.28024074571016,-189.9496209301263,-90.0
64.28024074571016,-190.04961658583105,-90.0
64.28024074571016,-190.14961224153583,-90.0
64.28024074571016,-190.24960789724062,-90.0
64.28024074571016,-190.34960355294538,-90.0
64.28024074571016,-190.44959920865017,-90.0
64.28024074571016,-190.54959486435493,-90.0
64.28024074571016,-190.6495905200597,-90.0
64.28024074571016,-190.74958617576445,-90.0
64.28024074571016,-190.8495818314692,-90.0
64.28024074571016,-190.949577487174,-90.0
64.28024074571016,-191.04957314287878,-90.0
64.28024074571016,-191.14956879858354,-90.0
64.28024074571016,-191.24956445428833,-90.0
64.28024074571016,-191.3495601099931,-90.0
64.28024074571016,-191.44955576569785,-90.0
64.28024074571016,-191.5495514214026,-90.0
64.28024074571016,-191.6495470771074,-90.0
64.28024074571016,-191.74954273281216,-90.0
64.28024074571016,-191.84953838851692,-90.0
64.28024074571016,-191.9495340442217,-90.0
64.28024074571016,-192.04952969992627,-90.0
64.28024074571016,-192.14952535563103,-90.0
64.28024074571016,-192.2495210113358,-90.0
64.28024074571016,-192.34951666704055,-90.0
64.28024074571016,-192.44951232274533,-90.0
64.28024074571016,-192.54950797845012,-90.0
64.28024074571016,-192.6495036341549,-90.0
64.28024074571016,-192.74949928985967,-90.0
64.28024074571016,-192.84949494556443,-90.0
64.28024074571016,-192.9494906012692,-90.0
64.28024074571016,-193.04948625697398,-90.0
64.28024074571016,-193.14948191267874,-90.0
64.28024074571016,-193.2494775683835,-90.0
64.28024074571016,-193.34947322408826,-90.0
64.28024074571016,-193.44946887979302,-90.0
64.28024074571016,-193.5494645354978,-90.0
64.28024074571016,-193.6494601912026,-90.0
64.28024074571016,-193.74945584690735,-90.0
64.28024074571016,-193.84945150261214,-90.0
64.28024074571016,-193.94944715831693,-90.0
64.28024074571016,-194.04944281402172,-90.0
64.28024074571016,-194.14943846972648,-90.0
64.28024074571016,-194.24943412543124,-90.0
64.28024074571016,-194.349429781136,-90.0
64.28024074571016,-194.44942543684078,-90.0
64.28024074571016,-194.54942109254557,-90.0
64.28024074571016,-194.64941674825033,-90.0
64.28024074571016,-194.74941240395506,-90.0
64.28024074571016,-194.84940805965982,-90.0
64.28024074571016,-194.9494037153646,-90.0
64.28024074571016,-195.0493993710694,-90.0
64.28024074571016,-195.14939502677416,-90.0
64.28024074571016,-195.24939068247895,-90.0
64.28024074571016,-195.34938633818348,-90.0
64.28024074571016,-195.44938199388824,-90.0
64.28024074571016,-195.549377649593,-90.0
64.28024074571016,-195.6493733052978,-90.0
64.28024074571016,-195.74936896100257,-90.0
64.28024074571016,-195.84936461670736,-90.0
64.28024074571016,-195.94936027241212,-90.0
64.28024074571016,-196.04935592811688,-90.0
64.28024074571016,-196.14935158382164,-90.0
64.28024074571016,-196.2493472395264,-90.0
64.28024074571016,-196.34934289523116,-90.0
64.28024074571016,-196.44933855093595,-90.0
64.28024074571016,-196.54933420664074,-90.0
64.28024074571016,-196.64932986234552,-90.0
64.28024074571016,-196.74932551805028,-90.0
64.28024074571016,-196.84932117375504,-90.0
64.28024074571016,-196.9493168294598,-90.0
64.28024074571016,-197.0493124851646,-90.0
64.28024074571016,-197.14930814086938,-90.0
64.28024074571016,-197.24930379657417,-90.0
64.28024074571016,-197.34929945227893,-90.0
64.28024074571016,-197.4492951079837,-90.0
64.28024074571016,-197.54929076368845,-90.0
64.28024074571016,-197.6492864193932,-90.0
64.28024074571016,-197.74928207509797,-90.0
64.28024074571016,-197.84927773080275,-90.0
64.28024074571016,-197.94927338650754,-90.0
64.28024074571016,-198.04926904221233,-90.0
64.28024074571016,-198.1492646979171,-90.0
64.28024074571016,-198.24926035362185,-90.0
64.28024074571016,-198.3492560093266,-90.0
64.28024074571016,-198.4492516650314,-90.0
64.28024074571016,-198.54924732073616,-90.0
64.28024074571016,-198.64924297644092,-90.0
64.28024074571016,-198.74923863214548,-90.0
64.28024074571016,-198.84923428785027,-90.0
64.28024074571016,-198.94922994355503,-90.0
64.28024074571016,-199.04922559925976,-90.0
64.28024074571016,-199.14922125496452,-90.0
64.28024074571016,-199.24921691066928,-90.0
64.28024074571016,-199.3492125663741,-90.0
64.28024074571016,-199.4492082220789,-90.0
64.28024074571016,-199.54920387778367,-90.0
64.28024074571016,-199.6491995334884,-90.0
64.28024074571016,-199.74919518919316,-90.0
64.28024074571016,-199.84919084489792,-90.0
64.28024074571016,-199.94918650060268,-90.0
64.28024074571016,-200.04918215630744,-90.0
64.28024074571016,-200.14917781201225,-90.0
64.28024074571016,-200.24917346771707,-90.0
64.28024074571016,-200.34916912342183,-90.0
64.28024074571016,-200.4491647791266,-90.0
64.28024074571016,-200.54916043483135,-90.0
64.28024074571016,-200.6491560905361,-90.0
64.28024074571016,-200.74915174624087,-90.0
64.28024074571016,-200.84914740194563,-90.0
64.28024074571016,-200.94914305765042,-90.0
64.28024074571016,-201.0491387133552,-90.0
64.28024074571016,-201.14913436906,-90.0
64.28024074571016,-201.24913002476478,-90.0
64.28024074571016,-201.34912568046954,-90.0
64.28024074571016,-201.4491213361743,-90.0
64.28024074571016,-201.54911699187906,-90.0
64.28024074571016,-201.64911264758382,-90.0
64.28024074571016,-201.74910830328858,-90.0
64.28024074571016,-201.84910395899337,-90.0
64.28024074571016,-201.94909961469816,-90.0
64.28024074571016,-202.04909527040272,-90.0
64.28024074571016,-202.14909092610748,-90.0
64.28024074571016,-202.24908658181224,-90.0
64.28024074571016,-202.349082237517,-90.0
64.28024074571016,-202.44907789322178,-90.0
64.28024074571016,-202.54907354892654,-90.0
64.28024074571016,-202.6490692046313,-90.0
64.28024074571016,-202.7490648603361,-90.0
64.28024074571016,-202.84906051604088,-90.0
64.28024074571016,-202.94905617174564,-90.0
64.28024074571016,-203.0490518274504,-90.0
64.28024074571016,-203.14904748315516,-90.0
64.28024074571016,-203.24904313885995,-90.0
64.28024074571016,-203.3490387945647,-90.0
64.28024074571016,-203.44903445026947,-90.0
64.28024074571016,-203.54903010597423,-90.0
64.28024074571016,-203.649025761679,-90.0
64.28024074571016,-203.7490214173838,-90.0
64.28024074571016,-203.84901707308856,-90.0
64.28024074571016,-203.9490127287933,-90.0
64.28024074571016,-204.04900838449805,-90.0
64.28024074571016,-204.14900404020284,-90.0
64.28024074571016,-204.24899969590763,-90.0
64.28024074571016,-204.3489953516124,-90.0
64.28024074571016,-204.44899100731718,-90.0
64.28024074571016,-204.54898666302196,-90.0
64.28024074571016,-204.64898231872675,-90.0
64.28024074571016,-204.7489779744315,-90.0
64.28024074571016,-204.84897363013627,-90.0
64.28024074571016,-204.94896928584103,-90.0
64.28024074571016,-205.04896494154582,-90.0
64.28024074571016,-205.14896059725058,-90.0
64.28024074571016,-205.24895625295534,-90.0
64.28024074571016,-205.3489519086599,-90.0
64.28024074571016,-205.4489475643647,-90.0
64.28024074571016,-205.54894322006945,-90.0
64.28024074571016,-205.6489388757742,-90.0
64.28024074571016,-205.74893453147897,-90.0
64.28024074571016,-205.84893018718375,-90.0
64.28024074571016,-205.94892584288854,-90.0
64.28024074571016,-206.04892149859333,-90.0
64.28024074571016,-206.1489171542981,-90.0
64.28024074571016,-206.24891281000285,-90.0
64.28024074571016,-206.34890846570764,-90.0
64.28024074571016,-206.4489041214124,-90.0
64.28024074571016,-206.54889977711716,-90.0
64.28024074571016,-206.64889543282192,-90.0
64.28024074571016,-206.7488910885267,-90.0
64.28024074571016,-206.8488867442315,-90.0
64.28024074571016,-206.94888239993625,-90.0
64.28024074571016,-207.048878055641,-90.0
64.28024074571016,-207.1488737113458,-90.0
64.28024074571016,-207.24886936705056,-90.0
64.28024074571016,-207.34886502275532,-90.0
64.28024074571016,-207.44886067846008,-90.0
64.28024074571016,-207.54885633416484,-90.0
64.28024074571016,-207.64885198986963,-90.0
64.28024074571016,-207.74884764557441,-90.0
64.28024074571016,-207.8488433012792,-90.0
64.28024074571016,-207.948838956984,-90.0
64.28024074571016,-208.0488346126888,-90.0
64.28024074571016,-208.14883026839365,-90.0
64.28024074571016,-208.24882592409847,-90.0
64.28024074571016,-208.34882157980326,-90.0
64.28024074571016,-208.44881723550805,-90.0
64.28024074571016,-208.5488128912128,-90.0
64.28024074571016,-208.64880854691737,-90.0
64.28024074571016,-208.74880420262215,-90.0
64.28024074571016,-208.8487998583269,-90.0
64.28024074571016,-208.94879551403167,-90.0
64.28024074571016,-209.04879116973643,-90.0
64.28024074571016,-209.1487868254412,-90.0
64.28024074571016,-209.24878248114598,-90.0
64.28024074571016,-209.34877813685074,-90.0
64.28024074571016,-209.44877379255553,-90.0
64.28024074571016,-209.5487694482603,-90.0
64.28024074571016,-209.64876510396508,-90.0
64.28024074571016,-209.74876075966984,-90.0
64.28024074571016,-209.84875641537462,-90.0
64.28024074571016,-209.94875207107938,-90.0
64.28024074571016,-210.04874772678417,-90.0
64.28024074571016,-210.14874338248893,-90.0
64.28024074571016,-210.2487390381937,-90.0
64.28024074571016,-210.34873469389848,-90.0
64.28024074571016,-210.44873034960327,-90.0
64.28024074571016,-210.54872600530803,-90.0
64.28024074571016,-210.6487216610128,-90.0
64.28024074571016,-210.74871731671755,-90.0
64.28024074571016,-210.84871297242233,-90.0
64.28024074571016,-210.9487086281271,-90.0
64.28024074571016,-211.04870428383185,-90.0
64.28024074571016,-211.14869993953664,-90.0
64.28024074571016,-211.24869559524143,-90.0
64.28024074571016,-211.3486912509462,-90.72546139488495
64.27897482311826,-211.44866644756397,-91.8517993195072
64.27574352663234,-211.54860988097937,-91.66152081752774
64.27284418307468,-211.64856263451546,-91.36470087923841
64.27046265938135,-211.74852992669014,-91.18441103040149
64.26839572519245,-211.84850344356997,-90.90239827763094
64.26682087661398,-211.94848669722646,-90.73195775280577
64.26554346843584,-212.048473500286,-90.46497582942635
64.2647319766822,-212.14846586319925,-90.3043180543239
64.26420087032396,-212.24845949228953,-90.0524984088818
64.26410924730862,-212.34845510601863,-89.90160920463858
64.2642809631636,-212.44845007057123,-89.66501387611432
64.26486559551448,-212.54844401721223,-89.52391385855972
64.26569647297174,-212.64843574520904,-89.30255539393788
64.2669136605026,-212.74842399259012,-89.17128501440737
64.26835992178452,-212.84840877675873,-88.9651436242944
64.2701659102272,-212.94838812245357,-88.84375071508269
64.27218371416863,-213.04836306440768,-88.65278879596647
64.27453472249388,-213.14833107889075,-88.5413184681534
64.27708020884366,-213.24829403183486,-88.36549263734447
64.27993245151872,-213.34824900105377,-88.26397936750229
64.28296177639272,-213.44819851157388,-88.10325016956503
64.28627148093936,-213.54813937916893,-88.01171190405942
64.28974084408841,-213.64807462853847,-87.8660513565389
64.29346426431576,-213.74800093789514,-87.78448545755211
64.29732992889396,-213.84792168323847,-87.65388261054233
64.30142335418601,-213.94783351952032,-87.58226346509227
64.30564165971714,-214.04774003509763,-87.46672815166544
64.31006142075923,-214.14763796736938,-87.40500626467352
64.31458879000378,-214.24753098617376,-87.30457122135566
64.3192912613322,-214.34741600969198,-87.25267361404985
64.32408420175662,-214.44729666548423,-87.16739515008858
64.32902580151527,-214.54717014420433,-87.1252268870907
64.3340409020593,-214.64703991405509,-87.0551842800361
64.33917808934451,-214.74690352337618,-87.02263095033102
64.34437201317517,-214.8467641707339,-86.96792474343813
64.34966128334727,-214.94661984048216,-86.9448557229737
64.35499075727905,-215.04647335874486,-86.90560509769603
64.36038863561612,-215.14632321637765,-86.89187742384316
64.36581043686745,-215.24617177291026,-86.86821681831861
64.37127347093312,-215.34601808690647,-86.86367950841742
64.37674441188084,-215.44586396741965,-86.85575465021019
64.38222916297605,-215.54570909081212,-86.86025329827078
64.38770607456274,-215.64555464399393,-86.86821681831684
64.39316910862841,-215.74540095799009,-86.8815983051304
64.3986088230723,-215.8452485402748,-86.90560509770327
64.40400670140934,-215.94509839790757,-86.9277222500153
64.40936603486401,-216.0449503182518,-86.96792474343813
64.4146553050361,-216.14480598800006,-86.99864077799518
64.41989104084695,-216.24466445253984,-87.05518428004423
64.42502822813215,-216.34452806186093,-87.0943768673798
64.43009710133892,-216.4443951183287,-87.16739515008778
64.43503870109757,-216.54426859704878,-87.21495993161757
64.43989738483732,-216.64414607884245,-87.3045712213549
64.44459985616574,-216.74403110236065,-87.36042461144699
64.44920495063721,-216.84392057217562,-87.46672815167142
64.45362471167928,-216.94381850444728,-87.5308092542652
64.45793273633788,-217.04372119741038,-87.65388261052672
64.46202616162996,-217.14363303369225,-87.72615407720905
64.46599355129213,-217.24354979996906,-87.8660513565389
64.46971697151947,-217.34347610932574,-87.9464990107723
64.47330007706388,-217.44340735621486,-88.10325016956503
64.47660978161052,-217.54334822380991,-88.19188121991311
64.47976487597184,-217.64329385738614,-88.36549263736121
64.48261711864687,-217.74324882660508,-88.4623323007354
64.48530040880308,-217.84320819302908,-88.65278879597498
64.48765141712832,-217.94317620751218,-88.75787515208775
64.48981906278438,-218.04314803418873,-88.96514362430283
64.49162505122705,-218.1431273798836,-89.07852052351645
64.49323319089363,-218.24310971672145,-89.30255539394582
64.49445037842447,-218.3430979641025,-89.42426324384485
64.49545516357904,-218.44308812520808,-89.66501387612237
64.4960397959299,-218.54308207184906,-89.79507813800049
64.49639743392613,-218.64307657807072,-90.05249840888179
64.4963058109108,-218.74307219179985,-90.19091564397976
64.49597261727006,-218.84306671463338,-90.46497582942648
64.49516112551642,-218.9430590775466,-90.61169714722753
64.49409358618738,-219.043048385004,-90.90239827762915
64.4925187376089,-219.1430316386607,-91.05731005530956
64.49067358171877,-219.24300954381312,-91.36470087923028
64.48829205802545,-219.3429768359878,-91.52760264312867
64.48562634156352,-219.4429361489862,-91.85179931951691
64.48239504507758,-219.54287958240153,-91.23461505438074
64.48024074571015,-219.64284042160287,-90.0
64.48024074571015,-219.74283607730763,-90.0
64.48024074571015,-219.84283173301242,-90.0
64.48024074571015,-219.94282738871718,-90.0
64.48024074571015,-220.04282304442197,-90.0
64.48024074571015,-220.14281870012672,-90.0
64.48024074571015,-220.24281435583148,-90.0
64.48024074571015,-220.34281001153624,-90.0
64.48024074571015,-220.44280566724103,-90.0
64.48024074571015,-220.54280132294582,-90.0
64.48024074571015,-220.6427969786506,-90.0
64.48024074571015,-220.74279263435534,-90.0
64.48024074571015,-220.8427882900601,-90.0
64.48024074571015,-220.94278394576492,-90.0
64.48024074571015,-221.0427796014697,-90.0
64.48024074571015,-221.14277525717446,-90.0
64.48024074571015,-221.24277091287922,-90.0
64.48024074571015,-221.34276656858398,-90.0
64.48024074571015,-221.44276222428877,-90.0
64.48024074571015,-221.54275787999353,-90.0
64.48024074571015,-221.64275353569832,-90.0
64.48024074571015,-221.74274919140308,-90.0
64.48024074571015,-221.84274484710784,-90.0
64.48024074571015,-221.94274050281237,-90.0
64.48024074571015,-222.04273615851716,-90.0
64.48024074571015,-222.14273181422192,-90.0
64.48024074571015,-222.2427274699267,-90.0
64.48024074571015,-222.34272312563147,-90.0
64.48024074571015,-222.44271878133623,-90.0
64.48024074571015,-222.542714437041,-90.0
64.48024074571015,-222.6427100927458,-90.0
64.48024074571015,-222.74270574845056,-90.0
64.48024074571015,-222.84270140415532,-90.0
64.48024074571015,-222.94269705986008,-90.0
64.48024074571015,-223.04269271556487,-90.0
64.48024074571015,-223.14268837126963,-90.0
64.48024074571015,-223.24268402697442,-90.0
64.48024074571015,-223.34267968267918,-90.0
64.48024074571015,-223.44267533838394,-90.0
64.48024074571015,-223.54267099408872,-90.0
64.48024074571015,-223.6426666497935,-90.0
64.48024074571015,-223.74266230549827,-90.0
64.48024074571015,-223.84265796120303,-90.0
64.48024074571015,-223.9426536169078,-90.0
64.48024074571015,-224.04264927261258,-90.0
64.48024074571015,-224.14264492831734,-90.0
64.48024074571015,-224.24264058402213,-90.0
64.48024074571015,-224.3426362397269,-90.0
64.48024074571015,-224.44263189543165,-90.0
64.48024074571015,-224.54262755113643,-90.0
64.48024074571015,-224.64262320684122,-90.0
64.48024074571015,-224.74261886254598,-90.0
64.48024074571015,-224.84261451825074,-90.0
64.48024074571015,-224.9426101739555,-90.0
64.48024074571015,-225.0426058296603,-90.0
64.48024074571015,-225.14260148536505,-90.0
64.48024074571015,-225.2425971410696,-90.0
64.48024074571015,-225.34259279677437,-90.0
64.48024074571015,-225.44258845247916,-90.0
64.48024074571015,-225.54258410818392,-90.0
64.48024074571015,-225.6425797638887,-90.0
64.48024074571015,-225.74257541959346,-90.0
64.48024074571015,-225.84257107529822,-90.0
64.48024074571015,-225.94256673100298,-90.0
64.48024074571015,-226.04256238670777,-90.0
64.48024074571015,-226.14255804241256,-90.0
64.48024074571015,-226.24255369811735,-90.0
64.48024074571015,-226.3425493538221,-90.0
64.48024074571015,-226.44254500952687,-90.0
64.48024074571015,-226.54254066523163,-90.0
64.48024074571015,-226.64253632093641,-90.0
64.48024074571015,-226.7425319766412,-90.0
64.48024074571015,-226.842527632346,-90.0
64.48024074571015,-226.94252328805072,-90.0
64.48024074571015,-227.04251894375548,-90.0
64.48024074571015,-227.14251459946027,-90.0
64.48024074571015,-227.24251025516506,-90.0
64.48024074571015,-227.34250591086982,-90.0
64.48024074571015,-227.44250156657458,-90.0
64.48024074571015,-227.54249722227934,-90.0
64.48024074571015,-227.64249287798413,-90.0
64.48024074571015,-227.74248853368888,-90.0
64.48024074571015,-227.84248418939367,-90.0
64.48024074571015,-227.94247984509843,-90.0
64.48024074571015,-228.04247550080322,-90.0
64.48024074571015,-228.14247115650798,-90.0
64.48024074571015,-228.24246681221274,-90.0
64.48024074571015,-228.3424624679175,-90.0
64.48024074571015,-228.4424581236223,-90.0
64.48024074571015,-228.54245377932682,-90.0
64.48024074571015,-228.64244943503158,-90.0
64.48024074571015,-228.74244509073637,-90.0
64.48024074571015,-228.84244074644116,-90.0
64.48024074571015,-228.94243640214594,-90.0
64.48024074571015,-229.04243205785073,-90.0
64.48024074571015,-229.14242771355546,-90.0
64.48024074571015,-229.24242336926022,-90.0
64.48024074571015,-229.342419024965,-90.0
64.48024074571015,-229.4424146806698,-90.0
64.48024074571015,-229.54241033637456,-90.0
64.48024074571015,-229.64240599207932,-90.0
64.48024074571015,-229.74240164778408,-90.0
64.48024074571015,-229.84239730348884,-90.0
64.48024074571015,-229.9423929591936,-90.0
64.48024074571015,-230.04238861489839,-90.0
64.48024074571015,-230.14238427060315,-90.0
64.48024074571015,-230.24237992630793,-90.0
64.48024074571015,-230.3423755820127,-90.0
64.48024074571015,-230.44237123771748,-90.0
64.48024074571015,-230.54236689342224,-90.0
64.48024074571015,-230.64236254912703,-90.0
64.48024074571015,-230.7423582048318,-90.0
64.48024074571015,-230.84235386053655,-90.0
64.48024074571015,-230.9423495162413,-90.0
64.48024074571015,-231.0423451719461,-90.0
64.48024074571015,-231.1423408276509,-90.0
64.48024074571015,-231.2423364833557,-90.0
64.48024074571015,-231.34233213906043,-90.0
64.48024074571015,-231.4423277947652,-90.0
64.48024074571015,-231.54232345046995,-90.0
64.48024074571015,-231.64231910617474,-90.0
64.48024074571015,-231.7423147618795,-90.0
64.48024074571015,-231.84231041758403,-90.0
64.48024074571015,-231.94230607328882,-90.0
64.48024074571015,-232.0423017289936,-90.0
64.48024074571015,-232.14229738469837,-90.0
64.48024074571015,-232.24229304040313,-90.0
64.48024074571015,-232.3422886961079,-90.0
64.48024074571015,-232.44228435181265,-90.0
64.48024074571015,-232.5422800075174,-90.0
64.48024074571015,-232.6422756632222,-90.0
64.48024074571015,-232.74227131892695,-90.0
64.48024074571015,-232.84226697463174,-90.0
64.48024074571015,-232.9422626303365,-90.0
64.48024074571015,-233.0422582860413,-90.0
64.48024074571015,-233.14225394174605,-90.0
64.48024074571015,-233.24224959745084,-90.0
64.48024074571015,-233.34224525315562,-90.0
64.48024074571015,-233.4422409088604,-90.0
64.48024074571015,-233.54223656456517,-90.0
64.48024074571015,-233.64223222026993,-90.0
64.48024074571015,-233.7422278759747,-90.0
64.48024074571015,-233.84222353167948,-90.0
64.48024074571015,-233.94221918738424,-90.0
64.48024074571015,-234.04221484308903,-90.0
64.48024074571015,-234.1422104987938,-90.0
64.48024074571015,-234.24220615449855,-90.0
64.48024074571015,-234.3422018102033,-90.60527682129577
64.47918452529906,-234.44218039590285,-91.85179931949905
64.47595322881315,-234.54212382931826,-91.69313229910287
64.47299873735788,-234.64207503448705,-91.36470087923841
64.47061721366455,-234.74204232666173,-91.21441330961387
64.4684979284978,-234.84201480768562,-90.90239827763729
64.46692307991931,-234.9419980613423,-90.76034536018271
64.4655961320002,-235.0419842732364,-90.46497582943567
64.46478464024655,-235.1419766361494,-90.3310867818017
64.46420681640355,-235.24197005427075,-90.05249840887365
64.46411519338822,-235.3419656679999,-89.92675594813332
64.46424302214535,-235.44196074074188,-89.66501387611432
64.46482765449623,-235.54195468738288,-89.54743646768878
64.46561748087655,-235.64194678524586,-89.30255539394582
64.46683466840739,-235.7419350326269,-89.19318214993686
64.46824271814302,-235.84192039449024,-88.96514362430312
64.47004870658569,-235.94189974018514,-88.86402171473998
64.4720311402482,-236.04187541750343,-88.65278879595871
64.47438214857347,-236.14184343198653,-88.55996322121722
64.476895106204,-236.24180723153208,-88.36549263736121
64.47974734887903,-236.34176220075102,-88.28099819846452
64.4827469857462,-236.44171262642743,-88.10325016954822
64.48605669029287,-236.54165349402246,-88.02710546544583
64.48949920444157,-236.64158968818128,-87.8660513565395
64.49322262466892,-236.741515997538,-87.7982546322963
64.49706427694454,-236.8414376821437,-87.65388261054233
64.5011577022366,-236.94134951842554,-87.59440927830218
64.50535482948254,-237.04125693633455,-87.46672815166544
64.50977459052463,-237.1411548686063,-87.41552980479963
64.51428361265563,-237.241048725153,-87.30457122134678
64.51898608398406,-237.3409337486712,-87.26157596367528
64.52376350563652,-237.44081515368887,-87.16739515007966
64.52870510539519,-237.54068863240894,-87.13250906301911
64.53370751285112,-237.64055904275628,-87.05518428004986
64.53884470013631,-237.74042265207729,-87.02829385304037
64.54402875420934,-237.84028381469122,-86.96792474343813
64.54931802438144,-237.94013948443947,-86.94890009542978
64.5546404499445,-238.03999337989237,-86.90560509769514
64.56003832828156,-238.13984323752513,-86.89430381955194
64.5654559011068,-238.23969202403015,-86.86821681830871
64.57091893517249,-238.3395383380263,-86.86448826855094
64.57638846674524,-238.43938429580635,-86.85575465020395
64.58187321784045,-238.53922941919862,-86.85944453812101
64.58735153880214,-238.63907489511357,-86.86821681831772
64.59281457286781,-238.73892120910975,-86.8791719094328
64.59825851573778,-238.8387685614223,-86.90560509770327
64.60365639407483,-238.93861841905508,-86.92367787758405
64.60902277589821,-239.03846996220912,-86.96792474343813
64.61431204607031,-239.13832563195737,-86.99297787540168
64.61955765163874,-239.23818358124086,-87.05518428004423
64.62469483892394,-239.33804719056195,-87.08709469173483
64.62977640521875,-239.43791360653313,-87.16739515008858
64.6347180049774,-239.53778708525323,-87.20605758253251
64.63959220748913,-239.6376638178215,-87.304571221346
64.64429467881756,-239.73754884133967,-87.3499010723435
64.64891812040261,-239.8374374734124,-87.46672815167358
64.65333788144468,-239.93733540568414,-87.51866344283117
64.65766708438846,-240.03723719631563,-87.653882610543
64.66176050968052,-240.1371490325975,-87.71238490526686
64.66575191164527,-240.2370648596119,-87.86605135653076
64.66947533187263,-240.33699116896858,-87.93110545357787
64.67308528641739,-240.43692147106842,-88.10325016955636
64.67639499096404,-240.53686233866344,-88.17486239491929
64.67957977333216,-240.6368070570834,-88.36549263736076
64.6824320160072,-240.7367620263023,-88.44368755578427
64.68514783488266,-240.83672054612487,-88.65278879595058
64.68749884320793,-240.93668856060796,-88.73760416311005
64.68970185914291,-241.0366596519203,-88.96514362431097
64.69150784758557,-241.13663899761517,-89.05662340168018
64.69315419879844,-241.23662075675827,-89.30255539394582
64.69437138632928,-241.33660900413932,-89.400740651831
64.69541722256079,-241.43659879537873,-89.66501387611423
64.69600185491167,-241.5365927420197,-89.76993141551168
64.69640338000575,-241.6365871400522,-90.05249840887366
64.69631175699043,-241.7365827537813,-90.16414694193108
64.69602528083443,-241.83657748758353,-90.46497582942635
64.6952137890808,-241.93656985049677,-90.58330957033918
64.69419578949272,-242.03655974911968,-90.90239827763702
64.69262094091424,-242.1365430027764,-91.02730781252718
64.69082813600197,-242.23652194378474,-91.36470087923841
64.68844661230864,-242.33648923595942,-91.49599120518943
64.68583604374432,-242.4364500973252,-91.8517993195072
64.6826047472584,-242.5363935307406,-91.35479713325918
64.68024074571017,-242.63635098086027,-90.0
64.68024074571017,-242.73634663656503,-90.0
64.68024074571017,-242.8363422922698,-90.0
64.68024074571017,-242.9363379479746,-90.0
64.68024074571017,-243.03633360367937,-90.0
64.68024074571017,-243.1363292593841,-90.0
64.68024074571017,-243.23632491508886,-90.0
64.68024074571017,-243.33632057079365,-90.0
64.68024074571017,-243.43631622649843,-90.0
64.68024074571017,-243.5363118822032,-90.0
64.68024074571017,-243.63630753790798,-90.0
64.68024074571017,-243.73630319361274,-90.0
64.68024074571017,-243.8362988493175,-90.0
64.68024074571017,-243.93629450502226,-90.0
64.68024074571017,-244.03629016072705,-90.0
64.68024074571017,-244.13628581643184,-90.0
64.68024074571017,-244.23628147213662,-90.0
64.68024074571017,-244.33627712784138,-90.0
64.68024074571017,-244.43627278354614,-90.0
64.68024074571017,-244.5362684392509,-90.0
64.68024074571017,-244.6362640949557,-90.0
64.68024074571017,-244.73625975066045,-90.0
64.68024074571017,-244.83625540636524,-90.0
64.68024074571017,-244.93625106207,-90.0
64.68024074571017,-245.0362467177748,-90.0
64.68024074571017,-245.13624237347932,-90.0
64.68024074571017,-245.2362380291841,-90.0
64.68024074571017,-245.33623368488887,-90.0
64.68024074571017,-245.43622934059363,-90.0
64.68024074571017,-245.53622499629842,-90.0
64.68024074571017,-245.6362206520032,-90.0
64.68024074571017,-245.73621630770793,-90.0
64.68024074571017,-245.8362119634127,-90.0
64.68024074571017,-245.93620761911745,-90.0
64.68024074571017,-246.03620327482224,-90.0
64.68024074571017,-246.136198930527,-90.0
64.68024074571017,-246.2361945862318,-90.0
64.68024074571017,-246.33619024193655,-90.0
64.68024074571017,-246.43618589764134,-90.0
64.68024074571017,-246.5361815533461,-90.0
64.68024074571017,-246.63617720905089,-90.0
64.68024074571017,-246.73617286475564,-90.0
64.68024074571017,-246.83616852046043,-90.0
64.68024074571017,-246.9361641761652,-90.0
64.68024074571017,-247.03615983186998,-90.0
64.68024074571017,-247.13615548757474,-90.0
64.68024074571017,-247.2361511432795,-90.0
64.68024074571017,-247.33614679898426,-90.0
64.68024074571017,-247.43614245468905,-90.0
64.68024074571017,-247.5361381103938,-90.0
64.68024074571017,-247.6361337660986,-90.0
64.68024074571017,-247.73612942180335,-90.0
64.68024074571017,-247.83612507750811,-90.0
64.68024074571017,-247.93612073321287,-90.0
64.68024074571017,-248.03611638891766,-90.0
64.68024074571017,-248.13611204462245,-90.0
64.68024074571017,-248.2361077003272,-90.0
64.68024074571017,-248.33610335603194,-90.0
64.68024074571017,-248.43609901173647,-90.0
64.68024074571017,-248.53609466744126,-90.0
64.68024074571017,-248.63609032314605,-90.0
64.68024074571017,-248.7360859788508,-90.0
64.68024074571017,-248.8360816345556,-90.0
64.68024074571017,-248.93607729026039,-90.0
64.68024074571017,-249.03607294596517,-90.0
64.68024074571017,-249.13606860166993,-90.0
64.68024074571017,-249.2360642573747,-90.0
64.68024074571017,-249.33605991307945,-90.0
64.68024074571017,-249.4360555687842,-90.0
64.68024074571017,-249.536051224489,-90.0
64.68024074571017,-249.6360468801938,-90.0
64.68024074571017,-249.73604253589855,-90.0
64.68024074571017,-249.83603819160334,-90.0
64.68024074571017,-249.9360338473081,-90.0
64.68024074571017,-250.03602950301286,-90.0
64.68024074571017,-250.13602515871762,-90.0
64.68024074571017,-250.2360208144224,-90.0
64.68024074571017,-250.33601647012716,-90.0
64.68024074571017,-250.43601212583195,-90.0
64.68024074571017,-250.5360077815367,-90.0
64.68024074571017,-250.6360034372415,-90.0
64.68024074571017,-250.73599909294626,-90.0
64.68024074571017,-250.83599474865102,-90.0
64.68024074571017,-250.93599040435583,-90.0
64.68024074571017,-251.03598606006062,-90.0
64.68024074571017,-251.13598171576535,-90.0
64.68024074571017,-251.2359773714701,-90.0
64.68024074571017,-251.33597302717487,-90.0
64.68024074571017,-251.43596868287966,-90.0
64.68024074571017,-251.53596433858442,-90.0
64.68024074571017,-251.6359599942892,-90.0
64.68024074571017,-251.73595564999374,-90.0
64.68024074571017,-251.83595130569853,-90.0
64.68024074571017,-251.9359469614033,-90.0
64.68024074571017,-252.03594261710805,-90.0
64.68024074571017,-252.13593827281284,-90.0
64.68024074571017,-252.23593392851762,-90.0
64.68024074571017,-252.33592958422238,-90.0
64.68024074571017,-252.43592523992714,-90.0
64.68024074571017,-252.5359208956319,-90.0
64.68024074571017,-252.6359165513367,-90.0
64.68024074571017,-252.73591220704145,-90.0
64.68024074571017,-252.83590786274624,-90.0
64.68024074571017,-252.935903518451,-90.0
64.68024074571017,-253.0358991741558,-90.0
64.68024074571017,-253.13589482986055,-90.0
64.68024074571017,-253.2358904855653,-90.0
64.68024074571017,-253.33588614127007,-90.0
64.68024074571017,-253.43588179697485,-90.0
64.68024074571017,-253.53587745267964,-90.0
64.68024074571017,-253.63587310838443,-90.0
64.68024074571017,-253.7358687640892,-90.0
64.68024074571017,-253.83586441979395,-90.0
64.68024074571017,-253.9358600754987,-90.0
64.68024074571017,-254.03585573120347,-90.0
64.68024074571017,-254.13585138690826,-90.0
64.68024074571017,-254.23584704261305,-90.0
64.68024074571017,-254.3358426983178,-90.0
64.68024074571017,-254.4358383540226,-90.0
64.68024074571017,-254.53583400972732,-90.0
64.68024074571017,-254.63582966543208,-90.0
64.68024074571017,-254.73582532113687,-90.0
64.68024074571017,-254.83582097684166,-90.0
64.68024074571017,-254.93581663254642,-90.0
64.68024074571017,-255.03581228825095,-90.0
64.68024074571017,-255.13580794395574,-90.0
64.68024074571017,-255.23580359966053,-90.0
64.68024074571017,-255.3357992553653,-90.0
64.68024074571017,-255.43579491107005,-90.0
64.68024074571017,-255.53579056677484,-90.0
64.68024074571017,-255.63578622247962,-90.0
64.68024074571017,-255.73578187818438,-90.0
64.68024074571017,-255.83577753388917,-90.0
64.68024074571017,-255.9357731895939,-90.0
64.68024074571017,-256.03576884529866,-90.0
64.68024074571017,-256.13576450100345,-90.0
64.68024074571017,-256.23576015670824,-90.0
64.68024074571017,-256.335755812413,-90.0
64.68024074571017,-256.4357514681178,-90.0
64.68024074571017,-256.53574712382266,-90.0
64.68024074571017,-256.6357427795275,-90.0
64.68024074571017,-256.7357384352323,-90.0
64.68024074571017,-256.8357340909371,-90.0
64.68024074571017,-256.93572974664187,-90.0
64.68024074571017,-257.03572540234666,-90.0
64.68024074571017,-257.1357210580514,-90.0
64.68024074571017,-257.2357167137562,-90.0
64.68024074571017,-257.3357123694609,-90.0
64.68024074571017,-257.4357080251657,-90.0
64.68024074571017,-257.5357036808705,-90.0
64.68024074571017,-257.63569933657527,-90.0
64.68024074571017,-257.73569499228006,-90.0
64.68024074571017,-257.83569064798485,-90.0
64.68024074571017,-257.9356863036896,-90.0
64.68024074571017,-258.03568195939437,-90.0
64.68024074571017,-258.1356776150991,-90.0
64.68024074571017,-258.2356732708039,-90.0
64.68024074571017,-258.3356689265087,-90.0
64.68024074571017,-258.43566458221324,-90.0
64.68024074571017,-258.53566023791797,-90.0
64.68024074571017,-258.6356558936227,-90.0
64.68024074571017,-258.7356515493275,-90.0
64.68024074571017,-258.8356472050323,-90.0
64.68024074571017,-258.93564286073706,-90.0
64.68024074571017,-259.03563851644185,-90.0
64.68024074571017,-259.1356341721466,-90.0
64.68024074571017,-259.23562982785137,-90.0
64.68024074571017,-259.3356254835561,-90.0
64.68024074571017,-259.4356211392609,-90.0
64.68024074571017,-259.5356167949657,-90.0
64.68024074571017,-259.63561245067046,-90.0
64.68024074571017,-259.73560810637525,-90.0
64.68024074571017,-259.83560376208004,-90.0
64.68024074571017,-259.9355994177849,-90.0
64.68024074571017,-260.03559507348973,-90.0
64.68024074571017,-260.1355907291945,-90.0
64.68024074571017,-260.2355863848993,-90.0
64.68024074571017,-260.3355820406041,-90.0
64.68024074571017,-260.4355776963089,-90.0
64.68024074571017,-260.5355733520136,-90.0
64.68024074571017,-260.6355690077184,-90.0
64.68024074571017,-260.73556466342313,-90.0
64.68024074571017,-260.8355603191279,-90.0
64.68024074571017,-260.9355559748327,-90.0
64.68024074571017,-261.0355516305375,-90.0
64.68024074571017,-261.13554728624223,-90.0
64.68024074571017,-261.235542941947,-90.0
64.68024074571017,-261.33553859765175,-90.0
64.68024074571017,-261.43553425335654,-90.0
64.68024074571017,-261.5355299090613,-90.0
64.68024074571017,-261.6355255647661,-90.0
64.68024074571017,-261.7355212204707,-90.0
64.68024074571017,-261.83551687617546,-90.0
64.68024074571017,-261.9355125318802,-90.0
64.68024074571017,-262.0355081875849,-90.0
64.68024074571017,-262.1355038432897,-90.0
64.68024074571017,-262.2354994989945,-90.0
64.68024074571017,-262.3354951546993,-90.0
64.68024074571017,-262.4354908104041,-90.0
64.68024074571017,-262.5354864661088,-90.0
64.68024074571017,-262.6354821218136,-90.0
64.68024074571017,-262.7354777775183,-90.0
64.68024074571017,-262.8354734332231,-90.0
64.68024074571017,-262.9354690889279,-90.0
64.68024074571017,-263.0354647446327,-90.0
64.68024074571017,-263.1354604003375,-90.0
64.68024074571017,-263.23545605604227,-90.0
64.68024074571017,-263.3354517117471,-90.0
64.68024074571017,-263.43544736745196,-90.0
64.68024074571017,-263.53544302315674,-90.0
64.68024074571017,-263.63543867886153,-90.0
64.68024074571017,-263.73543433456626,-90.0
64.68024074571017,-263.83542999027105,-90.0
64.68024074571017,-263.9354256459758,-90.0
64.68024074571017,-264.03542130168057,-90.0
64.68024074571017,-264.13541695738536,-90.0
64.68024074571017,-264.23541261309015,-90.0
64.68024074571017,-264.33540826879494,-90.0
64.68024074571017,-264.4354039244997,-90.0
64.68024074571017,-264.53539958020446,-90.0
64.68024074571017,-264.63539523590924,-90.0
64.68024074571017,-264.735390891614,-90.0
64.68024074571017,-264.83538654731876,-90.0
64.68024074571017,-264.93538220302355,-90.0
64.68024074571017,-265.0353778587281,-90.0
64.68024074571017,-265.13537351443296,-90.0
64.68024074571017,-265.2353691701378,-90.0
64.68024074571017,-265.3353648258426,-90.0
64.68024074571017,-265.4353604815474,-90.0
64.68024074571017,-265.53535613725217,-90.0
64.68024074571017,-265.63535179295695,-90.0
64.68024074571017,-265.73534744866174,-90.0
64.68024074571017,-265.83534310436653,-90.0
64.68024074571017,-265.93533876007126,-90.0
64.68024074571017,-266.035334415776,-90.0
64.68024074571017,-266.1353300714808,-90.0
64.68024074571017,-266.23532572718557,-90.0
64.68024074571017,-266.3353213828903,-90.0
64.68024074571017,-266.4353170385951,-90.0
64.68024074571017,-266.5353126942999,-90.0
64.68024074571017,-266.63530835000466,-90.0
64.68024074571017,-266.7353040057094,-90.0
64.68024074571017,-266.8352996614142,-90.0
64.68024074571017,-266.93529531711897,-90.0
64.68024074571017,-267.03529097282376,-90.0
64.68024074571017,-267.1352866285285,-90.0
64.68024074571017,-267.2352822842333,-90.0
64.68024074571017,-267.335277939938,-90.0
64.68024074571017,-267.4352735956428,-90.0
64.68024074571017,-267.5352692513476,-90.0
64.68024074571017,-267.6352649070524,-90.0
64.68024074571017,-267.73526056275716,-90.0
64.68024074571017,-267.83525621846195,-90.0
64.68024074571017,-267.9352518741667,-90.0
64.68024074571017,-268.0352475298714,-90.0
64.68024074571017,-268.1352431855762,-90.0
64.68024074571017,-268.235238841281,-90.0
64.68024074571017,-268.33523449698555,-90.0
64.68024074571017,-268.43523015269034,-90.0
64.68024074571017,-268.5352258083952,-90.0
64.68024074571017,-268.6352214641,-90.0
64.68024074571017,-268.7352171198048,-90.0
64.68024074571017,-268.8352127755096,-90.0
64.68024074571017,-268.9352084312144,-90.0
64.68024074571017,-269.0352040869192,-90.0
64.68024074571017,-269.13519974262397,-90.0
64.68024074571017,-269.23519539832876,-90.0
64.68024074571017,-269.3351910540335,-90.0
64.68024074571017,-269.4351867097382,-90.0
64.68024074571017,-269.535182365443,-90.0
64.68024074571017,-269.6351780211478,-90.0
64.68024074571017,-269.7351736768526,-90.0
64.68024074571017,-269.83516933255737,-90.0
64.68024074571017,-269.9351649882622,-90.0
64.68024074571017,-270.03516064396706,-90.0
64.68024074571017,-270.13515629967185,-90.0
64.68024074571017,-270.23515195537664,-90.0
64.68024074571017,-270.3351476110814,-90.0
64.68024074571017,-270.4351432667862,-90.0
64.68024074571017,-270.53513892249106,-90.0
64.68024074571017,-270.6351345781959,-90.0
64.68024074571017,-270.7351302339007,-90.0
64.68024074571017,-270.8351258896055,-90.0
64.68024074571017,-270.93512154531027,-90.0
64.68024074571017,-271.03511720101505,-90.0
64.68024074571017,-271.1351128567198,-90.0
64.68024074571017,-271.2351085124246,-90.0
64.68024074571017,-271.33510416812936,-90.0
64.68024074571017,-271.43509982383415,-90.0
64.68024074571017,-271.5350954795389,-90.0
64.68024074571017,-271.63509113524344,-90.0
64.68024074571017,-271.73508679094823,-90.0
64.68024074571017,-271.835082446653,-90.0
64.68024074571017,-271.93507810235775,-90.0
64.68024074571017,-272.03507375806254,-90.0
64.68024074571017,-272.13506941376727,-90.47318799015568
64.67941500418723,-272.2350517243293,-91.85179931950063
64.67618370770133,-272.33499515774463,-91.72787569779615
64.6731686044485,-272.4349446611381,-91.36470087923803
64.67078708075518,-272.5349119533128,-91.24738807921311
64.66861025782165,-272.634883295851,-90.90239827763702
64.66703540924317,-272.73486654950773,-90.79154548859047
64.6656540133237,-272.83485211166527,-90.46497582943435
64.66484252157005,-272.93484447457854,-90.36050764326927
64.66421335160418,-273.0348376608287,-90.05249840888185
64.66412172858884,-273.13483327455776,-89.95439413028095
64.66420132203682,-273.23482846620817,-89.665013876106
64.66478595438771,-273.3348224128491,-89.57328960629805
64.66553066246482,-273.43481491722355,-89.30255539394601
64.66674784999566,-273.5348031646046,-89.21724877236656
64.66811390229152,-273.6347891613991,-88.96514362430283
64.66991989073419,-273.734768507094,-88.88630109242527
64.6718634497292,-273.8347449926344,-88.65278879596647
64.67421445805445,-273.93471300711747,-88.58045523187656
64.6766916641109,-274.0346777371434,-88.36549263736076
64.67954390678594,-274.1346327063623,-88.29970319813422
64.68251091424135,-274.23458413786614,-88.10325016955636
64.685820618788,-274.33452500546116,-88.04402417081317
64.68923362381227,-274.4344622380164,-87.8660513565395
64.69295704403962,-274.5343885473731,-87.81338801332892
64.69677230494067,-274.6343112643007,-87.65388261054166
64.70086573023272,-274.73422310058254,-87.60775846123512
64.70503958090805,-274.8341315102237,-87.46672815165826
64.70945934195014,-274.93402944249516,-87.42709598559232
64.71394819918672,-275.03392421978526,-87.3045712213549
64.71865067051513,-275.13380924330346,-87.27136033183513
64.72341103583898,-275.2336914717776,-87.16739515008858
64.72835263559763,-275.3335649504977,-87.14051273580849
64.73334109236974,-275.43343606480033,-87.05518428003693
64.73847827965496,-275.53329967412145,-87.03451781995003
64.74365148610234,-275.6331614030418,-86.96792474343987
64.74894075627444,-275.7330170727901,-86.9533451728874
64.75425543513607,-275.83287138280417,-86.90560509770327
64.75965331347312,-275.93272124043693,-86.89697061573996
64.76506623893161,-276.0325702796992,-86.86821681832764
64.77052927299727,-276.13241659369544,-86.8653771584078
64.77599725555808,-276.2322626363978,-86.85575465021199
64.78148200665329,-276.33210775979035,-86.85855564827501
64.7869618766269,-276.43195315078304,-86.86821681831772
64.79242491069257,-276.5317994647792,-86.87650511324253
64.79787350092931,-276.6316465643346,-86.90560509769514
64.80327137926638,-276.73149642196734,-86.91923280016641
64.80864550779118,-276.8313475505603,-86.96792474343813
64.81393477796328,-276.93120322030853,-86.9867539086367
64.81919123115736,-277.0310606032856,-87.05518428003526
64.82432841844258,-277.13092421260666,-87.0790910193192
64.82942393542123,-277.2307899246226,-87.16739515008697
64.83436553517988,-277.33066340334267,-87.19627321521442
64.83925679402023,-277.4305393124544,-87.3045712213549
64.84395926534864,-277.5304243359726,-87.33833489315947
64.84860287182809,-277.6303120473018,-87.46672815167214
64.85302263287016,-277.7302099795735,-87.50531426262502
64.85737511238456,-277.83011077847266,-87.65388261053486
64.86146853767663,-277.93002261475453,-87.69725152856188
64.86548633101596,-278.02993740944703,-87.86605135653829
64.8692097512433,-278.1298637188037,-87.91418675465654
64.8728492149125,-278.2297929825071,-88.10325016956833
64.87615891945913,-278.3297338501019,-88.15615740440543
64.87937633123903,-278.42967756269445,-88.3654926373454
64.88222857391409,-278.5296325319134,-88.42319555760747
64.88498014436364,-278.6295901212556,-88.65278879598276
64.88733115268886,-278.72955813573867,-88.71532480188942
64.88957304329134,-278.82952841882894,-88.9651436242784
64.89137903173405,-278.9295077645238,-89.03255680031327
64.8930673803867,-279.0294888887358,-89.3025553939464
64.89428456791754,-279.1294771361169,-89.37488753958182
64.89537552245224,-279.22946652084494,-89.66501387610617
64.89596015480313,-279.32946046748594,-89.7422932657051
64.89640991520636,-279.4294547466099,-90.05249840888187
64.89631829219103,-279.5294503603389,-90.13472611960228
64.89608316215791,-279.62944532601244,-90.46497582944276
64.89527167040424,-279.72943768892566,-90.55210948887404
64.89430811881653,-279.82942823728513,-90.90239827762836
64.89273327023805,-279.9294114909419,-90.9943330990218
64.89099800309256,-280.0293915704359,-91.36470087923958
64.88861647939923,-280.1293588626105,-91.46124787368497
64.88606652263246,-280.22932142575144,-91.85179931951797
64.88283522614653,-280.3292648591667,-91.48688212364476
64.88024074571013,-280.4292185844238,-90.0
64.88024074571013,-280.5292142401285,-90.0
64.88024074571013,-280.6292098958333,-90.0
64.88024074571013,-280.7292055515381,-90.0
64.88024074571013,-280.8292012072429,-90.0
64.88024074571013,-280.9291968629476,-90.0
64.88024074571013,-281.0291925186524,-90.0
64.88024074571013,-281.1291881743572,-90.0
64.88024074571013,-281.22918383006197,-90.0
64.88024074571013,-281.3291794857667,-90.0
64.88024074571013,-281.42917514147143,-90.0
64.88024074571013,-281.5291707971762,-90.0
64.88024074571013,-281.6291664528808,-90.0
64.88024074571013,-281.72916210858557,-90.0
64.88024074571013,-281.82915776429036,-90.0
64.88024074571013,-281.9291534199951,-90.0
64.88024074571013,-282.0291490756999,-90.0
64.88024074571013,-282.1291447314046,-90.0
64.88024074571013,-282.2291403871094,-90.0
64.88024074571013,-282.3291360428142,-90.0
64.88024074571013,-282.429131698519,-90.0
64.88024074571013,-282.52912735422376,-90.0
64.88024074571013,-282.62912300992855,-90.0
64.88024074571013,-282.7291186656334,-90.0
64.88024074571013,-282.82911432133824,-90.0
64.88024074571013,-282.929109977043,-90.0
64.88024074571013,-283.0291056327478,-90.0
64.88024074571013,-283.1291012884526,-90.0
64.88024074571013,-283.2290969441574,-90.0
64.88024074571013,-283.3290925998621,-90.0
64.88024074571013,-283.4290882555669,-90.0
64.88024074571013,-283.52908391127164,-90.0
64.88024074571013,-283.62907956697643,-90.0
64.88024074571013,-283.7290752226812,-90.0
64.88024074571013,-283.829070878386,-90.0
64.88024074571013,-283.92906653409074,-90.0
64.88024074571013,-284.0290621897955,-90.0
64.88024074571013,-284.1290578455003,-90.0
64.88024074571013,-284.2290535012051,-90.0
64.88024074571013,-284.32904915690983,-90.0
64.88024074571013,-284.4290448126146,-90.0
64.88024074571013,-284.5290404683194,-90.0
64.88024074571013,-284.6290361240242,-90.0
64.88024074571013,-284.7290317797289,-90.0
64.88024074571013,-284.8290274354337,-90.0
64.88024074571013,-284.9290230911382,-90.0
64.88024074571013,-285.029018746843,-90.0
64.88024074571013,-285.1290144025478,-90.0
64.88024074571013,-285.2290100582526,-90.0
64.88024074571013,-285.3290057139573,-90.0
64.88024074571013,-285.4290013696621,-90.0
64.88024074571013,-285.5289970253669,-90.0
64.88024074571013,-285.6289926810717,-90.0
64.88024074571013,-285.7289883367764,-90.0
64.88024074571013,-285.8289839924812,-90.0
64.88024074571013,-285.92897964818593,-90.0
64.88024074571013,-286.0289753038907,-90.0
64.88024074571013,-286.1289709595955,-90.0
64.88024074571013,-286.2289666153003,-90.0
64.88024074571013,-286.328962271005,-90.0
64.88024074571013,-286.4289579267098,-90.0
64.88024074571013,-286.5289535824146,-90.0
64.88024074571013,-286.6289492381194,-90.0
64.88024074571013,-286.7289448938241,-90.0
64.88024074571013,-286.8289405495289,-90.0
64.88024074571013,-286.92893620523364,-90.0
64.88024074571013,-287.0289318609384,-90.0
64.88024074571013,-287.1289275166432,-90.0
64.88024074571013,-287.228923172348,-90.0
64.88024074571013,-287.32891882805274,-90.0
64.88024074571013,-287.4289144837575,-90.0
64.88024074571013,-287.52891013946225,-90.0
64.88024074571013,-287.62890579516704,-90.0
64.88024074571013,-287.72890145087183,-90.0
64.88024074571013,-287.8288971065766,-90.0
64.88024074571013,-287.92889276228135,-90.0
64.88024074571013,-288.02888841798614,-90.0
64.88024074571013,-288.1288840736909,-90.0
64.88024074571013,-288.2288797293955,-90.0
64.88024074571013,-288.3288753851002,-90.0
64.88024074571013,-288.428871040805,-90.0
64.88024074571013,-288.5288666965098,-90.0
64.88024074571013,-288.6288623522146,-90.0
64.88024074571013,-288.7288580079193,-90.0
64.88024074571013,-288.8288536636241,-90.0
64.88024074571013,-288.92884931932883,-90.0
64.88024074571013,-289.0288449750336,-90.0
64.88024074571013,-289.1288406307384,-90.0
64.88024074571013,-289.2288362864432,-90.0
64.88024074571013,-289.32883194214793,-90.0
64.88024074571013,-289.4288275978527,-90.0
64.88024074571013,-289.5288232535575,-90.0
64.88024074571013,-289.6288189092623,-90.0
64.88024074571013,-289.728814564967,-90.0
64.88024074571013,-289.8288102206718,-90.0
64.88024074571013,-289.9288058763766,-90.0
64.88024074571013,-290.0288015320814,-90.0
64.88024074571013,-290.1287971877861,-90.0
64.88024074571013,-290.2287928434909,-90.0
64.88024074571013,-290.32878849919564,-90.0
64.88024074571013,-290.4287841549004,-90.0
64.88024074571013,-290.5287798106052,-90.0
64.88024074571013,-290.62877546631,-90.0
64.88024074571013,-290.72877112201473,-90.0
64.88024074571013,-290.8287667777195,-90.0
64.88024074571013,-290.92876243342425,-90.0
64.88024074571013,-291.02875808912904,-90.0
64.88024074571013,-291.12875374483383,-90.0
64.88024074571013,-291.2287494005386,-90.0
64.88024074571013,-291.32874505624335,-90.0
64.88024074571013,-291.42874071194814,-90.0
64.88024074571013,-291.5287363676527,-90.0
64.88024074571013,-291.6287320233575,-90.0
64.88024074571013,-291.7287276790622,-90.0
64.88024074571013,-291.828723334767,-90.0
64.88024074571013,-291.9287189904718,-90.0
64.88024074571013,-292.0287146461766,-90.0
64.88024074571013,-292.1287103018813,-90.0
64.88024074571013,-292.2287059575861,-90.0
64.88024074571013,-292.32870161329083,-90.0
64.88024074571013,-292.4286972689956,-90.0
64.88024074571013,-292.5286929247004,-90.0
64.88024074571013,-292.6286885804052,-90.0
64.88024074571013,-292.7286842361099,-90.0
64.88024074571013,-292.8286798918147,-90.0
64.88024074571013,-292.9286755475195,-90.0
64.88024074571013,-293.0286712032243,-90.0
64.88024074571013,-293.128666858929,-90.0
64.88024074571013,-293.2286625146338,-90.0
64.88024074571013,-293.32865817033854,-90.0
64.88024074571013,-293.42865382604333,-90.0
64.88024074571013,-293.52864948174806,-90.0
64.88024074571013,-293.62864513745285,-90.0
64.88024074571013,-293.72864079315764,-90.0
64.88024074571013,-293.8286364488624,-90.0
64.88024074571013,-293.92863210456716,-90.0
64.88024074571013,-294.02862776027195,-90.0
64.88024074571013,-294.12862341597673,-90.0
64.88024074571013,-294.2286190716815,-90.0
64.88024074571013,-294.32861472738625,-90.0
64.88024074571013,-294.42861038309104,-90.0
64.88024074571013,-294.52860603879583,-90.0
64.88024074571013,-294.6286016945006,-90.0
64.88024074571013,-294.72859735020535,-90.0
64.88024074571013,-294.8285930059099,-90.0
64.88024074571013,-294.92858866161464,-90.0
64.88024074571013,-295.0285843173194,-90.0
64.88024074571013,-295.1285799730242,-90.0
64.88024074571013,-295.228575628729,-90.0
64.88024074571013,-295.32857128443374,-90.0
64.88024074571013,-295.4285669401385,-90.0
64.88024074571013,-295.5285625958433,-90.0
64.88024074571013,-295.6285582515481,-90.0
64.88024074571013,-295.72855390725283,-90.0
64.88024074571013,-295.8285495629576,-90.0
64.88024074571013,-295.9285452186624,-90.0
64.88024074571013,-296.0285408743672,-90.0
64.88024074571013,-296.12853653007204,-90.0
64.88024074571013,-296.2285321857769,-90.0
64.88024074571013,-296.3285278414817,-90.0
64.88024074571013,-296.42852349718646,-90.0
64.88024074571013,-296.52851915289125,-90.0
64.88024074571013,-296.62851480859604,-90.0
64.88024074571013,-296.72851046430077,-90.0
64.88024074571013,-296.82850612000556,-90.0
64.88024074571013,-296.92850177571034,-90.0
64.88024074571013,-297.02849743141513,-90.0
64.88024074571013,-297.12849308711986,-90.0
64.88024074571013,-297.22848874282465,-90.0
64.88024074571013,-297.32848439852944,-90.0
64.88024074571013,-297.4284800542342,-90.0
64.88024074571013,-297.52847570993896,-90.0
64.88024074571013,-297.62847136564375,-90.0
64.88024074571013,-297.7284670213485,-90.0
64.88024074571013,-297.82846267705327,-90.0
64.88024074571013,-297.92845833275805,-90.0
64.88024074571013,-298.02845398846284,-90.0
64.88024074571013,-298.1284496441676,-90.0
64.88024074571013,-298.22844529987213,-90.0
64.88024074571013,-298.32844095557687,-90.0
64.88024074571013,-298.42843661128165,-90.0
64.88024074571013,-298.52843226698644,-90.0
64.88024074571013,-298.62842792269123,-90.0
64.88024074571013,-298.728423578396,-90.0
64.88024074571013,-298.8284192341008,-90.0
64.88024074571013,-298.92841488980554,-90.0
64.88024074571013,-299.02841054551027,-90.0
64.88024074571013,-299.12840620121506,-90.0
64.88024074571013,-299.22840185691985,-90.0
64.88024074571013,-299.32839751262463,-90.0
64.88024074571013,-299.4283931683294,-90.0
64.88024074571013,-299.52838882403415,-90.0
64.88024074571013,-299.62838447973894,-90.0
64.88024074571013,-299.7283801354437,-90.0
64.88024074571013,-299.82837579114846,-90.0
64.88024074571013,-299.92837144685325,-90.0
64.88024074571013,-300.02836710255804,-90.0
64.88024074571013,-300.12836275826277,-90.0
64.88024074571013,-300.22835841396756,-90.0
64.88024074571013,-300.3283540696723,-90.0
64.88024074571013,-300.4283497253771,-90.0
64.88024074571013,-300.52834538108186,-90.0
64.88024074571013,-300.62834103678665,-90.0
64.88024074571013,-300.7283366924914,-90.0
64.88024074571013,-300.82833234819617,-90.0
64.88024074571013,-300.92832800390096,-90.0
64.88024074571013,-301.02832365960575,-90.0
64.88024074571013,-301.1283193153105,-90.0
64.88024074571013,-301.22831497101527,-90.0
64.88024074571013,-301.32831062672005,-90.0
64.88024074571013,-301.42830628242484,-90.0
64.88024074571013,-301.52830193812935,-90.0
64.88024074571013,-301.62829759383413,-90.0
64.88024074571013,-301.72829324953886,-90.0
64.88024074571013,-301.82828890524365,-90.0
64.88024074571013,-301.92828456094844,-90.0
64.88024074571013,-302.02828021665323,-90.0
64.88024074571013,-302.12827587235796,-90.0
64.88024074571013,-302.22827152806275,-90.0
64.88024074571013,-302.32826718376754,-90.0
64.88024074571013,-302.4282628394723,-90.0
64.88024074571013,-302.52825849517706,-90.0
64.88024074571013,-302.62825415088184,-90.0
64.88024074571013,-302.7282498065866,-90.0
64.88024074571013,-302.82824546229136,-90.0
64.88024074571013,-302.92824111799615,-90.0
64.88024074571013,-303.02823677370094,-90.0
64.88024074571013,-303.12823242940567,-90.0
64.88024074571013,-303.22822808511046,-90.0
64.88024074571013,-303.32822374081525,-90.0
64.88024074571013,-303.42821939652003,-90.0
64.88024074571013,-303.52821505222477,-90.0
64.88024074571013,-303.62821070792955,-90.0
64.88024074571013,-303.7282063636343,-90.0
64.88024074571013,-303.8282020193391,-90.0
64.88024074571013,-303.92819767504386,-90.0
64.88024074571013,-304.02819333074865,-90.0
64.88024074571013,-304.1281889864534,-90.0
64.88024074571013,-304.22818464215817,-90.0
64.88024074571013,-304.32818029786296,-90.0
64.88024074571013,-304.42817595356775,-90.0
64.88024074571013,-304.5281716092725,-90.0
64.88024074571013,-304.62816726497726,-90.0
64.88024074571013,-304.72816292068205,-90.0
64.88024074571013,-304.8281585763866,-90.0
64.88024074571013,-304.92815423209134,-90.0
64.88024074571013,-305.02814988779613,-90.0
64.88024074571013,-305.12814554350086,-90.0
64.88024074571013,-305.22814119920565,-90.0
64.88024074571013,-305.32813685491044,-90.0
64.88024074571013,-305.4281325106152,-90.0
64.88024074571013,-305.52812816631996,-90.0
64.88024074571013,-305.62812382202475,-90.0
64.88024074571013,-305.72811947772954,-90.0
64.88024074571013,-305.8281151334343,-90.0
64.88024074571013,-305.92811078913905,-90.0
64.88024074571013,-306.02810644484384,-90.0
64.88024074571013,-306.12810210054863,-90.0
64.88024074571013,-306.2280977562534,-90.0
64.88024074571013,-306.32809341195815,-90.0
64.88024074571013,-306.42808906766294,-90.0
64.88024074571013,-306.52808472336767,-90.0
64.88024074571013,-306.62808037907246,-90.0
64.88024074571013,-306.72807603477725,-90.0
64.88024074571013,-306.82807169048203,-90.0
64.88024074571013,-306.92806734618677,-90.0
64.88024074571013,-307.02806300189155,-90.0
64.88024074571013,-307.1280586575963,-90.0
64.88024074571013,-307.2280543133011,-90.0
64.88024074571013,-307.32804996900586,-90.0
64.88024074571013,-307.42804562471065,-90.0
64.88024074571013,-307.5280412804154,-90.0
64.88024074571013,-307.62803693612017,-90.0
64.88024074571013,-307.7280325918249,-90.0
64.88024074571013,-307.8280282475297,-90.0
64.88024074571013,-307.9280239032345,-90.0
64.88024074571013,-308.02801955893926,-90.0
64.88024074571013,-308.12801521464377,-90.0
64.88024074571013,-308.22801087034856,-90.0
64.88024074571013,-308.32800652605334,-90.0
64.88024074571013,-308.42800218175813,-90.0
64.88024074571013,-308.52799783746286,-90.0
64.88024074571013,-308.62799349316765,-90.0
64.88024074571013,-308.72798914887244,-90.0
64.88024074571013,-308.8279848045772,-90.0
64.88024074571013,-308.92798046028196,-90.0
64.88024074571013,-309.02797611598675,-90.0
64.88024074571013,-309.1279717716915,-90.0
64.88024074571013,-309.22796742739627,-90.0
64.88024074571013,-309.32796308310105,-90.0
64.88024074571013,-309.42795873880584,-90.0
64.88024074571013,-309.5279543945106,-90.0
64.88024074571013,-309.62795005021536,-90.0
64.88024074571013,-309.7279457059201,-90.0
64.88024074571013,-309.8279413616249,-90.0
64.88024074571013,-309.92793701732967,-90.0
64.88024074571013,-310.02793267303446,-90.0
64.88024074571013,-310.1279283287392,-90.0
64.88024074571013,-310.227923984444,-90.0
64.88024074571013,-310.32791964014876,-90.0
64.88024074571013,-310.42791529585355,-90.0
64.88024074571013,-310.5279109515583,-90.0
64.88024074571013,-310.62790660726307,-90.0
64.88024074571013,-310.72790226296786,-90.0
64.88024074571013,-310.82789791867265,-90.0
64.88024074571013,-310.9278935743774,-90.0
64.88024074571013,-311.02788923008217,-90.0
64.88024074571013,-311.1278848857869,-90.0
64.88024074571013,-311.2278805414917,-90.0
64.88024074571013,-311.3278761971965,-90.0
64.88024074571013,-311.42787185290103,-90.0
64.88024074571013,-311.52786750860577,-90.0
64.88024074571013,-311.62786316431055,-90.0
64.88024074571013,-311.72785882001534,-90.0
64.88024074571013,-311.82785447572013,-90.0
64.88024074571013,-311.92785013142486,-90.0
64.88024074571013,-312.02784578712965,-90.0
64.88024074571013,-312.12784144283444,-90.0
64.88024074571013,-312.2278370985392,-90.0
64.88024074571013,-312.32783275424396,-90.0
64.88024074571013,-312.42782840994875,-90.0
64.88024074571013,-312.5278240656535,-90.0
64.88024074571013,-312.62781972135826,-90.0
64.88024074571013,-312.72781537706305,-90.0
64.88024074571013,-312.82781103276784,-90.0
64.88024074571013,-312.9278066884726,-90.0
64.88024074571013,-313.02780234417736,-90.0
64.88024074571013,-313.1277979998821,-90.0
64.88024074571013,-313.2277936555869,-90.0
64.88024074571013,-313.32778931129167,-90.0
64.88024074571013,-313.42778496699646,-90.0
64.88024074571013,-313.5277806227012,-90.0
64.88024074571013,-313.627776278406,-90.0
64.88024074571013,-313.72777193411076,-90.0
64.88024074571013,-313.82776758981555,-90.0
64.88024074571013,-313.9277632455203,-90.0
64.88024074571013,-314.02775890122507,-90.0
64.88024074571013,-314.1277545569298,-90.0
64.88024074571013,-314.2277502126346,-90.0
64.88024074571013,-314.3277458683394,-90.0
64.88024074571013,-314.42774152404417,-90.0
64.88024074571013,-314.5277371797489,-90.0
64.88024074571013,-314.6277328354537,-90.0
64.88024074571013,-314.72772849115825,-90.0
64.88024074571013,-314.82772414686303,-90.0
64.88024074571013,-314.92771980256776,-90.0
64.88024074571013,-315.02771545827255,-90.0
64.88024074571013,-315.1277111139773,-90.0
64.88024074571013,-315.2277067696821,-90.0
64.88024074571013,-315.32770242538686,-89.66324031192576
64.88082842765432,-315.4276885833261,-88.14820068048417
64.88405972414026,-315.52763201674145,-88.23623824960386
64.88713743277577,-315.62757976238663,-88.6352991207612
64.8895189564691,-315.7275470545613,-88.71855265610671
64.89175520964645,-315.8275172211679,-89.09760172237978
64.8933300582249,-315.9275004748247,-89.17622824565224
64.89476769299617,-316.02748536587524,-89.53502417055725
64.89557918474983,-316.12747772878845,-89.60910386900629
64.89626138966605,-316.227470675541,-89.94750159112627
64.89635301268137,-316.32746628927,-90.01705868587545
64.89632324105206,-316.4274616037399,-90.33498612388568
64.89573860870118,-316.5274555503809,-90.40000695684586
64.89504050291522,-316.6274484746374,-90.69744460605398
64.89382331538438,-316.72743672201847,-90.75789305994024
64.89250064186778,-316.82742337462764,-91.03485637571347
64.89069465342509,-316.9274027203225,-91.09068676259248
64.88879124772588,-317.0273800406682,-91.34721120401726
64.88644023940066,-317.1273480551513,-91.3983787731156
64.88399996082477,-317.22731374626204,-91.63450736264646
64.88114771814972,-317.327268715481,-91.68097658997046
64.87821441332136,-317.42722118589495,-91.89674983043551
64.87490470877472,-317.52716205349,-91.93850066088044
64.87152218346073,-317.6271003585955,-92.13394864346171
64.86779876323338,-317.72702666795215,-92.17098086082586
64.8640107617467,-317.8269504511559,-92.34611738946515
64.85991733645463,-317.92686228743776,-92.37845329273762
64.85576752794054,-318.0267717214303,-92.53327184833506
64.85134776689847,-318.1266696537017,-92.56095741343798
64.84687973780069,-318.2265653820195,-92.69542877865324
64.84217726647226,-318.3264504055377,-92.71853348411189
64.83743451847745,-318.42633348455274,-92.83260484991303
64.8324929187188,-318.5262069632728,-92.85122034346766
64.82751887148304,-318.6260788046845,-92.94481571996307
64.82238168419782,-318.7259424140056,-92.95905350094355
64.81721968216581,-318.82580472785884,-93.03207525656187
64.81193041199371,-318.9256603976071,-93.04206354663424
64.80662373463059,-319.0255151358176,-93.09439490230487
64.80122585629353,-319.1253649934504,-93.10027487441047
64.79581773105853,-319.22521429378327,-93.1317831816922
64.79035469699285,-319.3250606077794,-93.13370471522977
64.78488831439259,-319.42490673819714,-93.14424534978981
64.77940356329738,-319.5247518615896,-93.14236247808098
64.77392209336323,-319.6245971648669,-93.1317831816823
64.76845905929756,-319.72444347886307,-93.12624939659217
64.76300566883734,-319.8242903173478,-93.09439490229674
64.75760779050029,-319.92414017498055,-92.81716961291961
64.75269343568318,-320.024008086662,-91.18229665610272
64.75063017481985,-320.123982453949,-91.24005613875927
64.74846613805826,-320.22395438969914,-91.58205029599667
64.74570541019088,-320.32391192839174,-91.63227477477496
64.74285706888858,-320.4238667797214,-91.93170972702718
64.7394863845122,-320.52380560924564,-91.97437626515281
64.73604128522423,-320.62374173414935,-92.23130427741748
64.73214807803133,-320.7236615725078,-92.26644614089685
64.7281935911573,-320.82357888953175,-92.48087388023876
64.72386519031447,-320.92348082197543,-92.50858606102621
64.71948847370739,-321.0233805767485,-92.68046221709557
64.71481209408311,-321.12326682521854,-92.70089962756802
64.71010008721716,-321.22315135909463,-92.83011102481623
64.70516283450218,-321.3230250528055,-92.84348077049329
64.70020227765919,-321.42289757414227,-92.9298555580583
64.69509116534482,-321.5227625213997,-92.93640467229301
64.68996863836156,-321.6226268794714,-92.97972119806379
64.68477061357277,-321.72248734060656,-92.97972119806379
64.67957258878397,-321.8223478017417,-92.97972119806379
64.67437456399517,-321.9222082628769,-92.97345080052023
64.6691874680907,-322.02206928812336,-92.92985555804685
64.66407635577634,-322.12193423538093,-92.91758287929076
64.6589866353484,-322.2218002588122,-92.83011102481623
64.65404938263342,-322.3216739525231,-92.81207658571019
64.64914356821394,-322.42154915923106,-92.68046221708592
64.64446718858969,-322.5214354077012,-92.65686407868584
64.63983195196384,-322.62132351055357,-92.48087388023063
64.63550355112103,-322.72122544299725,-92.45185625027541
64.63122575065276,-322.8211294573785,-92.23130427742687
64.62733254345984,-322.9210492957369,-92.1969509495438
64.62349925208792,-323.02097131174435,-91.931709727012
64.62012856771157,-323.12091014126855,-91.89204373894131
64.6168270781814,-323.2208510932032,-91.58205029600481
64.614066350314,-323.3208086318958,-91.53704121532529
64.6113841521225,-323.4207680653648,-91.1822966560871
64.60932089125919,-323.5207424326518,-91.39657701243388
64.6068838868377,-323.62070284491045,-93.09439490229498
64.60148600850064,-323.7205527025433,-92.89676234771305
64.59643282318024,-323.82041573158256,-91.28224738053918
64.59419516333715,-323.92038634745666,-91.33644849102043
64.59186294209869,-324.02035443420505,-91.78187179004959
64.58875362551416,-324.1203017368711,-91.83015405126197
64.58556009542887,-324.22024608904195,-92.23130427741748
64.58166688823597,-324.3201659274004,-92.27355670176061
64.57770000594499,-324.4200826380046,-92.63057104609304
64.5731106055519,-324.5199729206345,-92.66675293056663
64.56845813408668,-324.6198601128958,-92.97972119805429
64.56326010929791,-324.71972057403076,-93.00988024545775
64.55800952770012,-324.8195781618629,-93.27881754684243
64.55229028291988,-324.9194101276804,-93.30309781779644
64.54652873758569,-325.0192395778828,-93.52792861490495
64.5403754979759,-325.11904573401625,-93.5465697775422
64.5341897899639,-325.2188498317508,-93.72712181262476
64.52768960443727,-325.31863399255775,-93.74045113433814
64.52116620704582,-325.41841661090604,-93.87645778833176
64.5144059660101,-325.5181834906857,-93.88487627862304
64.50763106705394,-325.617949364449,-93.97598593445815
64.50069753187174,-325.71770435053844,-93.97995000914152
64.49375709523409,-325.8174588539266,-94.02574103406059
64.486736936414,-325.9172077813894,-94.02574103406059
64.47971677759392,-326.01695670885215,-94.02574103405829
64.47269661877384,-326.116705636315,-94.02227790262391
64.46568248926685,-326.2164549854797,-93.97598593445002
64.45874895408467,-326.31620997156915,-93.96954733788682
64.45182662951572,-326.41596572707624,-93.87645778833988
64.44506638847999,-326.5157326068559,-93.86749495889633
64.43832175544055,-326.61550052380727,-93.72712181261663
64.43182156991394,-326.71528468461423,-93.71602839965465
64.42534070643687,-326.81507007038095,-93.52792861490495
64.41918746682708,-326.9148762265144,-93.41924341228756
64.41322375837001,-327.0146905874774,-91.42966027720449
64.41072889777678,-327.1146551153383,-91.43923401790352
64.40821733446703,-327.21461919901407,-91.61702197397051
64.40539559594228,-327.3145750340189,-91.62266606142241
64.40256401125077,-327.41453058140206,-91.72942264662795
64.39954618874081,-327.5144806884912,-91.7312664612065
64.3965251498047,-327.6144306974133,-91.76688662147518
64.3934419735968,-327.7143788098732,-91.7650817053409
64.39036194595899,-327.81432701842914,-91.72942264662795
64.38734412344903,-327.91427712551825,-91.72411969530062
64.38433555199052,-328.0142275028446,-91.61702197395331
64.3815138134658,-328.1141833378495,-91.71756984451521
64.37851676284322,-328.2141308955735,-93.78935141567375
64.3719082044507,-328.31390793760124,-93.8007992935672
64.3652797134528,-328.4136836116021,-94.06305337221426
64.3581945973149,-328.5134279462239,-94.07126678506351
64.35109518470475,-328.61317123726144,-94.28685382601039
64.34362051677161,-328.71288713619,-94.29224737586617
64.33613646313164,-328.81260231723786,-94.46083063580943
64.32835904597104,-328.9122950599133,-94.46391592056244
64.32057626097232,-329.0119873779681,-94.58504952851374
64.31258272553492,-329.1116630246981,-94.58641525881976
64.30458681430385,-329.2113384793454,-94.65956021105329
64.29646366179584,-329.3110036465462,-94.6598485310876
64.28834000776823,-329.4106687727616,-94.68439360812512
64.28017365869499,-329.5103304098274,-94.68427391267676
64.27200751782655,-329.6099920639083,-94.6595602110614
64.26388436531853,-329.70965723110913,-94.6595602110614
64.25576121281051,-329.80932239831,-94.58519104028822
64.24776743120242,-329.90899802513707,-94.58504952851374
64.23977389576503,-330.00867367186703,-94.46187499167877
64.23199466161381,-330.1083662708101,-94.46083063580637
64.22421724445323,-330.2080590134854,-94.28938892118141
64.216738165017,-330.3077745749932,-94.28685382600472
64.20926349708388,-330.40749047392165,-92.25828764879945
64.20532328429731,-330.5074071721935,-92.21632731252093
64.20145619601801,-330.6073280248123,-92.42383558849818
64.19722725089544,-330.7072342020621,-92.428471759491
64.19299022111282,-330.80714005143267,-92.56244879703917
64.18851958953748,-330.90703571341913,-92.56570656657999
64.18404327772384,-331.0069311276902,-92.62646520921614
64.17946103558567,-331.1068217374524,-92.62807638211626
64.17487598442985,-331.20671221981047,-92.61595248602211
64.17031207039582,-331.3066036700731,-92.61560291288315
64.16574876581687,-331.40649514824395,-92.53091868177987
64.16133310778714,-331.5063932585556,-92.52828174694588
64.15692204724228,-331.6062915753818,-92.3713112748761
64.15278469000636,-331.7062015895706,-92.36608298887643
64.14865644914084,-331.80611199336914,-92.13702451199624
64.14492766552121,-331.9060380745642,-92.12895570973569
64.14121295319964,-332.00596470801196,-94.10235848175921
64.13405956989999,-332.10570198179886,-94.17496955198344
64.12677963621263,-332.2054322867484,-94.31803958862282
64.1192506956013,-332.30514408922977,-94.32414134873653
64.1117111351416,-332.40485510260294,-94.41891394664448
64.10400665421126,-332.5045535017536,-94.42355671916744
64.09629409406188,-332.60425128295145,-94.47063221181463
64.08849962274684,-332.70394269181276,-94.47325443553204
64.08070058877269,-332.80363374571886,-92.73685531417914
64.07592603623667,-332.903512469468,-92.6280763821259
64.07134098508082,-333.00340295182605,-93.0377944893223
64.06604175622331,-333.1032579268034,-93.0644823778678
64.06069600743827,-333.20311058890996,-93.40264584879408
64.05476102526312,-333.3029298420042,-93.4258086919286
64.0487856827279,-333.4027468067016,-93.69277690049347
64.04234531724704,-333.5025347672483,-93.71218539194155
64.03587114464587,-333.6023206191961,-93.90849121050272
64.02905512924264,-333.70208365833474,-93.92373661619062
64.02221256576064,-333.80184492579275,-94.05005051687772
64.01515008747619,-333.90159084558184,-94.06056599004891
64.00806930154663,-334.0013354876958,-94.11764895292433
64.00088914531032,-334.10107302140335,-94.122745920798
63.99370011624545,-334.2008099203974,-92.42592374512515
63.98946770680727,-334.30071177066674,-92.26375331875005
63.98551791137967,-334.4006293881119,-92.62750940317669
63.98093385771907,-334.5005197194183,-92.66300076606421
63.976287919625875,-334.6004073884222,-92.93499194582542
63.9711678605369,-334.7002717642375,-92.9622687341108
63.966000253780685,-334.8001338040737,-93.14296441253335
63.96051773770734,-334.89997899860026,-93.16169188458711
63.955002584079196,-334.99982244726004,-93.25170133898023
63.94933058787564,-335.09965709538767,-93.26137501399846
63.94364173516818,-335.19949079768656,-95.37593694051533
63.93427383503424,-335.2990390488071,-95.61181679881437
63.92449544431307,-335.3985554506449,-95.99712241417727
63.914048075932484,-335.4980035663158,-96.04479019677409
63.903517944890176,-335.59744323395427,-94.7469192996779
63.89524313526827,-335.6970923686127,-94.56766145678246
63.88727984967429,-335.7967704366236,-95.23853219035823
63.87815010749464,-335.8963474322657,-95.33685116169949
63.86884941229803,-335.9959096149893,-95.91391995367367
63.85854652301461,-336.09537227699315,-96.00523207205393
63.84808504956441,-336.1948191911388,-96.48938158584336
63.836783702811864,-336.2941735415953,-96.5733097278791
63.82533676091268,-336.3935118457935,-96.96619175460725
63.813208977015776,-336.4927688745368,-97.04161912529213
63.80095048082903,-336.5920102995118,-97.34559033953659
63.788165692764736,-336.6911849943468,-97.41067341524948
63.77526822019012,-336.79034540157176,-96.15515820121188
63.7645471763697,-336.88975888207125,-95.8543643132338
63.75434759644445,-336.98923299794654,-96.37567159795852
63.74324350078787,-337.08860914331154,-96.50915518945361
63.73190779592774,-337.18796020246623,-96.92418821202794
63.719852813822136,-337.28722582203716,-97.03915675711048
63.70759858268907,-337.386467773747,-97.35083094375732
63.69480474228055,-337.4856411538797,-97.44508743151316
63.681847712537966,-337.5847937965076,-97.6571477494035
63.66852382380528,-337.683897578795,-97.7275674396693
63.65507811054083,-337.78298513580717,-97.84436542704324
63.641430444799425,-337.88204500250094,-97.88706391780478
63.627708950121956,-337.98109474628455,-96.61208588991916
63.61619592833609,-338.0804153872011,-96.09917316748312
63.60557141770783,-338.179845015249,-96.3764405170327
63.594465926001995,-338.2792215700169,-96.49434796185038
63.58315589729865,-338.3785755553953,-96.66421301495029
63.57155138658758,-338.4778953759331,-96.74101987832618
63.559813721556175,-338.57719974834157,-98.37189259311
63.545257427763275,-338.6761105104244,-99.1584170999671
63.52934164691231,-338.7748314255323,-99.46622135090774
63.51289587853006,-338.87346464299594,-99.63290756559395
63.49616310333919,-338.97205036911413,-98.73129933260444
63.48098483573018,-339.07087968657646,-98.1787449814579
63.46675927910163,-339.16985829385317,-98.60370587638505
63.451800274465306,-339.26872685143456,-98.88775126937726
63.43635102805182,-339.36752185103006,-99.20995990481946
63.42034663220926,-339.4662272547728,-99.44813285953978
63.403931875248446,-339.56486643012283,-99.67422176622028
63.38712812549345,-339.6634394305687,-99.86116481524401
63.37000273431095,-339.76195771382964,-99.9991351530469
63.352640204342556,-339.8604342065148,-100.12787301063624
63.33505640403773,-339.95887170509474,-99.31099826167258
63.31887952387246,-340.05753926053296,-98.44554139667412
63.30419323163668,-340.1564505540247,-98.65505153166042
63.2891454716594,-340.2553067190039,-98.8975120161885
63.27367939503368,-340.35409908527606,-99.02063431256973
63.258001106646496,-340.45285769731686,-99.17790877660347
63.24205174246069,-340.5515731922601,-99.22318217001839
63.226024388370604,-340.65027600990004,-99.2875094180137
63.20988622139458,-340.74896081484223,-99.26398375269542
63.1937885779448,-340.8476522245922,-99.22662858576228
63.177755279668816,-340.9463541217686,-99.3230381401113
63.16155596277402,-341.0450286523572,-99.49434528676727
63.14506165284537,-341.14365455615433,-99.69195578622956
63.1282274867295,-341.2422218071367,-100.0891063632623
63.110710293810875,-341.340671180482,-100.21647337990244
63.092974395863436,-341.43908080501876,-100.51260225543781
63.07473000960431,-341.5373980137356,-100.58017684058554
63.05636971598539,-341.63569344852647,-100.76614633322664
63.03769043853554,-341.73392896020016,-100.3712660753644
63.01969006125857,-341.8322830795546,-99.05361280673321
63.003954885255425,-341.931032942319,-99.13359987938827
62.98808192597406,-342.02976036950196,-99.44326767073802
62.97167554487627,-342.12840093833194,-99.47783297665156
62.95520967290764,-342.2270315085514,-99.63776734464183
62.938468535819965,-342.3256158150552,-99.97769946271183
62.92114454462913,-342.424089160658,-101.91964827163783
62.9004914688539,-342.5219287314914,-101.9534776748824
62.87978065965362,-342.61975594537347,-102.24235372263377
62.85857685523726,-342.7174776412147,-102.14787511009733
62.837534682021136,-342.81523201754425,-100.6189005799785
62.81910792369795,-342.9135152090753,-100.6295602742973
62.800662893825304,-343.0117948992618,-101.07705928929288
62.78145082344884,-343.1099276028406,-101.07705928928888
62.76223875307239,-343.20806030641944,-101.3377453742567
62.74258039897722,-343.30610456768324,-101.34165877328383
62.722915345282814,-343.40414750125336,-101.40979414112326
62.70313371499668,-343.5021669760766,-101.41373776862862
62.683345337337244,-343.6001850931236,-101.30501852956522
62.66374298912965,-343.69824056374443,-101.29358587874758
62.644160203338465,-343.7962999623786,-101.4494983815319
62.62431066391027,-343.894305653107,-101.4737756529518
62.60441958799121,-343.9923029809206,-101.8689706293714
62.58385316278187,-344.0901602851185,-101.95315007298478
62.5631428821057,-344.18798776302805,-102.17686125442356
62.54205083855319,-344.2857334220554,-102.23996618284056
62.52085110626033,-344.3834560013836,-102.30997952767598
62.49953198219764,-344.4811525759433,-102.33543402859483
62.47816945128753,-344.57883969604086,-101.04843142296168
62.4590086278733,-344.67697065546315,-100.45942558643502
62.44085549844274,-344.7753047545932,-100.57759829018698
62.42249961424145,-344.87360109219355,-100.64063433689253
62.40403557591258,-344.97187728691245,-102.0170050068053
62.383220009148424,-345.0696641110979,-102.87113233758092
62.36094508006394,-345.167147231145,-103.01874723191958
62.338419130455456,-345.2645723908382,-103.13220464466794
62.31570024535613,-345.3619530019457,-103.16858383347997
62.29291953870737,-345.45931914963796,-103.20331043456964
62.27007981885986,-345.5566714909407,-102.34003150540306
62.2487123290294,-345.6543437340276,-101.31522067911149
62.229092517553376,-345.75239573124077,-101.38041388667926
62.20936116951903,-345.8504252523162,-101.471374626951
62.18947420027475,-345.9484234135954,-101.44876165876599
62.16962591214443,-346.04642940341404,-101.41133572391237
62.149841643773655,-346.1444483499747,-102.07748248387577
62.128921917384176,-346.242217607737,-103.39272306865757
62.10576048834352,-346.339493911967,-103.39935181667128
62.082587805622296,-346.4367675342474,-103.41637878519894
62.059386216075474,-346.53403426752413,-102.98339092339123
62.036922555360206,-346.631463918567,-101.48337934844751
62.01701505379007,-346.7294579109394,-101.50315074926787
61.9970737433248,-346.82744500184265,-101.59137574746262
61.97698156906282,-346.9254012966545,-101.57611069873622
61.95691549788108,-347.0233629199339,-101.48337934843804
61.93700799631097,-347.1213569123062,-101.6774383295163
61.916769747333845,-347.2192778832348,-103.41637878520723
61.893568157786994,-347.3165446165116,-103.33730641586615
61.87050130057419,-347.4138412731813,-101.62735603756236
61.85034761621996,-347.5117849313056,-101.62791322867403
61.83019297981169,-347.6097283913477,-101.87895639369194
61.80960939561175,-347.70758260546893,-101.87895639369573
61.78902581141177,-347.80543681959034,-101.91336645172309
61.76838346290039,-347.90327865343994,-101.91486162426057
61.747738560984715,-348.00111994934673,-101.75064686295515
61.72737417311531,-348.0990199757042,-101.7352410320545
61.707036101746255,-348.1969255118747,-101.81874906527761
61.68655535888582,-348.2948012861924,-101.83106802847998
61.66605356936204,-348.39267267009063,-102.13798150581621
61.64502787634917,-348.49043253798845,-102.20175968023288
61.623893313040696,-348.5881692321908,-102.32302621540059
61.60255195083392,-348.6858609150783,-102.35690472906674
61.581152814698704,-348.78354002304155,-102.31311527296981
61.55982834029168,-348.88123544686323,-102.29725520748427
61.53853090755413,-348.9789367801122,-100.88326884256975
61.51965347734258,-349.0771202838269,-100.23927482465147
61.50187831556658,-349.1755234076781,-101.71135914785042
61.48158458921282,-349.27342036213867,-102.48803778841811
61.45996195078852,-349.37105023803434,-102.63953487865926
61.43808129256749,-349.4686223780813,-102.73801295573708
61.41603291290383,-349.56615698790796,-102.75782785380272
61.393950804713555,-349.66368396212914,-102.77368370914351
61.37184170700051,-349.7612048263488,-101.78735873102428
61.351417557540714,-349.8590775856433,-100.81921617423468
61.33264729811647,-349.95729575362145,-101.91252869802645
61.31201064544167,-350.0551176712096,-103.15354071585769
61.28925549886955,-350.1524898154004,-103.29577361676952
61.26625880302686,-350.2498047477673,-103.49677333579638
61.24292075658605,-350.34703883000276,-103.54322526500538
61.219503900181884,-350.4442539017975,-103.62670865825788
61.19594540656976,-350.54143480804225,-103.07390742007519
61.17332807867563,-350.638827879662,-101.78076719224288
61.15291221981798,-350.7367172246743,-101.82373239797766
61.132422977734876,-350.834591152808,-101.94836460857098
61.11172086788837,-350.9324203601425,-102.40897746508756
61.090235547523534,-351.03006824602534,-104.12150323165972
61.06583870846888,-351.1270420847859,-104.15136736890086
61.04139134617913,-351.2240031191806,-104.32117199020513
61.01665671402589,-351.3208913492815,-104.32017055372975
60.99192377536466,-351.4177800115298,-104.30943654812923
60.967208988581206,-351.5146733057977,-104.26747845731076
60.94256546909303,-351.6115834732745,-102.33066228368017
60.92121107390019,-351.70927237216165,-102.33066228368017
60.899856678707344,-351.8069612710488,-102.35389642342703
60.87846267127454,-351.90464150222033,-102.35451926965858
60.85706760194166,-352.0023215010331,-104.23077299198313
60.832486914061306,-352.0992445068297,-104.37983077763133
60.80765310178625,-352.1961073631149,-102.92215114799673
60.78529254030682,-352.29356554429074,-102.68805703367688
60.76332920898291,-352.3911193409211,-102.9387455838719
60.74093930795541,-352.4885758903041,-102.99699029345908
60.71845029788014,-352.5860098452975,-103.05100408471291
60.69586944820952,-352.6834225424326,-103.06817420369615
60.67325940419884,-352.7808284820342,-103.2938147030039
60.65026600981711,-352.8781443093645,-103.38799136691536
60.627112614299826,-352.9754225260209,-103.75594816641028
60.60333523873505,-353.07254896473194,-103.95445209326749
60.57922123916034,-353.16959352245846,-104.14821727041206
60.554779286574,-353.26655558825587,-104.28361425992449
60.530108170551614,-353.36346001124076,-103.41383575344433
60.506913318610074,-353.4607176250149,-102.62617966783273
60.48505535463948,-353.5582950843531,-102.77867253946737
60.46293785226163,-353.6558136415625,-102.9471372402266
60.44053362796514,-353.75326712735693,-103.91259492302565
60.41649518909725,-353.85031046787185,-105.23036653180472
60.3902262706823,-353.9467940161335,-105.33609964703207
60.36377943087073,-354.043228618716,-105.53249149334877
60.33700211500242,-354.1395723082585,-105.07678990033672
60.31099408610722,-354.2361178318793,-103.86965734872402
60.28702373373658,-354.3331979707701,-103.93258062011827
60.262946834018024,-354.4302515113632,-104.16381543189667
60.23847838768302,-354.5272073069289,-104.16914193163602
60.21400092855647,-354.62416082501403,-104.19906355719958
60.189472840053206,-354.721101549347,-104.22178015454743
60.16490633848828,-354.8180324622202,-104.45721323463543
60.13994172799578,-354.91486169015667,-104.46800458967309
60.11495889992269,-355.0116861398334,-104.93670734544678
60.089184833398576,-355.1083030568543,-104.93670734543838
60.06341076687446,-355.2049199738753,-105.14766635746581
60.037281148033486,-355.3014413052763,-105.15819239113377
60.0111337884757,-355.39795786731605,-103.59571061464365
59.98762906340205,-355.4951465907028,-103.3832594791633
59.96448370188186,-355.5924267191974,-105.3442776788054
59.93802631554414,-355.68884581977073,-105.76197970671383
59.91086332771611,-355.78508148494785,-106.04650415016299
59.88322289715623,-355.88118067259154,-106.14330685701825
59.85542002741814,-355.97723342681627,-105.08447887477578
59.829399111163184,-356.07377520477365,-104.54859578158012
59.80428009700404,-356.17056449285604,-104.74426160009294
59.77883079322823,-356.2672670552712,-104.87601038353017
59.75315909342155,-356.36391122213536,-106.05449707896031
59.72551036663496,-356.45998879731013,-107.10729628744562
59.69609544080349,-356.5555602014965,-106.48007424265366
59.667730688675434,-356.6514404326789,-105.6670016191331
59.640727266065674,-356.7477209931633,-105.83266643656002
59.613445775752744,-356.8439223532461,-106.12946590522623
59.585666110306846,-356.93998182101234,-105.70516714872294
59.558600505124225,-357.03623745463295,-104.59308812447607
59.533406337998,-357.133007207669,-105.12622061161665
59.507317105360535,-357.2295225657823,-107.13926123886509
59.477848865430175,-357.3250775446962,-107.20283390406489
59.44827475863074,-357.42059932180956,-107.68551019384175
59.417896865588766,-357.51586901675057,-107.66126117236905
59.38755945220789,-357.61115106863906,-106.26548440783625
59.35955182289228,-357.70714431767226,-106.26548440784539
59.33154419357667,-357.8031375667054,-106.68393072064546
59.302836307651816,-357.898923528688,-106.71369224802788
59.274078616316004,-357.9946947474798,-108.64889685627473
59.24210654031372,-358.08943032743844,-109.00302926043052
59.2095461404844,-358.18397635603185,-108.03140083131052
59.178595314713974,-358.27905586809214,-107.67189391606422
59.14824006326583,-358.37433277961503,-107.99307698089513
59.11735148166949,-358.4694371578627,-108.18108370382446
59.08615071051651,-358.5644405422197,-108.29361495314375
59.05476346378108,-358.6593822985027,-108.39519082887409
59.02320789559753,-358.754268426448,-108.5547093668909
58.99138844718875,-358.84906582016555,-108.7770024116813
58.95920127557941,-358.94373956068324,-108.94405566784235
58.92673852164678,-359.03831813820835,-109.32422513338064
58.89364861822514,-359.13268015096446,-109.06316489320623
58.86099049008612,-359.22718765321827,-107.91893367150217
58.83022472069475,-359.32233279809486,-107.9529643678614
58.799402504990184,-359.4174594693078,-108.32538244774705
58.76796256813861,-359.51238397368155,-108.32538244774318
58.73652263128704,-359.6073084780553,-108.41335678717353
58.70493698137906,-359.7021845936987,-108.41544719688936
58.673347869096624,-359.79705955954864,-108.62044770361649
58.64141953426085,-359.89182080297644,-108.65141832332601
58.60943995099274,-359.98656486566017,-108.93988283750666
58.57698390279149,-360.0811463389494,-109.03207742961635
58.544375573617614,-360.1756758477195,-108.00261434967022
58.513473658176004,-360.27076740025376,-107.42872499857893
58.48352304347184,-360.36617228397927,-108.6921951926386
58.45148252544728,-360.46087439362185,-109.74388381477003
58.4177023682383,-360.5549915128867,-109.88335305169883
58.38369335041933,-360.6490257422378,-110.07538536001016
58.34936921943783,-360.74294584228136,-109.60112125726039
58.315826473005046,-360.8371389848937,-108.44694762477131
58.28418520455409,-360.93199656914845,-108.85706347361796
58.25186947539623,-361.0266144038966,-110.69044315644369
58.216539129486634,-361.12016063748047,-110.62997700517032
58.181307943609674,-361.2137429941932,-109.34203258332661
58.148188714202114,-361.3080947180952,-109.34203258332661
58.11506948479455,-361.40244644199726,-109.72198735109119
58.08132535841387,-361.4965762964651,-109.75274185896868
58.047530650910254,-361.59068819212433,-111.4664749935611
58.010940657162365,-361.6837369286499,-111.89488004367968
57.97365179021616,-361.7765198557523,-110.99730789130278
57.93782336441444,-361.86986920570666,-110.5020551820721
57.902800788046754,-361.9635310992622,-110.67473436337397
57.86749624566967,-362.0570866061228,-110.84125430691887
57.8319197946086,-362.15053952095013,-110.24208668469747
57.79732578550011,-362.2443505840154,-109.21729897891441
57.76441203925577,-362.33877418523883,-109.7664863091207
57.730599396590534,-362.43286505957474,-111.406808953612
57.69410223948513,-362.5259622597638,-111.2641629654249
57.65783795757166,-362.61914750870693,-110.01581772151489
57.62361148928792,-362.71310324311764,-110.01581772151489
57.589385021004176,-362.80705897752836,-110.33755160959149
57.554631518681994,-362.90082099961063,-110.34617552761561
57.519863889398444,-362.9945778293023,-110.7054650163702
57.4845091503645,-363.0881144482999,-110.7735358177277
57.449043177117034,-363.1816093460293,-111.1402279569625
57.412979882514115,-363.274874536324,-111.29621380011315
57.376662494118996,-363.3680420116573,-110.4925552141058
57.341658210213836,-363.46170231982495,-109.84790367184272
57.30770724017421,-363.55575795651515,-110.83821469074626
57.272142833868514,-363.6491941395956,-112.1591191972009
57.23442646467343,-363.74180411019574,-111.82119346294516
57.19725871197941,-363.83463052670135,-110.902367066051
57.16158260253281,-363.9280454418626,-110.95662895300221
57.125818149987765,-364.02142624260875,-111.32658987051028
57.089451372802614,-364.1145744507342,-111.32658987049464
57.05308459561747,-364.2077226588597,-111.8142693175702
57.01592633028692,-364.30055789081325,-111.82381909878917
56.978752565779814,-364.39338699396626,-112.29368302454334
56.940819066848455,-364.48590747525816,-112.3924560758809
56.90272585765394,-364.5783630785123,-111.46798644092954
56.866131737229566,-364.6714151015802,-110.99830085991779
56.8302992676144,-364.764770151155,-112.18867335611193
56.79254263435836,-364.85734226425427,-113.28422264711367
56.75301509382902,-364.9491938004392,-112.85597195741501
56.714177260030404,-365.041333288757,-112.03678951234744
56.67665870410183,-365.1340235747683,-112.47780082610528
56.63843279107219,-365.2264103200923,-114.41343461297494
56.59710279125148,-365.3174650414122,-114.41343461297494
56.55577279143077,-365.4085197627321,-114.85268465113268
56.51374596837021,-365.49925493138676,-114.85752235483454
56.47171147073459,-365.58998658059664,-113.72035213516101
56.43148809012811,-365.68152963524517,-113.40855470671323
56.39176132463801,-365.77329518032354,-114.68224679901947
56.35001131002895,-365.8641403579114,-115.51262097791837
56.30694219058994,-365.9543854802759,-115.00327125316383
56.26467964777037,-366.04500428763157,-114.20372903718118
56.22368318911713,-366.1362096687104,-114.25668794550087
56.18260251803671,-366.2273769580573,-114.47351887199846
56.14117705477284,-366.31838828786414,-114.47351887201195
56.09975159150897,-366.40939961767094,-114.79329178702578
56.0578188344142,-366.5001783302543,-114.79368602079063
56.01588545189627,-366.5909567560527,-113.8655784792273
55.9754293473226,-366.6823994197474,-113.62714825145454
55.93535277000019,-366.77401273269896,-113.87699301144083
55.89487732814894,-366.8654498667634,-114.0350489850863
55.85414955744635,-366.9567755469056,-114.21944862247696
55.81312836769509,-367.047969031392,-114.47144795465891
55.771706194001474,-367.1389818584348,-114.57592656491501
55.73011836584807,-367.2299184804484,-114.9356835299085
55.68796013398257,-367.32059270305774,-114.94519496217268
55.64578687968903,-367.41125986261676,-115.4270413059413
55.6028526026038,-367.50156921435286,-115.42704130593097
55.55991832551856,-367.591878566089,-115.84367004234102
55.516328780547504,-367.6818727573035,-115.94475401800294
55.47258025078592,-367.77179048249457,-115.14236353050768
55.43009822032487,-367.86230562559604,-114.56250383252053
55.38853145915238,-367.9532525085853,-115.35027748308607
55.345724778888304,-368.043605448024,-116.62801464506734
55.30090710308091,-368.13299508442026,-116.43714149604503
55.25638893341899,-368.22253057507316,-115.30253029565361
55.21365101125567,-368.31293301513415,-115.30253029563968
55.17091308909235,-368.4033354551952,-117.24005298428553
55.12514503958406,-368.49223752743984,-117.38210276593954
55.07915479369322,-368.5810295791265,-116.52097431501657
55.0345065758059,-368.67049801589775,-116.11430784338124
54.9904921469394,-368.7602858837385,-115.53353191230738
54.94739278136256,-368.8505096558769,-114.8287011913261
54.90540392925812,-368.94126243797626,-115.3558301215849
54.862587425060156,-369.03161348192106,-116.95470390723861
54.817260798416505,-369.12074612508246,-116.94948536639166
54.771942335686184,-369.2098828068408,-115.68747526719409
54.728598008698434,-369.2999960715571,-115.68747526720819
54.685253681710684,-369.39010933627327,-117.3316584682225
54.63934681432346,-369.478931809234,-117.78274815428688
54.59273681223404,-369.5674001022267,-117.1284353652786
54.54714282854638,-369.6563896254794,-116.5340437228718
54.502471821072426,-369.745852647176,-116.59453428559769
54.45770644862635,-369.83526833424395,-116.74376606496985
54.41270827557866,-369.9245672456718,-116.75347078843886
54.36769499037851,-370.01385850906996,-116.94278502696545
54.322386906418025,-370.1030005793155,-116.94278502695434
54.27707882245753,-370.1921426495611,-117.0944915840781
54.23153490773459,-370.281164366165,-117.13120444522139
54.18593392209972,-370.3701569572553,-117.23044317535906
54.14017892039899,-370.4590703263086,-117.3091232800753
54.09430180909023,-370.54792088521395,-116.90727496552395
54.04905149597652,-370.63708606344954,-115.99930690332174
54.00521737292213,-370.72696209371287,-116.16360301800972
53.96112775315105,-370.81670790141834,-118.01510510273808
53.91415936155757,-370.90498644553276,-118.01510510275698
53.86719096996409,-370.9932649896471,-116.92727329377878
53.821908861996754,-371.0824156987277,-116.68192817171497
53.77700709320639,-371.1717631235329,-117.80984319262578
53.73036187266574,-371.26019682783965,-118.6349754980253
53.68244118231868,-371.3479620749281,-118.22951621855168
53.63514554681944,-371.43605905768015,-117.27753481070454
53.589317427819076,-371.5249348961782,-117.29988932695024
53.54345470519373,-371.6137927145607,-117.7396821532322
53.496911212883234,-371.70229601666506,-117.7396821532322
53.450367720572736,-371.7907993187694,-118.07807740794168
53.403302552799786,-371.8790257752607,-118.16880754673006
53.35609751325903,-371.9671780038303,-118.3750474581695
53.30857575494926,-372.05515921741545,-118.56560110845952
53.2607613668754,-372.1429824230786,-118.654126392329
53.212811522824936,-372.2307313207221,-118.93070934925768
53.164438469920356,-372.31824805576474,-118.93070934927344
53.116065417015776,-372.4057647908073,-119.25043319002157
53.06720478997885,-372.4930101709638,-119.26473385976482
53.01832235451904,-372.5802434138435,-118.52230122438733
52.970576374352795,-372.66809900465483,-118.1474323208638
52.92340422487805,-372.7562688377825,-118.9633283352979
52.874988840146855,-372.8437444968775,-120.20713931339455
52.82467826235421,-372.9301619541532,-120.11119913280555
52.77451324829042,-373.0166621722916,-119.03401098441307
52.72598248547562,-373.10409155076616,-119.0340109844289
52.67745172266082,-373.19152092924065,-120.58363137067191
52.62657920441425,-373.27759777449904,-120.98507466003952
52.575099964070894,-373.36332419384286,-120.41778978172391
52.52447490819389,-373.4495511610783,-119.7551107151358
52.47484766984138,-373.53636284447026,-119.54907244192684
52.42553463776809,-373.6233494164935,-118.44590831673482
52.37790381949491,-373.7112723163004,-118.44590831671573
52.33027300122174,-373.7991952161073,-120.06473477047385
52.280180020765314,-373.88573285823605,-120.27990235280147
52.22975973732383,-373.97208635369236,-119.48070042593916
52.18055250102681,-374.0591282460917,-118.86939621290553
52.132273128869045,-374.1466966957976,-118.95854331356546
52.0838577152554,-374.234189652414,-119.18476566762826
52.035097079524206,-374.3214910359249,-119.18476566764059
51.98633644379302,-374.40879241943577,-119.4298453182345
51.93720283198323,-374.4958844272812,-119.43188126454483
51.88806612174571,-374.5829746957782,-119.55691423168189
51.83873952852725,-374.6699574382813,-119.6117088888136
51.78932972061954,-374.75689305838233,-119.80838613091088
51.73962223254643,-374.8436577754773,-120.10995431118326
51.68945830819922,-374.9301604451119,-120.14537170031343
51.63924102826741,-375.0166319060747,-120.53836096639621
51.58843172251251,-375.1027570801444,-120.53836096639273
51.537622416757614,-375.1888822542141,-120.81234361188167
51.48640203603626,-375.27476317026407,-120.89864061284457
51.43505217755732,-375.36056715148885,-120.43410184347671
51.38440188547646,-375.44678087595565,-119.81724989057642
51.334680526175326,-375.5335386859155,-120.06046401455332
51.28459451844761,-375.6200791594271,-121.77402244443704
51.23193976550435,-375.7050886186203,-121.77402244444049
51.17928501256108,-375.7900980778135,-120.84056870154708
51.12802416011701,-375.87595068834503,-120.56431691171129
51.07717584343442,-375.9620528361137,-120.76304924668075
51.02602956288322,-376.0479774624237,-121.00711787566236
50.97451734510897,-376.1336840699858,-120.8903250830593
50.923180758898866,-376.2194941344014,-119.99382951499577
50.87319225761604,-376.30609829653764,-119.99382951499226
50.82320375633322,-376.3927024586739,-121.60140932750716
50.770810313861396,-376.47786209029147,-121.98852668312423
50.71783767181027,-376.56267382505706,-121.46176950428699
50.66564970713846,-376.6479645343629,-120.81205021727743
50.614429581735976,-376.7338460219699,-120.86553796798128
50.563129470657465,-376.8196793792345,-121.26170934456046
50.51123692884346,-376.90515624899416,-121.26170934456046
50.459344387029454,-376.9906331187538,-121.81959435916251
50.40662274437867,-377.07559952878563,-121.97773525485965
50.35366607721415,-377.16042123922966,-122.23365123244072
50.30033180784621,-377.2450044101513,-122.58524992172515
50.24647875864579,-377.3292598565725,-122.60915006928198
50.1925906621079,-377.4134926847056,-123.08822981287997
50.13800004797059,-377.497272133307,-123.08822981287997
50.08340943383329,-377.58105158190835,-122.49006945023328
50.029697930971416,-377.66539400872483,-122.18233845593787
49.97643870381581,-377.75002607051357,-122.3777756112757
49.9228918421618,-377.83447480972814,-122.8400994548897
49.86866456177459,-377.91848988707517,-122.8400994548897
49.81443728138737,-378.0025049644222,-122.12871988749342
49.7612576509106,-378.0871862363596,-122.06399561332083
49.7081733424123,-378.1719281229984,-122.49491108360743
49.654454417343736,-378.2562664743125,-122.83833468617706
49.6002297247328,-378.3402832218753,-122.94936246626561
49.545842804387156,-378.42419399759666,-123.46912407410598
49.49069644667926,-378.5076086868989,-123.46912407410258
49.43555008897137,-378.5910233762011,-123.85281883704732
49.37984672143345,-378.6740663669568,-123.96207824658555
49.32398474088072,-378.7570035135713,-124.22173331508569
49.267748474227325,-378.83968518693206,-124.66979652731932
49.21086634035388,-378.92192601624356,-124.66979652734118
49.15398420648043,-379.004166845555,-124.0305773279053
49.098023353719995,-379.0870367895224,-123.98614779767414
49.042126536789716,-379.169950461597,-124.39570455167969
48.985639793505165,-379.2524605383739,-124.76944450861926
48.92861471368451,-379.3346023147808,-124.71467606468995
48.871668447853565,-379.41679817438086,-124.14740491674077
48.815538494767516,-379.49955419849016,-124.14740491673739
48.75940854168147,-379.58231022259946,-125.52188897117124
48.70131785721046,-379.6636845824434,-126.19483546768046
48.64226712992412,-379.7443824310318,-126.31943484233165
48.58304163714243,-379.82495087609675,-126.84068736054044
48.52308503499528,-379.9049779778736,-126.84068736054044
48.46312843284814,-379.9850050796505,-126.3632284213614
48.40384169766221,-380.06552779510685,-126.15248124242473
48.344850640023274,-380.1462692731616,-126.30128726144389
48.285650805033924,-380.22685628787815,-126.83908615170385
48.22569643937687,-380.30688506519294,-126.8390861517234
48.16574207371981,-380.3869138425077,-126.36272795891038
48.10645593950793,-380.4674372148563,-126.17529305300407
48.047432740036136,-380.54815519974164,-126.34180752789618
47.98817599850889,-380.62870023128795,-126.86949765574579
47.92817916355473,-380.7086971747003,-126.86949765576858
47.86818232860056,-380.78869411811263,-127.48988253730495
47.80732409490772,-380.8680351174847,-127.70811196911642
47.746162846454844,-380.9471453750213,-127.60276155157304
47.68514754644124,-381.0263674578465,-127.21035922908952
47.62467586165348,-381.10600605714836,-127.2103592290863
47.56420417686572,-381.1856446564502,-128.56873738626848
47.50186907471473,-381.2638179343683,-129.15000068426116
47.438736537026664,-381.3413641389491,-129.05120944312134
47.37573847983403,-381.4190182463654,-128.33487829981297
47.31371551015033,-381.49745473271867,-128.33487829979282
47.251692540466635,-381.575891219072,-128.59252124173085
47.18931796539364,-381.65404742078886,-128.78580173402153
47.126679619994306,-381.7319933561894,-128.78898369309545
47.06403696342514,-381.80993579101766,-129.3658309254636
47.00061276180339,-381.8872436289674,-129.3658309254461
46.93718856018163,-381.96455146691716,-129.06837212079628
46.874167746088126,-382.04218608267166,-128.65493001954604
46.81170760354494,-382.1202748895093,-128.65493001954286
46.74924746100176,-382.1983636963469,-129.10895287861686
46.68617082491462,-382.27595470470385,-129.18456279396923
46.622991521091606,-382.3534628122041,-129.36173736391612
46.55957363493384,-382.43077421591266,-129.82449973665197
46.49553260120502,-382.5075718536288,-129.82449973665197
46.4314915674762,-382.58436949134494,-129.38800355708122
46.36803834984691,-382.6616516876874,-129.1755498660365
46.30487123923913,-382.73916973266597,-129.22728696913137
46.24163440964965,-382.81663039767426,-129.73443416348698
46.177714176333374,-382.893528609179,-129.7344341635109
46.11379394301709,-382.97042682068366,-130.05487051809519
46.04944568550487,-383.0469651094636,-130.38608201140835
45.98465501101801,-383.123131372726,-130.38608201138726
45.919864336531155,-383.19929763598844,-129.83973720215562
45.85580333224492,-383.2760776990667,-129.75512579846722
45.79185533229596,-383.352952821586,-129.89845919850012
45.72771577752366,-383.4296670605817,-130.29749086252417
45.6630429492666,-383.5059334125665,-130.2974908625463
45.59837012100967,-383.58219976455104,-130.6951777556599
45.533170370479475,-383.6580143735478,-130.91704800720802
45.46767664741502,-383.7335769529042,-130.91704800718978
45.402182924350555,-383.8091395322606,-130.26289754942627
45.33755617584833,-383.885444893061,-130.25965993148776
45.27293371839767,-383.9617539302248,-130.10436878150293
45.20851871738392,-384.0382373659432,-129.84461258465777
45.14445072891044,-384.1150125182569,-129.8446125846369
45.08038274043697,-384.19178767057065,-130.37843962860555
45.01560351937834,-384.2679610543033,-130.62400960643672
44.950497114891355,-384.34385761057973,-130.62400960645792
44.88539071040437,-384.4197541668561,-131.44440917922668
44.81920436863442,-384.49471063604926,-131.4552335443805
44.75300377766776,-384.5696547012946,-131.33653154798895
44.686958964599285,-384.6447353339977,-131.02559785714945
44.62132220190233,-384.7201736965363,-131.02559785716775
44.555685439205384,-384.7956120590748,-131.41938870001408
44.48953277309607,-384.8705963623433,-131.67800101613787
44.42304129876877,-384.9452824721738,-131.67800101615953
44.35654982444147,-385.01996858200425,-132.3160218125271
44.28923116469028,-385.0939092755969,-132.36904337210242
44.22184376178583,-385.1677880214554,-132.53761288818984
44.15424026149715,-385.2414671319784,-133.0957667918807
44.085921247112736,-385.31448523544174,-133.0957667918807
44.01760223272832,-385.38750333890505,-132.82222318019873
43.94963329866089,-385.46084602765325,-132.57597637573244
43.88197951076312,-385.53448091166155,-132.57597637573244
43.81432572286534,-385.60811579566985,-132.226226648672
43.747122886058406,-385.68216205712656,-132.1689199233819
43.67999393833405,-385.75627572345905,-132.2763036261974
43.61272694984688,-385.8302626272232,-132.95347799694557
43.54458947968781,-385.90345016933355,-132.95347799692635
43.47645200952873,-385.97663771144397,-133.28723140192056
43.407890999323385,-386.04942538060266,-133.7537602455971
43.33873795745857,-386.12165410037994,-133.75376024560006
43.26958491559375,-386.1938828201572,-134.319714464627
43.19972328826053,-386.26542342656387,-134.56673551906454
43.12955238178808,-386.3366636893698,-134.56673551904169
43.05938147531563,-386.4079039521758,-135.36506436931285
42.98822499796653,-386.47815940060883,-135.38926854345323
42.91703863857028,-386.54838498993166,-135.29713649413088
42.845965590785624,-386.6187246633342,-135.00000000000864
42.77525798454756,-386.68943226957225,-134.9999999999885
42.704550378309484,-386.76013987581035,-135.31817540491835
42.633452107897426,-386.83045285202536,-135.57869899721783
42.56203395918928,-386.90044270268197,-135.57869899719742
42.490615810481124,-386.97043255333864,-135.23477872534625
42.41961926831945,-387.04084962708924,-135.179520936135
42.34869046622387,-387.11133534332396,-135.28148748787524
42.27763713120506,-387.1816939324491,-136.0016810145076
42.20570423824043,-387.2511546412676,-136.00168101450478
42.133771345275804,-387.3206153500861,-136.31925736471842
42.06145627911584,-387.3896746418783,-136.81195467935532
41.98854830246213,-387.4581111679451,-136.81195467937906
41.91564032580842,-387.52654769401187,-137.338197384779
41.842108452217104,-387.59431024597905,-137.60726325000527
41.76825757921584,-387.6617281940106,-137.60726325002932
41.69440670621458,-387.7291461420421,-136.30949562967913
41.62210308734219,-387.7982180588784,-136.21130066279756
41.54991655066785,-387.8674151331141,-136.37031409739407
41.47753930338237,-387.93641059617585,-136.97177827179144
41.404440710500644,-388.00464348325045,-136.97177827178865
41.331342117618924,-388.07287637032505,-137.3403610770524
41.257807582512214,-388.14063623997384,-137.69966266891134
41.18384808241293,-388.20793500300033,-137.6996626689141
41.10988858231364,-388.2752337660268,-138.26578552528815
41.035268554283675,-388.34179776069936,-138.39173976242859
40.96050156596491,-388.4081982773959,-138.48357694515272
40.885628830951326,-388.4744783471973,-139.04504598857267
40.81010959776569,-388.54002204696235,-139.04504598857267
40.73459036458005,-388.6055657467274,-138.84211366194012
40.65930428060878,-388.6713760475761,-138.61396305328608
40.58428031902424,-388.73748607970435,-138.6139630533132
40.50925635743969,-388.8035961118326,-139.249067448729
40.433505658450805,-388.86886923829354,-139.4463966565845
40.3575291553727,-388.93388233035853,-139.4993415167026
40.28149305467834,-388.99882480667526,-140.22683844556732
40.2046380657315,-389.0627970024622,-140.22683844556994
40.12778307678465,-389.1267691982492,-140.06908022532988
40.05110499142988,-389.1909523692289,-139.81321093422488
39.97471382680334,-389.2554777218187,-139.81321093422488
39.898322662176795,-389.3200030744085,-139.3103436707826
39.822501657042054,-389.3851956160916,-139.15440445655472
39.74685746050338,-389.450595055614,-139.2285018297685
39.671129217190774,-389.5158962111608,-139.7752985193803
39.594780765482604,-389.5804720973846,-139.77529851940514
39.51843231377443,-389.6450479836083,-140.0469407927131
39.44177942591403,-389.7092604511178,-140.31882998941424
39.36482182517041,-389.77310916956714,-140.31882998941424
39.28786422442679,-389.83695788801646,-139.74915302464564
39.21154566303425,-389.9015682560741,-139.68651648438646
39.13529736578801,-389.96626236961527,-139.8680171848573
39.058845511029865,-390.0307137805928,-140.3395660446907
38.98186480768136,-390.0945346429483,-140.3395660447184
38.90488410433285,-390.15835550530375,-140.72035296687392
38.82748175654036,-390.2216626910216,-140.89964778911786
38.74988087488453,-390.28472800895526,-140.94706221189767
38.672228063474705,-390.34772889892594,-141.36184398032822
38.594120974057134,-390.41016617739444,-141.36184398033078
38.516013884639555,-390.47260345586295,-140.94801789824197
38.43836150134143,-390.5356018507342,-140.59832643421092
38.36109335492607,-390.5990744015681,-140.5983264342083
38.28382520851071,-390.66254695240195,-141.11472525375459
38.20598829272663,-390.7253204037041,-141.13984597611238
38.12812370823023,-390.7880598461708,-140.8734110767773
38.05055305288088,-390.8511596026493,-140.44789161660904
37.97345182504765,-390.91483480839247,-140.44789161661163
37.89635059721441,-390.9785100141356,-140.91623849162718
37.818732142401316,-391.0415523028217,-141.03994320044737
37.74097707073609,-391.10442741705754,-141.14150824028457
37.66311110268043,-391.16716424871913,-141.50397472025765
37.58484936874625,-391.2294075789758,-141.50397472023215
37.506587634812064,-391.2916509092325,-140.97560703444978
37.4289048895744,-391.35461193460526,-140.70746218339812
37.35151598227517,-391.4179371917059,-140.86130123341775
37.27396058598368,-391.4810517787227,-142.6550996630362
37.1944642048358,-391.54171030280816,-142.65509966306212
37.11496782368793,-391.60236882689355,-143.0457196747194
37.03506118783347,-391.6624828868502,-143.34871857776236
36.954836321714566,-391.7221746117041,-143.3043762044106
36.87465799445435,-391.7819281692007,-142.71677057919388
36.795096368927716,-391.8425010913969,-142.71677057921733
36.715534743401086,-391.9030740135931,-143.11678372475475
36.63555372173459,-391.9630888347577,-143.43570800288202
36.55523832103952,-392.022658689307,-143.47335502510666
36.47488404108326,-392.0821755774067,-144.00430055239895
36.39398144482844,-392.14094547683715,-144.00430055240133
36.31307884857362,-392.1997153762676,-143.53179765920882
36.23266552560042,-392.25914907089884,-143.20898129858693
36.15258647862219,-392.3190362765015,-143.26278305798962
36.07245156232122,-392.378848013363,-143.76610895052144
35.991793984316935,-392.4379537344932,-143.7661089505477
35.91113640631265,-392.49705945562334,-144.00308089512262
35.830235490722586,-392.5558307651226,-144.1502093083544
35.74918349422829,-392.61439444861423,-144.23174000294043
35.66804871261193,-392.6728424006473,-144.69593148554225
35.58644260248169,-392.7306314476133,-144.6959314855157
35.50483649235145,-392.7884204945793,-145.1946137819981
35.422731845682954,-392.84549615813006,-145.40975602343184
35.34041211744617,-392.90226404960794,-145.21725323548338
35.258284842011406,-392.95930732388786,-144.6942665358136
35.1766804111991,-393.01709874220955,-144.6942665358402
35.095075980386795,-393.0748901605312,-145.2436625951865
35.012922000106165,-393.13189586565335,-145.3657293746794
34.930645917182375,-393.1887269956663,-145.06633771697312
34.84866968989296,-393.24598603449647,-144.59283412819826
34.76716769675564,-393.3039218289113,-144.59283412822242
34.685665703618334,-393.3618576233261,-145.14718928112734
34.60360726035275,-393.41900196951843,-145.18671903781416
34.52150913732683,-393.4760898785312,-144.7588287374336
34.43984193954858,-393.53378768013556,-144.32634124800592
34.35861029672662,-393.59210192680206,-144.40002167293255
34.277305572352844,-393.65031034583666,-146.4179493109626
34.1939997352278,-393.7056210017786,-146.4179493109875
34.11069389810276,-393.76093165772045,-146.82269468781558
34.027000623824854,-393.8156516677645,-147.05590335498275
33.943084112397884,-393.87003135395116,-146.83444230174925
33.8593802817191,-393.9247337706369,-146.17399831504412
33.77631069782275,-393.98039861942965,-146.17399831504412
33.693241113926405,-394.0360634682224,-145.53793332208215
33.61079553802387,-394.0926464121248,-145.4199226516599
33.528465738123856,-394.14939969580297,-146.35759863712445
33.44523397087824,-394.20478757820007,-147.68355349569075
33.360726800790374,-394.2582447513723,-147.71953079587337
33.27618641402061,-394.31164863932895,-148.4396661341256
33.190981166960995,-394.3639859781354,-148.43966613412144
33.10577591990158,-394.41632331694177,-147.85892642396306
33.02110738355213,-394.4695204082058,-147.61040850644724
32.936668526853076,-394.52308542140656,-147.3722470520653
32.85245451839405,-394.5770000196558,-146.8924710879412
32.768693462455694,-394.63161885036396,-146.89247108797068
32.68493240651733,-394.68623768107204,-147.52646714971542
32.60057242243784,-394.73992614912146,-147.5640851684576
32.51617690036438,-394.79355941318187,-148.00229981592904
32.43137548735678,-394.84654448433054,-148.32726650624323
32.346273076623454,-394.8990488731681,-148.51971547727106
32.260996456707566,-394.95126609860466,-149.18610580575603
32.175116617586426,-395.00248898794484,-149.18610580578192
32.08923677846529,-395.05371187728497,-148.48049767365012
32.00399501145277,-395.1059880178899,-148.39793782238547
31.91882790408396,-395.15838739748796,-148.74241872093015
31.833348575641143,-395.2102730038276,-149.02778858819588
31.74761060105784,-395.26173299677527,-149.17850079315414
31.661738651284388,-395.31296663459557,-149.73128494760135
31.575375312650394,-395.3633700561047,-149.73128494760033
31.489011974016403,-395.41377347761386,-150.43204777622512
31.402039380446627,-395.46311646138304,-150.51126200887003
31.31499791500164,-395.5123395703159,-149.95215038081577
31.228443661569738,-395.5624081174804,-149.58047156299278
31.142213293351315,-395.61303868884545,-150.23107506258376
31.055427875760735,-395.6626786781408,-151.89339863185717
30.967224448520295,-395.70978798277235,-151.8817645411935
30.879030718458758,-395.7569151271313,-151.052059383596
30.791528535199063,-395.80531449783615,-151.052059383596
30.70402635193937,-395.853713868541,-151.5148556668705
30.616137160512753,-395.9014043042755,-151.68761741352873
30.528103497673897,-395.9488300922711,-151.17072082502904
30.440505512944796,-395.9970458015086,-150.55484646476958
30.353426629048887,-396.0462026844374,-150.89779790342894
30.266063318476174,-396.0948328773138,-152.70469446379042
30.17720169819545,-396.14068855963245,-152.70469446379042
30.088340077914726,-396.1865442419511,-151.72575523533146
30.000276155570752,-396.2339107282169,-151.6275859989843
29.912292231215254,-396.2814287270682,-152.13580334001625
29.823892278590456,-396.328163390102,-152.42702928363053
29.73525392541817,-396.37444917092864,-152.7461266929754
29.646361424356435,-396.42023942098893,-153.268197316957
29.55705311923852,-396.46521894740704,-153.12827630160498
29.467856559072818,-396.5104156092348,-152.26815168985627
29.379346894073713,-396.5569470003764,-152.26815168985627
29.290837229074608,-396.60347839151797,-154.35634489698842
29.20069898213031,-396.6467498783118,-154.6402852564634
29.110339241965846,-396.68957800595297,-153.98410369114984
29.020478850620698,-396.7334367132349,-153.65636810067437
28.930867867478813,-396.77781016092797,-153.88447332629303
28.841081860033995,-396.8218260467963,-154.18070698738345
28.751068553999808,-396.8653775783034,-154.2956408047359
28.660968735149023,-396.9087481358513,-154.71994980331027
28.57054953374841,-396.9514505851711,-154.71878359836535
28.480131216857508,-396.9941548676492,-153.76488254081218
28.39043635408942,-397.03835851854865,-153.76488254078296
28.300741491321332,-397.0825621694482,-154.1779596795982
28.210730966744055,-397.12611768162907,-154.30034468523183
28.120626918284753,-397.1694811640893,-154.59283552081467
28.030303633424353,-397.21238365472226,-154.8304274875387
27.939802261327266,-397.25491167852283,-154.49298748057524
27.84955593663716,-397.2979705263836,-153.84338030905155
27.75980059709837,-397.3420512498815,-153.89851609007567
27.67000320465374,-397.38604542238045,-154.32876867164487
27.579877654999724,-397.4293641995954,-154.32876867167423
27.48975210534571,-397.4726829768103,-154.7390347763086
27.399318958498274,-397.5153551764503,-154.78744009538562
27.30884951943587,-397.55795108887764,-154.05111957608838
27.21893837892357,-397.60170442340495,-153.71059993910507
27.129285435390113,-397.6459930322747,-154.7600410360638
27.03885470016931,-397.68862356443867,-156.02753786982777
26.947484585676435,-397.7292515515584,-155.71577482087977
26.85634065238966,-397.7703744093362,-154.84681161657824
26.765827122807025,-397.8128765518978,-154.88606425196016
26.67528486586681,-397.8553165017754,-155.5679124185723
26.584243604589556,-397.8966761427903,-155.56791241860282
26.493202343312298,-397.9380357838051,-156.14858379613196
26.401747379745434,-397.97847030262005,-156.2449764173485
26.31022373961986,-398.01875124672523,-156.66946472672552
26.218405411581667,-398.05835248913036,-156.87627668568473
26.126443509719774,-398.0976225765479,-156.3896268145221
26.034821804096495,-398.13767087096414,-155.8982588500439
25.94354359284984,-398.1785049169483,-156.05207599851474
25.852156832138725,-398.21909343818896,-156.4001362272469
25.760524444949613,-398.2591263843439,-156.45360863472405
25.668855018561285,-398.29907367228674,-156.83188965396997
25.576923566823087,-398.33841499078443,-156.8318896539999
25.48499211508489,-398.37775630928206,-157.58772614610857
25.392550131624038,-398.4158813144526,-157.62891851956698
25.300080323862876,-398.453940029781,-156.95975815458922
25.208063016310703,-398.4930753555643,-156.77697503321767
25.116169313121482,-398.5325047668459,-157.15804423169655
25.024016711224313,-398.5713215824523,-157.40268244901625
24.931697901212882,-398.60974512312595,-157.6393734042399
24.839222144024145,-398.64778655588486,-157.93743924930988
24.746548742970845,-398.68534679945503,-158.18944540415998
24.653713294683854,-398.72249816837245,-158.82324227186828
24.560470303708975,-398.75862123294183,-158.70981198150383
24.4673001350964,-398.79492838406975,-158.01048213537928
24.37457892610519,-398.8323704534975,-158.0104821353947
24.28185771711419,-398.86981252292514,-160.71247446050614
24.18747639105543,-398.9028413262425,-160.76041323615223
24.093065600265934,-398.9357918003262,-159.84973516666088
23.99919230232437,-398.97023796155855,-159.7065875271288
23.90540349526346,-399.0049192364764,-160.37830042630043
23.811216926588145,-399.0384977645356,-160.6245889199283
23.71688451278855,-399.07167195430065,-161.1167773511336
23.62227282391648,-399.1040338270029,-161.42941262574234
23.527483739815203,-399.1358797167704,-161.77444918181428
23.43250631012403,-399.16715364694926,-162.11728617929364
23.337341735504747,-399.1978592636563,-161.67544755968976
23.24242100986899,-399.22929642306,-161.01261626505686
23.147866093664618,-399.26183100437623,-161.26218107343215
23.053172618942206,-399.2939526576867,-161.88889703227326
22.95813119701512,-399.3250373690077,-162.02189434330015
22.86301903983787,-399.3559010051084,-162.62590698968324
22.767585641333774,-399.3857606368844,-162.67624446722579
22.672126444180424,-399.4155362895913,-163.2198292537719
22.576388656494288,-399.4444050818902,-163.2198292537719
22.48065086880815,-399.4732738741891,-161.98234034345717
22.385558972865685,-399.50420351077145,-161.9770167752093
22.29046985570864,-399.5351420136136,-162.63539380225527
22.195032273966884,-399.56498560599255,-162.71475350544628
22.099552687956123,-399.5946972167709,-163.1707046571194
22.003840455547316,-399.6236478502627,-163.28630775197894
21.90806923675556,-399.6524055415985,-163.57159896324535
21.81215650044588,-399.68068586396697,-163.6884502714198
21.71618580033181,-399.70877066198017,-164.1292891151378
21.6200035609252,-399.73611574415395,-164.39327421529586
21.52369464580584,-399.7630178635568,-163.74676211015947
21.427700436928706,-399.79100350965905,-163.21524624173682
21.331964958724612,-399.81987995980194,-164.37907992595947
21.235686060162518,-399.8467994093342,-165.746910630654
21.138768507150584,-399.8714188950725,-165.12723110955142
21.042131505809813,-399.8970828386031,-164.18246454034406
20.945922223937945,-399.92433912671316,-164.322283618017
20.84964733175862,-399.95136038096814,-164.62310960904696
20.75323127704983,-399.9778759528879,-164.26659559389927
20.65698788278249,-400.004989305778,-163.15568722420645
20.561282473394535,-400.0339652574226,-163.49482474053912
20.465416515118246,-400.0623714671192,-165.3694585857303
20.368663251760356,-400.08762888562217,-165.39569200942213
20.271898541846998,-400.11284197401653,-165.67413417652247
20.175012338402713,-400.1375845434462,-165.63875515814667
20.078142259303874,-400.16238672152997,-164.05295321882014
19.98199483325128,-400.1898604111857,-164.05295321885146
19.88584740719869,-400.21733410084136,-164.39090076232486
19.789539710309977,-400.2442401807941,-164.41182776181893
19.69322208878313,-400.27111111198843,-164.9452071096656
19.59665914856341,-400.2970840740078,-165.02829076603538
19.500057994900832,-400.32291715881945,-165.34412870133843
19.403316286396823,-400.34821724928315,-165.42564330422093
19.306538301926686,-400.37337977860193,-165.55364509543617
19.209704434759118,-400.39832601496175,-165.60140490582944
19.1128497167197,-400.4231915484032,-165.88976747112017
19.01587170411597,-400.4475691544709,-166.03613010977898
18.9188311113562,-400.47169910508563,-165.1192594729199
18.822197233476487,-400.4973766126775,-164.5139321200992
18.725831879376948,-400.5240758577812,-165.6642933469652
18.628967459953493,-400.5488305867965,-166.69721102177633
18.531654920328492,-400.57183929800675,-166.80339410877764
18.434300094346337,-400.59466758196845,-166.92233770455266
18.336897900268372,-400.61729375594075,-166.19254083254376
18.23980275090856,-400.64115601560906,-165.1777115775113
18.14313455609976,-400.6667370881478,-165.25942661537982
18.04643015912714,-400.6921802186937,-165.41159443392246
17.949658347394305,-400.717366477125,-165.54423650306208
17.852829146299364,-400.7423284678161,-165.88084790765467
17.755854306493088,-400.7667213275169,-165.54859022410199
17.659028314038824,-400.79167464473653,-164.37240548689502
17.562729203813298,-400.81861184075973,-164.43404690862317
17.46640150202576,-400.84544532547017,-164.8022221259394
17.369903028152706,-400.8716593617865,-164.97155388183498
17.27333303663137,-400.89758660707605,-167.19303266954338
17.175825032234382,-400.91975235178165,-167.2010177906381
17.07831398667218,-400.9419044962183,-167.59777981781542
16.980651833917097,-400.963380880436,-167.5977798177832
16.88298968116202,-400.9848572646537,-166.04119043196243
16.78594799479832,-401.00897838681817,-165.99611306585592
16.688924278767,-401.03317610752305,-166.32878571593372
16.59176186235097,-401.05681004204524,-166.36148609966483
16.49458581216902,-401.08038855834445,-166.85572157974119
16.397210618116624,-401.1031278171631,-166.9413146175502
16.299800935374982,-401.1257217293519,-167.57846295576164
16.20214754586537,-401.14723070429346,-167.73854751383598
16.10443292345087,-401.1684670817204,-166.80727972422054
16.007080593617296,-401.1912878153536,-166.5008629365258
15.909847474271785,-401.2146298731501,-166.99550114419202
15.812418056803171,-401.23713128456603,-167.2120508068177
15.714902700321971,-401.2592646623057,-167.79640045733086
15.617169487962151,-401.28040175784884,-168.11864962944514
15.519316133965553,-401.3009894306518,-168.48614674157588
15.421334083554196,-401.3209487765323,-168.73045661547087
15.32326647621158,-401.3404904128486,-168.90608513800237
15.22513978914796,-401.35973128092604,-169.0433722602596
15.126966920008067,-401.3787370412286,-169.3089948091212
15.0287079547203,-401.3972872896196,-169.55024485963423
14.930370793085327,-401.4154238218519,-169.89471444908526
14.831928220306857,-401.4329684844798,-170.2529247582859
14.733376031640793,-401.44989766842224,-169.6111741719714
14.635026857024592,-401.46792829368275,-168.86035538429377
14.536915197714738,-401.487247544892,-169.09967252908768
14.438724871940062,-401.50615660331016,-169.42699194219347
14.340426952553864,-401.52450463329114,-169.71333413002398
14.242040505074254,-401.54236082897705,-170.16552995572286
14.14351425358725,-401.5594403174869,-170.49204131488048
14.044895145871454,-401.5759575789301,-171.0780883955752
13.946109374834649,-401.5914657251926,-170.6722116725375
13.847440893662682,-401.60767244979365,-169.86001433183057
13.749007114599076,-401.6252770599591,-170.07953196795756
13.650508285234732,-401.64250411888065,-170.5883594035282
13.551858675166873,-401.6588560482252,-170.82896069240763
13.45314357474759,-401.6747932045124,-171.46642275921576
13.354254963719162,-401.6896314580718,-171.72537924845034
13.25530330669947,-401.7040221829772,-172.4959296917364
13.156164055162835,-401.7170812780681,-172.2285234601289
13.057090360445665,-401.7306024423372,-171.35399161334485
12.95823105679968,-401.7456347157002,-171.5219683144964
12.859329695731692,-401.76037685768193,-172.14973213646005
12.760271160261668,-401.77403473857055,-172.6786273725885
12.661108549080968,-401.7867753607572,-174.90363658725144
12.56150820564559,-401.7956580826029,-175.00872428213734
12.461892480478648,-401.8043580451335,-175.47457022159938
12.362208569952125,-401.8122478576775,-175.18567702626606
12.262571568843834,-401.82063969414645,-173.84892610213348
12.163151605679914,-401.83135426760145,-173.90435827217362
12.06372155667565,-401.8419726248824,-174.18274688000355
11.964240855271495,-401.8521077720432,-174.2540329233721
11.86474803881188,-401.8621190978278,-174.64084496879414
11.765189484168848,-401.8714585494829,-174.72638131355205
11.665617742877798,-401.88064930117844,-175.22373823043048
11.565969327855877,-401.8889754373435,-175.3226694457693
11.466307599862063,-401.89712942584833,-175.93197190948996
11.366563880783158,-401.90422320228265,-175.72793400126835
11.266850123446483,-401.91167182982576,-174.41542068412292
11.167329084365647,-401.9214029109628,-174.46804612053808
11.067799443473978,-401.9310425507315,-174.8366782477804
10.968209548784694,-401.94004166377755,-174.89748992411103
10.868610583518265,-401.94893503272937,-175.35782421146217
10.768942956215486,-401.9570279449162,-175.42619071135763
10.669266317256138,-401.9650018799915,-175.97923420348897
10.569516780579061,-401.9720133771592,-175.80829389258224
10.469792390281473,-401.9793221652359,-174.35104528172363
10.370282347495731,-401.98916505833745,-174.37814823120632
10.270767765683061,-401.9989608681139,-174.63588877432363
10.171210019292886,-402.00830893173935,-174.66690376558873
10.071647381760782,-402.0176030876011,-174.99541694924926
9.972032937156728,-402.02632625136573,-175.02953102855142
9.872413523624315,-402.03499008482686,-175.42985448130767
9.772735800955893,-402.0429576919619,-175.4665738389692
9.673053256145588,-402.05086139573314,-175.93943400996596
9.573308614031632,-402.05794218166267,-175.97858856244196
9.473559481040304,-402.0649547800387,-176.52437394885507
9.37374774949509,-402.07101690885366,-176.56609309052004
9.273932022804207,-402.07700633596585,-177.18485215082094
9.174057043102637,-402.08191750583035,-177.08653887130717
9.074192914336738,-402.0869999270242,-175.56401822352925
8.974496808014734,-402.0947341072694,-175.57893909114603
8.874798749526043,-402.1024423200367,-175.83746401887524
8.775066867129935,-402.1097006114035,-175.85337218940035
8.675333047621216,-402.1169312065512,-176.16087134030553
8.575561784609496,-402.1236264464182,-176.17752939995287
8.475788669577007,-402.13029267267154,-176.5343370021904
8.375975885408808,-402.13633744532416,-176.4763386177653
8.276170471981413,-402.1424831776918,-175.11452167698172
8.176538109173412,-402.15099924727343,-175.14654619008297
8.076901451439413,-402.1594595895313,-176.071286975256
7.9771407786666195,-402.16631081772385,-176.0994989857903
7.8773771541857025,-402.17311289574997,-177.05518428001938
7.777513544864627,-402.1782500830352,-177.0814017428324
7.677647987882871,-402.18334155407507,-178.0657931922278
7.577709305355724,-402.18671659401036,-178.09141801953137
7.477769517804947,-402.1900469241288,-179.1026003389585
7.377786127135229,-402.19161304993054,-179.070868028261
7.2778042327581955,-402.1932345396695,-177.8011461960607
7.1778822054391505,-402.19707115488137,-177.81368430134816
7.0779594433777575,-402.2008859000318,-178.3505054035954
6.978005223658272,-402.20376428848743,-178.36254693803173
6.878050499768887,-402.20662166724134,-178.90016813653963
6.778073266418451,-402.20854103469514,-178.9119636823573
6.678095736691093,-402.21043981784874,-179.45003340611657
6.578104687529578,-402.2113996341939,-179.46173266473727
6.478113540373172,-402.2123390323876,180.0
6.378117884668384,-402.2123390323876,179.9883485271418
6.278122326558228,-402.2123186976342,179.45003340611612
6.178131277396799,-402.211358881289,179.43848252243922
6.078140518464872,-402.2103789076009,178.9001681365395
5.97816328511445,-402.2084595401471,178.88887184057145
5.878186524731387,-402.20652046325966,178.35050540359566
5.778232305011887,-402.203642074804,178.33971856526003
5.678278717409273,-402.2007448709974,177.80114619606036
5.578356690090242,-402.19690825578556,177.79122401993595
5.478435410070955,-402.1930543398094,177.25219116797416
5.3785547273125225,-402.1882605551314,177.2725912971038
5.278672741400539,-402.1835023521444,178.55285127523848
5.178708979705025,-402.18097697939595,178.53734950194004
5.078746145839847,-402.1784245669978,177.51663088358475
4.978844401993141,-402.17409181542126,177.50351196228732
4.878943851763237,-402.1697361982924,176.50693911219955
4.779133969516632,-402.1636436975174,176.4979145813573
4.679325181701663,-402.1575354841602,175.52426085504712
4.579634466105107,-402.1497321269552,175.52842025747464
4.479943272210423,-402.14193601372097,176.92056114984675
4.380092008958536,-402.1365641996108,176.92056114987926
