x,y,yaw_deg
138.47095864079893,1617.2599977999926,89.90728839992842
138.4717676498891,1617.7599650744598,90.93055897539855
138.46364736161968,1618.2598982857628,91.37020332341889
138.45169122438267,1618.7597552005248,92.81877682184935
138.42710291583455,1619.2591454022431,92.81877682184935
138.40251460728643,1619.7585356039615,91.99655531392492
138.38509534993375,1620.2582191937538,92.07501000121384
138.36699191569005,1620.7578779218036,91.64786314237415
138.35261365838585,1621.2576683963969,92.04069718479121
138.33480946483667,1621.7573377071637,92.04069718479121
138.31700527128748,1622.2570070179306,92.04069718479121
138.2992010777383,1622.7566763286975,92.08677495593808
138.2809945763454,1623.2563442006183,92.08677495593808
138.26278807495248,1623.756012072539,92.20148078511274
138.24358132760528,1624.2556412148117,91.24240365384709
138.23274016824632,1624.7555232914153,93.023942434509
138.20636366531153,1625.2548247384434,93.023942434509
138.17998716237673,1625.7541261854715,93.023942434509
138.15361065944194,1626.2534276324996,92.76986857589236
138.1294484692553,1626.7528422577382,93.15284394484979
138.10194862683727,1627.2520849318187,93.15284394484979
138.07444878441925,1627.7513276058992,93.37261152663767
138.04503436556251,1628.2504586556458,93.48585933557467
138.01463401754677,1628.7495212540284,93.48585933557467
137.98423366953102,1629.248583852411,93.48585933557467
137.95383332151528,1629.7476464507936,93.87213018176172
137.92006874797687,1630.246498854017,94.63260766375844
137.8796860429885,1630.7448605831255,94.68764880562756
137.83882465071258,1631.2431827426035,94.60997968115906
137.7986391623873,1631.7415554934244,94.60997968115906
137.75845367406203,1632.2399282442452,94.60997968115906
137.71826818573675,1632.738300995066,96.10466962242852
137.66509615135806,1633.235460768271,96.10466962242852
137.61192411697937,1633.7326205414759,97.49021264188238
137.5467457020128,1634.2283541126628,97.49021264188238
137.48156728704623,1634.7240876838498,97.49021264188238
137.41638887207966,1635.2198212550368,96.48547556183536
137.3599132018826,1635.716621515374,96.48547556183536
137.30343753168552,1636.2134217757114,96.48547556183536
137.24696186148844,1636.7102220360487,98.05577606140844
137.17689346674342,1637.2052872206818,98.05577606140844
137.1068250719984,1637.700352405315,100.01354766320894
137.0198845565801,1638.1927357353386,100.01354766320894
136.93294404116182,1638.6851190653622,100.20064106002837
136.84439618279282,1639.1772157804241,100.20064106002837
136.75584832442382,1639.669312495486,100.20064106002837
136.66730046605483,1640.161409210548,101.40221009672248
136.5684528898836,1640.6515409844747,101.669940428695
136.46731618437332,1641.1412052306102,102.6328132694093
136.35796514038566,1641.6291010110845,102.95669241239786
136.24585791053937,1642.1163708263634,102.95669241239786
136.13375068069308,1642.6036406416424,102.95669241239786
136.0216434508468,1643.0909104569214,103.11585067420665
135.90818309773363,1643.5778669859546,105.11855436239335
135.77777474423453,1644.0605602787361,103.26377905889231
135.66305855709743,1644.5472178836728,105.66279295121993
135.52807149935836,1645.0286495283206,105.66279295121993
135.3930844416193,1645.5100811729683,105.66279295121993
135.25809738388023,1645.991512817616,106.04616849367002
135.1198915569248,1646.4720321268453,105.62885165180798
134.98518969198074,1646.9535437407555,106.71621449113965
134.84137440103393,1647.4324126654162,107.717971314008
134.6892085062534,1647.908695596667,107.14153001718326
134.54184211427605,1648.3864849969314,107.20424787805257
134.39395280850624,1648.8641127925691,107.20424787805257
134.24606350273643,1649.341740588207,109.42414309706695
134.0797848249515,1649.8132801931872,110.8618065207726
133.90172736698503,1650.2805008844214,110.57954157260096
133.72597432543557,1650.7485916974777,111.71835272217902
133.5409523675471,1651.2130981917805,111.71835272217902
133.35593040965864,1651.6776046860834,111.71835272217902
133.17090845177017,1652.1421111803863,112.46800330363192
132.97982556571526,1652.6041557193105,112.60495090114496
132.7876381375171,1653.065743935762,113.34291572170899
132.5895217744153,1653.5248181658555,114.37367700637479
132.3831787775432,1653.9802548390883,114.37367700637479
132.17683578067113,1654.435691512321,114.37367700637479
131.97049278379905,1654.8911281855537,115.30020544981328
131.75681223136007,1655.343168693813,115.96107172784109
131.5379321096235,1655.7927143923407,115.96107172784109
131.31905198788695,1656.2422600908685,116.89512760827971
131.09287333950317,1656.6881765407272,116.89512760827971
130.8666946911194,1657.134092990586,116.89512760827971
130.6405160427356,1657.5800094404447,117.79352312623905
130.4073732526973,1658.0223252788303,117.79352312623905
130.174230462659,1658.464641117216,119.10007058761401
129.93106223477525,1658.901526928138,119.10007058761401
129.6878940068915,1659.3384127390602,118.45293655510042
129.4496756427676,1659.778017118989,118.45293655510042
129.2114572786437,1660.2176214989179,119.56045582874246
128.96478645641582,1660.652539313511,119.92550372787827
128.7153497763112,1661.0858765210473,119.92550372787827
128.46591309620658,1661.5192137285837,119.99602030444726
128.21594317375389,1661.9522437934263,119.99602030444726
127.9659732513012,1662.3852738582689,119.99602030444726
127.7160033288485,1662.8183039231114,120.44659753722
127.46263635963919,1663.2493538854992,119.63508690082995
127.2153994282503,1663.6839496993598,121.84837340060207
126.95156286825988,1664.1086734217492,121.4126378325921
126.69096392681388,1664.5353913454899,121.4126378325921
126.43036498536787,1664.9621092692305,122.11516214493672
126.16455397985669,1665.3855993271516,122.11516214493672
125.89874297434551,1665.8090893850726,122.62385289292745
125.62918224924613,1666.230203390442,122.62385289292745
125.35962152414675,1666.6513173958115,122.62385289292745
125.09006079904736,1667.072431401181,122.94162184661545
124.81816894898236,1667.492043515852,124.08358840558182
124.53796812952226,1667.9061538519413,124.63757469500159
124.2537764142836,1668.317535746063,124.63757469500159
123.96958469904496,1668.7289176401846,124.63757469500159
123.68539298380631,1669.1402995343062,124.40396117912084
123.40288107594233,1669.5528365840723,124.40396117912084
123.12036916807835,1669.9653736338385,125.70419728328602
122.82856882549447,1670.3713940117268,126.94963673560314
122.52801243246063,1670.770976111431,126.94963673560314
122.22745603942678,1671.1705582111354,126.94963673560314
121.92689964639294,1671.5701403108396,127.75134487770006
121.62078194409844,1671.9654776317095,127.80182069510968
121.31431636636933,1672.3605447505884,128.61620353292062
121.00226698386439,1672.751215610854,128.61620353292062
120.69021760135945,1673.1418864711195,129.85335522573743
120.36980565903002,1673.5257294356165,129.98241096742134
120.04853050203656,1673.9088490505208,129.89824181665642
119.7278179428223,1674.2924408870265,129.02793326173813
119.41296943356622,1674.680859072857,128.92482692728302
119.09881976995518,1675.0698440057192,128.92482692728302
118.78467010634415,1675.4588289385815,131.9136496180744
118.45066754452637,1675.8309025169842,132.27970255241465
118.11429248242223,1676.2008370710453,132.27970255241465
117.77791742031809,1676.5707716251063,132.464464135252
117.44035162084629,1676.9396190701566,132.464464135252
117.10278582137448,1677.3084665152069,132.464464135252
116.76522002190268,1677.6773139602572,133.3818900489338
116.42179187905867,1678.040709051484,132.85830533947882
116.08170058634096,1678.4072253794386,134.2995184944803
115.73249600877705,1678.765074621687,134.2995184944803
115.38329143121314,1679.1229238639355,135.63335265220422
115.02585151099765,1679.472547521986,135.01593670204022
114.67219979402023,1679.8260025586837,135.01593670204022
114.3185480770428,1680.1794575953816,134.7709008506731
113.96641120445429,1680.534421851274,135.54965813945114
113.60948290558724,1680.8845667454605,136.59626120440075
113.24621799232682,1681.228134202646,137.00013599671257
112.88054089069897,1681.569131993834,137.00013599671257
112.51486378907111,1681.9101297850218,137.04735674339904
112.14890592883819,1682.2508259424114,137.04735674339904
111.78294806860526,1682.591522099801,137.04735674339904
111.41699020837234,1682.9322182571907,138.14323177599786
111.04458261068669,1683.265853615312,138.14323177599786
110.67217501300104,1683.5994889734332,139.77062603156782
110.29044261494482,1683.9224134688184,139.77062603156782
109.90871021688861,1684.2453379642036,139.62901480935633
109.52777851301562,1684.5692037695342,139.62901480935633
109.14684680914263,1684.8930695748647,139.80201608777708
108.76493752105955,1685.2157849112693,140.7787990916554
108.37758233503223,1685.5319428354253,140.7787990916554
107.99022714900491,1685.8481007595813,140.7787990916554
107.60287196297759,1686.1642586837372,141.90787997991097
107.20936249539068,1686.4727221352543,143.03351287290414
106.80987091740064,1686.7733944404704,142.6618046708317
106.41233734565719,1687.076652883628,143.05435476128832
106.01273445874051,1687.3771813263243,143.05435476128832
105.61313157182383,1687.6777097690206,143.05435476128832
105.21352868490715,1687.9782382117169,142.5809995958456
104.81642245583487,1688.2820575684602,143.81527190484636
104.41286367019404,1688.5772527967076,143.99182958061817
104.00839709676461,1688.8712030955496,143.95752697049878
103.60410747894798,1689.1653948404705,144.64275579858904
103.19632755746966,1689.4547312089683,144.64275579858904
102.78854763599134,1689.744067577466,144.64275579858904
102.38076771451301,1690.0334039459638,145.3789657489915
101.96930379074854,1690.3174768928372,146.05500441515602
101.554516780678,1690.5966752743652,146.05500441515602
101.13972977060746,1690.8758736558932,147.32813987694107
100.71884185544843,1691.1457870786971,147.32813987694107
100.2979539402894,1691.415700501501,147.32813987694107
99.87706602513038,1691.685613924305,147.2981814946213
99.45631920780727,1691.9557474386472,148.46063000461814
99.03017910410347,1692.217289375772,148.46063000461814
98.60403900039967,1692.4788313128968,148.46063000461814
98.17789889669587,1692.7403732500215,148.75251956903384
97.75043186434698,1692.999740894059,149.3962274493454
97.3200776421769,1693.254289919628,150.94616197592003
96.88299603110227,1693.4971053892275,150.94616197592003
96.44591442002763,1693.739920858827,150.94616197592003
96.008832808953,1693.9827363284264,150.71256657781578
95.5727445239961,1694.2273319090045,151.9114248791615
95.13163413996733,1694.4627498958369,151.70759505579025
94.69136480194345,1694.6997352332558,151.70759505579025
94.25109546391957,1694.9367205706747,151.70759505579025
93.81082612589569,1695.1737059080936,153.68179939832328
93.36265331580455,1695.3953838768093,153.68179939832328
92.91448050571341,1695.617061845525,154.9097596730954
92.46165998437777,1695.8290844270819,154.83883511283472
92.00910226536757,1696.041667377826,154.83883511283472
91.55654454635737,1696.25425032857,154.83883511283472
91.10398682734717,1696.466833279314,156.47770357779498
90.64553452941948,1696.6663861821073,156.47770357779498
90.18708223149179,1696.8659390849007,157.3623307216061
89.72560358285375,1697.0583901749194,157.6973126363235
89.26300861369498,1697.2481395458433,157.6973126363235
88.8004136445362,1697.4378889167672,158.27148578159196
88.33594031805774,1697.6229931145767,158.27148578159196
87.87146699157927,1697.8080973123863,158.27148578159196
87.4069936651008,1697.9932015101958,159.16199020931631
86.93969938212058,1698.171064779338,159.16199020931631
86.47240509914036,1698.34892804848,157.89601924388674
86.00915386442591,1698.537072361856,157.89601924388674
85.54590262971146,1698.7252166752319,159.88535252385367
85.07639961901089,1698.8971664919823,159.88535252385367
84.60689660831031,1699.0691163087326,160.26498044774766
84.13626444267675,1699.237951622378,160.62572296954974
83.66458222654967,1699.4038191659083,160.62572296954974
83.19290001042259,1699.5696867094387,160.62572296954974
82.72121779429551,1699.735554252969,160.57496309392016
82.2496793549982,1699.901840790397,160.57496309392016
81.77814091570087,1700.068127327825,161.36049975609404
81.30436699327493,1700.2279335694416,161.36049975609404
80.83059307084898,1700.387739811058,160.73744768281674
80.35858932324584,1700.552686924418,160.73744768281674
79.8865855756427,1700.7176340377778,160.73744768281674
79.41458182803956,1700.8825811511376,162.41275455005157
78.93795289578031,1701.0336599841628,162.41275455005157
78.46132396352107,1701.184738817188,162.1770146288994
77.98532495845666,1701.3377760466828,162.1770146288994
77.50932595339225,1701.4908132761777,162.1674688829884
77.03334902262839,1701.6439309103057,162.1674688829884
76.55737209186452,1701.7970485444337,161.2031985372155
76.08404116752172,1701.9581540493862,161.2031985372155
75.61071024317891,1702.1192595543387,162.01181253109849
75.13515019458578,1702.2736699921802,162.14910626731273
74.6592247498071,1702.426939393968,162.14910626731273
74.18329930502841,1702.5802087957559,161.7858351132754
73.70835234754566,1702.7364935315682,161.7858351132754
73.2334053900629,1702.8927782673804,159.79554379483204
72.76417260634003,1703.0654637524099,159.44863140791006
72.29599444298981,1703.2409869772769,159.44863140791006
71.82781627963959,1703.4165102021439,159.44863140791006
71.35963811628937,1703.5920334270108,159.04051897278262
70.89272179815532,1703.770887058109,159.04051897278262
70.42580548002127,1703.9497406892074,157.25932800528892
69.96467415029099,1704.1430208345828,156.32589164715017
69.50675491989341,1704.3437865664648,156.32589164715017
69.04883568949583,1704.5445522983468,155.63275538232085
68.59337656808134,1704.7508438401603,155.63275538232085
68.13791744666685,1704.9571353819738,153.3110691912542
67.69118856292073,1705.1817084771583,153.59860929840391
67.24333899078533,1705.4040364845937,153.59860929840391
66.79548941864994,1705.626364492029,152.42636466503043
66.35228154522349,1705.8578083503498,152.42636466503043
65.90907367179705,1706.0892522086706,151.19563901564112
65.47093867639455,1706.3301623892755,151.19563901564112
65.03280368099206,1706.5710725698805,151.83695010131126
64.59200007589186,1706.807063510474,149.42074309859746
64.16153697379491,1707.0614283751875,149.42074309859746
63.73107387169796,1707.3157932399008,148.33190991034135
63.305522516498286,1707.5782918186976,147.9957595806811
62.88151809399153,1707.843282822466,147.98097625041828
62.457582399372654,1708.1083830046186,147.96904783730508
62.033701650902344,1708.373571599308,146.39454466766654
61.61726738511402,1708.6503070203673,147.85970262273747
61.19389377875177,1708.9163039069463,145.68534449336522
60.780916830805836,1709.1981724965742,145.34862781764042
60.3696037252148,1709.4824630341334,145.21122271056421
59.958973692829204,1709.767739073689,145.21122271056421
59.54834366044361,1710.0530151132446,142.3482545364204
59.152474529063056,1710.3584453335734,143.08413341305595
58.752715350921676,1710.6587661604851,141.1391692819338
58.363379465828984,1710.9724814011436,140.89680370324194
57.97537476521984,1711.2878402102315,140.89680370324194
57.587370064610695,1711.6031990193194,141.8344404319998
57.19425584110422,1711.9121669609656,141.8344404319998
56.80114161759775,1712.2211349026118,139.57106666337347
56.420536666331145,1712.5453866593,139.98422125965348
56.03760743776263,1712.866882180349,139.98422125965348
55.65467820919412,1713.188377701398,139.59539398469613
55.27393516336156,1713.5124682137375,137.94189230737155
54.90270225233087,1713.8474101786285,132.64203298648832
54.563994930224226,1714.2152097135406,136.53903639411135
54.201073338426,1714.5591398157442,136.67530346016636
53.83733497650621,1714.9022056415763,136.67530346016636
53.47359661458643,1715.2452714674084,135.57475251624084
53.11651446431608,1715.595260519581,134.36816714135682
52.766881483526845,1715.952691003855,134.36816714135682
52.41724850273761,1716.3101214881292,133.60525871426643
52.072405499533716,1716.672175769889,133.60525871426643
51.727562496329824,1717.0342300516488,133.0916118686455
51.38597906123016,1717.3993612018453,132.7842187126459
51.046359895238766,1717.766319231361,131.36987136869865
50.715901233050886,1718.141548582997,131.36987136869865
50.385442570863006,1718.5167779346332,132.2037337767934
50.04955845711868,1718.8871579943152,130.54756288713637
49.72451894794642,1719.2670912592585,130.54756288713637
49.399479438774165,1719.6470245242017,127.60044070922386
49.09440380975866,1720.0431669992975,127.60044070922386
48.789328180743155,1720.4393094743932,127.60044070922386
48.48425255172765,1720.835451949489,128.00068090233964
48.176417637649365,1721.2294530204783,128.1293231894959
47.867698371708684,1721.6227625815777,127.19581526498203
47.565428340626,1722.0210490424893,126.08057112579041
47.2709673076082,1722.4251436736604,126.08057112579041
46.976506274590406,1722.8292383048315,123.89084955196361
46.69770001925201,1723.244288954462,125.0003141878637
46.410909555648686,1723.6538634032163,124.26779836707537
46.12937879827837,1724.067070727202,124.26779836707537
45.84784804090805,1724.4802780511877,125.59363690752576
45.5568317319096,1724.8868607199875,121.77823680404425
45.29351526587061,1725.3119071129693,122.07279945983355
45.02801708701702,1725.735594163622,120.82356084485887
44.77181926524872,1726.1649684654024,120.82356084485887
44.51562144348043,1726.5943427671828,120.82356084485887
44.25942362171213,1727.0237170689632,120.28027653679943
44.00730843772476,1727.4555016482236,119.00841517667321
43.76484004001804,1727.8927747427813,119.5901801179184
43.517946553768866,1728.3275593653639,119.5901801179184
43.27105306751969,1728.7623439879465,118.41737007147853
43.03310925123094,1729.2020931701686,118.41737007147853
42.79516543494219,1729.6418423523908,116.18519453408207
42.57453193936169,1730.090521456649,116.23726990581494
42.35348908506478,1730.5390031954178,116.23726990581494
42.13244623076787,1730.9874849341866,116.23726990581494
41.91140337647096,1731.4359666729554,115.24489603678833
41.69816140236571,1731.8882087683128,115.24489603678833
41.48491942826047,1732.3404508636702,114.35675717614349
41.278711216219904,1732.795947827914,113.37766654196037
41.08031670621392,1733.254901228413,113.37766654196037
40.88192219620794,1733.713854628912,113.5375850166223
40.68224766969115,1734.172252053508,112.40806949951931
40.49164809322292,1734.6344964943273,111.5946823205491
40.307630422323314,1735.0993981350412,110.66492098628642
40.13118057606539,1735.5672251343494,110.66492098628642
39.954730729807466,1736.0350521336577,110.66492098628642
39.77828088354954,1736.502879132966,109.80703800885118
39.60885604954103,1736.9732934003328,109.56181692245596
39.44144474622033,1737.4444322750169,109.57678292817901
39.27391001175181,1737.9155284522906,109.25190304530025
39.10904918749111,1738.3875669803115,109.16269262721872
38.94492343285367,1738.8598619182167,109.21071094364736
38.78040187704789,1739.3320192520246,106.61226859286761
38.63745509582759,1739.8111499389518,106.2655209972387
38.4974105588185,1740.2911369466515,106.29577323039778
38.35711260767323,1740.7710499438272,104.46024132263808
38.2322590887552,1741.2552084075317,104.51656884058089
38.10692913085984,1741.7392459131684,105.54268558119405
37.9729512932754,1742.220960497172,105.54268558119405
37.83897345569096,1742.7026750811756,104.67422441163563
37.71231207749986,1743.1863659514838,104.23947169165477
37.589324482981056,1743.6710040136938,103.2884029243095
37.47439810592914,1744.1576167219566,103.12913837797737
37.36082486831708,1744.6445467337273,103.10233269016118
37.24747941273165,1745.1315299963933,101.44479614788506
37.14826756721288,1745.6215881549683,101.81541160399321
37.045887895802935,1746.1109943273593,100.3398093150102
36.95614547626542,1746.602872036092,99.24516985565205
36.87581580086578,1747.0963769668317,99.24516985565205
36.79548612546614,1747.5898818975713,99.0364862550838
36.71695451989092,1748.083675569795,96.87081134032366
36.65713908872783,1748.5800838960906,96.87081134032366
36.59732365756474,1749.0764922223862,96.90966968708558
36.53717147558916,1749.5728606714204,96.90966968708558
36.47701929361358,1750.0692291204546,95.79345592126366
36.426548061887274,1750.5666742470073,95.79345592126366
36.37607683016097,1751.06411937356,94.99152846431822
36.33257280229259,1751.5622209134117,92.68072413274831
36.30918761495013,1752.0616735384262,93.8469441333788
36.275641992543115,1752.560545753275,93.8469441333788
36.242096370136096,1753.0594179681236,93.76469894436555
36.20926683872858,1753.5583385683378,93.49670005089797
36.17877131435853,1754.0574076990492,92.80909826039209
36.15426712734677,1754.5568068810837,91.74347678141096
36.13905488738715,1755.0565715588457,91.74347678141096
36.12384264742752,1755.5563362366076,91.74347678141096
36.1086304074679,1756.0561009143696,91.11628563526587
36.09888961332217,1756.5560050236393,91.11628563526587
36.089148819176444,1757.055909132909,90.88687233905671
36.081409707251964,1757.5558492221537,90.5921069119929
36.07624269165353,1758.0558225233874,90.5921069119929
36.0710756760551,1758.555795824621,90.5921069119929
36.06590866045667,1759.0557691258548,90.3762434271511
36.06262534147345,1759.5557582364906,90.3762434271511
36.05934202249023,1760.0557473471265,90.3762434271511
36.056058703507006,1760.5557364577624,90.30506535483048
36.05339651864813,1761.055729370409,90.59521889466048
36.04820234733552,1761.5557023902652,90.59521889466048
36.04300817602291,1762.0556754101215,90.59521889466048
36.0378140047103,1762.5556484299777,90.35375110820694
36.03472696353788,1763.0556389000637,90.35375110820694
36.03163992236546,1763.5556293701497,90.27732826183461
36.029219786176554,1764.0556235130562,90.27732826183461
36.02679964998765,1764.5556176559626,90.26939108105957
36.02444877831135,1765.0556120587084,90.26939108105957
36.022097906635054,1765.5556064614543,90.26939108105957
36.019747034958755,1766.0556008642002,90.27715054270733
36.01732844966875,1766.5555950094222,90.27715054270733
36.01490986437875,1767.0555891546442,90.26944948432704
36.01255848307562,1767.5555835481637,90.26944948432704
36.010207101772494,1768.0555779416832,90.26944948432704
36.007855720469365,1768.5555723352027,90.29857898411754
36.005250139116015,1769.055565540613,90.29857898411754
36.002644557762665,1769.5555587460235,90.29857898411754
36.000038976409314,1770.055551951434,90.264759421465
35.997728522816715,1770.5555466132084,90.264759421465
35.995418069224115,1771.055541274983,90.26721547989499
35.99308618316479,1771.555535739606,90.26721547989499
35.99075429710547,1772.0555302042292,90.26721547989499
35.988422411046145,1772.5555246688523,90.31214531492125
35.98569844277961,1773.0555172481077,90.31214531492125
35.98297447451307,1773.555509827363,90.23835581234592
35.98089443402682,1774.055505411251,90.23835581234592
35.978814393540574,1774.555500995139,90.23835581234592
35.976734353054326,1775.055496579027,90.2610889427381
35.97445593010275,1775.5554913858507,90.2610889427381
35.97217750715117,1776.0554861926744,90.26657725597326
35.96985119052192,1776.5554806967418,90.26657725597326
35.96752487389267,1777.0554752008093,90.26657725597326
35.96519855726342,1777.5554697048767,90.26830743753753
35.96285714219732,1778.0554641216822,90.26830743753753
35.960515727131224,1778.5554585384878,90.25207646087127
35.958315952198404,1779.0554536823802,90.27900487475635
35.95588118497869,1779.5554477532999,90.27900487475635
35.95344641775898,1780.0554418242195,90.26934591355943
35.95109593990719,1780.5554362994155,90.26934591355943
35.9487454620554,1781.0554307746115,90.26934591355943
35.94639498420361,1781.5554252498075,90.26673576061981
35.94406728398383,1782.0554198315886,90.26673576061981
35.94173958376405,1782.5554144133696,90.29245506430121
35.9391874429532,1783.0554078999044,90.29245506430121
35.93663530214235,1783.5554013864391,90.23742796030265
35.93456335825044,1784.0553970934693,90.23742796030265
35.93249141435854,1784.5553928004995,90.29559975076397
35.92991183134268,1785.0553861462067,90.26130898197084
35.927631488197676,1785.5553809462149,90.26130898197084
35.92535114505267,1786.055375746223,90.26130898197084
35.92307080190767,1786.5553705462312,90.3041672385001
35.92041645448114,1787.0553635006213,90.24928045350894
35.91824107900686,1787.5553587683405,90.24928045350894
35.91606570353258,1788.0553540360597,90.27693322886499
35.91364901461634,1788.5553481956404,90.27693322886499
35.9112323257001,1789.055342355221,90.30356311421444
35.90858325017837,1789.5553353375706,90.25854685127403
35.90632701092284,1790.055330246929,90.3009565961108
35.90370068124605,1790.555323349274,90.25119026709646
35.90150863966312,1791.0553185442045,90.25119026709646
35.89931659808019,1791.555313739135,90.27615300420979
35.89690671782921,1792.0553079315785,90.27615300420979
35.89449683757823,1792.5553021240219,90.26798648423333
35.89215822285473,1793.055296654873,90.26798648423333
35.88981960813123,1793.5552911857242,90.26798648423333
35.887480993407735,1794.0552857165753,90.27283920876573
35.8851000311455,1794.5552800475618,90.27356593926459
35.88271272703537,1795.0552743483083,90.27356593926459
35.88032542292524,1795.5552686490548,90.26891533308984
35.87797870255531,1796.055263141928,90.26891533308984
35.87563198218538,1796.5552576348011,90.26891533308984
35.873285261815454,1797.0552521276743,90.24858145858714
35.87111598616502,1797.5552474218953,90.24858145858714
35.86894671051459,1798.0552427161163,90.24858145858714
35.86677743486416,1798.5552380103372,90.29411477230022
35.86421081055846,1799.0552314227334,90.25314827854244
35.86200168226776,1799.5552265424617,90.25314827854244
35.85979255397706,1800.05522166219,90.27239994820859
35.85741542494293,1800.5552160114155,90.27239994820859
35.8550382959088,1801.055210360641,90.27910720540783
35.852602636814595,1801.5552041976437,90.27910720540783
35.85016697772039,1802.0551980346463,90.26770370544274
35.84783083068123,1802.5551925768561,90.26770370544274
35.84549468364207,1803.055187119066,90.26770370544274
35.843158536602914,1803.5551816612758,90.22833832377894
35.84116591409827,1804.0551776907155,90.22833832377894
35.839173291593625,1804.5551737201552,90.26078470771297
35.83689752355713,1805.0551685410082,90.26078470771297
35.83462175552063,1805.5551633618613,90.26078470771297
35.83234598748413,1806.0551581827144,90.27540887077095
35.82994260094722,1806.5551524064142,90.27540887077095
35.82753921441031,1807.055146630114,90.26882235674651
35.825193305403104,1807.5551411267948,90.26882235674651
35.8228473963959,1808.0551356234755,90.26882235674651
35.8205014873887,1808.5551301201563,90.27730793654403
35.81808152856934,1809.0551242639212,90.27730793654403
35.81566156974998,1809.5551184076862,90.2451089772349
35.81352259693472,1810.0551138324606,90.2451089772349
35.81138362411946,1810.555109257235,90.2451089772349
35.8092446513042,1811.0551046820094,90.26642767506523
35.806919639608964,1811.5550992763008,90.26642767506523
35.80459462791373,1812.0550938705921,90.26642767506523
35.802269616218496,1812.5550884648835,90.24941606040545
35.800093057362005,1813.0550837274527,90.3230641702792
35.79727381012367,1813.5550749711822,90.2693798391002
35.794923036223736,1814.0550694439698,90.2693798391002
35.7925722623238,1814.5550639167575,90.2693798391002
35.79022148842387,1815.0550583895451,90.25526624692193
35.7879938775543,1815.5550534272577,90.29380918856606
35.78542992126256,1816.055046594382,89.82718454990356
35.78693801822317,1816.5550443021168,89.82718454990356
35.788446115183774,1817.0550420098516,89.82718454990356
35.78995421214438,1817.5550397175864,90.17516834414344
35.788425582353966,1818.05503737971,90.17516834414344
35.78689695256355,1818.5550350418337,90.26770793680521
35.78456076859868,1819.0550295839805,90.26770793680521
35.78222458463381,1819.5550241261274,90.59294548266666
35.77705025151704,1820.0549973516856,90.59294548266666
35.77187591840027,1820.554970577244,90.59294548266666
35.7667015852835,1821.0549438028022,90.61308525875235
35.7613515091997,1821.5549151786686,90.63718677761278
35.755791121655534,1822.0548841295206,90.63718677761278
35.75023073411137,1822.5548530803726,90.65145464583745
35.74454584317425,1823.054820689083,90.65145464583745
35.73886095223713,1823.5547882977935,90.6393533330739
35.7332816590399,1824.0547570441247,90.6393533330739
35.727702365842674,1824.554725790456,90.65811305610463
35.72195937233573,1825.0546928031788,90.57154889396072
35.71697175005784,1825.5546679241493,90.698400526618
35.71087721583615,1826.0546300248516,90.63340502939431
35.70534982695881,1826.5545994569356,90.60141606797124
35.700101594319335,1827.054570362701,90.60141606796374
35.6969584817416,1827.3539977986366,74.5510019219411
35.83012438090043,1827.835843677061,74.5510019219411
35.963290280059255,1828.3176895554852,74.5510019219411
36.09645617921808,1828.7995354339096,74.5510019219411
36.229622078376906,1829.281381312334,74.5510019219411
36.36278797753573,1829.7632271907582,74.54510855883737
36.49600350926801,1830.2450596272295,65.78726916432473
36.701065776259156,1830.701072844769,65.78726916432473
36.906128043250305,1831.1570860623085,65.78726916432473
37.111190310241454,1831.613099279848,65.78726916432473
37.3162525772326,1832.0691124973876,65.78726916432473
37.52131484422375,1832.525125714927,50.75145299110257
37.83765674852634,1832.9123289078655,50.75145299110257
38.15399865282893,1833.2995321008038,50.75145299110257
38.47034055713152,1833.6867352937422,50.75145299110257
38.78668246143411,1834.0739384866806,50.75145299110257
39.1030243657367,1834.461141679619,50.75145299110257
39.41936627003929,1834.8483448725574,43.58675385116744
39.781530377161744,1835.1930694685254,43.58675385116744
40.1436944842842,1835.5377940644935,43.58675385116744
40.50585859140665,1835.8825186604615,43.58675385116744
40.8680226985291,1836.2272432564296,43.58675385116744
41.230186805651556,1836.5719678523976,43.58675385115277
41.39095849101432,1836.7249977998435,38.57125220541182
41.78187232280095,1837.0367392094918,38.57125220541182
42.172786154587584,1837.34848061914,38.57125220541182
42.56369998637422,1837.6602220287882,38.57125220541182
42.95461381816085,1837.9719634384364,38.57125220541182
43.345527649947485,1838.2837048480847,38.57125220541182
43.73644148173412,1838.5954462577329,46.59516256917926
44.08001579862321,1838.958704471263,46.59516256917926
44.4235901155123,1839.321962684793,46.59516256917926
44.76716443240139,1839.6852208983232,46.59516256917926
45.110738749290476,1840.0484791118533,46.59516256917926
45.454313066179566,1840.4117373253835,46.59516256917926
45.797887383068655,1840.7749955389136,46.88009013179133
46.1396507863567,1841.1399575907415,52.29195281686948
46.445468621247755,1841.5355247974821,52.29195281686948
46.751286456138814,1841.9310920042228,52.29195281686948
47.05710429102987,1842.3266592109635,52.29195281686948
47.36292212592093,1842.7222264177042,52.29195281686948
47.66873996081199,1843.1177936244449,52.29195281686948
47.97455779570305,1843.5133608311855,52.69268413373703
48.277601045274764,1843.9110566053441,52.69268413373703
48.58064429484648,1844.3087523795027,60.91194795938107
48.82372013426743,1844.74568785742,60.91194795938107
49.066795973688386,1845.1826233353374,60.91194795938107
49.30987181310934,1845.6195588132548,60.91194795938107
49.55294765253029,1846.0564942911722,60.91194795938107
49.796023491951246,1846.4934297690895,60.91194795938107
50.0390993313722,1846.9303652470069,61.8178496493043
50.275236829601,1847.3710894506585,61.8178496493043
50.5113743278298,1847.81181365431,61.8178496493043
50.7475118260586,1848.2525378579617,61.817849649285584
50.89295850310009,1848.523997797165,34.92739755669307
51.302897415564416,1848.810266661148,34.92739755669307
51.71283632802874,1849.096535525131,34.92739755669307
52.12277524049307,1849.382804389114,34.92739755669307
52.532714152957396,1849.669073253097,20.31871724032157
53.00160009500428,1849.8426935847826,20.31871724032157
53.47048603705116,1850.0163139164683,20.31871724032157
53.93937197909804,1850.189934248154,20.31871724032157
54.40825792114492,1850.3635545798397,9.616326150943792
54.9012314155118,1850.4470793010867,9.616326150943792
55.39420490987868,1850.5306040223336,9.616326150943792
55.88717840424556,1850.6141287435805,9.616326150943792
56.38015189861244,1850.6976534648275,9.616326150943792
56.87312539297932,1850.7811781860744,9.616326150943792
57.3660988873462,1850.8647029073213,7.855538320843223
57.8613706327817,1850.933035850874,7.855538320843223
58.3566423782172,1851.0013687944265,7.855538320843223
58.851914123652705,1851.0697017379791,7.855538320843223
59.34718586908821,1851.1380346815317,7.855538320843223
59.84245761452371,1851.2063676250843,2.8644360191113494
60.3417125192658,1851.2313481101949,2.8644360191113494
60.840967424007886,1851.2563285953054,2.8644360191113494
61.340222328749974,1851.281309080416,1.298544896884197
61.84004270421997,1851.2926388913193,1.298544896884197
62.33986307968996,1851.3039687022226,1.298544896884197
62.83968345515996,1851.315298513126,1.298544896884197
63.33950383062995,1851.3266283240293,1.2849906263750794
63.83933098669388,1851.3378399860746,1.2849906263750794
64.33915814275781,1851.34905164812,1.2849906263750794
64.83898529882174,1851.3602633101652,1.2871018707224546
65.33880988842998,1851.3714933415433,1.2871018707224546
65.83863447803822,1851.3827233729214,1.2871018707224546
66.33845906764645,1851.3939534042995,3.321549903082566
66.83761551514249,1851.4229229533455,3.321549903082566
67.33677196263852,1851.4518925023915,3.321549903082566
67.83592841013456,1851.4808620514375,4.9846366158377196
68.33375766968697,1851.5242819606606,4.9846366158377196
68.83158692923939,1851.5677018698836,4.9846366158377196
69.32941618879181,1851.6111217791067,4.984636615858405
69.67195853049634,1851.6409978000447,3.990023671894192
70.17074617455808,1851.6757891574316,3.990023671894192
70.66953381861981,1851.7105805148185,3.990023671894192
71.16832146268155,1851.7453718722054,3.990023671894192
71.66710910674328,1851.7801632295923,3.990023671894192
72.16589675080502,1851.8149545869792,3.9911702621778486
72.6646838695408,1851.8497559379173,3.9911702621778486
73.16347098827657,1851.8845572888554,3.9911702621778486
73.66225810701235,1851.9193586397935,3.9911702621778486
74.16104522574813,1851.9541599907316,3.9911702621778486
74.6598323444839,1851.9889613416697,3.9911702621778486
75.15861946321968,1852.0237626926078,4.006668523285651
75.65739700509607,1852.0586989518781,4.006668523285651
76.15617454697247,1852.0936352111485,4.006668523285651
76.65495208884886,1852.1285714704188,4.006668523285651
77.15372963072525,1852.1635077296892,4.006668523285651
77.65250717260164,1852.1984439889595,4.006668523285651
78.15128471447804,1852.2333802482299,3.9934265258032204
78.6500702946696,1852.2682012292853,3.9934265258032204
79.14885587486117,1852.3030222103407,3.9934265258032204
79.64764145505274,1852.3378431913961,3.9934265258032204
80.1464270352443,1852.3726641724516,3.9934265258032204
80.64521261543587,1852.407485153507,3.9934265258032204
81.14399819562743,1852.4423061345624,3.9904733711078157
81.64278556704289,1852.4771014068292,3.9904733711078157
82.14157293845835,1852.511896679096,3.9904733711078157
82.64036030987381,1852.5466919513628,3.9904733711078157
83.13914768128927,1852.5814872236297,3.9904733711078157
83.63793505270473,1852.6162824958965,3.9904733711078157
84.1367224241202,1852.6510777681633,3.9900819277402264
84.63551020598766,1852.6858696447755,3.9900819277402264
85.13429798785512,1852.7206615213877,3.9900819277402264
85.63308576972258,1852.7554533979999,3.9900819277402264
86.13187355159005,1852.790245274612,3.9900819277402264
86.63066133345751,1852.8250371512243,3.9900819277402264
87.12944911532497,1852.8598290278364,3.995436103768218
87.62823350075814,1852.8946675050277,3.995436103768218
88.12701788619131,1852.9295059822189,3.995436103768218
88.62580227162448,1852.96434445941,3.995436103768218
89.12458665705765,1852.9991829366013,3.995436103768218
89.62337104249082,1853.0340214137925,3.995436103768218
90.12215542792399,1853.0688598909837,4.990356039774405
90.62025823495685,1853.1123537592823,4.990356039774405
91.11836104198971,1853.155847627581,4.990356039774405
91.61646384902258,1853.1993414958795,4.990356039774405
92.11456665605544,1853.242835364178,4.990356039774405
92.61266946308831,1853.2863292324766,4.990356039774405
93.11077227012117,1853.3298231007752,5.104795307510272
93.60878687823549,1853.374311733547,5.104795307510272
94.10680148634981,1853.418800366319,5.104795307510272
94.60481609446413,1853.4632889990908,5.104795307510272
95.10283070257844,1853.5077776318626,5.104795307510272
95.60084531069276,1853.5522662646345,5.104795307510272
96.09885991880708,1853.5967548974063,5.134660026399295
96.5968507677992,1853.641503062962,5.134660026399295
97.09484161679131,1853.686251228518,5.134660026399295
97.59283246578343,1853.7309993940737,5.134660026399295
98.09082331477555,1853.7757475596295,5.134660026399295
98.58881416376767,1853.8204957251853,5.134660026399295
99.08680501275978,1853.865243890741,5.123202496471388
99.58480519690579,1853.909892506936,5.123202496471388
100.0828053810518,1853.954541123131,5.123202496471388
100.5808055651978,1853.999189739326,5.123202496471388
101.07880574934381,1854.043838355521,5.123202496471388
101.57680593348982,1854.088486971716,5.123202496471388
102.07480611763583,1854.133135587911,5.137040805683352
102.5727950901213,1854.177904444662,5.137040805683352
103.07078406260678,1854.2226733014131,5.137040805683352
103.56877303509225,1854.2674421581642,5.137040805683352
104.06676200757772,1854.3122110149152,5.137040805683352
104.5647509800632,1854.3569798716662,5.137040805683352
105.06273995254867,1854.4017487284173,5.123428960649245
105.56073996114003,1854.4463993130632,5.123428960649245
106.05873996973139,1854.4910498977092,5.123428960649245
106.55673997832275,1854.5357004823552,5.123428960649245
107.05473998691411,1854.5803510670012,5.123428960649245
107.55273999550548,1854.6250016516472,5.123428960649245
108.05074000409684,1854.6696522362931,5.1371367716107565
108.54872889955413,1854.7144219269528,5.1371367716107565
109.04671779501143,1854.7591916176125,5.1371367716107565
109.54470669046873,1854.8039613082722,5.1371367716107565
110.04269558592603,1854.8487309989318,5.1371367716107565
110.54068448138332,1854.8935006895915,5.1371367716107565
111.03867337684062,1854.9382703802512,5.132353705188223
111.53666626492873,1854.982998521595,5.132353705188223
112.03465915301683,1855.0277266629387,5.132353705231566
112.39395859412616,1855.059997798875,-0.4623917002947705
112.89394217754102,1855.0559627149582,-0.4623917002947705
113.39392576095588,1855.0519276310415,-0.6279183895088992
113.89389571342554,1855.0464481193003,-0.02497568798094851
114.39389537172576,1855.0462301654413,-0.02497568798094851
114.89389503002599,1855.0460122115824,-0.7327020266532844
115.39385414642118,1855.0396183544613,-0.7553496732938062
115.89381069690558,1855.0330268759978,-0.7553496732938062
116.39376724738997,1855.0264353975344,0.3337669704042808
116.89375876378904,1855.0293480473451,0.38283471088865734
117.39374760246437,1855.032688885584,0.3555522065393479
117.89373797526184,1855.0357916440034,1.2391536895526993
118.39362104466557,1855.046604456936,1.2276015773280167
118.89350628401394,1855.0573164820282,1.2252923662585846
119.39339195468665,1855.068008360069,1.2252923662585846
119.89327762535936,1855.0787002381096,0.5907650453960219
120.3932507961689,1855.0838555417456,0.4653577065554923
120.89323426435442,1855.0879165088606,0.4653577065554923
121.39321773253994,1855.0919774759757,0.9484342149961252
121.89314922963274,1855.1002537478673,0.9484342149961252
122.39308072672554,1855.108530019759,0.41952534920525214
122.8930673233956,1855.1121910363645,0.41952534920525214
123.39305392006565,1855.11585205297,0.3085205566246752
123.89304624879685,1855.1185443874456,1.0828282705216827
124.39295692542737,1855.1279932835857,1.0828282705216827
124.89286760205789,1855.137442179726,1.0828282705216827
125.39277827868841,1855.146891075866,0.5114418618037012
125.89275816347583,1855.1513541870615,0.5114418618037012
126.39273804826325,1855.155817298257,0.236592256841668
126.892733349325,1855.157881947522,1.0723207732600184
127.39264556841329,1855.167239161267,1.0723207732600184
127.89255778750157,1855.176596375012,1.0723207732600184
128.39247000658986,1855.185953588757,0.5082758971596142
128.89245019703787,1855.1903890733342,0.5082758971596142
129.3924303874859,1855.1948245579115,0.310718652019822
129.89242136933524,1855.1975360673496,0.22476150613800283
130.3924172148802,1855.1994974752704,0.22880010492079714
130.89241322173757,1855.2014941275177,0.1667886210436239
131.39241109978593,1855.202949630748,-0.17033250205719777
131.8924088903068,1855.2014632014454,-0.050684410322196165
132.39240832979942,1855.2010208969061,-0.050684410322196165
132.89240776929205,1855.2005785923668,-0.050684410322196165
133.39240720878468,1855.2001362878275,-0.1351563445417944
133.8924058067746,1855.1989568273384,-0.14659025196923142
134.39240395059323,1855.197677588022,-0.14659025196923142
134.89240209441186,1855.1963983487058,-1.1744398937649545
135.39229705101684,1855.1861501450217,-1.2263853782197882
135.892182514355,1855.1754487309054,-1.448487960362888
136.39202274206673,1855.1628096352874,-1.289385708248521
136.89189591533557,1855.1515585770712,-1.289385708248521
137.3917690886044,1855.140307518855,-1.226967348298117
137.891654445335,1855.1296010272104,-1.2458739213650245
138.39153624296978,1855.1187295829834,-1.2458739213650245
138.89141804060455,1855.1078581387565,-2.7961859324682417
139.39082241202755,1855.0834665139241,-3.508650381984935
139.88988470064248,1855.052866926921,-3.508650381984935
140.38894698925742,1855.022267339918,-3.508650381984935
140.88800927787236,1854.991667752915,-4.878732894689622
141.3861976035471,1854.949144218518,-5.226749351376195
141.88411857216522,1854.9035954637702,-5.226749351376195
142.38203954078335,1854.8580467090223,-5.663648339708242
142.87959873239868,1854.8087025037164,-5.776958387105016
143.37705915215338,1854.7583744275378,-5.776958387105016
143.87451957190808,1854.7080463513591,-7.131311514664916
144.37065169183256,1854.6459744731626,-7.131311514664916
144.86678381175705,1854.583902594966,-8.2556082341024
145.36160248009116,1854.5121078497145,-8.480378051665939
145.8561350323472,1854.438372599892,-7.735825693890912
146.35158463056416,1854.371069703255,-9.314384478829938
146.8449921860314,1854.2901439171915,-11.041360003760895
147.335736780278,1854.1943851416702,-11.59577449077762
147.82553181838102,1854.0938823027454,-11.884654635680132
148.31481390691465,1853.9909112493726,-12.171449164548694
148.8035744455957,1853.8854923903962,-13.65047088059051
149.28945106364847,1853.7674933184614,-13.65047088059051
149.77532768170124,1853.6494942465267,-13.565369040841505
150.26137884537616,1853.5322170247905,-13.565369040841505
150.74743000905107,1853.4149398030543,-13.565369040841505
151.233481172726,1853.297662581318,-16.116632834963298
151.71382941132492,1853.1588661126216,-16.116632834963298
152.19417764992386,1853.0200696439251,-16.836782426723182
152.6727444518698,1852.8752465099165,-16.836782426723182
153.15131125381572,1852.7304233759078,-16.836782426723182
153.62987805576165,1852.585600241899,-18.072163394170698
154.1052113346725,1852.4304929450195,-19.85178422761035
154.57549811765773,1852.2606989877897,-19.85178422761035
155.04578490064296,1852.09090503056,-19.85178422761035
155.51607168362818,1851.9211110733302,-21.276010003297426
155.98199257139618,1851.739680810921,-21.276010003297426
156.44791345916417,1851.558250548512,-22.124630236984743
156.91109597774914,1851.3699396481397,-22.124630236984743
157.3742784963341,1851.1816287477675,-22.92817728380505
157.83477421277576,1850.986840810798,-22.92817728380505
158.2952699292174,1850.7920528738284,-24.54462853929039
158.75008783904605,1850.5843524184318,-26.0712019441036
159.19921139451196,1850.3646089055853,-26.0712019441036
159.64833494997788,1850.144865392739,-27.01519562271939
160.09377743659172,1849.917752281593,-26.816559741858658
160.54000449037687,1849.6921848759446,-26.78002719172499
160.98637538570222,1849.46690198218,-26.78002719172499
161.43274628102756,1849.2416190884153,-29.000013159076623
161.87005578259334,1848.9992143421146,-29.09643030325591
162.3069570310887,1848.756073878486,-29.09643030325591
162.74385827958406,1848.5129334148573,-29.09643030325591
163.18075952807942,1848.2697929512287,-30.611480505123804
163.61107937512497,1848.0151861078778,-30.611480505123804
164.04139922217053,1847.7605792645268,-32.16520302116687
164.4646564301445,1847.4943988299501,-32.16520302116687
164.88791363811845,1847.2282183953735,-32.11373418409967
165.31141048461825,1846.9624178414915,-32.11373418409967
165.73490733111805,1846.6966172876096,-32.79390904264978
166.1552189969617,1846.4258081384685,-32.79390904264978
166.57553066280536,1846.1549989893274,-33.78443727777211
166.99109721531272,1845.8769648627233,-35.681472562760604
167.39723288968582,1845.5853258707557,-35.681472562760604
167.80336856405893,1845.293686878788,-36.43131925839498
168.20565319649154,1844.9967575055905,-36.43131925839498
168.60793782892415,1844.699828132393,-36.43131925839498
169.01022246135676,1844.4028987591953,-37.751481429837966
169.40555933337487,1844.096779897336,-37.751481429837966
169.80089620539297,1843.790661035477,-39.35800729810611
170.18749535880022,1843.4735791431528,-39.35800729810611
170.57409451220747,1843.1564972508288,-39.294860835432445
170.96104285367926,1842.8398416577859,-39.294860835432445
171.34799119515105,1842.523186064743,-41.60942504756921
171.7218355122434,1842.1911615600623,-41.60942504756921
172.09567982933572,1841.8591370553816,-41.60942504756921
172.46952414642806,1841.5271125507008,-40.91461098526428
172.84736712924825,1841.199646002041,-43.04287012166539
173.2127880893803,1840.8583739107364,-43.04287012166539
173.57820904951234,1840.517101819432,-44.21428929441562
173.93657717944677,1840.1684301035511,-44.21428929441562
174.2949453093812,1839.8197583876704,-45.77936809689459
174.64365677593844,1839.461428773756,-45.77936809689459
174.99236824249567,1839.1030991598418,-45.77936809689459
175.3410797090529,1838.7447695459275,-46.15019290966435
175.6874648736656,1838.3841904113735,-47.5591273711029
176.02487937407523,1838.0152033464153,-47.5591273711029
176.36229387448486,1837.646216281457,-48.666314255702495
176.6925151959149,1837.2707786369078,-48.666314255702495
177.02273651734492,1836.8953409923586,-49.57382038817307
177.34697025865455,1836.514720131766,-49.57382038817307
177.67120399996418,1836.1340992711732,-49.57382038817307
177.9954377412738,1835.7534784105806,-50.80561471538234
178.31141437171243,1835.3659752601532,-50.80561471538234
178.62739100215106,1834.9784721097258,-52.0131627539634
178.9351312120658,1834.5843960287154,-52.0131627539634
179.24287142198057,1834.1903199477051,-52.0131627539634
179.55061163189532,1833.7962438666948,-54.020708748140144
179.84435803485474,1833.3916291727762,-54.020708748140144
180.13810443781415,1832.9870144788576,-54.33038203688419
180.42965960120512,1832.580818182948,-54.33038203688419
180.72121476459608,1832.1746218870383,-55.08962050073765
181.00736145535393,1831.764598538033,-55.08962050073765
181.29350814611178,1831.3545751890276,-55.91923307427299
181.5736884830369,1830.9404511877801,-55.91923307427299
181.85386881996203,1830.5263271865326,-57.111911352233854
182.12536876070033,1830.1064608072506,-57.111911352233854
182.39686870143862,1829.6865944279687,-57.166072273673024
182.66797162977753,1829.2664715867359,-57.166072273673024
182.93907455811643,1828.846348745503,-58.258403186956514
183.20211906388965,1828.421134203825,-58.258403186956514
183.46516356966288,1827.995919662147,-59.02822180139394
183.72247147010205,1827.567209221324,-59.02822180139394
183.97977937054122,1827.138498780501,-59.16810224020377
184.23603973949344,1826.7091616392809,-59.16810224020377
184.49230010844565,1826.2798244980606,-59.16810224020377
184.74856047739786,1825.8504873568404,-60.682714476920765
184.99338323009658,1825.414526577248,-60.682714476920765
185.2382059827953,1824.9785657976554,-60.682714476920765
185.48302873549403,1824.5426050180629,-62.04018806942214
185.71745436596257,1824.1009675069874,-62.04018806942214
185.9518799964311,1823.659329995912,-61.8117978539609
186.18806458036522,1823.218629736173,-61.8117978539609
186.42424916429934,1822.7779294764339,-62.80916066386012
186.6527260992649,1822.3331865528874,-62.80916066386012
186.88120303423045,1821.8884436293408,-63.83637831570392
187.10167062514302,1821.4396752835455,-66.05131575186036
187.30462957228644,1820.9827210323344,-66.05131575186036
187.50758851942987,1820.5257667811234,-66.05131575186036
187.7105474665733,1820.0688125299123,-66.24045274259664
187.9119966987812,1819.6111911913497,-66.24045274259664
188.1134459309891,1819.153569852787,-66.24045274259664
188.31489516319698,1818.6959485142245,-68.98279186197917
188.4942187846973,1818.2292135442726,-67.98292351705337
188.68165922362414,1817.765679981052,-67.98292351705337
188.86909966255098,1817.3021464178314,-67.98292351705337
189.05654010147782,1816.8386128546108,-69.24409952140834
189.23373255724118,1816.3710666977152,-69.24409952140834
189.41092501300454,1815.9035205408195,-69.9807861483787
189.58209049912784,1815.4337374681309,-70.02592562709401
189.75288468279223,1814.9638228252795,-70.02592562709401
189.9236788664566,1814.4939081824282,-70.91333457228671
190.0871753973696,1814.0214027545228,-70.91333457228671
190.2506719282826,1813.5488973266174,-70.91333457228671
190.4141684591956,1813.076391898712,-71.33407580488611
190.5741915709243,1812.602696493625,-71.33407580488611
190.73421468265303,1812.129001088538,-71.48488823495184
190.8929906507924,1811.654885346532,-71.65852265952059
191.05032895912416,1811.1802910014069,-71.65852265952059
191.20766726745592,1810.7056966562818,-73.11461560650324
191.35289554196106,1810.2272553736236,-73.11461560650324
191.4981238164662,1809.7488140909654,-74.08079235359189
191.63526446316826,1809.2679899462482,-74.16147318328875
191.77172786631536,1808.786973295209,-73.93292948002616
191.91010892959662,1808.3065046183963,-73.93292948002616
192.04848999287788,1807.8260359415835,-73.83230223880247
192.187714399814,1807.345812001445,-74.71150899516144
192.31955394720126,1806.8635071645238,-75.37082767430621
192.445834660561,1806.3797179833114,-75.37082767430621
192.57211537392072,1805.895928802099,-75.37082767430621
192.69839608728046,1805.4121396208866,-75.85431715978956
192.8205897723575,1804.927302589741,-75.88020143724336
192.94256466696083,1804.4424093921793,-75.88020143724336
193.06453956156417,1803.9575161946177,-76.40312345154094
193.18208400296032,1803.471529790088,-76.40312345154094
193.29962844435647,1802.9855433855582,-77.30957037695507
193.4094699203522,1802.4977584284022,-77.30957037695507
193.51931139634792,1802.0099734712462,-77.30957037695507
193.62915287234364,1801.5221885140902,-77.09302043595792
193.74083687624977,1801.0348233695215,-77.09302043595792
193.8525208801559,1800.5474582249528,-78.6745247712892
193.95071177089847,1800.0571953812296,-78.6745247712892
194.04890266164102,1799.5669325375063,-78.93473839615922
194.14486603317903,1799.0762285232138,-78.64101666444144
194.24334355265034,1798.5860235529094,-78.64101666444144
194.34182107212166,1798.095818582605,-78.44300226485441
194.44199228721732,1797.6059562071075,-78.75925967466421
194.53945810514335,1797.115548254488,-81.04870370462255
194.61725552215387,1796.6216377748476,-81.04870370462255
194.69505293916438,1796.1277272952073,-81.04870370462255
194.7728503561749,1795.633816815567,-81.13830290315471
194.84987526772125,1795.1397854914967,-81.13830290315471
194.9269001792676,1794.6457541674265,-81.17425454899713
195.00361505240824,1794.1516748101224,-81.16576728533148
195.08040314383027,1793.6576066238647,-81.16576728533148
195.1571912352523,1793.163538437607,-81.16576728533148
195.23397932667433,1792.6694702513494,-82.64652564701912
195.29797425922436,1792.1735841938187,-82.64731611219963
195.3619624734174,1791.6776963002194,-82.64731611219963
195.42595068761045,1791.1818084066201,-83.27910863345492
195.48446710101496,1790.6852445359905,-83.27910863345492
195.54298351441946,1790.1886806653608,-83.28365760716821
195.60146051476602,1789.6921120518998,-83.51980373466743
195.65789040893424,1789.195306590501,-83.51980373466743
195.71432030310245,1788.6985011291024,-83.3760085293095
195.7719968508685,1788.2018388536935,-83.79397601721982
195.8260487828652,1787.7047691185226,-83.79397601721982
195.8801007148619,1787.2076993833516,-83.79397601721982
195.9341526468586,1786.7106296481807,-84.14168582731975
195.98518705029858,1786.213240986512,-84.14168582731975
196.03622145373856,1785.7158523248431,-84.2981741913502
196.08589718294763,1785.2183261230282,-84.40001592028797
196.13468846285662,1784.7207127328124,-84.40749553422968
196.18341480676793,1784.223092724105,-84.40749553422968
196.23214115067924,1783.7254727153977,-85.15613752027703
196.2743614898783,1783.227258462255,-85.1417811481844
196.31670664651585,1782.7290550010152,-85.1417811481844
196.35905180315342,1782.2308515397756,-85.68438863294016
196.39667698678784,1781.7322696008673,-85.75614375157782
196.43367776118453,1781.2336405860278,-85.75614375157782
196.47067853558121,1780.7350115711884,-86.3286388990795
196.5026952796219,1780.236037781397,-86.3286388990795
196.53471202366256,1779.7370639916057,-86.3286388990795
196.56672876770324,1779.2380902018144,-86.4974649552313
196.59727510642688,1778.7390243527955,-86.4974649552313
196.62782144515052,1778.2399585037765,-86.73247066041328
196.65632056055483,1777.7407714232156,-86.73247066041328
196.68481967595915,1777.2415843426547,-86.73247066041328
196.71331879136346,1776.7423972620938,-86.84765033976466
196.74081434927962,1776.2431539438398,-86.84765033976466
196.76830990719577,1775.7439106255858,-86.84765033976466
196.79580546511193,1775.2446673073318,-87.3272824480277
196.81912086714078,1774.7452112260562,-87.32728244806967
196.8229587202659,1774.6629977999255,-87.44384992121209
196.84525793003797,1774.1634955010718,-87.44384992121209
196.86755713981006,1773.663993202218,-87.47475510046422
196.88958688447667,1773.164479668183,-87.47475510046422
196.91161662914328,1772.664966134148,-87.47475510046422
196.9336463738099,1772.165452600113,-87.42175284205574
196.95613823158965,1771.6659587558247,-87.48333224559573
196.97809319397447,1771.16644204666,-87.47938292309989
197.00008263281916,1770.6669258187796,-87.43238996022014
197.02248169971563,1770.1674291030024,-87.43238996022014
197.0448807666121,1769.6679323872252,-87.43238996022014
197.06727983350856,1769.168435671448,-87.51404899379101
197.08896695701162,1768.668908199905,-87.47896244742253
197.11096006037667,1768.1693921622857,-87.3197622197665
197.12595872185193,1767.8489978010766,-87.10611717946102
205.42295874044066,1603.7169977999292,-89.34811673420211
205.4286473678318,1603.2170305605575,-89.7095165758772
205.43118230279913,1602.7170370377285,-89.7095165758772
205.43371723776647,1602.2170435148994,-89.7095165758772
205.43625217273382,1601.7170499920703,-89.7095165758772
205.43878710770116,1601.2170564692412,-89.7095165758772
205.4413220426685,1600.7170629464122,-89.7095165758772
205.44385697763585,1600.217069423583,-89.39270241430793
205.44915654844056,1599.7170976200127,-89.39270241430793
205.45445611924526,1599.2171258164424,-89.39270241430793
205.45975569004997,1598.717154012872,-89.68093023022053
205.46254008299013,1598.2171620677177,-89.68093023022053
205.4653244759303,1597.7171701225634,-89.68093023022053
205.46810886887044,1597.217178177409,-89.75452103117199
205.4702510698478,1596.7171829051167,-89.75452103117199
205.47239327082514,1596.2171876328243,-89.75452103117199
205.47453547180248,1595.717192360532,-89.66874933745288
205.4774261628943,1595.2172007443928,-89.66874933745288
205.4803168539861,1594.7172091282537,-89.66874933745288
205.4832075450779,1594.2172175121145,-89.66874933745288
205.4860982361697,1593.7172258959754,-89.66874933745288
205.48898892726152,1593.2172342798362,-89.66874933745288
205.49187961835332,1592.717242663697,-89.66874933745288
205.49477030944513,1592.217251047558,-89.66874933745288
205.49766100053694,1591.7172594314188,-89.66874933745288
205.50055169162874,1591.2172678152797,-89.66874933745288
205.50344238272055,1590.7172761991405,-89.72311547853224
205.50585864516802,1590.217282331657,-89.72311547853224
205.5082749076155,1589.7172884641736,-89.72311547853224
205.51069117006296,1589.2172945966902,-89.76563488730316
205.51273638571774,1588.7172987982078,-89.76563488730316
205.51478160137253,1588.2173029997255,-89.84492253654972
205.5161349058866,1587.7173048311765,-89.84492253654972
205.51748821040064,1587.2173066626276,-89.84492253654972
205.5188415149147,1586.7173084940787,-89.88427241064092
205.51985142796286,1586.217309514004,-89.88427241064092
205.52086134101103,1585.7173105339293,-89.88427241064092
205.5218712540592,1585.2173115538546,-89.77681168588455
205.52381893460017,1584.7173153473286,-89.77681168588455
205.52576661514115,1584.2173191408026,-89.80811351583114
205.5274411371323,1583.7173220487346,-89.80811351583114
205.52911565912348,1583.2173249566665,-89.80811351583114
205.53079018111464,1582.7173278645985,-89.77209026344397
205.53277906351968,1582.2173318203077,-89.77209026344397
205.53476794592473,1581.7173357760169,-89.77209026344397
205.53675682832977,1581.217339731726,-89.77209026344397
205.53874571073482,1580.7173436874352,-89.77209026344397
205.54073459313986,1580.2173476431444,-89.88130572401012
205.54177039535864,1579.717348716032,-89.88130572401012
205.54280619757742,1579.2173497889194,-89.88130572401012
205.5438419997962,1578.7173508618068,-89.78486468112547
205.54571940494952,1578.217354455988,-89.78486468112547
205.54759681010285,1577.7173580501692,-89.78486468112547
205.54947421525617,1577.2173616443504,-89.7737482074057
205.5514486290823,1576.7173656445373,-89.7737482074057
205.55342304290843,1576.2173696447242,-89.7737482074057
205.55539745673457,1575.717373644911,-89.85228779114195
205.55668648697235,1575.2173755118192,-89.85228779114195
205.55797551721014,1574.7173773787274,-89.84815986862247
205.55930057075136,1574.217379142943,-89.84815986862247
205.56062562429258,1573.7173809071585,-89.84815986862247
205.5619506778338,1573.217382671374,-89.83987243768586
205.5633480518054,1572.7173849110425,-89.83987243768586
205.564745425777,1572.217387150711,-89.83987243768586
205.5661427997486,1571.7173893903794,-89.83987243768586
205.5675401737202,1571.2173916300478,-89.83987243768586
205.5689375476918,1570.7173938697163,-89.78434452524132
205.57081949224903,1570.2173974224565,-89.78434452524132
205.57270143680626,1569.7174009751968,-89.78434452524132
205.57458338136348,1569.217404527937,-89.80132339605964
205.57631715832633,1568.7174075354806,-89.45877827277661
205.58104013305513,1568.2174304347586,-89.45877827277661
205.58576310778392,1567.7174533340367,-89.45877827277661
205.5904860825127,1567.2174762333148,-89.40564090958144
205.5956727361356,1566.7175045705678,-89.40564090958144
205.6008593897585,1566.217532907821,-89.40564090958144
205.6060460433814,1565.717561245074,-89.50663989109943
205.61035135296072,1565.217581681872,-89.50663989109943
205.61465666254003,1564.71760211867,-89.5037498844825
205.6189871972207,1564.2176220721963,-89.5037498844825
205.62331773190135,1563.7176420257226,-89.5037498844825
205.627648266582,1563.217661979249,-89.52008250608492
205.63183627628314,1562.7176808955878,-89.52008250608492
205.63602428598426,1562.2176998119266,-89.52008250608492
205.6402122956854,1561.7177187282655,-89.52008250608492
205.6444003053865,1561.2177376446043,-89.52008250608492
205.64858831508764,1560.7177565609431,-89.52008250608492
205.65277632478876,1560.217775477282,-89.39074594301901
205.65809295854535,1559.7178047497532,-89.39074594301901
205.66340959230195,1559.2178340222245,-89.39074594301901
205.66872622605854,1558.7178632946957,-89.67960821049965
205.6715221555536,1558.217871424107,-89.67960821049965
205.67431808504864,1557.7178795535183,-89.67960821049965
205.6771140145437,1557.2178876829296,-89.7543748130676
205.67925749205358,1556.717892287591,-89.7543748130676
205.68140096956347,1556.2178968922524,-89.7543748130676
205.68354444707336,1555.7179014969138,-89.72775149813343
205.68592025376313,1555.217907297275,-89.72775149813343
205.6882960604529,1554.717913097636,-89.73184536060091
205.69063614203515,1554.217918692414,-89.73184536060091
205.6929762236174,1553.717924287192,-89.73184536060091
205.69531630519964,1553.2179298819701,-89.73232987070556
205.6976521575192,1552.717935705625,-89.73232987070556
205.69998800983876,1552.2179415292799,-89.73232987070556
205.70232386215832,1551.7179473529347,-89.72271215032502
205.70474364557288,1551.2179532322612,-89.72271215032502
205.70716342898743,1550.7179591115876,-89.76127996497256
205.70924664789163,1550.2179635400757,-89.76127996497256
205.71132986679584,1549.717967968564,-89.76127996497256
205.71341308570004,1549.217972397052,-89.74600547486574
205.71562959775838,1548.7179775479221,-89.74600547486574
205.71784610981672,1548.2179826987922,-89.79998306673296
205.71959158241827,1547.7179859963514,-89.79998306673296
205.72133705501983,1547.2179892939107,-89.79998306673296
205.7230825276214,1546.71799259147,-89.8150658555197
205.72469637550887,1546.2179964881045,-89.8150658555197
205.72631022339635,1545.718000384739,-89.8150658555197
205.72792407128384,1545.2180042813736,-89.8150658555197
205.72953791917132,1544.7180081780082,-89.8150658555197
205.7311517670588,1544.2180120746427,-89.80987930330527
205.73281087941507,1543.7180150279635,-89.80987930330527
205.73446999177133,1543.2180179812842,-89.80987930330527
205.7361291041276,1542.718020934605,-89.82418475065249
205.73766337677012,1542.2180240830696,-89.82418475065249
205.73919764941263,1541.7180272315343,-89.81116725115511
205.7408455177108,1541.2180315612527,-89.81116725115511
205.74249338600896,1540.7180358909711,-89.81116725115511
205.74414125430712,1540.2180402206895,-89.80932026315199
205.74580524512476,1539.7180432068687,-89.80932026315199
205.7474692359424,1539.218046193048,-89.80932026315199
205.74913322676002,1538.7180491792271,-89.76983840775353
205.7511417601421,1538.2180532169732,-89.76983840775353
205.7531502935242,1537.7180572547193,-89.76983840775353
205.75515882690627,1537.2180612924653,-89.74118162672534
205.75741743528317,1536.7180664670627,-89.74118162672534
205.75967604366008,1536.2180716416601,-89.74118162672534
205.76193465203698,1535.7180768162575,-89.64220941553634
205.76505694245702,1535.218086749721,-89.64220941553634
205.76817923287706,1534.7180966831843,-89.65337765235985
205.7712040648879,1534.2181058579715,-89.65337765235985
205.77422889689876,1533.7181150327588,-89.65337765235985
205.7772537289096,1533.218124207546,-89.62538037708899
205.78052287798243,1532.7181349815,-89.62538037708899
205.78379202705526,1532.218145755454,-89.62538037708899
205.78706117612808,1531.7181565294081,-89.60787152572595
205.79048311544898,1531.2181683047913,-89.60787152572595
205.79390505476988,1530.7181800801745,-89.733460531963
205.79623104156929,1530.2181855899462,-89.733460531963
205.7985570283687,1529.7181910997178,-89.733460531963
205.8008830151681,1529.2181966094895,-89.70451582119702
205.80346158953625,1528.718203279036,-89.72576292676384
205.8058547423061,1528.2182106823186,-89.72576292676384
205.80824789507597,1527.7182180856012,-89.72576292676384
205.81064104784582,1527.2182254888837,-89.73094783946092
205.812988959089,1526.71823167419,-89.73094783946092
205.8153368703322,1526.2182378594964,-89.73094783946092
205.8176847815754,1525.7182440448028,-89.75846102981848
205.81979259895195,1525.218248850879,-89.75846102981848
205.8219004163285,1524.7182536569553,-89.79649794057059
205.82367629605585,1524.218258788504,-89.79649794057059
205.8254521757832,1523.7182639200528,-89.79649794057059
205.82722805551055,1523.2182690516015,-89.79439306241736
205.82902230953346,1522.7182725883783,-89.79439306241736
205.83081656355637,1522.2182761251552,-89.79439306241736
205.83261081757928,1521.718279661932,-89.79439306241736
205.8344050716022,1521.2182831987088,-89.79439306241736
205.8361993256251,1520.7182867354857,-89.7478384140328
205.83839983155553,1520.2182942877862,-89.7478384140328
205.84060033748597,1519.7183018400867,-89.7478384140328
205.8428008434164,1519.2183093923873,-89.69606127901619
205.84545317836614,1518.7183198796465,-89.69481716335399
205.8481163858321,1518.2183274607034,-89.69481716335399
205.85077959329806,1517.7183350417604,-89.69481716335399
205.85344280076401,1517.2183426228173,-89.69451918443413
205.856108610207,1516.718349906411,-89.69451918443413
205.85877441965,1516.2183571900048,-89.69451918443413
205.86144022909298,1515.7183644735985,-89.64970471410234
205.86449711306636,1515.2183738230358,-89.64970471410234
205.86755399703975,1514.718383172473,-89.64970471410234
205.87061088101314,1514.2183925219103,-89.64970471410234
205.87366776498652,1513.7184018713476,-89.64970471410234
205.8767246489599,1513.218411220785,-89.65532085082373
205.87973252334996,1512.718420347233,-89.65532085082373
205.88274039774,1512.218429473681,-89.65532085082373
205.88574827213006,1511.718438600129,-89.61433450566362
205.88911381010314,1511.2184503662893,-89.61433450566362
205.89247934807622,1510.7184621324495,-89.61433450566362
205.8958448860493,1510.2184738986098,-89.68646777210792
205.89858095721434,1509.7184813890867,-89.68646777210792
205.90131702837937,1509.2184888795637,-89.68646777210792
205.9040530995444,1508.7184963700406,-89.73967089341124
205.90632489175084,1508.2185015313974,-89.66332934688545
205.909262879999,1507.7185102552683,-89.66332934688545
205.91220086824717,1507.2185189791392,-89.66332934688545
205.91513885649533,1506.71852770301,-89.76416299867681
205.91719691630806,1506.2185320507253,-89.76416299867681
205.91925497612078,1505.7185363984406,-89.76416299867681
205.9213130359335,1505.218540746156,-89.76416299867681
205.92337109574623,1504.7185450938712,-89.76416299867681
205.92542915555896,1504.2185494415864,-89.76416299867681
205.92748721537168,1503.7185537893017,-89.66388748814025
205.93042033289169,1503.218562503619,-89.66388748814025
205.9333534504117,1502.7185712179364,-89.66388748814025
205.9362865679317,1502.2185799322538,-89.68440929199758
205.93795874464558,1501.914997802116,-89.65010640780349
205.94101212238297,1501.4150072713908,-89.65010640780349
205.94406550012036,1500.9150167406656,-89.76223145111155
205.94614041583748,1500.4150211291783,-89.76223145111155
205.9482153315546,1499.915025517691,-89.76223145111155
205.9502902472717,1499.4150299062037,-89.76223145111155
205.95236516298883,1498.9150342947164,-89.75520344601898
205.95450140940204,1498.4150388629064,-89.66282186561392
205.95744382672376,1497.9150475208216,-89.66282186561392
205.96038624404548,1497.415056178737,-89.66282186561392
205.9633286613672,1496.9150648366522,-89.69231988830117
205.9660136639585,1496.4150720459431,-89.69231988830117
205.9686986665498,1495.915079255234,-89.69231988830117
205.97138366914112,1495.415086464525,-89.66605476937245
205.97429787339547,1494.9150951534405,-89.66605476937245
205.97721207764982,1494.4151038423558,-89.65721304634148
205.9802034402844,1493.9151127919,-89.65721304634148
205.983194802919,1493.415121741444,-89.65721304634148
205.9861861655536,1492.915130690988,-89.65609638041443
205.9891872722137,1492.4151397902272,-89.65609638041443
205.99218837887383,1491.9151488894663,-89.65609638041443
205.99518948553396,1491.4151579887055,-89.66278998025786
205.9981321801588,1490.9151668087018,-89.66278998025786
206.00107487478363,1490.415175628698,-89.6915463335358
206.003766627809,1489.915182875614,-89.6915463335358
206.00645838083437,1489.4151901225298,-89.6915463335358
206.00915013385975,1488.9151973694457,-89.69056247410533
206.01185047256035,1488.4152046613883,-89.82836008515538
206.0133483070141,1487.915208282526,-89.82836008515538
206.01484614146784,1487.4152119036637,-89.82836008515538
206.0163439759216,1486.9152155248014,-89.84494288633532
206.0176971027886,1486.415217378801,-89.84494288633532
206.0190502296556,1485.9152192328004,-89.84494288633532
206.0204033565226,1485.4152210867999,-89.77847724935033
206.02233650238713,1484.915224824566,-89.77847724935033
206.02426964825167,1484.415228562332,-89.70352844408241
206.02685683179698,1483.9152366675207,-89.70352844408241
206.02944401534228,1483.4152447727095,-89.70352844408241
206.03203119888758,1482.9152528778982,-89.729031978313
206.0343958272066,1482.4152595138353,-89.729031978313
206.0367604555256,1481.9152661497724,-89.729031978313
206.03912508384462,1481.4152727857095,-89.76006857134702
206.04121887432768,1480.9152771940458,-89.76006857134702
206.04331266481074,1480.415281602382,-89.83908439310552
206.04471691654317,1479.9152835745208,-89.83908439310552
206.0461211682756,1479.4152855466596,-89.83908439310552
206.04752542000801,1478.9152875187983,-89.87312735219557
206.04863259048898,1478.415289346019,-89.57128198837536
206.05237382560074,1477.9153033978196,-89.57128198837536
206.0561150607125,1477.41531744962,-89.57128198837536
206.05985629582426,1476.9153315014205,-89.57907322663142
206.06352954106205,1476.4153450994907,-89.57907322663142
206.06720278629984,1475.9153586975608,-89.57907322663142
206.07087603153764,1475.415372295631,-89.6943893686388
206.07354297353095,1474.9153796395767,-89.6943893686388
206.07620991552426,1474.4153869835225,-89.72885374367624
206.07857610358792,1473.9153927024145,-89.72885374367624
206.08094229165158,1473.4153984213065,-89.72885374367624
206.08330847971524,1472.9154041401985,-89.74594461728636
206.08552552320145,1472.4154092143146,-89.74594461728636
206.08774256668767,1471.9154142884308,-89.74594461728636
206.08995961017388,1471.415419362547,-89.74594461728636
206.0921766536601,1470.9154244366632,-89.74594461728636
206.0943936971463,1470.4154295107794,-89.59284474564932
206.09794676415527,1469.915442552423,-89.59284474564932
206.10149983116423,1469.4154555940665,-89.59284474564932
206.1050528981732,1468.91546863571,-89.582019880117
206.1087004303606,1468.4154819553687,-89.78560426866426
206.11057138170088,1467.9154854559993,-89.78560426866426
206.11244233304114,1467.4154889566298,-89.78560426866426
206.1143132843814,1466.9154924572604,-89.84085767896346
206.11570205910834,1466.4154951881237,-89.84085767896346
206.11709083383528,1465.915497918987,-89.84085767896346
206.1184796085622,1465.4155006498504,-89.82506469493761
206.12000620370964,1464.9155033099748,-89.82506469493761
206.12153279885706,1464.4155059700993,-89.77543397379303
206.12349250210298,1463.9155098129374,-89.77543397379303
206.1254522053489,1463.4155136557756,-89.77543397379303
206.1274119085948,1462.9155174986138,-89.81212648238457
206.12905140944326,1462.4155207792735,-89.81212648238457
206.13069091029172,1461.9155240599332,-89.81212648238457
206.13233041114017,1461.415527340593,-89.81212648238457
206.13396991198863,1460.9155306212526,-89.81212648238457
206.13560941283708,1460.4155339019123,-89.84498146307195
206.1369622031151,1459.9155357345603,-89.84498146307195
206.13831499339312,1459.4155375672083,-89.84498146307195
206.13966778367114,1458.9155393998562,-89.7544405962698
206.14181068332027,1458.4155448885354,-89.54643412986293
206.14576874299632,1457.915561551522,-89.54643412986293
206.14972680267238,1457.4155782145085,-89.54643412986293
206.15368486234843,1456.915594877495,-89.57908532363548
206.15735799945423,1456.415608824424,-89.57908532363548
206.16103113656004,1455.915622771353,-89.57908532363548
206.16470427366585,1455.4156367182818,-89.56113569069748
206.1685340428878,1454.9156522881146,-89.56113569069748
206.17236381210978,1454.4156678579475,-89.61523262917866
206.17572150400918,1453.9156808596902,-89.61523262917866
206.17907919590857,1453.4156938614328,-89.61523262917866
206.18243688780797,1452.9157068631755,-89.61813787516624
206.18576923195667,1452.415718997859,-89.61813787516624
206.18910157610537,1451.9157311325423,-89.61813787516624
206.19243392025408,1451.4157432672257,-89.5641943903963
206.19623699792123,1450.9157586583347,-89.5641943903963
206.2000400755884,1450.4157740494436,-89.57841259261932
206.20371908306504,1449.9157880600226,-89.57841259261932
206.2073980905417,1449.4158020706016,-89.57841259261932
206.21107709801834,1448.9158160811805,-89.53756046386142
206.2151125929712,1448.4158332936563,-89.75558029960095
206.21724555016863,1447.91583798327,-89.75558029960095
206.21937850736606,1447.4158426728836,-89.75558029960095
206.2215114645635,1446.9158473624973,-89.76982255847406
206.22352013581497,1446.415851510459,-89.76982255847406
206.22552880706644,1445.915855658421,-89.76982255847406
206.2275374783179,1445.4158598063827,-89.59653126305128
206.23105837815524,1444.9158722043926,-89.59653126305128
206.23457927799257,1444.4158846024025,-89.58149460887455
206.23823139326657,1443.9158980441618,-89.58149460887455
206.24188350854058,1443.4159114859212,-89.58149460887455
206.2455356238146,1442.9159249276806,-89.57945062708689
206.24920557526582,1442.415938560936,-89.57945062708689
206.25287552671705,1441.9159521941913,-89.57945062708689
206.25654547816828,1441.4159658274466,-89.57945062708689
206.2602154296195,1440.915979460702,-89.57945062708689
206.26388538107074,1440.4159930939572,-89.80749516990925
206.2655652994656,1439.9159959160982,-89.80749516990925
206.26724521786048,1439.415998738239,-89.80749516990925
206.26892513625535,1438.91600156038,-89.6808825387826
206.27170994670098,1438.4160093794928,-89.6808825387826
206.2744947571466,1437.9160171986057,-89.6808825387826
206.27727956759225,1437.4160250177185,-89.63329449566636
206.28047965493852,1436.916035262149,-89.63329449566636
206.2836797422848,1436.4160455065796,-89.63329449566636
206.28687982963106,1435.9160557510102,-89.76371728425626
206.28894177946256,1435.4160600030666,-89.76371728425626
206.29100372929406,1434.916064255123,-89.7979319918913
206.29276710166573,1434.416067364638,-89.7979319918913
206.2945304740374,1433.9160704741528,-89.7979319918913
206.29629384640907,1433.4160735836676,-89.8130513459225
206.29792527819347,1432.9160762739662,-89.8130513459225
206.29955670997788,1432.4160789642647,-89.8130513459225
206.30118814176228,1431.9160816545632,-89.8130513459225
206.30281957354669,1431.4160843448617,-89.8130513459225
206.3044510053311,1430.9160870351602,-89.69316198027741
206.30712865938074,1430.4160942066358,-89.69316198027741
206.30980631343039,1429.9161013781113,-89.69316198027741
206.31248396748003,1429.4161085495869,-89.65534081482123
206.3154916681276,1428.9161175963425,-89.71602863440596
206.317969775287,1428.4161238081351,-89.71602863440596
206.3204478824464,1427.9161300199278,-89.71602863440596
206.32292598960578,1427.4161362317204,-89.72905884547122
206.32529038839118,1426.9161418253946,-89.72905884547122
206.32765478717658,1426.4161474190687,-89.72905884547122
206.330019185962,1425.9161530127428,-89.72746694172693
206.3323974765865,1425.416158669238,-89.72746694172693
206.334775767211,1424.9161643257332,-89.72746694172693
206.3371540578355,1424.4161699822284,-89.69795515133897
206.33978988417584,1423.9161769298591,-89.69795515133897
206.34242571051618,1423.4161838774899,-89.69795515133897
206.34506153685652,1422.9161908251206,-89.69460224877612
206.34772662238038,1422.416197927852,-89.69460224877612
206.35039170790424,1421.9162050305833,-89.69460224877612
206.3530567934281,1421.4162121333147,-89.7235031275897
206.35546967446032,1420.9162179553434,-89.7235031275897
206.35788255549255,1420.4162237773721,-89.73058921942054
206.36023359940975,1419.9162293048103,-89.73058921942054
206.36258464332695,1419.4162348322484,-89.73058921942054
206.36493568724416,1418.9162403596865,-89.73088726344751
206.36728412973866,1418.4162459870217,-89.73088726344751
206.36963257223317,1417.916251614357,-89.7896221936841
206.37146846070118,1417.4162550130181,-89.7896221936841
206.3733043491692,1416.9162584116793,-89.7896221936841
206.3751402376372,1416.4162618103405,-89.77548566173499
206.3770994894992,1415.9162657343518,-89.77548566173499
206.37905874136118,1415.416269658363,-89.77548566173499
206.38101799322317,1414.9162735823743,-89.80886618913786
206.38268594693534,1414.416276469356,-89.80886618913786
206.3843539006475,1413.9162793563378,-89.80886618913786
206.38602185435968,1413.4162822433195,-89.80886618913786
206.38768980807185,1412.9162851303013,-89.80886618913786
206.38935776178403,1412.416288017283,-89.80886618913786
206.3910257154962,1411.9162909042648,-89.80886618913786
206.39269366920837,1411.4162937912465,-89.80886618913786
206.39436162292054,1410.9162966782283,-89.80886618913786
206.3960295766327,1410.41629956521,-89.80886618913786
206.39769753034489,1409.9163024521918,-89.7727057408226
206.39968104130003,1409.4163064972051,-89.7727057408226
206.40166455225517,1408.9163105422185,-89.7727057408226
206.4036480632103,1408.416314587232,-89.68496288029968
206.4063972648396,1407.9163225128505,-89.68496288029968
206.40914646646888,1407.416330438469,-89.68496288029968
206.41189566809817,1406.9163383640876,-89.65951014406619
206.414866982553,1406.4163476277233,-89.65951014406619
206.41783829700785,1405.916356891359,-89.65951014406619
206.4208096114627,1405.4163661549949,-89.64049369855331
206.42394687329045,1404.9163763014865,-89.64049369855331
206.4270841351182,1404.416386447978,-89.62017510669318
206.43039870750658,1403.9163975580302,-89.62017510669318
206.43371327989496,1403.4164086680823,-89.62017510669318
206.43702785228334,1402.9164197781345,-89.62508817008289
206.44029954775021,1402.4164311094735,-89.62508817008289
206.4435712432171,1401.9164424408125,-89.62508817008289
206.44684293868397,1401.4164537721515,-89.62508817008289
206.45011463415085,1400.9164651034905,-89.62508817008289
206.45338632961773,1400.4164764348295,-89.69060449535625
206.45608630092568,1399.9164838532013,-89.69060449535625
206.45878627223362,1399.416491271573,-89.69060449535625
206.46148624354157,1398.9164986899448,-89.74906408434043
206.46367606426497,1398.4165037697428,-89.74906408434043
206.46586588498838,1397.9165088495408,-89.74906408434043
206.46805570571178,1397.4165139293389,-89.79554905777168
206.46983987246563,1396.916517255572,-89.79554905777168
206.47162403921948,1396.4165205818051,-89.79554905777168
206.47340820597333,1395.9165239080382,-89.8522144487914
206.4746978761708,1395.416525803993,-89.8522144487914
206.4759875463683,1394.9165276999477,-89.84813445127438
206.47731282138852,1394.4165295886532,-89.84813445127438
206.47863809640876,1393.9165314773588,-89.84813445127438
206.479963371429,1393.4165333660644,-89.8373532805096
206.4813827294472,1392.916535543342,-89.8373532805096
206.48280208746542,1392.4165377206195,-89.8373532805096
206.48422144548363,1391.916539897897,-89.8373532805096
206.48564080350184,1391.4165420751747,-89.8373532805096
206.48706016152005,1390.9165442524522,-89.81395298387861
206.48868372391212,1390.4165472740597,-89.81395298387861
206.4903072863042,1389.916550295667,-89.81395298387861
206.49193084869626,1389.4165533172745,-89.78960155232257
206.4937669171876,1388.9165567452726,-89.74275736693191
206.49601177486693,1388.416561838266,-89.74275736693191
206.49825663254626,1387.9165669312595,-89.74275736693191
206.5005014902256,1387.416572024253,-89.7658263639937
206.50254503501412,1386.9165762020411,-89.7658263639937
206.50458857980266,1386.4165803798294,-89.7658263639937
206.5066321245912,1385.9165845576176,-89.6676793481571
206.50953215310415,1385.4165929679405,-89.6676793481571
206.5124321816171,1384.9166013782633,-89.65898240058658
206.51540810360098,1384.4166103023795,-89.65898240058658
206.51838402558485,1383.9166192264956,-89.65898240058658
206.52135994756873,1383.4166281506118,-89.6563177025575
206.52435912339809,1382.916637149212,-89.6563177025575
206.52735829922744,1382.4166461478121,-89.6563177025575
206.5303574750568,1381.9166551464123,-89.64478551010326
206.53345728568604,1381.4166648703597,-89.64478551010326
206.53655709631528,1380.916674594307,-89.64478551010326
206.53965690694451,1380.4166843182545,-89.72986029035597
206.54201431189676,1379.9166898757571,-89.72986029035597
206.544371716849,1379.4166954332597,-89.72986029035597
206.54672912180126,1378.9167009907624,-89.81943151420259
206.5483048746778,1378.4167040500972,-89.81943151420259
206.54988062755433,1377.916707109432,-89.81943151420259
206.55145638043086,1377.416710168767,-89.81152696839241
206.55310111338088,1376.9167133482206,-89.81152696839241
206.5547458463309,1376.4167165276742,-89.81152696839241
206.5563905792809,1375.9167197071279,-89.77304821392393
206.55837110067944,1375.4167239773863,-89.77304821392393
206.56035162207797,1374.9167282476446,-89.74136417950577
206.56260863582338,1374.4167337638319,-89.74136417950577
206.5648656495688,1373.916739280019,-89.74136417950577
206.5671226633142,1373.4167447962063,-89.73420781550024
206.56944212538758,1372.9167510341683,-89.73420781550024
206.57176158746097,1372.4167572721303,-89.73420781550024
206.57408104953436,1371.9167635100923,-89.7480744949256
206.5762795053348,1371.416768771443,-89.7480744949256
206.57847796113526,1370.9167740327937,-89.79784128175721
206.58024212353882,1370.4167775867909,-89.79784128175721
206.58200628594238,1369.916781140788,-89.79784128175721
206.58377044834594,1369.4167846947853,-89.86442258348472
206.58495358194807,1368.9167867067526,-89.67240936055579
206.58781233293007,1368.4167950665842,-89.67240936055579
206.59067108391207,1367.9168034264158,-89.67240936055579
206.59352983489407,1367.4168117862473,-89.63003457368673
206.59675836980364,1366.9168222189173,-89.63003457368673
206.5999869047132,1366.4168326515874,-89.63003457368673
206.60321543962277,1365.9168430842574,-89.71533100656958
206.6056996350079,1365.4168492557726,-89.71533100656958
206.60818383039305,1364.9168554272878,-89.71533100656958
206.61066802577818,1364.416861598803,-89.71533100656958
206.61315222116332,1363.9168677703183,-89.71533100656958
206.61563641654845,1363.4168739418335,-89.6949021578017
206.61829888436284,1362.9168811332759,-89.6949021578017
206.62096135217723,1362.4168883247182,-89.6949021578017
206.62362381999162,1361.9168955161606,-89.7153012011954
206.6261082754745,1361.4169016889675,-89.7153012011954
206.6285927309574,1360.9169078617745,-89.65800130927681
206.63157721482992,1360.4169167690573,-89.66827213376008
206.63447207039997,1359.9169251493165,-89.66827213376008
206.63736692597,1359.4169335295758,-89.7223973809701
206.63978945634904,1358.9169393982636,-89.7301239497688
206.6399587506312,1358.8809978016652,-84.834735095016
210.29095875815256,1318.4919978035614,-90.17704318228446
210.28941376750174,1317.9920002278193,-90.17704318228446
210.28786877685093,1317.4920026520772,-90.17704318228446
210.28632378620011,1316.992005076335,-90.17704318228446
210.2847787955493,1316.492007500593,-90.17704318228446
210.2832338048985,1315.992009924851,-90.1943585741434
210.2815377096273,1315.4920128016306,-90.1943585741434
210.2798416143561,1314.9920156784103,-90.1943585741434
210.2781455190849,1314.49201855519,-90.1943585741434
210.2764494238137,1313.9920214319698,-90.1943585741434
210.2747533285425,1313.4920243087495,-90.1943585741434
210.2730572332713,1312.9920271855292,-90.19376151948434
210.2713663482549,1312.4920300446295,-90.19376151948434
210.2696754632385,1311.9920329037298,-90.19376151948434
210.26798457822213,1311.49203576283,-90.19376151948434
210.26629369320574,1310.9920386219303,-90.18923666070253
210.26464229481076,1310.4920413490545,-90.18923666070253
210.26299089641577,1309.9920440761787,-90.18923666070253
210.2613394980208,1309.4920468033029,-90.11110245996458
210.26036994676167,1308.9920477433334,-90.11245273610746
210.2593886122072,1308.4920487392046,-90.11245273610746
210.25840727765274,1307.9920497350759,-90.11245273610746
210.25742594309827,1307.492050730947,-90.11245273610746
210.2564446085438,1306.9920517268183,-90.11245273610746
210.25546327398933,1306.4920527226896,-90.10898794252796
210.2545121753426,1305.992053627666,-90.10898794252796
210.25356107669586,1305.4920545326427,-90.10898794252796
210.25260997804912,1304.9920554376192,-90.10898794252796
210.25165887940238,1304.4920563425958,-90.10937865968346
210.25070437111071,1303.9920572536914,-90.10937865968346
210.24974986281904,1303.492058164787,-90.10937865968346
210.24879535452737,1302.9920590758827,-90.10937865968346
210.2478408462357,1302.4920599869783,-90.11137190407467
210.24686894369108,1301.9920609590981,-90.11137190407467
210.24589704114646,1301.492061931218,-90.11137190407467
210.24492513860184,1300.9920629033377,-90.11137190407467
210.24395323605722,1300.4920638754575,-90.11137190407467
210.2429813335126,1299.9920648475772,-90.11137190407467
210.24200943096798,1299.492065819697,-90.05609995547961
210.24151986657955,1298.9920660593866,-90.05609995547961
210.24103030219112,1298.4920662990762,-90.1063469663368
210.24010225036795,1297.9920671603572,-90.1063469663368
210.2391741985448,1297.4920680216383,-90.12658156564552
210.23806956750423,1296.992069516724,-90.12658156564552
210.23696493646366,1296.49207101181,-90.12658156564552
210.2358603054231,1295.9920725068957,-90.10156035051035
210.23497402517296,1295.4920735962928,-90.10156035051035
210.23408774492282,1294.9920746856899,-90.10156035051035
210.23320146467267,1294.492075775087,-90.10156035051035
210.23231518442253,1293.992076864484,-90.11056857475924
210.23135029219793,1293.4920778037429,-90.11056857475924
210.23038539997333,1292.9920787430017,-90.09204157294657
210.2295821860713,1292.4920793886654,-90.67579744400415
210.22368487757637,1291.9921141682664,-90.67579744401188
210.22095875890227,1291.7609977996908,-91.22598709545699
210.21026083980735,1291.2611132032732,-91.36514204698518
210.1983488688337,1290.7612556911638,-91.14681593208317
210.19295876013348,1290.49199780263,-87.93295546757032
214.60095877136337,1168.3609978030436,-87.76725963494009
214.62043813260198,1167.8613785009504,-87.77734081016837
214.63982954285075,1167.3617568825252,-87.77734081016837
214.65922095309952,1166.8621352641,-87.77734081016837
214.6786123633483,1166.3625136456749,-89.48952427762765
214.68306704279416,1165.8625337902063,-89.48952427762765
214.68752172224004,1165.3625539347377,-89.48952427762765
214.6919764016859,1164.862574079269,-89.48952427762765
214.69643108113178,1164.3625942238004,-89.48952427762765
214.70088576057765,1163.8626143683318,-89.48952427762765
214.70534044002352,1163.3626345128632,-86.18245091353069
214.73862959760288,1162.863752929016,-88.24880191032112
214.75390930415222,1162.363986468716,-88.71091961849159
214.76515769755144,1161.864113280569,-89.18356070554157
214.77228223152702,1161.3641641704523,-89.4251987684476
214.77729822785614,1160.8641899841064,-89.5640427865962
214.7811026350505,1160.364204521148,-89.5640427865962
214.78490704224487,1159.8642190581895,-89.83243628793656
214.78636930821654,1159.3642216016349,-89.83243628793656
214.7878315741882,1158.8642241450802,-89.83243628793656
214.78929384015987,1158.3642266885256,-89.83243628793656
214.79075610613154,1157.864229231971,-89.8568909817012
214.7920049665256,1157.3642308263395,-89.8568909817012
214.79325382691968,1156.864232420708,-89.80777142381439
214.79493132884556,1156.3642369374104,-89.86008405664569
214.79615232170443,1155.8642396040777,-89.63443680982006
214.79934244063872,1155.3642497917103,-89.63443680982006
214.80253255957302,1154.864259979343,-89.59968950661646
214.80602589632372,1154.3642725977115,-89.59968950661646
214.8095192330744,1153.8642852160801,-89.76691255399281
214.81155329880937,1153.3642894379366,-89.76691255399281
214.81358736454433,1152.864293659793,-89.88633557185538
214.81457927222095,1152.3642951122288,-89.90193811900095
214.8154350220169,1151.8642965067181,-89.90193811900095
214.81629077181287,1151.3642979012075,-89.88332120633797
214.81730898425565,1150.8642996312358,-89.88332120633797
214.81832719669842,1150.364301361264,-89.88332120633797
214.8193454091412,1149.8643030912924,-89.88332120633797
214.82036362158397,1149.3643048213207,-89.88332120633797
214.82138183402674,1148.864306551349,-89.86183383025514
214.82258755955354,1148.3643082510705,-89.86183383025514
214.82379328508034,1147.864309950792,-89.64861464748078
214.82685965107112,1147.3643243202325,-89.64861464748078
214.8299260170619,1146.864338689673,-89.56101573116345
214.83375666559118,1146.364376129613,-89.86890297223239
214.83490064484567,1145.8644024088774,-89.69051139004911
214.83760142150368,1145.3644111525243,-89.61018985527448
214.84100308081668,1144.8644300271812,-89.5470917914297
214.84495527599836,1144.3644625216875,-89.5470917914297
214.84890747118004,1143.8644950161938,-89.45853848048213
214.85363240276217,1143.364532287112,-89.9204682410137
214.85432642209605,1142.8645514781974,-89.91186809535226
214.85509551435848,1142.3645542738266,-89.91186809535226
214.8558646066209,1141.8645570694557,-89.91186809535226
214.85663369888334,1141.3645598650849,-89.91186809535226
214.85740279114577,1140.864562660714,-89.91186809535226
214.8581718834082,1140.3645654563431,-89.91186809535226
214.85894097567063,1139.8645682519723,-90.06015155957701
214.85841605470512,1139.3645688327708,-90.12563883224676
214.85731965758532,1138.8645735222085,-90.05672505092865
214.8568246503188,1138.3645859951955,-90.05672505092865
214.85632964305228,1137.8645984681825,-89.74027947853716
214.8585960469395,1137.3646206949213,-89.65599378310016
214.86159792983835,1136.8646496318474,-89.5385770355174
214.86562444672074,1136.3646800730648,-89.49456687888946
214.87003495925183,1135.864718380936,-89.49920228404089
214.87440518418566,1135.364737930372,-89.66314396320388
214.87734479063852,1134.8647465863407,-89.66314396320388
214.88028439709137,1134.3647552423095,-89.66314396320388
214.88322400354423,1133.8647638982782,-89.66314396320388
214.88616360999708,1133.3647725542469,-89.66314396320388
214.88910321644994,1132.8647812102156,-89.66314396320388
214.8920428229028,1132.3647898661843,-89.61299541720366
214.89541997078675,1131.8648128982468,-91.19223939362523
214.88501672787868,1131.3649335265236,-91.82758144593086
214.8690714056196,1130.8652076152234,-95.00812989426093
214.82542530022408,1130.3671443244127,-95.35454688805893
214.7787669009307,1129.869335236375,-93.35779059651578
214.74948145943642,1129.3701942789883,-93.35779059651578
214.72019601794216,1128.8710533216015,-93.22146744642374
214.69209847109198,1128.371847880707,-93.03319072356408
214.6656416528117,1127.8725559460263,-93.03319072356408
214.63918483453142,1127.3732640113456,-93.01684150893354
214.61287018119197,1126.873958705334,-93.01684150892146
214.59895877353847,1126.609997802414,-103.24542411847285
201.26395875547314,1069.9579978003167,-117.69010633327248
188.74295873875963,1046.0989978024736,-124.66570909110511
188.45858174218768,1045.6877796388949,-124.66570909110511
188.17420474561573,1045.2765614753162,-124.66745923732738
187.88979853031742,1044.8653279122266,-124.66745923732738
187.60539231501912,1044.454094349137,-124.66745923732738
187.3209860997208,1044.0428607860474,-124.68270108024582
187.03647246640674,1043.631705739931,-124.68270108024582
186.75195883309266,1043.2205506938146,-124.68270108024582
186.46744519977858,1042.8093956476982,-124.67164778058914
186.18300949976378,1042.3981837114957,-124.67164778058914
185.898573799749,1041.9869717752931,-124.67164778058914
185.6141380997342,1041.5757598390906,-130.20938028449612
185.29134684762926,1041.1939147968405,-130.2093802844625
184.96855559552432,1040.81206975459,-132.06612658987007
184.63356182647976,1040.440883889371,-132.06612658983514
184.2985680574352,1040.0696980241514,-128.02356968318017
183.9905757230183,1039.6758198990906,-128.02356968318017
183.68258338860142,1039.2819417740297,-131.71317596221942
183.34988238511949,1038.9086991990453,-128.99396984080096
183.0352631297394,1038.5200931563168,-128.99396984080096
182.72064387435933,1038.1314871135883,-128.99396984080096
182.40602461897925,1037.7428810708598,-132.8314057572674
182.0661032259893,1037.376202728848,-133.7351083969032
181.72044060066776,1037.0149309130538,-133.7351083969032
181.3747779753462,1036.6536590972596,-133.7351083969032
181.02911535002465,1036.2923872814654,-130.74470334024542
180.7027817724288,1035.9135877136907,-130.74470334024542
180.37644819483296,1035.534788145916,-133.79641497896955
180.03040805285548,1035.1738956230338,-136.3203742747699
179.66880377747498,1034.8285850000034,-131.70813385495697
179.33614784456176,1034.455326863666,-131.7081338549396
179.00349191164855,1034.0820687273283,-131.7081338549396
178.67083597873534,1033.7088105909907,-135.6872835567798
178.3130672128558,1033.359523620701,-135.6872835567425
177.95529844697626,1033.0102366504111,-134.0349370233043
177.60775462653396,1032.6507833794972,-134.0349370233043
177.26021080609166,1032.2913301085832,-137.9079606215815
176.88917659549998,1031.9561686004643,-137.9079606215815
176.5181423849083,1031.6210070923453,-137.90796062160084
176.1471081743166,1031.2858455842265,-134.92917966736024
175.79399368341433,1030.9318570796486,-137.20443500103337
175.42710248588355,1030.592164853465,-137.20443500103337
175.06021128835278,1030.2524726272813,-136.36842138291365
174.6983154562172,1029.9074633451658,-136.36842138291365
174.3364196240816,1029.5624540630502,-136.36842138293252
173.974523791946,1029.2174447809348,-140.6673511308858
173.58778457825895,1028.9005342192884,-140.6673511308858
173.20104536457188,1028.583623657642,-138.83391767731823
172.82464309712998,1028.2545017650357,-140.89291584801396
172.43665961124952,1027.9391164778008,-140.89291584799372
172.04867612536907,1027.6237311905656,-140.89291584799372
171.66069263948862,1027.3083459033305,-139.00735640255547
171.2832957923422,1026.9803648906914,-138.4447903502514
170.9093096641709,1026.6488469217159,-137.14386974843976
170.54281008306396,1026.308797060059,-142.2287922171301
170.1475800510234,1026.0025432084929,-142.2287922171301
169.75235001898284,1025.6962893569266,-142.22879221710951
169.35711998694228,1025.3900355053602,-142.60566180323448
168.95988266907023,1025.0863868378729,-142.60566180325517
168.56264535119817,1024.7827381703858,-143.0249276109871
168.16319671847975,1024.4820044180174,-143.13546148663644
167.76317014074618,1024.1820429435675,-143.13546148664688
167.3631435630126,1023.8820814691177,-143.38217561727888
166.96182826757558,1023.5838446767474,-143.38217561727888
166.56051297213855,1023.2856078843771,-144.0368497378121
166.1558155896247,1022.9919755130323,-145.09649369742039
165.7457576325071,1022.7058778119019,-145.09649369742039
165.3356996753895,1022.4197801107715,-144.42698300427054
164.9290134963336,1022.1289109991048,-144.42698300427054
164.5223273172777,1021.8380418874382,-144.06726647997655
164.117477961232,1021.5446271909042,-144.88913777548325
163.70845867090293,1021.2570477593395,-144.88913777548325
163.29943938057386,1020.9694683277747,-145.93235617860577
162.88525133788949,1020.6893829312769,-145.93235617860577
162.4710632952051,1020.4092975347791,-147.04020604264753
162.05154040382217,1020.1372745374355,-147.04020604264753
161.63201751243923,1019.8652515400919,-147.59896788626756
161.20985883650394,1019.5973308302017,-147.07485723314764
160.79016817807212,1019.3255594439131,-147.07485723314764
160.3704775196403,1019.0537880576245,-147.39408477297508
159.94927947055612,1018.7843593938717,-147.48363911124815
159.52766059732915,1018.5155892608235,-148.19414029702824
159.10274140894194,1018.252068034772,-148.45387844759443
158.67663189384643,1017.9904757410002,-148.4831189962748
158.25038883460684,1017.7291008837927,-149.26035551201002
157.82063952062242,1017.4735320618985,-149.26035551201002
157.390890206638,1017.2179632400042,-148.88357716368367
156.9628309453774,1016.9595740115118,-150.3029098810748
156.5285068044401,1016.711869128943,-150.54935772823478
156.0931176257261,1016.4660326696295,-150.54935772823478
155.65772844701212,1016.220196210316,-150.36148923272683
155.22314713183596,1015.9729331516338,-150.31542188025549
154.78877076107995,1015.725324176757,-150.57185002303322
154.35329219555467,1015.4796626522904,-150.57185002303322
153.9178136300294,1015.2340011278237,-150.57185002303322
153.48233506450413,1014.9883396033571,-151.0320734360251
153.04488961033485,1014.7461796459652,-151.0320734360251
152.60744415616557,1014.5040196885733,-151.0320734360251
152.1699987019963,1014.2618597311814,-151.12585066428895
151.73216097747343,1014.0204179997522,-150.65844657336314
151.29631384574964,1013.7754161880526,-151.87180560903133
150.85536636821712,1013.5396932423164,-151.87180560903133
150.4144188906846,1013.3039702965801,-151.97289265741074
149.9730581599773,1013.0690267180419,-152.06328535768878
149.5313294298794,1012.8347808633706,-152.06328535768878
149.0896006997815,1012.6005350086994,-152.02606951994844
148.64802021906962,1012.366000161311,-152.02606951994844
148.20643973835774,1012.1314653139227,-152.02606951994844
147.76485925764587,1011.8969304665344,-152.08869483096532
147.32302652722194,1011.6628804471897,-152.08869483096532
146.88119379679802,1011.4288304278449,-152.0029568958668
146.43971356687177,1011.1941204499183,-152.05259370643452
145.99802461928448,1010.9597900823005,-152.05259370643452
145.55633567169718,1010.7254597146828,-152.05259370643452
145.1146467241099,1010.491129347065,-152.07781247978653
144.6728587068219,1010.2569955466112,-152.07781247978653
144.2310706895339,1010.0228617461573,-152.07781247978653
143.78928267224592,1009.7887279457035,-152.04557555123728
143.3476237660094,1009.5543441858355,-152.06909856779345
142.90587447788278,1009.320144849826,-151.72419674978133
142.4655362191312,1009.0832869461009,-151.72419674978133
142.02519796037961,1008.8464290423758,-151.72419674978133
141.58485970162803,1008.6095711386507,-151.7683955181896
141.14434326842445,1008.3730553562455,-151.7683955181896
140.70382683522087,1008.1365395738402,-151.7683955181896
140.26331040201728,1007.9000237914349,-151.69083369173543
139.82311042920912,1007.6629096772699,-151.69083369173543
139.38291045640096,1007.4257955631049,-151.69083369173543
138.9427104835928,1007.1886814489399,-151.7087067132562
138.50243869981296,1006.9517058121103,-151.78002549111497
138.06187472965087,1006.7152796992484,-151.78002549111497
137.62131075948878,1006.4788535863865,-151.66965144410364
137.18119795853454,1006.2415764665426,-151.66965144410364
136.7410851575803,1006.0042993466986,-151.66965144410364
136.30097235662606,1005.7670222268547,-151.86492544862222
135.8600631872058,1005.5312516800312,-151.9006664768978
135.41901033880902,1005.2957579841574,-151.9020275698735
134.97795082326923,1005.0602741929332,-151.69772997060184
134.53772235089536,1004.8232130840763,-151.69772997060184
134.0974938785215,1004.5861519752194,-151.69772997060184
133.65726540614764,1004.3490908663625,-151.89072058339602
133.21625070203174,1004.1135191479632,-151.89414982932584
132.77522413854638,1003.877975021347,-151.89414982932584
132.334197575061,1003.6424308947308,-151.69700619688567
131.8939716783094,1003.4053639991739,-151.69700619688567
131.4537457815578,1003.1682971036171,-151.69700619688567
131.01351988480621,1002.9312302080602,-151.8035143260153
130.57286267843529,1002.6949866851568,-151.70591322113046
130.13260477648953,1002.4579908357514,-151.70591322113046
129.69234687454377,1002.220994986346,-151.78180655775682
129.2517741461362,1001.9845818126429,-151.79570393999583
128.81114031743186,1001.7482734872028,-151.79570393999583
128.37050648872753,1001.5119651617628,-151.79333781589486
127.92988611026215,1001.2756406195341,-151.79736759103434
127.48924875295666,1001.0393468756989,-151.79374960498595
127.04862303379753,1000.803023546794,-151.79374960498595
126.6079973146384,1000.566700217889,-151.82836265136473
126.16722868118393,1000.3306429965467,-151.77834428241206
125.72666825259296,1000.0942021339198,-151.77834428241206
125.28610782400199,999.8577612712929,-151.82843142055276
124.84533890723696,999.6217045789916,-151.82843142055276
124.40456999047194,999.3856478866903,-151.82843142055276
123.96380107370692,999.149591194389,-151.79592990696332
123.52317043966195,998.9132868198064,-151.79592990696332
123.08253980561699,998.6769824452239,-151.79339653661216
122.6419174631692,998.4406574311076,-151.84645468694274
122.20107441343202,998.2047394548758,-151.84645468694274
121.76023136369486,997.968821478644,-151.84645468694274
121.31938831395769,997.7329035024122,-151.78954649207878
120.87878248479171,997.4965492199236,-151.78954649207878
120.43817665562574,997.260194937435,-151.73769339431507
119.99778740215811,997.0234433405052,-151.84658519121334
119.55694371456411,996.7875263146123,-151.84658519121334
119.11610002697012,996.5516092887193,-151.84658519121334
118.67525633937612,996.3156922628264,-151.5891449987651
118.23547711564993,996.0777968354244,-151.5891449987651
117.79569789192374,995.8399014080223,-151.64057570844207
117.35570530208759,995.6024008377298,-151.80374755349163
116.91503812289886,995.366154277573,-151.80374755349163
116.47437094371014,995.1299077174161,-151.80374755349163
116.03370376452142,994.8936611572593,-151.86074784467633
115.59280211326927,994.6578532892673,-151.81871152848245
115.15207329056216,994.4217218490569,-151.8418511022657
114.71124963397381,994.1857686863658,-151.82975575409876
114.27047528178389,993.9497221931197,-151.82975575409876
113.82970092959397,993.7136756998735,-151.8283187404559
113.38893285338713,993.4776183422806,-151.70919748665565
112.94865660665266,993.2406451670554,-151.70919748665565
112.50838035991819,993.0036719918302,-151.6624102412862
112.06829769234503,992.7663393278194,-151.68454924804135
111.62812334692444,992.5291767257586,-151.68454924804135
111.18794900150385,992.2920141236978,-151.66023880092462
110.74787636009341,992.0546653374417,-151.6736472559182
110.30774839263904,991.8174196556283,-151.6736472559182
109.86762042518467,991.5801739738149,-151.66119172309052
109.42754299017315,991.3428320503643,-151.66119172309052
108.98746555516163,991.1054901269138,-151.66119172309052
108.54738812015012,990.8681482034632,-151.47440956550605
108.10808626733501,990.6293726458913,-151.45021596049438
107.66888519813756,990.390411567091,-151.45021596049438
107.22968412894011,990.1514504882906,-151.53724973155235
106.79012093762879,989.9131570373804,-151.53724973155235
106.35055774631746,989.6748635864702,-151.53724973155235
105.91099455500614,989.43657013556,-151.62980899070834
105.47104660373145,989.1989868889107,-151.78765195972036
105.03044589872104,988.9626165937268,-151.78765195972036
104.58984519371063,988.726246298543,-151.78765195972036
104.14924448870022,988.4898760033591,-151.6314730147837
103.70929001002321,988.2523057352157,-151.6314730147837
103.2693355313462,988.0147354670723,-151.6314730147837
102.82938105266919,987.777165198929,-151.78768786851197
102.38878049975233,987.540795340948,-151.78768786851197
101.94817994683547,987.304425482967,-151.78768786851197
101.5075793939186,987.068055624986,-151.66362977715187
101.06749166828354,986.8307323246164,-151.66362977715187
100.62740394264847,986.5934090242469,-151.66362977715187
100.1873162170134,986.3560857238773,-151.78867136323277
99.74671180822793,986.119723536982,-151.78933741371299
99.30610437165024,985.8833663217389,-151.78933741371299
98.86549693507254,985.6470091064958,-151.64454600673906
98.42548847312128,985.409539341347,-151.67216754761284
97.98536502411366,985.17228142573,-151.67306880203304
97.54523862539213,984.9350308549019,-151.77532026927452
97.1046887277115,984.6985656942468,-151.62986384102646
96.66474111113803,984.4609831723394,-151.62692904271006
96.22480540077424,984.223377973321,-151.62692904271006
95.78486969041046,983.9857727743026,-151.70110964814364
95.34462702587291,983.7487375205833,-151.7424622424606
94.90421341549745,983.5120200780067,-151.63051431483098
94.4642639829733,983.2744430266968,-151.6777725463817
94.0241176162749,983.0372283239512,-151.6777725463817
93.5839712495765,982.8000136212057,-151.6777725463817
93.1438248828781,982.5627989184602,-151.7600775629865
92.70333846048118,982.326216860555,-151.84125601130978
92.26251678835433,982.0902588697868,-151.81671200872407
91.82179618174143,981.8541120358215,-151.9047902275985
91.38071312095417,981.618643003394,-151.9047902275985
90.9396300601669,981.3831739709666,-151.9047902275985
90.49854699937964,981.1477049385392,-151.88419846816126
90.05754858347223,980.9120773935003,-151.88419846816126
89.61655016756481,980.6764498484615,-151.88419846816126
89.1755517516574,980.4408223034227,-151.90930850783664
88.73445006446934,980.2053880235729,-151.90930850783664
88.29334837728129,979.9699537437232,-151.90930850783664
87.85224669009324,979.7345194638734,-151.8768339920342
87.41127851372278,979.4988352104282,-151.8768339920342
86.97031033735232,979.2631509569829,-151.83060839187388
86.52953281370401,979.027111205779,-151.9443323290804
86.08828731963388,978.7919466214739,-151.9443323290804
85.64704182556375,978.5567820371689,-151.9443323290804
85.20579633149362,978.3216174528638,-151.85802747155648
84.7649056642822,978.0857885377036,-151.85802747155648
84.32401499707078,977.8499596225433,-151.78108569912956
83.88344147491375,977.6135388837727,-151.74592579476314
83.44301296044023,977.3768477449148,-151.74592579476314
83.0025844459667,977.140156606057,-151.92260157521096
82.56142842741042,976.9048248205878,-151.94829476663986
82.12016668136903,976.6696907578516,-151.94829476663986
81.67890493532764,976.4345566951155,-151.76782761091658
81.23838640060228,976.1980341593278,-151.7660381085507
80.79787482417441,975.9614976346292,-151.7660381085507
80.35736324774655,975.7249611099305,-151.85977256646535
79.91646570509113,975.4891457876523,-151.90623764168384
79.47537667847712,975.2536878886527,-151.95667211231012
79.03408052780935,975.0186183304033,-151.83681818424202
78.59327747880491,974.7826263817368,-151.7384926120595
78.1528796688774,974.5458781033435,-151.7384926120595
77.7124818589499,974.3091298249502,-151.91952081312365
77.27133821532618,974.0737741700642,-151.95795067975757
76.83003715195093,973.8387146367618,-151.94151132198925
76.38880328076925,973.6035283509979,-151.78833991915897
75.94820004292967,973.3671635099597,-151.7858577743617
75.50760669555257,973.1307793939126,-151.87545162873997
75.06664421111941,972.895084504331,-151.87545162873997
74.62568172668625,972.6593896147493,-151.8922466205996
74.18465043014896,972.423824131345,-151.94616536318054
73.74339756089785,972.1886737426183,-151.9810358774485
73.30200218617608,971.9537922264594,-152.00754642439048
72.8604994091454,971.7191156208545,-152.0021830684322
72.41901679699936,971.4843967284959,-151.65434464361073
71.97896779845257,971.2470022534505,-151.65434464361073
71.53891879990579,971.0096077784052,-151.70466725672986
71.09866112531802,970.772599702998,-151.9868888193553
70.65724190795618,970.5377633572067,-151.9868888193553
70.21582269059434,970.3029270114154,-151.9868888193553
69.7744034732325,970.068090665624,-151.6891076186854
69.33421018149704,969.8309630411919,-151.6891076186854
68.89401688976159,969.5938354167598,-151.6891076186854
68.45382359802613,969.3567077923277,-152.0103556454063
68.01230878193917,969.122052550488,-152.0103556454063
67.5707939658522,968.8873973086482,-152.0103556454063
67.12927914976524,968.6527420668085,-151.78544360347624
66.68868777917066,968.4163549096806,-151.78544360347624
66.24809640857609,968.1799677525528,-151.78544360347624
65.80750503798151,967.9435805954249,-151.6579770122933
65.36744188746627,967.7062145024912,-151.6579770122933
64.92737873695103,967.4688484095575,-151.98896897513944
64.48595029843364,967.234027719878,-152.01423083415725
64.04441881615821,966.9994019171761,-152.01423083415725
63.60288733388279,966.7647761144742,-153.18986160400866
63.15663588611824,966.5392591669483,-153.18986160400866
62.710384438353685,966.3137422194225,-153.18986160400866
62.26413299058913,966.0882252718966,-153.03166981409262
61.81850432977592,965.8614763068919,-153.12479803202413
61.37250769833804,965.6354519617232,-154.62673237492263
60.92074003738833,965.4211951520152,-155.5035982954561
60.46574685793587,965.213877322133,-155.5035982954561
60.01075367848341,965.0065594922509,-154.69621004050734
59.55872726098312,964.7928510011037,-154.33696488221798
59.10804908751902,964.576312236717,-156.10423983300734
58.6509115440723,964.3737772304381,-157.12613637018467
58.19023079429746,964.1794256596245,-156.0538514372909
57.73327087409507,963.9764884068651,-156.9425623356903
57.27321454023593,963.7806615539132,-157.2006176650205
56.81228107443144,963.5869088132087,-157.2006176650205
56.35134760862695,963.3931560725041,-158.09438899786784
55.88744835388263,963.2066169942939,-158.33140023117483
55.42278504031913,963.0219999197645,-159.6559684195883
54.95398159678484,962.8481745723218,-159.685387852925
54.48508540535374,962.6745886458544,-161.30970869548216
54.01145998474965,962.5143647304662,-162.0316417640148
53.535846600097784,962.360118910472,-161.9801534676434
53.06037192535621,962.2054457170069,-162.30701457838384
52.58402273998979,962.0534875555594,-162.30701457838384
52.107673554623375,961.9015293941119,-162.75445903323595
51.63015294089905,961.753296047399,-163.97105139064593
51.149591792374736,961.6152345506096,-163.97105139064593
50.66903064385042,961.4771730538201,-163.90822006878665
50.18862134975018,961.3385846980532,-163.90822006878665
49.70821205564994,961.1999963422862,-165.23261361465205
49.22472812781382,961.0725487519458,-165.74627679146366
48.74012101584492,960.9494407016946,-165.74627679146366
48.25551390387602,960.8263326514434,-166.08129649166193
47.77019561712393,960.7060603753699,-167.623226501532
47.28181609820206,960.5988907047592,-167.623226501532
46.79343657928018,960.4917210341486,-168.46578809106242
46.3035340316743,960.3917445628845,-169.95504839279369
45.81119851381402,960.304534199361,-169.63278755115584
45.31936132855026,960.2145560883263,-169.63278755115584
44.827524143286496,960.1245779772916,-169.63278755115584
44.335686958022734,960.0345998662568,-169.32378042056118
43.84434243214389,959.9419705495328,-169.32378042056118
43.352997906265045,959.8493412328088,-170.2966177608642
42.86015201615885,959.7650675983919,-171.60560646761172
42.36550987710382,959.6920746582498,-172.17229432922275
41.870169834689364,959.6239774777794,-173.7329888813975
41.37315978655033,959.5693966878802,-173.7329888813975
40.8761497384113,959.514815897981,-174.91648989880855
40.37811679902961,959.4705121156484,-174.99200439311252
39.88002561276869,959.4268647420979,-174.99200439311252
39.38193442650777,959.3832173685474,-174.96131688446263
38.88386905500795,959.339303433191,-175.70300173630028
38.38527533381023,959.3018402519675,-175.97569183676586
37.886508290134884,959.266750416028,-176.17420836021776
37.38762364340198,959.2333889644264,-177.13723817312393
36.88824833935223,959.2084170834121,-177.13723817312393
36.38887303530248,959.1834452023978,-177.11719134368514
35.88950594996902,959.1582985722465,-179.31213685069534
35.38954589260959,959.1522960250096,-179.31213685069534
34.88958583525016,959.1462934777727,179.24561617215141
34.3896291751571,959.1528765283572,179.24561617215141
33.889672515064035,959.1594595789417,178.74931036699044
33.389791633056234,959.1703730382047,178.63105335201365
32.88993434068709,959.1823182147751,177.20065665177495
32.39053115323202,959.2067373682671,177.20065665177495
31.891127965776946,959.2311565217591,177.2782280500252
31.391692213060537,959.2548995211508,177.4136531421249
30.892201597258918,959.2774619883852,173.74969276207042
30.395176232334734,959.331897815877,174.34219058328728
29.897612085372998,959.38119130845,174.34219058328728
29.400047938411262,959.4304848010229,174.01947315057666
28.90276968814976,959.4825799800348,172.6842615116634
28.40684261054082,959.5462481696907,171.96625431150187
27.911751745045194,959.616126032679,171.99427923648432
27.41662468050913,959.6857620173128,171.99427923648432
26.921497615973067,959.7553980019466,171.2044606226745
26.42737782645588,959.8318523968962,170.7808228055261
25.933837177293753,959.911958072589,170.63021785011347
25.44050835590201,959.9933608399111,170.99806560718346
24.946666949585506,960.071594725838,170.99806560718346
24.452825543269,960.149828611765,170.99806560718346
23.958984136952495,960.2280624976919,168.67651194449232
23.468718070454884,960.3262363481924,167.6436725609589
22.98030023677336,960.4332317556347,167.288460968225
22.4925557201733,960.5432529519694,166.98291952615594
22.00540494551433,960.655873545915,166.98291952615594
21.518254170855357,960.7684941398606,166.54229726511238
21.03198334074284,960.884857835799,165.51939767697732
20.547868542418314,961.0098835900732,165.20077216433418
20.06445581105504,961.1375997734204,164.1922817813118
19.58336516038412,961.2738047043806,163.31387014023085
19.10441928247917,961.4173689842166,163.31387014023085
18.625473404574223,961.5609332640527,162.78914632466945
18.147862787846407,961.7088775971736,162.54851126597885
17.670877281010576,961.8588266649269,160.75927199489686
17.19880722087055,962.0235952049158,160.1023085937798
16.728656547689525,962.193765947056,160.37566105264332
16.257699131026015,962.3616918008419,160.47771526287025
15.786443891689942,962.5287783375716,160.51210866320483
15.315092446557856,962.6955805417858,159.98659111033984
14.845286586017096,962.8667004151707,160.32956747606826
14.374466895715727,963.0350042060032,160.32956747606826
13.903647205414359,963.2033079968357,156.89756557521991
13.44374729963613,963.3994950263113,156.3747157960073
12.98565763953468,963.5998702609407,156.3747157960073
12.527567979433229,963.8002454955702,156.1947990705228
12.07010874724972,964.0020586621545,156.1947990705228
11.61264951506621,964.2038718287388,155.37782478189467
11.158113853215355,964.4121873345281,153.37145225615112
10.711148485723243,964.6362895340792,153.37145225615112
10.26418311823113,964.8603917336303,153.75572562488702
9.815725389533782,965.081490900592,153.75572562488702
9.367267660836433,965.3025900675538,153.62227518053194
8.919325866518875,965.5247332852798,153.62227518053194
8.471384072201317,965.7468765030059,151.6417403933663
8.031386654831635,965.9843681291599,151.6417403933663
7.591389237461954,966.2218597553139,150.64106859296763
7.1556076257240875,966.4669987052467,148.34842573498017
6.729980269569523,966.7293748225844,148.34842573498017
6.304352913414959,966.9917509399221,148.34842573498017
5.878725557260395,967.2541270572598,149.25312888853878
5.449010888719613,967.5097486485419,148.14418416483736
5.0243241134014625,967.7736387151984,147.6936443694076
4.601723323074907,968.0408614615278,147.21875859543474
4.181352198266609,968.3115774160141,147.21875859543474
3.7609810734583107,968.5822933705003,147.05752951157206
3.3413744845947804,968.854190464589,146.46697443739225
2.9245907175915136,969.1303992358314,146.46697443739586
2.50780695058819,969.4066080070738,143.805439250172
2.1042992491549057,969.7018721798644,143.805439250172
1.7007915477216216,969.9971363526549,143.22559926871753
1.300292209780423,970.2964691471828,143.04408314579965
0.9007436550637635,970.5970688854644,141.0849970788272
0.5117045685769881,970.9111520866539,141.0849970788272
0.12266548209021266,971.2252352878435,143.03866352890796
-0.2768549817827193,971.5258730775427,144.24176637064204
-0.6825994088955554,971.8180558027314,141.5145589960905
-1.0739820226215215,972.1292132477524,141.5145589960905
-1.4653646363474877,972.4403706927735,141.5145589960905
-1.8567472500734539,972.7515281377946,141.47973209325997
-2.247941197287446,973.0629238555863,139.8004036447614
-2.6298404169840524,973.385649106298,140.226961220904
-3.0141324869292134,973.7055229458213,140.226961220904
-3.3984245568743745,974.0253967853445,140.226961220904
-3.7827166268195356,974.3452706248677,138.37273039798606
-4.15645638557902,974.6774105394693,138.18829674989408
-4.529124660206946,975.0107514323344,138.18829674989408
-4.901792934834873,975.3440923251994,137.12554551906032
-5.268215612773588,975.6842889713479,137.12554551906032
-5.634638290712303,976.0244856174963,137.12554551906032
-6.001060968651018,976.3646822636448,136.89951730643028
-6.366137938631823,976.7063210187971,134.57594434279352
-6.717064509245631,977.0624809505592,134.57594434279352
-7.067991079859439,977.4186408823214,134.57594434279352
-7.418917650473247,977.7748008140835,134.27593850132203
-7.767974031453264,978.1327928230561,134.27593850132666
-8.117030412433337,978.4907848320287,132.790459080851
-8.456687714545637,978.8577038938607,133.0040697743204
-8.797711438352053,979.2233549892549,132.53238431038454
-9.135714704242218,979.5918025164931,132.53238431038454
-9.473717970132384,979.9602500437313,130.841755280808
-9.800701423177543,980.3385063691195,130.841755280808
-10.127684876222702,980.7167626945077,128.94431518543217
-10.441967274120941,981.1056413028671,128.94431518543217
-10.75624967201918,981.4945199112265,128.02202473471357
-11.064230873059898,981.8884056854541,128.02202473471357
-11.372212074100617,982.2822914596818,128.02202473471357
-11.680193275141335,982.6761772339095,128.23448149352302
-11.989633470073045,983.0689189959284,128.23448149352302
-12.299073665004755,983.4616607579472,126.20540308059007
-12.59441451655016,983.8651130240657,126.20540308059007
-12.889755368095564,984.2685652901843,125.77890732982078
-13.182084849306364,984.6742047814138,125.77890732982078
-13.474414330517163,985.0798442726433,125.77890732982078
-13.766743811727963,985.4854837638728,124.98790778580624
-14.053445302217881,985.8951199021736,124.94119421784538
-14.339812918150187,986.3049899389001,124.93211235216536
-14.626115436925147,986.7149051822058,124.93211235216536
-14.912417955700107,987.1248204255115,124.93211235216536
-15.198720474475067,987.5347356688172,121.2834813903146
-15.458356839237695,987.9620399420877,121.2834813903146
-15.717993204000322,988.3893442153582,121.2834813903146
-15.97762956876295,988.8166484886286,121.2834813903146
-16.237265933525578,989.2439527618991,118.15564007718496
-16.473174796327726,989.6847400433413,118.15564007718496
-16.709083659129874,990.1255273247835,118.15564007718496
-16.944992521932022,990.5663146062258,118.15564007718496
-17.18090138473417,991.007101887668,114.70835909316419
-17.389864974268164,991.4612467762877,114.70835909316419
-17.598828563802158,991.9153916649074,114.70835909316419
-17.807792153336152,992.369536553527,111.85315120516579
-17.99390539094196,992.833603869699,111.85315120516579
-18.18001862854777,993.297671185871,111.85315120516579
-18.36613186615358,993.7617385020429,111.85315120516579
-18.55224510375939,994.2258058182149,109.64503844913753
-18.720340559030433,994.6967010452732,109.64503844913753
-18.888436014301476,995.1675962723316,109.64503844913753
-19.05653146957252,995.6384914993899,109.64503844913753
-19.224626924843562,996.1093867264483,109.64503844913753
-19.392722380114606,996.5802819535066,110.22584076442864
-19.565580349672985,997.0494430994606,110.22584076442864
-19.738438319231363,997.5186042454146,110.22584076442864
-19.911296288789742,997.9877653913686,110.22584076442864
-20.08415425834812,998.4569265373226,110.22584076442864
-20.2570122279065,998.9260876832766,110.22584076442864
-20.42987019746488,999.3952488292306,108.52290299481184
-20.588709415039716,999.8693393329534,108.52290299481184
-20.747548632614553,1000.3434298366761,108.52290299481184
-20.90638785018939,1000.8175203403989,108.51655836699148
-21.065175089626393,1001.291629986068,108.51655836699148
-21.223962329063397,1001.765739631737,108.51655836699148
-21.3827495685004,1002.239849277406,106.1399466514511
-21.521740444790964,1002.7201374196874,106.1399466514511
-21.660731321081528,1003.2004255619687,106.1399466514511
-21.79972219737209,1003.68071370425,106.1399466514511
-21.938713073662655,1004.1610018465313,106.1399466514511
-22.077703949953218,1004.6412899888127,106.1399466514511
-22.21669482624378,1005.121578131094,105.25226939557002
-22.34822839428108,1005.6039623808949,105.25226939557002
-22.479761962318378,1006.0863466306959,105.25226939557002
-22.611295530355676,1006.5687308804968,105.25226939557002
-22.742829098392974,1007.0511151302977,105.25226939557002
-22.874362666430272,1007.5334993800986,104.4848609310024
-22.999424480068456,1008.0176051825437,104.4848609310024
-23.12448629370664,1008.5017109849887,104.4848609310024
-23.249548107344822,1008.9858167874337,104.4848609310024
-23.374609920983005,1009.4699225898787,104.4848609310024
-23.499671734621188,1009.9540283923237,104.4848609310024
-23.62473354825937,1010.4381341947687,104.4848609310024
-23.749795361897554,1010.9222399972138,99.98715949105703
-23.836509043432557,1011.4146630190203,99.98715949105703
-23.92322272496756,1011.9070860408268,99.98715949105703
-24.00993640650256,1012.3995090626333,99.98715949105703
-24.096650088037563,1012.8919320844399,99.98715949105703
-24.183363769572566,1013.3843551062464,99.98715949105703
-24.270077451107568,1013.8767781280529,99.98715949105703
-24.35679113264257,1014.3692011498595,99.98715949105703
-24.443504814177572,1014.861624171666,89.61592874077007
-24.440153278168907,1015.361599078221,89.61592874077007
-24.43680174216024,1015.8615739847761,89.61592874077007
-24.433450206151576,1016.3615488913312,89.61592874077007
-24.43009867014291,1016.8615237978862,89.61592874077007
-24.426747134134246,1017.3614987044413,89.61592874077007
-24.42339559812558,1017.8614736109963,89.61592874077007
-24.420044062116915,1018.3614485175514,88.03132733672616
-24.40286774436703,1018.8611472309334,88.03132733672616
-24.385691426617143,1019.3608459443154,88.03132733672616
-24.368515108867257,1019.8605446576975,88.03132733672616
-24.35133879111737,1020.3602433710795,88.03132733672616
-24.334162473367485,1020.8599420844615,88.03132733672616
-24.3169861556176,1021.3596407978436,88.03132733672616
-24.299809837867713,1021.8593395112256,88.03132733672616
-24.282633520117827,1022.3590382246076,88.03132733675302
-24.27404157264391,1022.6089978003874,-179.9999199587245
-24.275041572691407,1022.6089977989905,77.58532711162196
-24.16754902884236,1023.0973056344588,77.58532711162196
-24.06005648499331,1023.5856134699272,77.58532711162476
-23.952563941144263,1024.0739213053957,77.58532711161915
-23.845071397295214,1024.562229140864,77.58532711161915
-23.737578853446166,1025.0505369763323,77.60330798914127
-23.630239552209105,1025.5388785495766,77.60330798914127
-23.522900250972043,1026.0272201228208,77.60330798914127
-23.41556094973498,1026.515561696065,77.60330798914127
-23.30822164849792,1027.0039032693094,77.60330798914127
-23.20088234726086,1027.4922448425536,77.60330798914127
-23.093543046023797,1027.980586415798,77.60330798914127
-22.986203744786735,1028.4689279890422,74.1310790927028
-22.849485929123716,1028.9498695908103,74.1310790927028
-22.712768113460697,1029.4308111925784,74.13107909269567
-22.57605029779768,1029.9117527943463,74.13107909269567
-22.43933248213466,1030.3926943961142,74.1310790927028
-22.30261466647164,1030.8736359978823,74.1310790927028
-22.165896850808622,1031.3545775996504,74.13107909269567
-22.029179035145603,1031.8355192014183,67.97661911100111
-21.841686595884084,1032.2990346036293,67.97661911100111
-21.654194156622566,1032.7625500058402,67.97661911100111
-21.466701717361047,1033.2260654080512,67.97661911100111
-21.27920927809953,1033.6895808102622,67.97661911100111
-21.09171683883801,1034.1530962124732,67.97661911100111
-20.904224399576492,1034.6166116146842,67.97661911100111
-20.716731960314974,1035.0801270168952,68.21972796684248
-20.53120903790017,1035.544430991141,68.21972796684248
-20.345686115485364,1036.008734965387,68.21972796684248
-20.16016319307056,1036.473038939633,68.21972796684248
-19.974640270655755,1036.9373429138789,68.21972796684248
-19.78911734824095,1037.4016468881248,68.21972796684248
-19.603594425826145,1037.8659508623707,64.75452179694845
-19.390346530433476,1038.318193603522,64.75452179694845
-19.177098635040807,1038.7704363446735,64.75452179694845
-18.963850739648137,1039.222679085825,64.75452179694845
-18.750602844255468,1039.6749218269763,64.75452179694845
-18.5373549488628,1040.1271645681277,64.75452179694845
-18.32410705347013,1040.579407309279,64.58473047758207
-18.109519571927706,1041.0310168393878,64.58473047758207
-17.894932090385282,1041.4826263694965,64.58473047758207
-17.68034460884286,1041.9342358996053,64.58473047758207
-17.465757127300435,1042.385845429714,64.58473047758207
-17.25116964575801,1042.8374549598227,64.58473047758207
-17.036582164215588,1043.2890644899314,64.07202373864635
-16.81796200610114,1043.738736012662,64.03134330890893
-16.59902236786155,1044.1882527444766,64.03134330890893
-16.38008272962196,1044.6377694762912,64.03134330890893
-16.16114309138237,1045.0872862081058,64.03134330890893
-15.942203453142781,1045.5368029399203,64.03134330890893
-15.723263814903191,1045.986319671735,64.03134330890893
-15.504324176663602,1046.4358364035495,64.02029494118875
-15.285297906349399,1046.8853108177925,64.02029494118875
-15.066271636035196,1047.3347852320355,64.02029494118875
-14.847245365720994,1047.7842596462785,64.02029494118875
-14.628219095406791,1048.2337340605216,64.02029494118875
-14.409192825092589,1048.6832084747646,64.02029494118875
-14.190166554778386,1049.1326828890076,62.7451730983298
-13.961192161357872,1049.5771721497658,62.08764633713733
-13.727131997415881,1050.019004484285,62.08764633713733
-13.493071833473891,1050.4608368188042,62.08764633713733
-13.259011669531901,1050.9026691533234,62.08764633713733
-13.024951505589911,1051.3445014878425,62.08764633713733
-12.79089134164792,1051.7863338223617,62.08764633713733
-12.55683117770593,1052.228166156881,62.02095996361245
-12.322256912171099,1052.669725794816,62.02095996361245
-12.087682646636267,1053.1112854327512,62.02095996361245
-11.853108381101435,1053.5528450706863,62.02095996361245
-11.618534115566604,1053.9944047086215,62.02095996361245
-11.383959850031772,1054.4359643465566,62.02095996361245
-11.14938558449694,1054.8775239844917,61.881131648083446
-10.913735520020282,1055.31850775684,61.881131648083446
-10.678085455543624,1055.7594915291884,61.881131648083446
-10.442435391066965,1056.2004753015367,61.881131648083446
-10.206785326590307,1056.641459073885,61.86681577897304
-9.971025274918304,1057.0823835992555,61.86681577897304
-9.735265223246302,1057.523308124626,61.86681577897304
-9.499505171574299,1057.9642326499966,61.86681577897304
-9.263745119902296,1058.405157175367,61.86681577897304
-9.027985068230294,1058.8460817007376,61.86681577897304
-8.792225016558291,1059.2870062261081,61.05456756191543
-8.55025431302306,1059.724515083783,61.05456756191543
-8.30828360948783,1060.1620239414578,61.05456756191543
-8.0663129059526,1060.5995327991327,61.05456756191543
-7.82434220241737,1061.0370416568076,61.05456756191543
-7.582371498882139,1061.4745505144824,61.05456756191543
-7.340400795346909,1061.9120593721573,60.99591298561116
-7.097985046371377,1062.3493153992101,60.99591298561116
-6.855569297395846,1062.786571426263,60.99591298561116
-6.613153548420314,1063.2238274533158,60.99591298561116
-6.3707377994447825,1063.6610834803687,60.99591298561116
-6.128322050469251,1064.0983395074215,60.99591298561116
-5.885906301493719,1064.5355955344744,59.62601142126071
-5.633089232907025,1064.9669603599302,59.62601142126071
-5.380272164320331,1065.398325185386,59.683299988627915
-5.127883905151691,1065.8299470736897,59.683299988627915
-4.875495645983051,1066.2615689619934,59.80960269602479
-4.6240581026264636,1066.6937485083022,59.80960269602479
-4.372620559269876,1067.125928054611,59.764765674931255
-4.120845206865738,1067.5579101603082,59.764765674931255
-3.8690698544616,1067.9898922660054,61.54190824529768
-3.630814595197023,1068.4294703075564,61.54190824529768
-3.3925593359324466,1068.8690483491073,60.517496870071824
-3.146481698967534,1069.3042991749535,60.517496870071824
-2.9004040620026217,1069.7395500007997,60.95865174842333
-2.657683827473761,1070.1766846206779,60.95865174842333
-2.4149635929449005,1070.613819240556,60.95865174842333
-2.17224335841604,1071.0509538604342,60.10101550000609
-1.9230078364480505,1071.4844054949833,60.06913188230773
-1.6735311641670592,1071.917718342051,60.802148913853806
-1.4296177501137777,1072.3541884475171,60.802148913853806
-1.1857043360604962,1072.7906585529831,61.095511117745524
-0.9440293099547716,1073.2283710517909,61.095511117745524
-0.7023542838490471,1073.6660835505986,61.78102065243246
-0.4659329776897607,1074.1066569296074,60.54282263919853
-0.22004651671619513,1074.542018673483,60.900291889314
0.02311888368757309,1074.9789059085947,60.900291889314
0.2662842840913413,1075.4157931437064,60.36703593446668
0.5135050507965957,1075.8503980075748,61.33358358324313
0.7533596475720401,1076.2891116742558,60.91728434949392
0.9963955274820364,1076.7260711142212,60.91728434949392
1.2394314073920327,1077.1630305541867,60.613486848085834
1.4847807395480004,1077.5986952238893,60.613486848085834
1.730130071703968,1078.034359893592,60.42873726411727
1.9768821436314283,1078.4692298024904,60.42873726411727
2.2236342155588886,1078.9040997113889,60.42873726411727
2.470386287486349,1079.3389696202873,60.694856926465356
2.7151166479237645,1079.7749822824162,60.694856926465356
2.95984700836118,1080.210994944545,60.93225191575477
3.2027680326604013,1080.648016601224,60.91948083481422
3.4457871125611064,1081.0849852704864,60.91948083481422
3.6888061924618114,1081.5219539397488,62.48468934185286
3.919797928373441,1081.9653955791732,61.41176868107415
4.159053360128837,1082.4044356283223,61.131644811242126
4.400452705466705,1082.8423011993052,61.131644811242126
4.641852050804573,1083.2801667702881,61.33533353943449
4.881693285841379,1083.7188878316383,61.19473030182701
5.1226104199678275,1084.1570190147038,61.19473030182701
5.363527554094276,1084.5951501977693,61.1819048337291
5.604542719069741,1085.0332273735494,61.1819048337291
5.845557884045206,1085.4713045493295,61.1819048337291
6.0865730490206715,1085.9093817251096,61.13446789262092
6.3279508625378185,1086.3472592678345,61.1393363133315
6.569291471869292,1086.7851573245193,61.14434624371032
6.81059372013317,1087.2230763544733,61.14434624371032
7.051895968397048,1087.6609953844272,61.26327340346095
7.292288786128211,1088.0994144517806,61.26327340346095
7.532681603859373,1088.537833519134,60.68411365824889
7.777493719008476,1088.9738002929635,60.906178221582834
8.020614071716182,1089.4107122156977,60.91982268846102
8.263630577416052,1089.8476823941928,60.95056329368204
8.50641261883925,1090.284782923,61.31422224304107
8.746415280637734,1090.7234152006142,61.43929889860614
8.985459862423909,1091.1625704044855,60.91256453354007
9.228531520950696,1091.599509434877,60.95066304312433
9.471312278561868,1092.0366094450428,60.88167750036581
9.714619654667558,1092.4734177495382,60.92917855825055
9.957564820866423,1092.9104276349844,60.82008955626426
10.201341428223373,1093.34697386876,60.90213648490004
10.444492806981089,1093.7838690107762,60.90213648490004
10.687644185738804,1094.2207641527925,60.995929000016126
10.930080066970618,1094.6580567815126,61.108662462429386
11.17165507571724,1095.0958255733058,61.042067952680284
11.413738737014228,1095.5333132884793,61.042067952680284
11.655822398311216,1095.970801003653,61.042067952680284
11.897906059608204,1096.4082887188265,60.81357470729102
12.14173247452652,1096.8448075378803,60.66250343275327
12.386709005859188,1097.2806819453606,60.96977973640365
12.62934443831864,1097.7178638833625,61.00273565000712
12.871728368325648,1098.155185310318,61.00273565000712
13.114112298332657,1098.5925067372737,61.00273565000712
13.356496228339665,1099.0298281642292,61.102183122593395
13.598120583859213,1099.4675693498648,60.9240316854619
13.8411049916117,1099.9045573846176,60.9240316854619
14.084089399364188,1100.3415454193705,61.00098652351267
14.326486679680329,1100.7788594463807,61.00098652351267
14.56888395999647,1101.2161734733909,61.00098652351267
14.81128124031261,1101.653487500401,61.16031494992294
15.052461436324961,1102.0914737803778,61.16031494992294
15.293641632337312,1102.5294600603545,61.06604432582023
15.535542195777111,1102.967049036373,61.06604432582023
15.77744275921691,1103.4046380123916,61.06604432582023
16.01934332265671,1103.8422269884102,61.01361343033
16.2616441535107,1104.2795943021401,61.01361343033
16.503944984364693,1104.71696161587,60.82502318701238
16.747684161636812,1105.1535291275138,60.82502318701238
16.99142333890893,1105.5900966391575,61.00134615859181
17.233817874398483,1106.0274121878551,61.00134615859181
17.476212409888035,1106.4647277365527,61.00134615859181
17.718606945377587,1106.9020432852503,60.90879611635464
17.961707561447497,1107.338966723013,60.90879611635464
18.204808177517407,1107.7758901607758,61.179172344304526
18.445844215518832,1108.2139558072674,61.179172344304526
18.686880253520258,1108.652021453759,61.04830036306599
18.92891627070435,1109.0895354007737,61.04830036306599
19.17095228788844,1109.5270493477883,61.04830036306599
19.41298830507253,1109.964563294803,60.649380767658506
19.658064649375888,1110.4003815642293,60.649380767658506
19.903140993679244,1110.8361998336557,62.21614180528355
20.136209350374997,1111.2785553387778,61.073427960094826
20.378053459403873,1111.7161753744406,61.073427960094826
20.619897568432748,1112.1537954101034,61.073427960094826
20.861741677461623,1112.5914154457662,60.29516225979355
21.10950768099383,1113.025710282726,60.42109788615204
21.35631851149128,1113.460548659426,60.90698809849957
21.599432877544928,1113.8974643585216,60.90698809849957
21.842547243598574,1114.3343800576172,60.90698809849957
22.08566160965222,1114.7712957567128,61.912416197709184
22.321071959888513,1115.2124102052621,60.624723368568205
22.566335776432766,1115.6481228572611,60.624723368568205
22.811599592977018,1116.08383550926,60.92665855841541
23.054563925213756,1116.5208346111092,60.92665855841541
23.297528257450494,1116.9578337129583,60.92665855841541
23.540492589687233,1117.3948328148074,61.459727599191815
23.77938075992688,1117.8340735592203,61.459727599191815
24.018268930166528,1118.2733143036332,61.02273544900288
24.260500192112204,1118.7107203095006,61.01134423590797
24.502818376128857,1119.148078083362,61.01134423590797
24.74513656014551,1119.5854358572233,61.01134423590797
24.987454744162164,1120.0227936310846,61.14294205358488
25.228767557853985,1120.4607064442484,60.731788172130486
25.473216812321766,1120.8968767376991,60.731788172130486
25.717666066789548,1121.3330470311498,60.96114909825137
25.96036730416199,1121.7701923317313,60.96114909825137
26.203068541534435,1122.2073376323128,60.96114909825137
26.44576977890688,1122.6444829328943,61.21667247520822
26.68651910496817,1123.08270634204,61.21667247520822
26.92726843102946,1123.5209297511856,61.57845036033415
27.16524578784356,1123.9606642776278,61.13208477321248
27.406641810769088,1124.3985317745721,61.13208477321248
27.648037833694616,1124.8363992715165,61.13208477321248
27.889433856620144,1125.2742667684608,60.46826012100343
28.13588658926983,1125.7093080102077,60.46826012100343
28.382339321919517,1126.1443492519545,61.40310680173013
28.621661427496406,1126.583353682073,60.77230738015455
28.865802179309185,1127.0196967666996,61.0367772897212
29.107926184746816,1127.4571620317784,61.0367772897212
29.350050190184447,1127.8946272968572,61.0367772897212
29.59217419562208,1128.332092561936,60.895935795014566
29.83537287508625,1128.7689614233593,60.93919440811013
30.078241518608138,1129.2060135454935,60.991752881968544
30.32070920344438,1129.643288378723,60.991752881968544
30.563176888280623,1130.0805632119523,60.991752881968544
30.805644573116865,1130.5178380451816,60.598013363282625
31.051111529985633,1130.9534363977075,61.393609429744124
31.29050641936692,1131.3924011838221,61.393609429744124
31.529901308748208,1131.8313659699368,61.08417714719087
31.771663328254135,1132.269031399035,61.08417714719087
32.01342534776006,1132.706696828133,61.08417714719087
32.25518736726599,1133.1443622572313,60.171417718835855
32.50389075953399,1133.5781209677587,60.5035596877826
32.75007550209068,1134.013314111297,61.47207832414841
32.988868627518855,1134.4526056852133,61.34898684599527
33.228605315340815,1134.891383895706,61.34898684599527
33.468342003162775,1135.3301621061987,60.93698992560967
33.7112275906519,1135.7672051144864,61.1120455365412
33.952776470750564,1136.2049876623455,61.83150036684692
34.18880954242775,1136.6457692013614,60.48562775125466
34.43513039550976,1137.0808851328072,60.48562775125466
34.68145124859177,1137.516001064253,60.45699905082796
34.927989319825656,1137.950993575281,60.09564851430056
35.17726567610271,1138.3844222673072,60.184294029828706
35.42587157641992,1138.818236849691,60.184294029828706
35.67447747673714,1139.2520514320747,60.184294029828706
35.923083377054354,1139.6858660144585,60.77922174187469
36.16717123730416,1140.1222381425655,61.515132860160904
36.40563408467881,1140.5617088330948,58.27818477759347
36.66853185092941,1140.987014301044,59.423531506637524
36.92287565359186,1141.4174895914693,59.423531506637524
37.177219456254306,1141.8479648818948,60.85856962447985
37.420702746818165,1142.2846746027658,61.039991837229444
37.66280185849371,1142.7221528195837,60.824999054058885
37.90632646058896,1143.1583355684693,60.82499905404273
38.004958513367455,1143.3349978011101,60.94353697621059
38.24779415956425,1143.7720685607546,60.94353697621059
38.490629805761046,1144.2091393203991,60.94353697621059
38.73346545195784,1144.6462100800436,60.94353697621059
38.976301098154636,1145.083280839688,60.94353697621059
39.21913674435143,1145.5203515993326,60.92119484793528
39.46214279505216,1145.9573276155036,60.92119484793528
39.70514884575289,1146.3943036316746,60.92119484793528
39.948154896453616,1146.8312796478456,60.92119484793528
40.191160947154344,1147.2682556640166,60.92119484793528
40.43416699785507,1147.7052316801876,60.92119484793528
40.6771730485558,1148.1422076963586,60.94040997383979
40.920032547981464,1148.5792652018827,60.94040997383979
41.16289204740713,1149.0163227074067,60.94040997383979
41.40575154683279,1149.4533802129308,60.94040997383979
41.64861104625845,1149.890437718455,60.94040997383979
41.891470545684115,1150.327495223979,60.94040997383979
42.13433004510978,1150.764552729503,60.93509383043804
42.37723009571596,1151.2015876999662,60.93509383043804
42.62013014632214,1151.6386226704294,60.93509383043804
42.86303019692832,1152.0756576408926,60.93509383043804
43.1059302475345,1152.5126926113558,60.93509383043804
43.34883029814068,1152.949727581819,60.93509383043804
43.591730348746864,1153.386762552282,60.9423830930429
43.83457479708875,1153.823828421356,60.9423830930429
44.07741924543063,1154.2608942904299,60.9423830930429
44.32026369377252,1154.6979601595037,60.9423830930429
44.5631081421144,1155.1350260285776,60.9423830930429
44.805952590456286,1155.5720918976515,60.9423830930429
45.04879703879817,1156.0091577667254,60.92891410561155
45.29174421494599,1156.4461665180693,60.92891410561155
45.534691391093816,1156.8831752694132,60.92891410561155
45.77763856724164,1157.320184020757,60.92891410561155
46.02058574338946,1157.757192772101,60.92891410561155
46.26353291953728,1158.194201523445,60.92891410561155
46.506480095685106,1158.6312102747888,60.93352731365811
46.74939209494187,1159.0682386036694,60.93352731365811
46.99230409419863,1159.50526693255,60.93352731365811
47.23521609345539,1159.9422952614307,60.93352731365811
47.478128092712154,1160.3793235903113,60.93352731365811
47.721040091968916,1160.816351919192,60.93352731365811
47.96395209122568,1161.2533802480725,60.940805008133104
48.20680857747698,1161.6904394283583,60.940805008133104
48.449665063728276,1162.1274986086441,60.940805008133104
48.692521549979574,1162.56455778893,60.940805008133104
48.93537803623087,1163.0016169692158,60.940805008129054
49.12395852996269,1163.3409977997653,62.73411800423481
49.3528098208144,1163.7850376184367,61.23637182441917
49.593403413488545,1164.223334576293,62.67764501255579
49.82289844180252,1164.6675477092558,61.29162402881817
50.06307388671121,1165.1060849262565,61.29162402881817
50.303249331619895,1165.5446221432571,62.68969533927518
50.53265401235319,1165.9888895047563,62.68969533927518
50.76205869308649,1166.4331568662556,61.250819070717384
51.00254650514705,1166.871523124703,61.06885065307477
51.24442562995284,1167.3091239386524,60.988517913694096
51.48691802744179,1167.7463851247676,60.988517913694096
51.729410424930734,1168.1836463108828,60.988517913694096
51.97190282241968,1168.620907496998,61.0552482744906
52.21388583330315,1169.0584508816949,61.00541256058014
52.456249175808125,1169.495783352545,60.981883912524424
52.69879217257869,1169.9330164092223,60.981883912524424
52.94133516934926,1170.3702494658996,60.981883912524424
53.183878166119825,1170.807482522577,61.03122114206576
53.42604463586417,1171.2449243839367,61.03122114206576
53.66821110560852,1171.6823662452964,61.03417020287009
53.910354876571205,1172.1198202400337,61.03023999381955
54.152528773238146,1172.5572578389597,60.97700353814775
54.395109029808395,1172.9944702666219,60.97700353814775
54.637689286378645,1173.431682694284,60.97700353814775
54.880269542948895,1173.8688951219463,61.03601321794912
55.12239910908477,1174.3063566646576,61.021113680814445
55.36464273991794,1174.7437557925005,60.96481645640173
55.607316041765785,1175.180916708916,61.0038256888215
55.849691607536215,1175.6182426672397,61.0038256888215
56.092067173306646,1176.0555686255634,61.0038256888215
56.334442739077076,1176.4928945838872,61.0146449413204
56.57673552789993,1176.9302659565737,61.002327188039416
56.81912252748771,1177.3675855688143,61.03699609270154
57.06124466475114,1177.8050514015592,60.99470311254116
57.30368982527898,1178.2423387044435,60.99470311254116
57.546134985806816,1178.6796260073277,60.99470311254116
57.78858014633465,1179.1169133102119,60.972853688842314
58.03119211951196,1179.5541082581567,60.972853688842314
58.27380409268926,1179.9913032061015,61.06807812919782
58.51568912571577,1180.4289007732682,60.873533230666105
58.759058280066256,1180.8656739338185,60.87353323067354
58.814958543807734,1180.965997801628,60.926810227521685
59.05792177671003,1181.4029976499776,60.926810227521685
59.30088500961233,1181.8399974983272,60.926810227521685
59.54384824251463,1182.2769973466768,60.926810227521685
59.786811475416926,1182.7139971950264,60.926810227521685
60.02977470831922,1183.150997043376,60.92681022863014
60.27273794121311,1183.5879968917304,60.92681022863014
60.515701174106994,1184.0249967400848,60.92681022863014
60.75866440700088,1184.4619965884392,60.92681022863014
61.001627639894764,1184.8989964367936,60.92681022863014
61.24459087278865,1185.335996285148,60.92681022863014
61.487554105682534,1185.7729961335024,60.92681023651451
61.73051733851628,1186.2099959818902,60.92681023651451
61.973480571350024,1186.646995830278,60.92681023651451
62.21644380418377,1187.0839956786658,60.92681023651451
62.45940703701751,1187.5209955270536,60.92681023651451
62.70237026985126,1187.9579953754414,60.92681023651451
62.945333502685,1188.3949952238293,60.91241055314204
63.18840655547058,1188.8319339964387,60.91241055314204
63.431479608256154,1189.2688727690481,60.91241055314204
63.67455266104173,1189.7058115416576,60.91241055314204
63.917625713827306,1190.142750314267,60.91241055314204
64.16069876661288,1190.5796890868764,60.91241055314204
64.40377181939846,1191.0166278594859,60.93284697991817
64.64668900812148,1191.453653304309,60.93284697991817
64.88960619684451,1191.8906787491321,60.93284697991817
65.13252338556754,1192.3277041939552,60.93284697991817
65.37544057429056,1192.7647296387784,60.93284697991817
65.61835776301359,1193.2017550836015,60.93284697991817
65.86127495173662,1193.6387805284246,60.92763336764513
66.10423190645326,1194.0757838672619,60.92763336764513
66.34718886116991,1194.5127872060991,60.92763336764513
66.59014581588656,1194.9497905449364,60.92763336764513
66.8331027706032,1195.3867938837736,60.92763336764513
67.07605972531985,1195.823797222611,60.92763336764513
67.3190166800365,1196.2608005614481,60.926921322678886
67.56197905547742,1196.6978008626793,60.926921322678886
67.80494143091835,1197.1348011639104,60.926921322678886
68.04790380635927,1197.5718014651416,60.926921322678886
68.2908661818002,1198.0088017663727,60.926921322678886
68.53382855724112,1198.4458020676038,60.926921322678886
68.77679093268205,1198.882802368835,60.926825051655555
69.01975405233895,1199.319802279722,60.926825051655555
69.26271717199586,1199.7568021906088,60.926825051655555
69.50568029165277,1200.1938021014957,60.926825051655555
69.74864341130967,1200.6308020123827,60.926825051655555
69.99160653096658,1201.0678019232696,60.926825051655555
70.23456965062348,1201.5048018341565,60.92681222853862
70.47753286826071,1201.9418016909858,60.92681222853862
70.72049608589793,1202.378801547815,60.92681222853862
70.96345930353516,1202.8158014046444,60.92681222853862
71.20642252117239,1203.2528012614737,60.92681222853862
71.44938573880961,1203.689801118303,60.92681222853862
71.69234895644684,1204.1268009751323,60.912273037451165
71.93542305792914,1204.5637391643404,60.912273037451165
72.17849715941145,1205.0006773535486,60.912273037451165
72.42157126089376,1205.4376155427567,60.912273037451165
72.66464536237606,1205.8745537319649,60.912273037451165
72.90771946385837,1206.311491921173,60.912273037451165
73.15079356534068,1206.7484301103812,60.92493056842958
73.39377113443413,1207.1854219877855,60.92493056842958
73.63674870352759,1207.6224138651899,60.92493056842958
73.87972627262104,1208.0594057425942,60.92493056842958
74.1227038417145,1208.4963976199986,60.92493056842958
74.36568141080795,1208.933389497403,60.92493056842958
74.6086589799014,1209.3703813748073,60.926569926282745
74.85162404559992,1209.8073802041538,60.926569926282745
75.09458911129843,1210.2443790335003,60.926569926282745
75.33755417699695,1210.6813778628468,60.926569926282745
75.58051924269546,1211.1183766921934,60.926569926282745
75.82348430839397,1211.5553755215399,60.926569926282745
76.06644937409249,1211.9923743508864,60.92994551913939
76.30938869349166,1212.429387493812,60.92994551913939
76.55232801289083,1212.8664006367378,60.92994551913939
76.79526733229,1213.3034137796635,60.929945519160746
77.02295856975252,1213.7129978006706,60.91114858432911
77.26604124627886,1214.149931219366,60.91114858432911
77.5091239228052,1214.5868646380613,61.00029767333979
77.75152646093431,1215.0241757510103,61.00029767333979
77.99392899906343,1215.4614868639592,61.00029767333979
78.23633153719254,1215.898797976908,60.92430916447231
78.47931376490237,1216.3357870737766,60.92430916447231
78.7222959926122,1216.772776170645,60.997462745248505
78.96472016670816,1217.2100752867786,60.997462745248505
79.20714434080412,1217.6473744029122,60.997462745248505
79.44956851490008,1218.0846735190457,60.99039776382675
79.6920466106003,1218.5219427415982,60.99039776382675
79.93452470630052,1218.9592119641507,60.95007623055997
80.17731038518775,1219.3963102882,60.95007623055997
80.42009606407498,1219.8334086122495,61.0010581825628
80.6624927962605,1220.2707229402795,61.0010581825628
80.904889528446,1220.7080372683095,61.0010581825628
81.14728626063152,1221.1453515963394,60.941312499252696
81.39013887562544,1221.582412927604,60.941312499252696
81.63299149061936,1222.0194742588687,61.003598031216036
81.87536883830262,1222.4567993339897,61.003598031216036
82.11774618598588,1222.8941244091106,61.003598031216036
82.36012353366914,1223.3314494842316,60.92896941462004
82.60307025150962,1223.7684584045287,60.92896941462004
82.8460169693501,1224.2054673248258,60.92896941462004
83.08896368719059,1224.642476245123,61.01190303660583
83.33127764195831,1225.0798364477444,61.01190303660583
83.57359159672603,1225.5171966503658,61.01190303660583
83.81590555149376,1225.9545568529873,60.961397637632274
84.05860489356735,1226.3917032081008,60.961397637632274
84.30130423564094,1226.8288495632144,60.961397637632274
84.54400357771453,1227.265995918328,60.98404931029613
84.78653012173561,1227.7032382708474,60.98404931029613
85.02905666575668,1228.1404806233668,60.98404931029613
85.27158320977776,1228.5777229758862,61.40439053136745
85.51063814631243,1229.0162606998906,61.4043905313716
85.6429585806909,1229.2589978002943,60.45509482559525
85.88951122821811,1229.6939823281368,60.45509482559525
86.13606387574532,1230.1289668559793,60.45509482559525
86.38261652327253,1230.5639513838219,60.45509482559525
86.62916917079974,1230.9989359116644,60.45509482559525
86.87572181832695,1231.433920439507,60.45509481126723
87.12227446596296,1231.8689049672878,60.45509481126723
87.36882711359897,1232.3038894950687,60.45509481126723
87.61537976123498,1232.7388740228496,60.45509481126723
87.86193240887098,1233.1738585506305,60.45509481126723
88.10848505650699,1233.6088430784114,60.45509481126723
88.355037704143,1234.0438276061923,60.455094822819106
88.60159035169136,1234.478812134023,60.455094822819106
88.84814299923971,1234.9137966618537,60.455094822819106
89.09469564678807,1235.3487811896844,60.455094822819106
89.34124829433642,1235.783765717515,60.455094822819106
89.58780094188478,1236.2187502453457,60.455094822819106
89.83435358943314,1236.6537347731764,60.45509480993734
90.08090623707926,1237.0887193009517,60.45509480993734
90.32745888472539,1237.5237038287269,60.45509480993734
90.57401153237151,1237.958688356502,60.45509480993734
90.82056418001764,1238.3936728842773,60.45509480993734
91.06711682766377,1238.8286574120525,60.45509480993734
91.3136694753099,1239.2636419398277,60.44054692745603
91.56033256128967,1239.698563851845,60.44054692745603
91.80699564726945,1240.1334857638622,60.44054692745603
92.05365873324922,1240.5684076758794,60.44054692745603
92.300321819229,1241.0033295878966,60.44054692745603
92.54698490520877,1241.4382514999138,60.44054692745603
92.79364799118855,1241.873173411931,60.45327685139669
93.04021444063517,1242.3081501167812,60.45327685139669
93.28678089008179,1242.7431268216314,60.45327685139669
93.5333473395284,1243.1781035264817,60.45327685139669
93.77991378897502,1243.6130802313319,60.45327685139669
94.02648023842164,1244.048056936182,60.45327685139669
94.27304668786826,1244.4830336410323,60.454874606572496
94.51960100729445,1244.9180172212655,60.454874606572496
94.76615532672065,1245.3530008014986,60.454874606572496
95.01270964614685,1245.7879843817318,60.454874606572496
95.25926396557304,1246.222967961965,60.454874606572496
95.50581828499924,1246.6579515421981,60.454874606572496
95.75237260442543,1247.0929351224313,60.4467124142025
95.99898888778318,1247.52788357469,60.4467124142025
96.24560517114094,1247.9628320269485,60.4467124142025
96.49222145449869,1248.397780479207,60.4467124142025
96.73883773785644,1248.8327289314657,60.4467124142025
96.9854540212142,1249.2676773837243,60.4467124142025
97.23207030457195,1249.7026258359829,60.454146208291355
97.4786301538777,1250.1376062817058,60.454146208291355
97.72519000318346,1250.5725867274286,60.454146208291355
97.97174985248921,1251.0075671731515,60.454146208291355
98.21830970179496,1251.4425476188744,60.454146208291355
98.46486955110072,1251.8775280645973,60.454146208291355
98.71142940040647,1252.3125085103202,60.459048887594186
98.95795199121005,1252.7475099863498,60.459048887594186
99.20447458201363,1253.1825114623794,60.459048887534436
99.29995859932387,1253.3509978000075,60.93961173529902
99.54282366347582,1253.7880509785039,60.93961173529902
99.78568872762776,1254.2251041570003,60.93961173529902
100.0285537917797,1254.6621573354967,60.93961173529902
100.27141885593164,1255.099210513993,60.93961173529902
100.51428392008359,1255.5362636924895,60.93281525490268
100.7572008263362,1255.9732880592787,60.93281525490268
101.00011773258882,1256.410312426068,60.93281525490268
101.24303463884144,1256.8473367928573,60.93281525490268
101.48595154509405,1257.2843611596466,60.93281525490268
101.72886845134667,1257.7213855264358,60.93281525490268
101.97178535759929,1258.158409893225,61.39386519827455
102.21117654874627,1258.5973725598208,61.39386519827455
102.45056773989324,1259.0363352264164,61.39386519827455
102.68995893104022,1259.475297893012,61.39386519827455
102.9293501221872,1259.9142605596078,61.39386519827455
103.16874131333418,1260.3532232262035,61.43121701918713
103.40784577126749,1260.792340911679,61.43121701918713
103.6469502292008,1261.2314585971546,61.43121701918713
103.8860546871341,1261.6705762826302,61.43121701918713
104.12515914506741,1262.1096939681058,61.43121701918713
104.36426360300072,1262.5488116535814,60.91328146072021
104.60732869504,1262.9857517495454,60.91328146072021
104.85039378707927,1263.4226918455095,60.91328146072021
105.09345887911854,1263.8596319414735,60.91328146072021
105.33652397115782,1264.2965720374375,60.87971177002325
105.57984480284006,1264.7333692466907,60.87971177002325
105.8231656345223,1265.170166455944,60.87971177002325
106.06648646620454,1265.606963665197,60.87971177002325
106.30980729788678,1266.0437608744503,60.87971177002325
106.55312812956902,1266.4805580837035,60.969079224251175
106.7957689042446,1266.9177370500024,60.969079224251175
107.03840967892017,1267.3549160163013,60.969079224251175
107.28105045359575,1267.7920949826002,60.969079224251175
107.52369122827133,1268.2292739488992,60.992681815020525
107.76615189243853,1268.666552837399,60.992681815020525
108.00861255660573,1269.1038317258988,60.992681815020525
108.25107322077292,1269.5411106143986,61.935851721936295
108.48630309731254,1269.9823212659876,61.935851721936295
108.72153297385216,1270.4235319175766,61.935851721936295
108.95676285039178,1270.8647425691656,62.12968552755133
109.19049873734866,1271.3067464598012,62.12968552755133
109.42423462430554,1271.7487503504367,62.12968552755133
109.65797051126242,1272.1907542410722,62.12968552755721
109.88495861337287,1272.6199978012592,62.19689227603889
110.1181759230426,1273.0622756398068,62.19689227603889
110.35139323271233,1273.5045534783544,62.19689227603889
110.58461054238205,1273.946831316902,62.19689228732758
110.81782781791492,1274.389109090923,62.19689228732758
111.05104509344778,1274.831386864944,62.19689228732758
111.28426236898065,1275.273664638965,62.84538522855477
111.51245890072107,1275.7185535352937,62.84538522855477
111.7406554324615,1276.1634424316223,62.84538522855477
111.96885196420192,1276.608331327951,62.84538522855477
112.19704849594234,1277.0532202242796,62.84538522855477
112.42524502768276,1277.4981091206082,62.84538522855477
112.65344155942319,1277.9429980169368,63.03001802060248
112.88020326563469,1278.3886199325887,63.03001802060248
113.1069649718462,1278.8342418482405,63.03001802060248
113.3337266780577,1279.2798637638923,63.03001802060248
113.5604883842692,1279.7254856795441,63.03001802060248
113.78725009048071,1280.171107595196,63.03001802060248
114.01401179669222,1280.6167295108478,63.10793713281326
114.24016637098725,1281.0626576210352,63.10793713281326
114.46632094528229,1281.5085857312226,63.10793713281326
114.69247551957733,1281.95451384141,63.10793713281326
114.91863009387237,1282.4004419515975,63.10793713281326
115.1447846681674,1282.846370061785,63.10793713281326
115.37093924246244,1283.2922981719723,63.092119847478514
115.59721628256955,1283.738162590455,63.092119847478514
115.82349332267665,1284.1840270089376,64.07871049318625
116.04206126692713,1284.6337245920797,64.07871049318625
116.26062921117762,1285.0834221752218,64.07871049318625
116.4791971554281,1285.533119758364,64.07871049318625
116.69776509967858,1285.982817341506,64.07871049318625
116.91633304392906,1286.432514924648,64.07871049318625
117.13490098817954,1286.8822125077902,64.34318561534161
117.35139084437822,1287.332914239174,64.34318561534161
117.5678807005769,1287.7836159705578,64.34318561534161
117.78437055677557,1288.2343177019416,64.37008650616134
118.00064882004426,1288.6851211099295,64.37008650616134
118.21692708331295,1289.1359245179174,64.37008650616134
118.43320534658164,1289.5867279259053,64.48766904437413
118.64855793509287,1290.0379740631831,64.48766904437413
118.86391052360409,1290.489220200461,64.6782425433719
119.07776092505412,1290.9411799355373,64.6782425433719
119.29161132650415,1291.3931396706137,64.6782425433719
119.50546172795418,1291.84509940569,64.69642696367616
119.71916846452598,1292.2971265409356,64.69642696367616
119.93287520109777,1292.749153676181,64.69642696367616
120.14658193766957,1293.2011808114266,65.11485292113547
120.35698206431425,1293.6547569336394,65.11485292113547
120.56738219095894,1294.1083330558522,65.11485292113547
120.77778231760362,1294.561909178065,65.19507185879608
120.98754701102405,1295.0157790392004,65.19507185879608
121.19731170444447,1295.4696489003359,65.19507185879608
121.4070763978649,1295.9235187614713,65.28604097499924
121.61612008770396,1296.377720823334,65.28604097499924
121.82516377754303,1296.8319228851965,65.28604097499924
122.03420746738209,1297.286124947059,65.28604097499924
122.24325115722115,1297.7403270089217,66.12144143296305
122.44565086872558,1298.1975297612973,66.12144143296305
122.64805058023,1298.654732513673,66.12144143296305
122.85045029173443,1299.1119352660487,66.12144143296305
123.05285000323886,1299.5691380184244,66.12144143296305
123.25524971474329,1300.0263407708,66.12144143296305
123.45764942624771,1300.4835435231757,66.93643226931079
123.65352547905297,1300.9435788550531,66.93643226931079
123.84940153185823,1301.4036141869306,66.93643226931079
124.0452775846635,1301.863649518808,67.10650462897554
124.23978726733708,1302.3242643035087,67.10650462897554
124.43429695001066,1302.7848790882094,67.10650462897554
124.62880663268425,1303.2454938729102,67.10650462897554
124.82331631535783,1303.706108657611,67.43460768069605
125.0151851130139,1304.1678297164701,67.43460768069605
125.20705391066997,1304.6295507753293,67.43460768069605
125.39892270832604,1305.0912718341885,67.43460768069605
125.59079150598211,1305.5529928930478,67.43460768069605
125.78266030363818,1306.014713951907,68.49843985198333
125.96592355338066,1306.4799176670274,68.49843985198333
126.14918680312314,1306.9451213821478,68.49843985198333
126.33245005286562,1307.4103250972682,68.7651044096113
126.51354617983611,1307.876376693409,68.7651044096113
126.6946423068066,1308.3424282895496,68.7651044096113
126.87573843377709,1308.8084798856903,68.7651044096113
127.05683456074757,1309.274531481831,68.66613135345759
127.23873550451572,1309.7402696259633,68.66613135345759
127.42063644828386,1310.2060077700955,68.66613135345759
127.602537392052,1310.6717459142278,68.66613135345759
127.78443833582014,1311.13748405836,68.66613135345759
127.96633927958828,1311.6032222024924,68.62681302134835
128.1485596947001,1312.0688351769677,68.62681302134835
128.33078010981194,1312.534448151443,68.62681302134835
128.51300052492377,1313.0000611259184,68.62681302134835
128.6952209400356,1313.4656741003937,70.27321718409256
128.86398856444202,1313.9363304481858,70.27321718409256
129.03275618884845,1314.406986795978,70.27321718409256
129.20152381325488,1314.87764314377,70.33572572385144
129.36977775304695,1315.348483032124,70.33572572385144
129.538031692839,1315.819322920478,70.33572572385144
129.70628563263108,1316.290162808832,71.22503207777498
129.86721163415257,1316.7635576769787,71.22503207777498
130.02813763567406,1317.2369525451254,71.22503207777498
130.18906363719555,1317.710347413272,71.24152065532603
130.34985330652626,1318.1837883022938,71.24152065532603
130.51064297585697,1318.6572291913155,71.24152065532603
130.67143264518768,1319.1306700803373,71.31239848853892
130.83163664737447,1319.6043098862297,72.12019715377964
130.9851471972937,1320.0801611454856,72.12019715377964
131.13865774721296,1320.5560124047415,72.12019715377964
131.2921682971322,1321.0318636639975,72.22737875650999
131.44478844435764,1321.5080013424242,72.22737875650999
131.59740859158308,1321.984139020851,72.22737875650999
131.7500287388085,1322.4602766992778,72.7817744527547
131.8980346913013,1322.937868824212,73.67778855472135
132.03855406893808,1323.4177170092246,73.67778855472135
132.17907344657488,1323.8975651942371,73.67778855472135
132.31959282421167,1324.3774133792497,73.67778855472135
132.46011220184846,1324.8572615642622,73.67778855472135
132.60063157948525,1325.3371097492748,73.67778855472135
132.74115095712204,1325.8169579342873,73.72968521188142
132.88123563736406,1326.2969331698318,73.72968521188142
133.02132031760607,1326.7769084053764,73.72968521188142
133.16140499784808,1327.256883640921,73.72968521188142
133.3014896780901,1327.7368588764655,74.43384864424512
133.43566506064894,1328.2185195093514,74.43384864424512
133.5698404432078,1328.7001801422373,74.43384864424512
133.70401582576665,1329.1818407751232,74.50760695827674
133.83757102262177,1329.6636736615028,74.50760695827674
133.9711262194769,1330.1455065478824,74.50760695827674
134.10468141633203,1330.627339434262,74.64648749057264
134.23706831169454,1331.1094946880578,77.96898723084783
134.34128884839788,1331.5985120690175,77.96898723084783
134.44550938510122,1332.0875294499772,77.96898723084783
134.54972992180456,1332.5765468309369,78.1867391049058
134.652091150513,1333.0659565026485,78.1867391049058
134.75445237922145,1333.5553661743602,78.1867391049058
134.8568136079299,1334.0447758460718,79.14600610554008
134.95096699668204,1334.5358306151822,79.14600610554008
135.0451203854342,1335.0268853842927,81.27278802466664
135.1209855209836,1335.5210963328104,81.27278802466664
135.196850656533,1336.0153072813282,81.27278802466664
135.2727157920824,1336.509518229846,81.27278802466664
135.34858092763182,1337.0037291783638,81.27278802466664
135.42444606318122,1337.4979401268815,81.27278802466664
135.50031119873063,1337.9921510753993,83.05363502762029
135.56078127868864,1338.4884809751632,83.05363502762029
135.62125135864665,1338.984810874927,83.05363502762029
135.68172143860465,1339.4811407746909,83.12135078486489
135.7416048825662,1339.9775417951764,83.12135078486489
135.80148832652776,1340.473942815662,83.12135078486489
135.8613717704893,1340.9703438361475,84.69298596136278
135.9076180080657,1341.4682004937097,84.69298596136278
135.95386424564208,1341.9660571512718,84.69298596136278
136.00011048321846,1342.463913808834,84.69298596136278
136.04635672079485,1342.961770466396,84.69298596136278
136.09260295837123,1343.4596271239582,85.89954398574393
136.12835562069347,1343.9583468244944,85.89954398574393
136.1641082830157,1344.4570665250305,85.89954398574393
136.19986094533795,1344.9557862255667,85.89954398574393
136.23561360766018,1345.454505926103,85.89954398574393
136.27136626998242,1345.953225626639,85.89954398574393
136.30711893230466,1346.4519453271753,85.97406634808209
136.34222284341524,1346.9507103109431,86.97069151126587
136.36864623228325,1347.4500116251156,86.97069151126587
136.39506962115126,1347.9493129392881,86.97069151126587
136.42149301001928,1348.4486142534606,87.01266482226967
136.44755061754393,1348.947934792878,87.01266482226967
136.47360822506857,1349.4472553322953,87.01266482226967
136.49966583259322,1349.9465758717126,87.14276849022755
136.52458954490373,1350.4459542296777,87.14276849022755
136.54951325721424,1350.9453325876427,87.14276849022755
136.57443696952475,1351.4447109456078,87.43811733229404
136.59678616445603,1351.9442112073573,87.43811733229404
136.61913535938731,1352.4437114691068,87.43811733229404
136.6414845543186,1352.9432117308563,87.43811733229404
136.66383374924987,1353.4427119926058,87.43811733229404
136.68618294418116,1353.9422122543554,87.43811733234709
136.69395864993567,1354.1159978010692,88.36999419311667
136.708181195439,1354.6157947793522,88.36999419311667
136.72240374094235,1355.1155917576352,88.36999419311667
136.7366262864457,1355.6153887359183,88.36999419311667
136.75084883194904,1356.1151857142013,88.36999419311667
136.7650713774524,1356.6149826924843,88.3864689444919
136.77915021140564,1357.1147837391675,88.3864689444919
136.79322904535888,1357.6145847858506,88.3864689444919
136.80730787931213,1358.1143858325338,88.3864689444919
136.82138671326538,1358.614186879217,88.3864689444919
136.83546554721863,1359.1139879259001,88.3864689444919
136.84954438117188,1359.6137889725833,88.37225952626494
136.8637471659282,1360.113586512735,88.37225952626494
136.87794995068452,1360.6133840528869,88.37225952626494
136.89215273544085,1361.1131815930387,88.37225952626494
136.90635552019717,1361.6129791331905,88.37225952626494
136.9205583049535,1362.1127766733423,88.37225952626494
136.9347610897098,1362.612574213494,88.37029902169648
136.9489809761485,1363.112371266967,88.37029902169648
136.9632008625872,1363.61216832044,88.37029902169648
136.9774207490259,1364.111965373913,88.37029902169648
136.9916406354646,1364.611762427386,88.37029902169648
137.0058605219033,1365.1115594808591,88.37029902169648
137.02008040834198,1365.6113565343321,88.38667847478183
137.03415741453716,1366.111157632895,88.38667847478183
137.04823442073234,1366.6109587314577,88.38667847478183
137.06231142692752,1367.1107598300205,88.38667847478183
137.0763884331227,1367.6105609285833,88.38667847478183
137.09046543931788,1368.110362027146,88.38667847478183
137.10454244551306,1368.6101631257088,88.37166508500111
137.11875041562348,1369.1099605176623,88.37166508500111
137.1329583857339,1369.6097579096158,88.37166508500111
137.14716635584432,1370.1095553015693,88.37166508500111
137.16137432595474,1370.6093526935229,88.37166508500111
137.17558229606516,1371.1091500854764,88.37166508500111
137.18979026617558,1371.6089474774299,88.37020363557669
137.20401098468756,1372.1087445075889,88.37020363557669
137.21823170319954,1372.608541537748,88.37020363557669
137.2324524217115,1373.108338567907,88.37020363557669
137.2466731402235,1373.608135598066,88.37020363557669
137.26089385873547,1374.107932628225,88.37020363557669
137.27511457724745,1374.607729658384,88.381136724415
137.2892399248817,1375.1075293876772,88.381136724415
137.30336527251598,1375.6073291169705,88.381136724415
137.31749062015024,1376.1071288462638,88.381136724415
137.3316159677845,1376.606928575557,88.381136724415
137.34574131541876,1377.1067283048503,88.381136724415
137.35986666305303,1377.6065280341436,88.38113672444807
137.37095864961157,1377.9989978000522,83.52351389285332
137.427356161405,1378.4958050480484,83.52351389285332
137.4837536731984,1378.9926122960446,83.52351389285332
137.54015118499183,1379.4894195440409,83.52351389285332
137.59654869678525,1379.986226792037,83.52351389285332
137.65294620857867,1380.4830340400333,82.80626458722266
137.7155582489621,1380.9790955595265,82.80626458722266
137.77817028934555,1381.4751570790197,82.80626458722266
137.840782329729,1381.971218598513,82.78202584390601
137.90360407297283,1382.4672524148011,82.78202584390601
137.96642581621666,1382.9632862310893,82.78202584390601
138.0292475594605,1383.4593200473776,82.97363425971425
138.09041037118948,1383.955563221202,82.97363425971425
138.15157318291847,1384.4518063950266,83.12956407197346
138.21138484994663,1384.9482108674238,83.12956407197346
138.27119651697478,1385.444615339821,83.12956407197346
138.33100818400294,1385.9410198122182,83.12956407197346
138.3908198510311,1386.4374242846154,83.12956407197346
138.45063151805925,1386.9338287570126,83.12956407197346
138.5104431850874,1387.4302332294099,83.16361823305967
138.56995972645427,1387.9266725503396,83.16361823305967
138.62947626782113,1388.4231118712694,83.16361823305967
138.688992809188,1388.9195511921992,83.16361823305967
138.74850935055485,1389.415990513129,82.98050736930658
138.80961284019838,1389.912242700615,82.98050736930658
138.8707163298419,1390.4084948881011,82.98050736930658
138.93181981948544,1390.9047470755872,82.98050736930658
138.99292330912897,1391.4009992630733,82.98050736930658
139.0540267987725,1391.8972514505595,82.98050736930658
139.11513028841603,1392.3935036380456,82.98865394042838
139.17616323384095,1392.8897646366486,82.98865394042838
139.23719617926588,1393.3860256352516,82.98865394042838
139.2982291246908,1393.8822866338546,82.98865394042838
139.35926207011573,1394.3785476324576,82.98865394042838
139.42029501554066,1394.8748086310607,82.98865394042838
139.4813279609656,1395.3710696296637,82.92669374756107
139.54289753198248,1395.8672643372283,83.12157496027321
139.60277898549043,1396.363665192155,83.12157496027321
139.6626604389984,1396.8600660470815,83.12157496027321
139.72254189250634,1397.3564669020082,83.12157496027321
139.7824233460143,1397.8528677569348,83.12157496027321
139.84230479952225,1398.3492686118614,83.12157496027321
139.9021862530302,1398.845669466788,83.07492321178054
139.96247186408573,1399.3420213560921,83.07492321178054
140.02275747514125,1399.8383732453963,83.07492321178054
140.08304308619677,1400.3347251347004,83.07492321178054
140.1433286972523,1400.8310770240046,83.07492321178054
140.2036143083078,1401.3274289133087,83.07492321178054
140.26389991936333,1401.8237808026129,83.07203151770713
140.32421059604235,1402.3201297723708,83.07203151770713
140.38452127272137,1402.8164787421288,85.67240699046934
140.42225057530948,1403.3150509092227,85.67240699046934
140.45997987789758,1403.8136230763166,85.67240699046934
140.49770918048569,1404.3121952434105,88.12230239087162
140.51409203297078,1404.8119201355025,88.12230239087162
140.53047488545587,1405.3116450275945,88.12230239087162
140.54685773794097,1405.8113699196865,88.12230239087162
140.56324059042606,1406.3110948117785,88.84842954493334
140.57328909438957,1406.8109854945278,88.84842954493334
140.58333759835307,1407.3108761772771,88.84842954493334
140.59338610231657,1407.8107668600264,89.89942573299521
140.5942637612343,1408.3107565858922,89.89942573299521
140.595141420152,1408.810746311758,89.89942573299521
140.59601907906972,1409.3107360376239,89.89942573299521
140.59689673798744,1409.8107257634897,90.06991502121069
140.5962866503271,1410.3106960147354,90.06991502121069
140.59567656266677,1410.8106662659811,90.06991502121069
140.59506647500643,1411.3106365172268,90.06991502121538
140.59495865233475,1411.398997799959,89.86608687081603
140.59612726058697,1411.8989950686737,89.86608687081603
140.59729586883918,1412.3989923373883,89.86608687081603
140.5984644770914,1412.898989606103,89.86608687081603
140.5996330853436,1413.3989868748176,89.86608687081603
140.60080169359583,1413.8989841435323,89.88250389900406
140.60182703625867,1414.398981371406,89.88250389900406
140.6028523789215,1414.8989785992799,89.88250389900406
140.60387772158435,1415.3989758271537,89.88250389900406
140.6049030642472,1415.8989730550275,89.88250389900406
140.60592840691004,1416.3989702829012,89.88250389900406
140.60695374957288,1416.898967510775,89.86839531184101
140.60810221204667,1417.3989644172382,89.86839531184101
140.60925067452047,1417.8989613237013,89.86839531184101
140.61039913699426,1418.3989582301645,89.86839531184101
140.61154759946805,1418.8989551366276,89.86839531184101
140.61269606194185,1419.3989520430907,89.86839531184101
140.61384452441564,1419.8989489495539,89.87057814035394
140.61497393915738,1420.398946308112,89.87057814035394
140.61610335389912,1420.8989436666702,89.87057814035394
140.61723276864086,1421.3989410252284,89.87057814035394
140.6183621833826,1421.8989383837866,89.87057814030548
140.61895865172846,1422.1629977999255,89.8857892743974
140.6199553098537,1422.662987868799,89.8857892743974
140.62095196797895,1423.1629779376726,89.8857892743974
140.6219486261042,1423.6629680065462,89.88571355828101
140.62294594866705,1424.1629599305268,89.88571355828101
140.6239432712299,1424.6629518545074,89.88571355828101
140.62494059379276,1425.162943778488,89.8975614246958
140.6258345385262,1425.6629429791465,89.8975614246958
140.62672848325963,1426.162942179805,89.8975614246958
140.62762242799306,1426.6629413804635,90.10201331325737
140.62673219453995,1427.1629404895748,90.10201331325737
140.62584196108685,1427.662939598686,90.10201331325737
140.62495172763374,1428.1629387077974,90.10201331325737
140.62406149418064,1428.6629378169087,90.10201331325737
140.62317126072753,1429.16293692602,90.10201331325737
140.62228102727443,1429.6629360351312,90.0766818968026
140.62161187424329,1430.1629187330068,90.07668189680949
140.62095865246374,1430.6509978007525,90.21016241132085
140.61912464837337,1431.150993123706,90.21016241132085
140.617290644283,1431.6509884466595,90.21016241132085
140.61545664019263,1432.150983769613,90.21016241132085
140.61362263610226,1432.6509790925666,90.16464873525622
140.61218580696107,1433.1509769755407,90.16464873525622
140.61074897781987,1433.650974858515,90.18940979949157
140.60909606983262,1434.150971726968,90.18940979949157
140.60744316184537,1434.650968595421,90.18940979949157
140.60579025385812,1435.1509654638742,90.18940979949157
140.60413734587087,1435.6509623323273,90.18940979949157
140.60248443788362,1436.1509592007803,90.18940979949157
140.60083152989637,1436.6509560692334,90.22651974544814
140.59885477761497,1437.1509520962861,90.22651974544814
140.59687802533358,1437.6509481233388,90.22651974544814
140.5949012730522,1438.1509441503915,90.22651974544814
140.5929245207708,1438.6509401774442,90.22651974544814
140.5909477684894,1439.150936204497,90.22651974544814
140.588971016208,1439.6509322315496,90.2297486737575
140.5869660862984,1440.1509281813512,90.2297486737575
140.58496115638877,1440.6509241311528,90.2297486737575
140.58295622647915,1441.1509200809544,90.2297486737575
140.58095129656954,1441.650916030756,90.2297486737575
140.57894636665992,1442.1509119805576,90.2297486737575
140.5769414367503,1442.6509079303592,90.2339695722481
140.57489967329207,1443.1509036244418,90.2339695722481
140.57285790983383,1443.6508993185244,90.2886272466301
140.57033917439503,1444.150892618962,90.2886272466301
140.56782043895623,1444.6508859193996,90.2886272466301
140.56530170351743,1445.1508792198372,90.27240768123694
140.5629245090106,1445.6508731459933,90.27240768123694
140.56054731450376,1446.1508670721494,90.27240768123694
140.55817011999693,1446.6508609983055,90.2975727812961
140.55557332155263,1447.1508538158148,90.2975727812961
140.55297652310833,1447.6508466333241,90.2975727812961
140.55037972466403,1448.1508394508335,90.30367745365082
140.54772965583845,1448.6508315822775,90.30367745365082
140.54507958701288,1449.1508237137216,90.30367745365082
140.5424295181873,1449.6508158451657,90.30512475006334
140.5397668178275,1450.1508082268515,90.30512475006334
140.53710411746772,1450.6508006085373,90.30512475006334
140.53444141710793,1451.1507929902232,90.30531266393959
140.53177707656982,1451.650785427989,90.30531266393959
140.52911273603172,1452.1507778657547,90.30531266393959
140.52644839549362,1452.6507703035204,90.27638796963112
140.52403646697007,1453.1507640375378,90.27638796963112
140.52162453844653,1453.6507577715552,90.27638796963112
140.519212609923,1454.1507515055725,90.29864244504842
140.51660647707047,1454.650744267911,90.29864244504842
140.51400034421795,1455.1507370302495,90.29864244504842
140.51139421136543,1455.650729792588,90.30377365641118
140.50874330089573,1456.1507223213018,90.30377365641118
140.50609239042603,1456.6507148500157,90.30377365641118
140.50344147995634,1457.1507073787295,90.30514613374551
140.50077859254577,1457.650699843124,90.30514613374551
140.4981157051352,1458.1506923075183,90.30514613374551
140.49545281772464,1458.6506847719127,90.17679387705506
140.4939101833486,1459.1506237971678,90.17679387706463
140.49295865063323,1459.4589978004806,90.07664981232689
140.49228975503468,1459.958997353059,90.07664981232689
140.49162085943613,1460.4589969056374,90.07664981232689
140.49095196383757,1460.9589964582158,90.07664981232689
140.49028306823902,1461.4589960107942,90.07664981232689
140.48961417264047,1461.9589955633726,90.06018555659641
140.48908895467468,1462.4589952875185,90.06018555659641
140.4885637367089,1462.9589950116645,90.06018555659641
140.4880385187431,1463.4589947358104,90.06018555659641
140.48751330077732,1463.9589944599563,90.06018555659641
140.48698808281154,1464.4589941841023,90.06018555659641
140.48646286484575,1464.9589939082482,90.07437235157332
140.4858138438243,1465.4589934870198,90.07437235157332
140.48516482280286,1465.9589930657914,90.07437235157332
140.4845158017814,1466.458992644563,90.07437235157332
140.48386678075997,1466.9589922233347,90.07437235157332
140.48321775973852,1467.4589918021063,90.07437235157332
140.48256873871708,1467.958991380878,90.07636251262704
140.48190235027914,1468.4589909368042,90.07636251262704
140.4812359618412,1468.9589904927304,90.07636251262704
140.48056957340327,1469.4589900486567,90.07636251262704
140.47990318496534,1469.958989604583,90.07636251262704
140.4792367965274,1470.4589891605092,90.07636251262704
140.47857040808947,1470.9589887164354,90.07661159656824
140.47790184598603,1471.45898826946,90.07661159656824
140.47723328388258,1471.9589878224845,90.07661159656824
140.47656472177914,1472.458987375509,90.07661159656824
140.4758961596757,1472.9589869285335,90.07661159656824
140.47522759757226,1473.458986481558,90.07661159656824
140.47455903546881,1473.9589860345825,90.05998432911392
140.47403557354312,1474.45898576057,90.05998432911392
140.47351211161742,1474.9589854865574,90.05998432911392
140.47298864969173,1475.4589852125448,90.05998432911392
140.47246518776603,1475.9589849385322,90.05998432911392
140.47194172584034,1476.4589846645197,90.05998432911392
140.47141826391464,1476.958984390507,90.07451616024849
140.47076798792682,1477.458983967648,90.07451616024849
140.470117711939,1477.958983544789,90.07451616024849
140.46946743595117,1478.4589831219298,90.07451616024849
140.46881715996335,1478.9589826990707,90.07451616024849
140.46816688397553,1479.4589822762116,90.07451616024849
140.4675166079877,1479.9589818533525,90.07638210543124
140.46685004857045,1480.458981409051,90.07638210543124
140.4661834891532,1480.9589809647493,90.07638210543124
140.46551692973594,1481.4589805204478,90.07638210543124
140.4648503703187,1481.9589800761462,90.07638210543124
140.46418381090143,1482.4589796318446,90.07638210543124
140.46351725148418,1482.958979187543,90.05980981782075
140.46299531245597,1483.4589789151225,90.05980981782075
140.46247337342777,1483.958978642702,90.05980981782075
140.46195143439957,1484.4589783702816,90.05980981782075
140.46142949537136,1484.958978097861,90.05980981782075
140.46090755634316,1485.4589778254406,90.05980981782075
140.46038561731496,1485.95897755302,90.07462339312413
140.4597344055727,1486.458977107328,90.07462339312413
140.45908319383045,1486.9589766616361,90.07462339312413
140.4584319820882,1487.4589762159442,90.07462339312413
140.45778077034595,1487.9589757702522,90.07462339312413
140.4571295586037,1488.4589753245602,90.07462339312413
140.45647834686145,1488.9589748788683,90.07643380501132
140.45581133628104,1489.4589744336652,90.07643380501132
140.45514432570064,1489.958973988462,90.07643380501132
140.45447731512024,1490.458973543259,90.07643380501132
140.45381030453984,1490.9589730980558,90.07643380501132
140.45314329395944,1491.4589726528527,90.07643380501132
140.45247628337904,1491.9589722076496,90.07662500393806
140.45180760427434,1492.4589717605138,90.07662500393806
140.45113892516963,1492.958971313378,90.07662500393806
140.45047024606492,1493.4589708662422,90.07662500393806
140.44980156696022,1493.9589704191064,90.07662500393806
140.4491328878555,1494.4589699719706,90.07662500393806
140.4484642087508,1494.9589695248349,90.05963539492011
140.44794379184873,1495.458969254001,90.05963539492011
140.44742337494665,1495.958968983167,90.05963539492011
140.44690295804457,1496.4589687123332,90.05963539492011
140.4463825411425,1496.9589684414993,90.05963539492011
140.44586212424042,1497.4589681706655,90.05963539492011
140.44534170733834,1497.9589678998316,90.07478508238279
140.44468908456417,1498.458967473915,90.07478508238279
140.44403646179,1498.9589670479984,90.07478508238279
140.44338383901584,1499.4589666220818,90.07478508238279
140.44273121624167,1499.9589661961652,90.07478508238279
140.4420785934675,1500.4589657702486,90.07478508238279
140.44142597069333,1500.958965344332,90.07645041350665
140.4407588151762,1501.4589648992353,90.07645041350665
140.44009165965906,1501.9589644541386,90.07645041350665
140.43942450414193,1502.458964009042,90.07645041350665
140.4387573486248,1502.9589635639452,90.07645041350665
140.43809019310766,1503.4589631188485,90.07645041350665
140.43742303759052,1503.9589626737518,90.0594645571652
140.4369041115283,1504.4589624044675,90.0594645571652
140.43638518546607,1504.9589621351831,90.0594645571652
140.43586625940384,1505.4589618658988,90.0594645571652
140.4353473333416,1505.9589615966145,90.0594645571652
140.43482840727938,1506.4589613273301,90.0594645571652
140.43430948121716,1506.9589610580458,90.07490426897806
140.43365581834462,1507.4589606307704,90.07490426897806
140.43300215547208,1507.958960203495,90.07490426897806
140.43234849259954,1508.4589597762197,90.07490426897806
140.431694829727,1508.9589593489443,90.07490426897806
140.43104116685447,1509.458958921669,90.07490426897806
140.43038750398193,1509.9589584943935,90.07647725655389
140.42972011421523,1510.4589580489842,90.07647725655389
140.42905272444852,1510.9589576035748,90.07647725655389
140.42838533468182,1511.4589571581655,90.07647725655389
140.42771794491512,1511.9589567127562,90.07647725655389
140.4270505551484,1512.4589562673468,90.07647725655389
140.4263831653817,1512.9589558219375,90.05933105382834
140.42586540435525,1513.458955553861,90.05933105382834
140.4253476433288,1513.9589552857844,90.05933105382834
140.42482988230233,1514.458955017708,90.05933105382834
140.42431212127588,1514.9589547496314,90.05933105382834
140.42379436024942,1515.4589544815549,90.05933105382834
140.42327659922296,1515.9589542134784,90.10357813614503
140.42237270996088,1516.458953396462,90.1035781361506
140.42195864772657,1516.6879978021607,89.854023798329
140.42323193407196,1517.1877626612059,89.854023798329
140.42450522041736,1517.687527520251,89.854023798329
140.42577850676275,1518.1872923792962,90.21530998377239
140.42389958103445,1518.687287807346,90.21530998377239
140.42202065530614,1519.1872832353956,90.21530998377239
140.42014172957784,1519.6872786634453,90.21570650092254
140.41825933969994,1520.1872751187368,90.21570650092254
140.41637694982205,1520.6872715740283,90.22613318927476
140.41440357337524,1521.1872669753157,90.22977279689658
140.41239843285064,1521.6872629498544,90.22977279689658
140.41039329232603,1522.187258924393,90.20865333384161
140.40857245319125,1522.6872554233014,90.20865333384161
140.40675161405647,1523.1872519222097,90.20925171118826
140.40492555250796,1523.687248572649,90.22813103885298
140.40293473925954,1524.1872445167835,90.22813103885298
140.4009439260111,1524.687240460918,90.22813103885298
140.39895311276268,1525.1872364050525,90.19609054103928
140.39724190337483,1525.6872334598133,90.2620851475139
140.39495478697938,1526.1872282286586,90.20839004190472
140.39313624480906,1526.6872249215362,90.1935047822682
140.39144760023476,1527.1872220700036,90.20983289113092
140.38961647343558,1527.6872169360488,90.20983289113092
140.3877853466364,1528.187211802094,90.16513752819577
140.3863442615991,1528.6872063389299,90.18132332258894
140.38476191984535,1529.187203803553,90.18132332258894
140.38317957809159,1529.6872012681763,90.2095088208374
140.38135127720648,1530.1871967198917,90.2095088208374
140.37952297632137,1530.6871921716072,90.1671869253226
140.37806400540103,1531.1871872445215,90.19141993477253
140.37639355533918,1531.6871841881602,90.19141993477253
140.37472310527733,1532.187181131799,90.22518552349294
140.37275799598967,1532.6871772549516,90.20000424399358
140.37101263925717,1533.187172486751,90.20000424399358
140.36926728252467,1533.6871677185504,90.20000424399358
140.36752192579218,1534.1871629503498,90.2202409387118
140.36559996874644,1534.687158479789,90.18266247307879
140.36400594069164,1535.1871559286576,90.18266247307879
140.36241191263684,1535.687153377526,90.15831752265828
140.36103033442566,1536.1871510895817,90.18101385076574
140.3594506932683,1536.6871485757454,90.18101385076574
140.3578710521109,1537.187146061909,90.18101385076574
140.35629141095353,1537.6871435480728,90.1970911013902
140.35457147003478,1538.1871405863478,90.18574903654388
140.3529505067404,1538.6871379584368,90.18574903654388
140.351329543446,1539.1871353305257,90.18943959991319
140.3496763743118,1539.687132528046,90.18943959991319
140.34802320517758,1540.1871297255664,90.18943959991319
140.34637003604337,1540.6871269230867,90.19103943186275
140.34470290560023,1541.1871241403296,90.19103943186275
140.3430357751571,1541.6871213575726,90.19103943186275
140.34136864471395,1542.1871185748155,90.21364193065314
140.33950427196635,1542.6871149682452,90.21364193065314
140.33763989921874,1543.1871113616749,90.1652073113843
140.33619819553905,1543.6871092524384,90.18620793613597
140.33457322761512,1544.1871066103704,90.18620793613597
140.3329482596912,1544.6871039683024,90.18620793613597
140.33132329176726,1545.1871013262344,90.20620364461125
140.32952383048496,1545.6870977832932,90.18395440843783
140.32791852828404,1546.187095177771,90.18395440843783
140.32631322608313,1546.6870925722487,90.189639161863
140.32465831522666,1547.187089832134,90.189639161863
140.32300340437018,1547.6870870920193,90.189639161863
140.3213484935137,1548.1870843519046,90.1697257668462
140.31986735931093,1548.687082036776,90.1697257668462
140.31838622510816,1549.1870797216475,90.19032936772432
140.3167252914933,1549.6870768438912,90.19032936772432
140.31506435787844,1550.187073966135,90.19032936772432
140.31340342426358,1550.6870710883786,90.1874471885793
140.31176764189343,1551.1870684067844,90.1874471885793
140.31013185952327,1551.6870657251902,90.1874471885793
140.3084960771531,1552.187063043596,90.19503922307888
140.30679404213606,1552.6870601459432,90.19503922307888
140.30509200711901,1553.1870572482903,90.1795383479092
140.3035252428416,1553.6870545347624,90.19215919833744
140.30184834069235,1554.187051705882,90.19215919833744
140.3001714385431,1554.6870488770014,90.19215919833744
140.29849453639383,1555.187046048121,90.16511749822193
140.29705361755782,1555.6870435666328,90.16466420749823
140.29561665621986,1556.187040466787,91.43505322562119
140.28309479270854,1556.686882484932,91.43505322562119
140.27057292919721,1557.1867245030771,91.70232414735035
140.25571953450674,1557.6865038167434,91.70232414735035
140.24086613981626,1558.1862831304097,91.73913824409479
140.22569162607783,1558.6860528081822,91.71328966970997
140.21074261026172,1559.1858283138145,91.71328966970997
140.1957935944456,1559.6856038194467,91.71328966970997
140.1808445786295,1560.1853793250789,91.75237169247073
140.16555463484588,1560.685145485525,91.74479954141799
140.1503307396997,1561.1849136647902,91.74479954141799
140.13510684455355,1561.6846818440554,91.66958128993838
140.12053906107485,1562.1844695786806,91.7595741901008
140.10518633077095,1562.6842325887592,91.7595741901008
140.08983360046705,1563.1839955988378,91.71019949264911
140.0749115413339,1563.6837718468003,91.71019949264911
140.05998948220076,1564.1835480947627,91.72174812788349
140.0449666631814,1564.6833221377651,91.7366429874408
140.0298139250325,1565.1830921334463,91.7366429874408
140.0146611868836,1565.6828621291274,91.75364658094286
139.9993601309004,1566.182627684859,91.75364658094286
139.98405907491724,1566.6823932405905,91.6890305195742
139.96932166445322,1567.182175097065,91.6890305195742
139.9545842539892,1567.6819569535396,91.73000796392657
139.93948938418225,1568.1817289200287,91.73000796392657
139.9243945143753,1568.6815008865178,91.73000796392657
139.90929964456836,1569.181272853007,91.7785183500419
139.89378167754114,1569.6810306610537,91.74027452937658
139.87859725698877,1570.1807998872084,91.74027452937658
139.8634128364364,1570.6805691133632,91.72878112445046
139.84832866469117,1571.1803415107383,91.71573164740843
139.83335833808155,1571.6801167159506,91.66469262770671
139.81883323748582,1572.179904338949,91.813596869803
139.80300928740076,1572.679653071587,91.6650992539322
139.78848060101132,1573.1794419268358,91.7530126740549
139.77318506617075,1573.6792079179752,91.74551567071947
139.75795493592773,1574.1789755324573,91.74551567071339
139.7479586462141,1574.5069978004321,91.73570469404665
139.73281411091602,1575.006767434983,91.73570469404665
139.71766957561795,1575.5065370695338,92.40668421813419
139.69667346928372,1576.006096037855,92.67980406805557
139.67329629249343,1576.505549246426,92.67980406805557
139.64991911570314,1577.0050024549969,92.71722628348145
139.6262157306163,1577.5044402884803,91.84610614625987
139.61010820271326,1578.0041807686746,91.76244708480147
139.59473039221177,1578.5039437026285,91.76244708480147
139.57935258171028,1579.0037066365824,91.80057384447511
139.5636421974566,1579.5034597419055,91.80057384447511
139.54793181320292,1580.0032128472287,91.80057384447511
139.53222142894924,1580.502965952552,91.74906187431627
139.5169603779541,1581.0027322533883,91.74906187431627
139.50169932695894,1581.5024985542248,91.80864816664206
139.4859185303734,1582.0022489823207,91.76646595309691
139.47050565184384,1582.5020112725995,91.7652469847261
139.45510340519536,1583.0017739091986,91.7652469847261
139.43970115854688,1583.5015365457978,91.78529166074945
139.4241240780177,1584.0012936052467,91.78529166074945
139.40854699748854,1584.5010506646956,91.78529166074945
139.39296991695937,1585.0008077241446,91.76939023819313
139.37753152871574,1585.5005693133899,91.76939023819313
139.3620931404721,1586.0003309026351,91.76939023819313
139.34665475222846,1586.5000924918804,91.80655953939818
139.3308921716024,1586.9998435476775,91.80655953939818
139.3151295909763,1587.4995946034746,91.80655953939818
139.29936701035024,1587.9993456592717,91.75685756683598
139.28403793821383,1588.4991106233363,91.75685756683598
139.26870886607742,1588.9988755874008,91.75685756683598
139.253379793941,1589.4986405514653,91.80086398286683
139.2376668861208,1589.9983933508329,91.76085737236761
139.2223029296597,1590.4981571096055,91.76279877632608
139.20692206310014,1590.9979195730896,91.76279877632608
139.19154119654058,1591.4976820365737,91.76279877632608
139.17616032998103,1591.9974445000578,91.7908755932151
139.16053454817109,1592.4971999119855,91.7908755932151
139.14490876636114,1592.9969553239132,91.7908755932151
139.1292829845512,1593.496710735841,91.78680920325536
139.11369267349346,1593.9964671873822,91.78680920325536
139.09810236243572,1594.4962236389235,91.78680920325536
139.082512051378,1594.9959800904649,91.77977287285088
139.06698311872287,1595.4957383038895,91.77977287285088
139.05145418606776,1595.9954965173142,91.76930293815572
139.03601656784417,1596.4952578533985,91.79821413046982
139.02032678932255,1596.9950108568762,91.79821413049149
139.01495864294702,1597.1659978004172,91.55281855426426
139.00140940428696,1597.665814156874,91.55281855426426
138.9878601656269,1598.1656305133306,91.55281855426426
138.97431092696684,1598.6654468697873,91.55281855426426
138.96076168830677,1599.165263226244,91.55281855426426
138.9472124496467,1599.6650795827006,91.55281852550867
138.93366321049507,1600.1648959665515,91.55281852550867
138.92011397134343,1600.6647123504024,91.55281852550867
138.90656473219178,1601.1645287342533,91.55281852550867
138.89301549304014,1601.6643451181042,91.55281852550867
138.8794662538885,1602.164161501955,91.55281852550867
138.86591701473685,1602.663977885806,91.55237091951734
138.85237168082335,1603.1637943543465,91.55237091951734
138.83882634690985,1603.663610822887,91.55237091951734
138.82528101299636,1604.1634272914275,91.55237091951734
138.81173567908286,1604.663243759968,91.55237091951734
138.79819034516936,1605.1630602285086,91.55237091951734
138.78464501125586,1605.6628766970491,91.55275790606179
138.7710963016351,1606.1626930686487,91.55275790606179
138.75754759201436,1606.6625094402482,91.55275790606179
138.7439988823936,1607.1623258118477,91.55275790606179
138.73045017277286,1607.6621421834473,91.55275790606179
138.7169014631521,1608.1619585550468,91.55275790606179
138.70335275353136,1608.6617749266463,91.53619206727717
138.6899485556164,1609.1615951939773,91.53619206727717
138.67654435770146,1609.6614154613083,91.53619206727717
138.6631401597865,1610.1612357286392,91.53619206727717
138.64973596187156,1610.6610559959702,91.53619206727717
138.6363317639566,1611.1608762633011,91.53619206727717
138.62292756604165,1611.660696530632,91.55065789571316
138.60939717502515,1612.160513425153,91.55065789571316
138.59586678400865,1612.6603303196741,91.55065789571316
138.58233639299215,1613.1601472141951,91.55065789571316
138.56880600197564,1613.6599641087162,91.55065789571316
138.55527561095914,1614.1597810032372,91.55065789571316
138.54174521994264,1614.6595978977582,91.55928743470699
138.52813955075362,1615.159412710919,91.55928743470699
138.5145338815646,1615.6592275240798,91.55928743470699
138.50092821237558,1616.1590423372406,91.55928743470699
138.48732254318656,1616.6588571504014,91.55928743470699
138.47371687399755,1617.1586719635623,91.55928743476419
138.47095864079893,1617.2599977999926,91.55928743476419
