x,y,yaw_deg
138.47095864079893,1617.2599977999926,89.90728839992842
138.4717676498891,1617.7599650744598,90.93055897539855
138.46364736161968,1618.2598982857628,91.37020332341889
138.45169122438267,1618.7597552005248,92.81877682184935
138.42710291583455,1619.2591454022431,92.81877682184935
138.40251460728643,1619.7585356039615,91.99655531392492
138.38509534993375,1620.2582191937538,92.07501000121384
138.36699191569005,1620.7578779218036,91.64786314237415
138.35261365838585,1621.2576683963969,92.04069718479121
138.33480946483667,1621.7573377071637,92.04069718479121
138.31700527128748,1622.2570070179306,92.04069718479121
138.2992010777383,1622.7566763286975,92.08677495593808
138.2809945763454,1623.2563442006183,92.08677495593808
138.26278807495248,1623.756012072539,92.20148078511274
138.24358132760528,1624.2556412148117,91.24240365384709
138.23274016824632,1624.7555232914153,93.023942434509
138.20636366531153,1625.2548247384434,93.023942434509
138.17998716237673,1625.7541261854715,93.023942434509
138.15361065944194,1626.2534276324996,92.76986857589236
138.1294484692553,1626.7528422577382,93.15284394484979
138.10194862683727,1627.2520849318187,93.15284394484979
138.07444878441925,1627.7513276058992,93.37261152663767
138.04503436556251,1628.2504586556458,93.48585933557467
138.01463401754677,1628.7495212540284,93.48585933557467
137.98423366953102,1629.248583852411,93.48585933557467
137.95383332151528,1629.7476464507936,93.87213018176172
137.92006874797687,1630.246498854017,94.63260766375844
137.8796860429885,1630.7448605831255,94.68764880562756
137.83882465071258,1631.2431827426035,94.60997968115906
137.7986391623873,1631.7415554934244,94.60997968115906
137.75845367406203,1632.2399282442452,94.60997968115906
137.71826818573675,1632.738300995066,96.10466962242852
137.66509615135806,1633.235460768271,96.10466962242852
137.61192411697937,1633.7326205414759,97.49021264188238
137.5467457020128,1634.2283541126628,97.49021264188238
137.48156728704623,1634.7240876838498,97.49021264188238
137.41638887207966,1635.2198212550368,96.48547556183536
137.3599132018826,1635.716621515374,96.48547556183536
137.30343753168552,1636.2134217757114,96.48547556183536
137.24696186148844,1636.7102220360487,98.05577606140844
137.17689346674342,1637.2052872206818,98.05577606140844
137.1068250719984,1637.700352405315,100.01354766320894
137.0198845565801,1638.1927357353386,100.01354766320894
136.93294404116182,1638.6851190653622,100.20064106002837
136.84439618279282,1639.1772157804241,100.20064106002837
136.75584832442382,1639.669312495486,100.20064106002837
136.66730046605483,1640.161409210548,101.40221009672248
136.5684528898836,1640.6515409844747,101.669940428695
136.46731618437332,1641.1412052306102,102.6328132694093
136.35796514038566,1641.6291010110845,102.95669241239786
136.24585791053937,1642.1163708263634,102.95669241239786
136.13375068069308,1642.6036406416424,102.95669241239786
136.0216434508468,1643.0909104569214,103.11585067420665
135.90818309773363,1643.5778669859546,105.11855436239335
135.77777474423453,1644.0605602787361,103.26377905889231
135.66305855709743,1644.5472178836728,105.66279295121993
135.52807149935836,1645.0286495283206,105.66279295121993
135.3930844416193,1645.5100811729683,105.66279295121993
135.25809738388023,1645.991512817616,106.04616849367002
135.1198915569248,1646.4720321268453,105.62885165180798
134.98518969198074,1646.9535437407555,106.71621449113965
134.84137440103393,1647.4324126654162,107.717971314008
134.6892085062534,1647.908695596667,107.14153001718326
134.54184211427605,1648.3864849969314,107.20424787805257
134.39395280850624,1648.8641127925691,107.20424787805257
134.24606350273643,1649.341740588207,109.42414309706695
134.0797848249515,1649.8132801931872,110.8618065207726
133.90172736698503,1650.2805008844214,110.57954157260096
133.72597432543557,1650.7485916974777,111.71835272217902
133.5409523675471,1651.2130981917805,111.71835272217902
133.35593040965864,1651.6776046860834,111.71835272217902
133.17090845177017,1652.1421111803863,112.46800330363192
132.97982556571526,1652.6041557193105,112.60495090114496
132.7876381375171,1653.065743935762,113.34291572170899
132.5895217744153,1653.5248181658555,114.37367700637479
132.3831787775432,1653.9802548390883,114.37367700637479
132.17683578067113,1654.435691512321,114.37367700637479
131.97049278379905,1654.8911281855537,115.30020544981328
131.75681223136007,1655.343168693813,115.96107172784109
131.5379321096235,1655.7927143923407,115.96107172784109
131.31905198788695,1656.2422600908685,116.89512760827971
131.09287333950317,1656.6881765407272,116.89512760827971
130.8666946911194,1657.134092990586,116.89512760827971
130.6405160427356,1657.5800094404447,117.79352312623905
130.4073732526973,1658.0223252788303,117.79352312623905
130.174230462659,1658.464641117216,119.10007058761401
129.93106223477525,1658.901526928138,119.10007058761401
129.6878940068915,1659.3384127390602,118.45293655510042
129.4496756427676,1659.778017118989,118.45293655510042
129.2114572786437,1660.2176214989179,119.56045582874246
128.96478645641582,1660.652539313511,119.92550372787827
128.7153497763112,1661.0858765210473,119.92550372787827
128.46591309620658,1661.5192137285837,119.99602030444726
128.21594317375389,1661.9522437934263,119.99602030444726
127.9659732513012,1662.3852738582689,119.99602030444726
127.7160033288485,1662.8183039231114,120.44659753722
127.46263635963919,1663.2493538854992,119.63508690082995
127.2153994282503,1663.6839496993598,121.84837340060207
126.95156286825988,1664.1086734217492,121.4126378325921
126.69096392681388,1664.5353913454899,121.4126378325921
126.43036498536787,1664.9621092692305,122.11516214493672
126.16455397985669,1665.3855993271516,122.11516214493672
125.89874297434551,1665.8090893850726,122.62385289292745
125.62918224924613,1666.230203390442,122.62385289292745
125.35962152414675,1666.6513173958115,122.62385289292745
125.09006079904736,1667.072431401181,122.94162184661545
124.81816894898236,1667.492043515852,124.08358840558182
124.53796812952226,1667.9061538519413,124.63757469500159
124.2537764142836,1668.317535746063,124.63757469500159
123.96958469904496,1668.7289176401846,124.63757469500159
123.68539298380631,1669.1402995343062,124.40396117912084
123.40288107594233,1669.5528365840723,124.40396117912084
123.12036916807835,1669.9653736338385,125.70419728328602
122.82856882549447,1670.3713940117268,126.94963673560314
122.52801243246063,1670.770976111431,126.94963673560314
122.22745603942678,1671.1705582111354,126.94963673560314
121.92689964639294,1671.5701403108396,127.75134487770006
121.62078194409844,1671.9654776317095,127.80182069510968
121.31431636636933,1672.3605447505884,128.61620353292062
121.00226698386439,1672.751215610854,128.61620353292062
120.69021760135945,1673.1418864711195,129.85335522573743
120.36980565903002,1673.5257294356165,129.98241096742134
120.04853050203656,1673.9088490505208,129.89824181665642
119.7278179428223,1674.2924408870265,129.02793326173813
119.41296943356622,1674.680859072857,128.92482692728302
119.09881976995518,1675.0698440057192,128.92482692728302
118.78467010634415,1675.4588289385815,131.9136496180744
118.45066754452637,1675.8309025169842,132.27970255241465
118.11429248242223,1676.2008370710453,132.27970255241465
117.77791742031809,1676.5707716251063,132.464464135252
117.44035162084629,1676.9396190701566,132.464464135252
117.10278582137448,1677.3084665152069,132.464464135252
116.76522002190268,1677.6773139602572,133.3818900489338
116.42179187905867,1678.040709051484,132.85830533947882
116.08170058634096,1678.4072253794386,134.2995184944803
115.73249600877705,1678.765074621687,134.2995184944803
115.38329143121314,1679.1229238639355,135.63335265220422
115.02585151099765,1679.472547521986,135.01593670204022
114.67219979402023,1679.8260025586837,135.01593670204022
114.3185480770428,1680.1794575953816,134.7709008506731
113.96641120445429,1680.534421851274,135.54965813945114
113.60948290558724,1680.8845667454605,136.59626120440075
113.24621799232682,1681.228134202646,137.00013599671257
112.88054089069897,1681.569131993834,137.00013599671257
112.51486378907111,1681.9101297850218,137.04735674339904
112.14890592883819,1682.2508259424114,137.04735674339904
111.78294806860526,1682.591522099801,137.04735674339904
111.41699020837234,1682.9322182571907,138.14323177599786
111.04458261068669,1683.265853615312,138.14323177599786
110.67217501300104,1683.5994889734332,139.77062603156782
110.29044261494482,1683.9224134688184,139.77062603156782
109.90871021688861,1684.2453379642036,139.62901480935633
109.52777851301562,1684.5692037695342,139.62901480935633
109.14684680914263,1684.8930695748647,139.80201608777708
108.76493752105955,1685.2157849112693,140.7787990916554
108.37758233503223,1685.5319428354253,140.7787990916554
107.99022714900491,1685.8481007595813,140.7787990916554
107.60287196297759,1686.1642586837372,141.90787997991097
107.20936249539068,1686.4727221352543,143.03351287290414
106.80987091740064,1686.7733944404704,142.6618046708317
106.41233734565719,1687.076652883628,143.05435476128832
106.01273445874051,1687.3771813263243,143.05435476128832
105.61313157182383,1687.6777097690206,143.05435476128832
105.21352868490715,1687.9782382117169,142.5809995958456
104.81642245583487,1688.2820575684602,143.81527190484636
104.41286367019404,1688.5772527967076,143.99182958061817
104.00839709676461,1688.8712030955496,143.95752697049878
103.60410747894798,1689.1653948404705,144.64275579858904
103.19632755746966,1689.4547312089683,144.64275579858904
102.78854763599134,1689.744067577466,144.64275579858904
102.38076771451301,1690.0334039459638,145.3789657489915
101.96930379074854,1690.3174768928372,146.05500441515602
101.554516780678,1690.5966752743652,146.05500441515602
101.13972977060746,1690.8758736558932,147.32813987694107
100.71884185544843,1691.1457870786971,147.32813987694107
100.2979539402894,1691.415700501501,147.32813987694107
99.87706602513038,1691.685613924305,147.2981814946213
99.45631920780727,1691.9557474386472,148.46063000461814
99.03017910410347,1692.217289375772,148.46063000461814
98.60403900039967,1692.4788313128968,148.46063000461814
98.17789889669587,1692.7403732500215,148.75251956903384
97.75043186434698,1692.999740894059,149.3962274493454
97.3200776421769,1693.254289919628,150.94616197592003
96.88299603110227,1693.4971053892275,150.94616197592003
96.44591442002763,1693.739920858827,150.94616197592003
96.008832808953,1693.9827363284264,150.71256657781578
95.5727445239961,1694.2273319090045,151.9114248791615
95.13163413996733,1694.4627498958369,151.70759505579025
94.69136480194345,1694.6997352332558,151.70759505579025
94.25109546391957,1694.9367205706747,151.70759505579025
93.81082612589569,1695.1737059080936,153.68179939832328
93.36265331580455,1695.3953838768093,153.68179939832328
92.91448050571341,1695.617061845525,154.9097596730954
92.46165998437777,1695.8290844270819,154.83883511283472
92.00910226536757,1696.041667377826,154.83883511283472
91.55654454635737,1696.25425032857,154.83883511283472
91.10398682734717,1696.466833279314,156.47770357779498
90.64553452941948,1696.6663861821073,156.47770357779498
90.18708223149179,1696.8659390849007,157.3623307216061
89.72560358285375,1697.0583901749194,157.6973126363235
89.26300861369498,1697.2481395458433,157.6973126363235
88.8004136445362,1697.4378889167672,158.27148578159196
88.33594031805774,1697.6229931145767,158.27148578159196
87.87146699157927,1697.8080973123863,158.27148578159196
87.4069936651008,1697.9932015101958,159.16199020931631
86.93969938212058,1698.171064779338,159.16199020931631
86.47240509914036,1698.34892804848,157.89601924388674
86.00915386442591,1698.537072361856,157.89601924388674
85.54590262971146,1698.7252166752319,159.88535252385367
85.07639961901089,1698.8971664919823,159.88535252385367
84.60689660831031,1699.0691163087326,160.26498044774766
84.13626444267675,1699.237951622378,160.62572296954974
83.66458222654967,1699.4038191659083,160.62572296954974
83.19290001042259,1699.5696867094387,160.62572296954974
82.72121779429551,1699.735554252969,160.57496309392016
82.2496793549982,1699.901840790397,160.57496309392016
81.77814091570087,1700.068127327825,161.36049975609404
81.30436699327493,1700.2279335694416,161.36049975609404
80.83059307084898,1700.387739811058,160.73744768281674
80.35858932324584,1700.552686924418,160.73744768281674
79.8865855756427,1700.7176340377778,160.73744768281674
79.41458182803956,1700.8825811511376,162.41275455005157
78.93795289578031,1701.0336599841628,162.41275455005157
78.46132396352107,1701.184738817188,162.1770146288994
77.98532495845666,1701.3377760466828,162.1770146288994
77.50932595339225,1701.4908132761777,162.1674688829884
77.03334902262839,1701.6439309103057,162.1674688829884
76.55737209186452,1701.7970485444337,161.2031985372155
76.08404116752172,1701.9581540493862,161.2031985372155
75.61071024317891,1702.1192595543387,162.01181253109849
75.13515019458578,1702.2736699921802,162.14910626731273
74.6592247498071,1702.426939393968,162.14910626731273
74.18329930502841,1702.5802087957559,161.7858351132754
73.70835234754566,1702.7364935315682,161.7858351132754
73.2334053900629,1702.8927782673804,159.79554379483204
72.76417260634003,1703.0654637524099,159.44863140791006
72.29599444298981,1703.2409869772769,159.44863140791006
71.82781627963959,1703.4165102021439,159.44863140791006
71.35963811628937,1703.5920334270108,159.04051897278262
70.89272179815532,1703.770887058109,159.04051897278262
70.42580548002127,1703.9497406892074,157.25932800528892
69.96467415029099,1704.1430208345828,156.32589164715017
69.50675491989341,1704.3437865664648,156.32589164715017
69.04883568949583,1704.5445522983468,155.63275538232085
68.59337656808134,1704.7508438401603,155.63275538232085
68.13791744666685,1704.9571353819738,153.3110691912542
67.69118856292073,1705.1817084771583,153.59860929840391
67.24333899078533,1705.4040364845937,153.59860929840391
66.79548941864994,1705.626364492029,152.42636466503043
66.35228154522349,1705.8578083503498,152.42636466503043
65.90907367179705,1706.0892522086706,151.19563901564112
65.47093867639455,1706.3301623892755,151.19563901564112
65.03280368099206,1706.5710725698805,151.83695010131126
64.59200007589186,1706.807063510474,149.42074309859746
64.16153697379491,1707.0614283751875,149.42074309859746
63.73107387169796,1707.3157932399008,148.33190991034135
63.305522516498286,1707.5782918186976,147.9957595806811
62.88151809399153,1707.843282822466,147.98097625041828
62.457582399372654,1708.1083830046186,147.96904783730508
62.033701650902344,1708.373571599308,146.39454466766654
61.61726738511402,1708.6503070203673,147.85970262273747
61.19389377875177,1708.9163039069463,145.68534449336522
60.780916830805836,1709.1981724965742,145.34862781764042
60.3696037252148,1709.4824630341334,145.21122271056421
59.958973692829204,1709.767739073689,145.21122271056421
59.54834366044361,1710.0530151132446,142.3482545364204
59.152474529063056,1710.3584453335734,143.08413341305595
58.752715350921676,1710.6587661604851,141.1391692819338
58.363379465828984,1710.9724814011436,140.89680370324194
57.97537476521984,1711.2878402102315,140.89680370324194
57.587370064610695,1711.6031990193194,141.8344404319998
57.19425584110422,1711.9121669609656,141.8344404319998
56.80114161759775,1712.2211349026118,139.57106666337347
56.420536666331145,1712.5453866593,139.98422125965348
56.03760743776263,1712.866882180349,139.98422125965348
55.65467820919412,1713.188377701398,139.59539398469613
55.27393516336156,1713.5124682137375,137.94189230737155
54.90270225233087,1713.8474101786285,132.64203298648832
54.563994930224226,1714.2152097135406,136.53903639411135
54.201073338426,1714.5591398157442,136.67530346016636
53.83733497650621,1714.9022056415763,136.67530346016636
53.47359661458643,1715.2452714674084,135.57475251624084
53.11651446431608,1715.595260519581,134.36816714135682
52.766881483526845,1715.952691003855,134.36816714135682
52.41724850273761,1716.3101214881292,133.60525871426643
52.072405499533716,1716.672175769889,133.60525871426643
51.727562496329824,1717.0342300516488,133.0916118686455
51.38597906123016,1717.3993612018453,132.7842187126459
51.046359895238766,1717.766319231361,131.36987136869865
50.715901233050886,1718.141548582997,131.36987136869865
50.385442570863006,1718.5167779346332,132.2037337767934
50.04955845711868,1718.8871579943152,130.54756288713637
49.72451894794642,1719.2670912592585,130.54756288713637
49.399479438774165,1719.6470245242017,127.60044070922386
49.09440380975866,1720.0431669992975,127.60044070922386
48.789328180743155,1720.4393094743932,127.60044070922386
48.48425255172765,1720.835451949489,128.00068090233964
48.176417637649365,1721.2294530204783,128.1293231894959
47.867698371708684,1721.6227625815777,127.19581526498203
47.565428340626,1722.0210490424893,126.08057112579041
47.2709673076082,1722.4251436736604,126.08057112579041
46.976506274590406,1722.8292383048315,123.89084955196361
46.69770001925201,1723.244288954462,125.0003141878637
46.410909555648686,1723.6538634032163,124.26779836707537
46.12937879827837,1724.067070727202,124.26779836707537
45.84784804090805,1724.4802780511877,125.59363690752576
45.5568317319096,1724.8868607199875,121.77823680404425
45.29351526587061,1725.3119071129693,122.07279945983355
45.02801708701702,1725.735594163622,120.82356084485887
44.77181926524872,1726.1649684654024,120.82356084485887
44.51562144348043,1726.5943427671828,120.82356084485887
44.25942362171213,1727.0237170689632,120.28027653679943
44.00730843772476,1727.4555016482236,119.00841517667321
43.76484004001804,1727.8927747427813,119.5901801179184
43.517946553768866,1728.3275593653639,119.5901801179184
43.27105306751969,1728.7623439879465,118.41737007147853
43.03310925123094,1729.2020931701686,118.41737007147853
42.79516543494219,1729.6418423523908,116.18519453408207
42.57453193936169,1730.090521456649,116.23726990581494
42.35348908506478,1730.5390031954178,116.23726990581494
42.13244623076787,1730.9874849341866,116.23726990581494
41.91140337647096,1731.4359666729554,115.24489603678833
41.69816140236571,1731.8882087683128,115.24489603678833
41.48491942826047,1732.3404508636702,114.35675717614349
41.278711216219904,1732.795947827914,113.37766654196037
41.08031670621392,1733.254901228413,113.37766654196037
40.88192219620794,1733.713854628912,113.5375850166223
40.68224766969115,1734.172252053508,112.40806949951931
40.49164809322292,1734.6344964943273,111.5946823205491
40.307630422323314,1735.0993981350412,110.66492098628642
40.13118057606539,1735.5672251343494,110.66492098628642
39.954730729807466,1736.0350521336577,110.66492098628642
39.77828088354954,1736.502879132966,109.80703800885118
39.60885604954103,1736.9732934003328,109.56181692245596
39.44144474622033,1737.4444322750169,109.57678292817901
39.27391001175181,1737.9155284522906,109.25190304530025
39.10904918749111,1738.3875669803115,109.16269262721872
38.94492343285367,1738.8598619182167,109.21071094364736
38.78040187704789,1739.3320192520246,106.61226859286761
38.63745509582759,1739.8111499389518,106.2655209972387
38.4974105588185,1740.2911369466515,106.29577323039778
38.35711260767323,1740.7710499438272,104.46024132263808
38.2322590887552,1741.2552084075317,104.51656884058089
38.10692913085984,1741.7392459131684,105.54268558119405
37.9729512932754,1742.220960497172,105.54268558119405
37.83897345569096,1742.7026750811756,104.67422441163563
37.71231207749986,1743.1863659514838,104.23947169165477
37.589324482981056,1743.6710040136938,103.2884029243095
37.47439810592914,1744.1576167219566,103.12913837797737
37.36082486831708,1744.6445467337273,103.10233269016118
37.24747941273165,1745.1315299963933,101.44479614788506
37.14826756721288,1745.6215881549683,101.81541160399321
37.045887895802935,1746.1109943273593,100.3398093150102
36.95614547626542,1746.602872036092,99.24516985565205
36.87581580086578,1747.0963769668317,99.24516985565205
36.79548612546614,1747.5898818975713,99.0364862550838
36.71695451989092,1748.083675569795,96.87081134032366
36.65713908872783,1748.5800838960906,96.87081134032366
36.59732365756474,1749.0764922223862,96.90966968708558
36.53717147558916,1749.5728606714204,96.90966968708558
36.47701929361358,1750.0692291204546,95.79345592126366
36.426548061887274,1750.5666742470073,95.79345592126366
36.37607683016097,1751.06411937356,94.99152846431822
36.33257280229259,1751.5622209134117,92.68072413274831
36.30918761495013,1752.0616735384262,93.8469441333788
36.275641992543115,1752.560545753275,93.8469441333788
36.242096370136096,1753.0594179681236,93.76469894436555
36.20926683872858,1753.5583385683378,93.49670005089797
36.17877131435853,1754.0574076990492,92.80909826039209
36.15426712734677,1754.5568068810837,91.74347678141096
36.13905488738715,1755.0565715588457,91.74347678141096
36.12384264742752,1755.5563362366076,91.74347678141096
36.1086304074679,1756.0561009143696,91.11628563526587
36.09888961332217,1756.5560050236393,91.11628563526587
36.089148819176444,1757.055909132909,90.88687233905671
36.081409707251964,1757.5558492221537,90.5921069119929
36.07624269165353,1758.0558225233874,90.5921069119929
36.0710756760551,1758.555795824621,90.5921069119929
36.06590866045667,1759.0557691258548,90.3762434271511
36.06262534147345,1759.5557582364906,90.3762434271511
36.05934202249023,1760.0557473471265,90.3762434271511
36.056058703507006,1760.5557364577624,90.30506535483048
36.05339651864813,1761.055729370409,90.59521889466048
36.04820234733552,1761.5557023902652,90.59521889466048
36.04300817602291,1762.0556754101215,90.59521889466048
36.0378140047103,1762.5556484299777,90.35375110820694
36.03472696353788,1763.0556389000637,90.35375110820694
36.03163992236546,1763.5556293701497,90.27732826183461
36.029219786176554,1764.0556235130562,90.27732826183461
36.02679964998765,1764.5556176559626,90.26939108105957
36.02444877831135,1765.0556120587084,90.26939108105957
36.022097906635054,1765.5556064614543,90.26939108105957
36.019747034958755,1766.0556008642002,90.27715054270733
36.01732844966875,1766.5555950094222,90.27715054270733
36.01490986437875,1767.0555891546442,90.26944948432704
36.01255848307562,1767.5555835481637,90.26944948432704
36.010207101772494,1768.0555779416832,90.26944948432704
36.007855720469365,1768.5555723352027,90.29857898411754
36.005250139116015,1769.055565540613,90.29857898411754
36.002644557762665,1769.5555587460235,90.29857898411754
36.000038976409314,1770.055551951434,90.264759421465
35.997728522816715,1770.5555466132084,90.264759421465
35.995418069224115,1771.055541274983,90.26721547989499
35.99308618316479,1771.555535739606,90.26721547989499
35.99075429710547,1772.0555302042292,90.26721547989499
35.988422411046145,1772.5555246688523,90.31214531492125
35.98569844277961,1773.0555172481077,90.31214531492125
35.98297447451307,1773.555509827363,90.23835581234592
35.98089443402682,1774.055505411251,90.23835581234592
35.978814393540574,1774.555500995139,90.23835581234592
35.976734353054326,1775.055496579027,90.2610889427381
35.97445593010275,1775.5554913858507,90.2610889427381
35.97217750715117,1776.0554861926744,90.26657725597326
35.96985119052192,1776.5554806967418,90.26657725597326
35.96752487389267,1777.0554752008093,90.26657725597326
35.96519855726342,1777.5554697048767,90.26830743753753
35.96285714219732,1778.0554641216822,90.26830743753753
35.960515727131224,1778.5554585384878,90.25207646087127
35.958315952198404,1779.0554536823802,90.27900487475635
35.95588118497869,1779.5554477532999,90.27900487475635
35.95344641775898,1780.0554418242195,90.26934591355943
35.95109593990719,1780.5554362994155,90.26934591355943
35.9487454620554,1781.0554307746115,90.26934591355943
35.94639498420361,1781.5554252498075,90.26673576061981
35.94406728398383,1782.0554198315886,90.26673576061981
35.94173958376405,1782.5554144133696,90.29245506430121
35.9391874429532,1783.0554078999044,90.29245506430121
35.93663530214235,1783.5554013864391,90.23742796030265
35.93456335825044,1784.0553970934693,90.23742796030265
35.93249141435854,1784.5553928004995,90.29559975076397
35.92991183134268,1785.0553861462067,90.26130898197084
35.927631488197676,1785.5553809462149,90.26130898197084
35.92535114505267,1786.055375746223,90.26130898197084
35.92307080190767,1786.5553705462312,90.3041672385001
35.92041645448114,1787.0553635006213,90.24928045350894
35.91824107900686,1787.5553587683405,90.24928045350894
35.91606570353258,1788.0553540360597,90.27693322886499
35.91364901461634,1788.5553481956404,90.27693322886499
35.9112323257001,1789.055342355221,90.30356311421444
35.90858325017837,1789.5553353375706,90.25854685127403
35.90632701092284,1790.055330246929,90.3009565961108
35.90370068124605,1790.555323349274,90.25119026709646
35.90150863966312,1791.0553185442045,90.25119026709646
35.89931659808019,1791.555313739135,90.27615300420979
35.89690671782921,1792.0553079315785,90.27615300420979
35.89449683757823,1792.5553021240219,90.26798648423333
35.89215822285473,1793.055296654873,90.26798648423333
35.88981960813123,1793.5552911857242,90.26798648423333
35.887480993407735,1794.0552857165753,90.27283920876573
35.8851000311455,1794.5552800475618,90.27356593926459
35.88271272703537,1795.0552743483083,90.27356593926459
35.88032542292524,1795.5552686490548,90.26891533308984
35.87797870255531,1796.055263141928,90.26891533308984
35.87563198218538,1796.5552576348011,90.26891533308984
35.873285261815454,1797.0552521276743,90.24858145858714
35.87111598616502,1797.5552474218953,90.24858145858714
35.86894671051459,1798.0552427161163,90.24858145858714
35.86677743486416,1798.5552380103372,90.29411477230022
35.86421081055846,1799.0552314227334,90.25314827854244
35.86200168226776,1799.5552265424617,90.25314827854244
35.85979255397706,1800.05522166219,90.27239994820859
35.85741542494293,1800.5552160114155,90.27239994820859
35.8550382959088,1801.055210360641,90.27910720540783
35.852602636814595,1801.5552041976437,90.27910720540783
35.85016697772039,1802.0551980346463,90.26770370544274
35.84783083068123,1802.5551925768561,90.26770370544274
35.84549468364207,1803.055187119066,90.26770370544274
35.843158536602914,1803.5551816612758,90.22833832377894
35.84116591409827,1804.0551776907155,90.22833832377894
35.839173291593625,1804.5551737201552,90.26078470771297
35.83689752355713,1805.0551685410082,90.26078470771297
35.83462175552063,1805.5551633618613,90.26078470771297
35.83234598748413,1806.0551581827144,90.27540887077095
35.82994260094722,1806.5551524064142,90.27540887077095
35.82753921441031,1807.055146630114,90.26882235674651
35.825193305403104,1807.5551411267948,90.26882235674651
35.8228473963959,1808.0551356234755,90.26882235674651
35.8205014873887,1808.5551301201563,90.27730793654403
35.81808152856934,1809.0551242639212,90.27730793654403
35.81566156974998,1809.5551184076862,90.2451089772349
35.81352259693472,1810.0551138324606,90.2451089772349
35.81138362411946,1810.555109257235,90.2451089772349
35.8092446513042,1811.0551046820094,90.26642767506523
35.806919639608964,1811.5550992763008,90.26642767506523
35.80459462791373,1812.0550938705921,90.26642767506523
35.802269616218496,1812.5550884648835,90.24941606040545
35.800093057362005,1813.0550837274527,90.3230641702792
35.79727381012367,1813.5550749711822,90.2693798391002
35.794923036223736,1814.0550694439698,90.2693798391002
35.7925722623238,1814.5550639167575,90.2693798391002
35.79022148842387,1815.0550583895451,90.25526624692193
35.7879938775543,1815.5550534272577,90.29380918856606
35.78542992126256,1816.055046594382,89.82718454990356
35.78693801822317,1816.5550443021168,89.82718454990356
35.788446115183774,1817.0550420098516,89.82718454990356
35.78995421214438,1817.5550397175864,90.17516834414344
35.788425582353966,1818.05503737971,90.17516834414344
35.78689695256355,1818.5550350418337,90.26770793680521
35.78456076859868,1819.0550295839805,90.26770793680521
35.78222458463381,1819.5550241261274,90.59294548266666
35.77705025151704,1820.0549973516856,90.59294548266666
35.77187591840027,1820.554970577244,90.59294548266666
35.7667015852835,1821.0549438028022,90.61308525875235
35.7613515091997,1821.5549151786686,90.63718677761278
35.755791121655534,1822.0548841295206,90.63718677761278
35.75023073411137,1822.5548530803726,90.65145464583745
35.74454584317425,1823.054820689083,90.65145464583745
35.73886095223713,1823.5547882977935,90.6393533330739
35.7332816590399,1824.0547570441247,90.6393533330739
35.727702365842674,1824.554725790456,90.65811305610463
35.72195937233573,1825.0546928031788,90.57154889396072
35.71697175005784,1825.5546679241493,90.698400526618
35.71087721583615,1826.0546300248516,90.63340502939431
35.70534982695881,1826.5545994569356,90.60141606797124
35.700101594319335,1827.054570362701,90.60141606796374
35.6969584817416,1827.3539977986366,74.5510019219411
35.83012438090043,1827.835843677061,74.5510019219411
35.963290280059255,1828.3176895554852,74.5510019219411
36.09645617921808,1828.7995354339096,74.5510019219411
36.229622078376906,1829.281381312334,74.5510019219411
36.36278797753573,1829.7632271907582,74.54510855883737
36.49600350926801,1830.2450596272295,65.78726916432473
36.701065776259156,1830.701072844769,65.78726916432473
36.906128043250305,1831.1570860623085,65.78726916432473
37.111190310241454,1831.613099279848,65.78726916432473
37.3162525772326,1832.0691124973876,65.78726916432473
37.52131484422375,1832.525125714927,50.75145299110257
37.83765674852634,1832.9123289078655,50.75145299110257
38.15399865282893,1833.2995321008038,50.75145299110257
38.47034055713152,1833.6867352937422,50.75145299110257
38.78668246143411,1834.0739384866806,50.75145299110257
39.1030243657367,1834.461141679619,50.75145299110257
39.41936627003929,1834.8483448725574,43.58675385116744
39.781530377161744,1835.1930694685254,43.58675385116744
40.1436944842842,1835.5377940644935,43.58675385116744
40.50585859140665,1835.8825186604615,43.58675385116744
40.8680226985291,1836.2272432564296,43.58675385116744
41.230186805651556,1836.5719678523976,43.58675385115277
41.39095849101432,1836.7249977998435,38.57125220541182
41.78187232280095,1837.0367392094918,38.57125220541182
42.172786154587584,1837.34848061914,38.57125220541182
42.56369998637422,1837.6602220287882,38.57125220541182
42.95461381816085,1837.9719634384364,38.57125220541182
43.345527649947485,1838.2837048480847,38.57125220541182
43.73644148173412,1838.5954462577329,46.59516256917926
44.08001579862321,1838.958704471263,46.59516256917926
44.4235901155123,1839.321962684793,46.59516256917926
44.76716443240139,1839.6852208983232,46.59516256917926
45.110738749290476,1840.0484791118533,46.59516256917926
45.454313066179566,1840.4117373253835,46.59516256917926
45.797887383068655,1840.7749955389136,46.88009013179133
46.1396507863567,1841.1399575907415,52.29195281686948
46.445468621247755,1841.5355247974821,52.29195281686948
46.751286456138814,1841.9310920042228,52.29195281686948
47.05710429102987,1842.3266592109635,52.29195281686948
47.36292212592093,1842.7222264177042,52.29195281686948
47.66873996081199,1843.1177936244449,52.29195281686948
47.97455779570305,1843.5133608311855,52.69268413373703
48.277601045274764,1843.9110566053441,52.69268413373703
48.58064429484648,1844.3087523795027,60.91194795938107
48.82372013426743,1844.74568785742,60.91194795938107
49.066795973688386,1845.1826233353374,60.91194795938107
49.30987181310934,1845.6195588132548,60.91194795938107
49.55294765253029,1846.0564942911722,60.91194795938107
49.796023491951246,1846.4934297690895,60.91194795938107
50.0390993313722,1846.9303652470069,61.8178496493043
50.275236829601,1847.3710894506585,61.8178496493043
50.5113743278298,1847.81181365431,61.8178496493043
50.7475118260586,1848.2525378579617,61.817849649285584
50.89295850310009,1848.523997797165,34.92739755669307
51.302897415564416,1848.810266661148,34.92739755669307
51.71283632802874,1849.096535525131,34.92739755669307
52.12277524049307,1849.382804389114,34.92739755669307
52.532714152957396,1849.669073253097,20.31871724032157
53.00160009500428,1849.8426935847826,20.31871724032157
53.47048603705116,1850.0163139164683,20.31871724032157
53.93937197909804,1850.189934248154,20.31871724032157
54.40825792114492,1850.3635545798397,9.616326150943792
54.9012314155118,1850.4470793010867,9.616326150943792
55.39420490987868,1850.5306040223336,9.616326150943792
55.88717840424556,1850.6141287435805,9.616326150943792
56.38015189861244,1850.6976534648275,9.616326150943792
56.87312539297932,1850.7811781860744,9.616326150943792
57.3660988873462,1850.8647029073213,7.855538320843223
57.8613706327817,1850.933035850874,7.855538320843223
58.3566423782172,1851.0013687944265,7.855538320843223
58.851914123652705,1851.0697017379791,7.855538320843223
59.34718586908821,1851.1380346815317,7.855538320843223
59.84245761452371,1851.2063676250843,2.8644360191113494
60.3417125192658,1851.2313481101949,2.8644360191113494
60.840967424007886,1851.2563285953054,2.8644360191113494
61.340222328749974,1851.281309080416,1.298544896884197
61.84004270421997,1851.2926388913193,1.298544896884197
62.33986307968996,1851.3039687022226,1.298544896884197
62.83968345515996,1851.315298513126,1.298544896884197
63.33950383062995,1851.3266283240293,1.2849906263750794
63.83933098669388,1851.3378399860746,1.2849906263750794
64.33915814275781,1851.34905164812,1.2849906263750794
64.83898529882174,1851.3602633101652,1.2871018707224546
65.33880988842998,1851.3714933415433,1.2871018707224546
65.83863447803822,1851.3827233729214,1.2871018707224546
66.33845906764645,1851.3939534042995,3.321549903082566
66.83761551514249,1851.4229229533455,3.321549903082566
67.33677196263852,1851.4518925023915,3.321549903082566
67.83592841013456,1851.4808620514375,4.9846366158377196
68.33375766968697,1851.5242819606606,4.9846366158377196
68.83158692923939,1851.5677018698836,4.9846366158377196
69.32941618879181,1851.6111217791067,4.984636615858405
69.67195853049634,1851.6409978000447,3.990023671894192
70.17074617455808,1851.6757891574316,3.990023671894192
70.66953381861981,1851.7105805148185,3.990023671894192
71.16832146268155,1851.7453718722054,3.990023671894192
71.66710910674328,1851.7801632295923,3.990023671894192
72.16589675080502,1851.8149545869792,3.9911702621778486
72.6646838695408,1851.8497559379173,3.9911702621778486
73.16347098827657,1851.8845572888554,3.9911702621778486
73.66225810701235,1851.9193586397935,3.9911702621778486
74.16104522574813,1851.9541599907316,3.9911702621778486
74.6598323444839,1851.9889613416697,3.9911702621778486
75.15861946321968,1852.0237626926078,4.006668523285651
75.65739700509607,1852.0586989518781,4.006668523285651
76.15617454697247,1852.0936352111485,4.006668523285651
76.65495208884886,1852.1285714704188,4.006668523285651
77.15372963072525,1852.1635077296892,4.006668523285651
77.65250717260164,1852.1984439889595,4.006668523285651
78.15128471447804,1852.2333802482299,3.9934265258032204
78.6500702946696,1852.2682012292853,3.9934265258032204
79.14885587486117,1852.3030222103407,3.9934265258032204
79.64764145505274,1852.3378431913961,3.9934265258032204
80.1464270352443,1852.3726641724516,3.9934265258032204
80.64521261543587,1852.407485153507,3.9934265258032204
81.14399819562743,1852.4423061345624,3.9904733711078157
81.64278556704289,1852.4771014068292,3.9904733711078157
82.14157293845835,1852.511896679096,3.9904733711078157
82.64036030987381,1852.5466919513628,3.9904733711078157
83.13914768128927,1852.5814872236297,3.9904733711078157
83.63793505270473,1852.6162824958965,3.9904733711078157
84.1367224241202,1852.6510777681633,3.9900819277402264
84.63551020598766,1852.6858696447755,3.9900819277402264
85.13429798785512,1852.7206615213877,3.9900819277402264
85.63308576972258,1852.7554533979999,3.9900819277402264
86.13187355159005,1852.790245274612,3.9900819277402264
86.63066133345751,1852.8250371512243,3.9900819277402264
87.12944911532497,1852.8598290278364,3.995436103768218
87.62823350075814,1852.8946675050277,3.995436103768218
88.12701788619131,1852.9295059822189,3.995436103768218
88.62580227162448,1852.96434445941,3.995436103768218
89.12458665705765,1852.9991829366013,3.995436103768218
89.62337104249082,1853.0340214137925,3.995436103768218
90.12215542792399,1853.0688598909837,4.990356039774405
90.62025823495685,1853.1123537592823,4.990356039774405
91.11836104198971,1853.155847627581,4.990356039774405
91.61646384902258,1853.1993414958795,4.990356039774405
92.11456665605544,1853.242835364178,4.990356039774405
92.61266946308831,1853.2863292324766,4.990356039774405
93.11077227012117,1853.3298231007752,5.104795307510272
93.60878687823549,1853.374311733547,5.104795307510272
94.10680148634981,1853.418800366319,5.104795307510272
94.60481609446413,1853.4632889990908,5.104795307510272
95.10283070257844,1853.5077776318626,5.104795307510272
95.60084531069276,1853.5522662646345,5.104795307510272
96.09885991880708,1853.5967548974063,5.134660026399295
96.5968507677992,1853.641503062962,5.134660026399295
97.09484161679131,1853.686251228518,5.134660026399295
97.59283246578343,1853.7309993940737,5.134660026399295
98.09082331477555,1853.7757475596295,5.134660026399295
98.58881416376767,1853.8204957251853,5.134660026399295
99.08680501275978,1853.865243890741,5.123202496471388
99.58480519690579,1853.909892506936,5.123202496471388
100.0828053810518,1853.954541123131,5.123202496471388
100.5808055651978,1853.999189739326,5.123202496471388
101.07880574934381,1854.043838355521,5.123202496471388
101.57680593348982,1854.088486971716,5.123202496471388
102.07480611763583,1854.133135587911,5.137040805683352
102.5727950901213,1854.177904444662,5.137040805683352
103.07078406260678,1854.2226733014131,5.137040805683352
103.56877303509225,1854.2674421581642,5.137040805683352
104.06676200757772,1854.3122110149152,5.137040805683352
104.5647509800632,1854.3569798716662,5.137040805683352
105.06273995254867,1854.4017487284173,5.123428960649245
105.56073996114003,1854.4463993130632,5.123428960649245
106.05873996973139,1854.4910498977092,5.123428960649245
106.55673997832275,1854.5357004823552,5.123428960649245
107.05473998691411,1854.5803510670012,5.123428960649245
107.55273999550548,1854.6250016516472,5.123428960649245
108.05074000409684,1854.6696522362931,5.1371367716107565
108.54872889955413,1854.7144219269528,5.1371367716107565
109.04671779501143,1854.7591916176125,5.1371367716107565
109.54470669046873,1854.8039613082722,5.1371367716107565
110.04269558592603,1854.8487309989318,5.1371367716107565
110.54068448138332,1854.8935006895915,5.1371367716107565
111.03867337684062,1854.9382703802512,5.132353705188223
111.53666626492873,1854.982998521595,5.132353705188223
112.03465915301683,1855.0277266629387,5.132353705231566
112.39395859412616,1855.059997798875,-0.4623917002947705
112.89394217754102,1855.0559627149582,-0.4623917002947705
113.39392576095588,1855.0519276310415,-0.6279183895088992
113.89389571342554,1855.0464481193003,-0.02497568798094851
114.39389537172576,1855.0462301654413,-0.02497568798094851
114.89389503002599,1855.0460122115824,-0.7327020266532844
115.39385414642118,1855.0396183544613,-0.7553496732938062
115.89381069690558,1855.0330268759978,-0.7553496732938062
116.39376724738997,1855.0264353975344,0.3337669704042808
116.89375876378904,1855.0293480473451,0.38283471088865734
117.39374760246437,1855.032688885584,0.3555522065393479
117.89373797526184,1855.0357916440034,1.2391536895526993
118.39362104466557,1855.046604456936,1.2276015773280167
118.89350628401394,1855.0573164820282,1.2252923662585846
119.39339195468665,1855.068008360069,1.2252923662585846
119.89327762535936,1855.0787002381096,0.5907650453960219
120.3932507961689,1855.0838555417456,0.4653577065554923
120.89323426435442,1855.0879165088606,0.4653577065554923
121.39321773253994,1855.0919774759757,0.9484342149961252
121.89314922963274,1855.1002537478673,0.9484342149961252
122.39308072672554,1855.108530019759,0.41952534920525214
122.8930673233956,1855.1121910363645,0.41952534920525214
123.39305392006565,1855.11585205297,0.3085205566246752
123.89304624879685,1855.1185443874456,1.0828282705216827
124.39295692542737,1855.1279932835857,1.0828282705216827
124.89286760205789,1855.137442179726,1.0828282705216827
125.39277827868841,1855.146891075866,0.5114418618037012
125.89275816347583,1855.1513541870615,0.5114418618037012
126.39273804826325,1855.155817298257,0.236592256841668
126.892733349325,1855.157881947522,1.0723207732600184
127.39264556841329,1855.167239161267,1.0723207732600184
127.89255778750157,1855.176596375012,1.0723207732600184
128.39247000658986,1855.185953588757,0.5082758971596142
128.89245019703787,1855.1903890733342,0.5082758971596142
129.3924303874859,1855.1948245579115,0.310718652019822
129.89242136933524,1855.1975360673496,0.22476150613800283
130.3924172148802,1855.1994974752704,0.22880010492079714
130.89241322173757,1855.2014941275177,0.1667886210436239
131.39241109978593,1855.202949630748,-0.17033250205719777
131.8924088903068,1855.2014632014454,-0.050684410322196165
132.39240832979942,1855.2010208969061,-0.050684410322196165
132.89240776929205,1855.2005785923668,-0.050684410322196165
133.39240720878468,1855.2001362878275,-0.1351563445417944
133.8924058067746,1855.1989568273384,-0.14659025196923142
134.39240395059323,1855.197677588022,-0.14659025196923142
134.89240209441186,1855.1963983487058,-1.1744398937649545
135.39229705101684,1855.1861501450217,-1.2263853782197882
135.892182514355,1855.1754487309054,-1.448487960362888
136.39202274206673,1855.1628096352874,-1.289385708248521
136.89189591533557,1855.1515585770712,-1.289385708248521
137.3917690886044,1855.140307518855,-1.226967348298117
137.891654445335,1855.1296010272104,-1.2458739213650245
138.39153624296978,1855.1187295829834,-1.2458739213650245
138.89141804060455,1855.1078581387565,-2.7961859324682417
139.39082241202755,1855.0834665139241,-3.508650381984935
139.88988470064248,1855.052866926921,-3.508650381984935
140.38894698925742,1855.022267339918,-3.508650381984935
140.88800927787236,1854.991667752915,-4.878732894689622
141.3861976035471,1854.949144218518,-5.226749351376195
141.88411857216522,1854.9035954637702,-5.226749351376195
142.38203954078335,1854.8580467090223,-5.663648339708242
142.87959873239868,1854.8087025037164,-5.776958387105016
143.37705915215338,1854.7583744275378,-5.776958387105016
143.87451957190808,1854.7080463513591,-7.131311514664916
144.37065169183256,1854.6459744731626,-7.131311514664916
144.86678381175705,1854.583902594966,-8.2556082341024
145.36160248009116,1854.5121078497145,-8.480378051665939
145.8561350323472,1854.438372599892,-7.735825693890912
146.35158463056416,1854.371069703255,-9.314384478829938
146.8449921860314,1854.2901439171915,-11.041360003760895
147.335736780278,1854.1943851416702,-11.59577449077762
147.82553181838102,1854.0938823027454,-11.884654635680132
148.31481390691465,1853.9909112493726,-12.171449164548694
148.8035744455957,1853.8854923903962,-13.65047088059051
149.28945106364847,1853.7674933184614,-13.65047088059051
149.77532768170124,1853.6494942465267,-13.565369040841505
150.26137884537616,1853.5322170247905,-13.565369040841505
150.74743000905107,1853.4149398030543,-13.565369040841505
151.233481172726,1853.297662581318,-16.116632834963298
151.71382941132492,1853.1588661126216,-16.116632834963298
152.19417764992386,1853.0200696439251,-16.836782426723182
152.6727444518698,1852.8752465099165,-16.836782426723182
153.15131125381572,1852.7304233759078,-16.836782426723182
153.62987805576165,1852.585600241899,-18.072163394170698
154.1052113346725,1852.4304929450195,-19.85178422761035
154.57549811765773,1852.2606989877897,-19.85178422761035
155.04578490064296,1852.09090503056,-19.85178422761035
155.51607168362818,1851.9211110733302,-21.276010003297426
155.98199257139618,1851.739680810921,-21.276010003297426
156.44791345916417,1851.558250548512,-22.124630236984743
156.91109597774914,1851.3699396481397,-22.124630236984743
157.3742784963341,1851.1816287477675,-22.92817728380505
157.83477421277576,1850.986840810798,-22.92817728380505
158.2952699292174,1850.7920528738284,-24.54462853929039
158.75008783904605,1850.5843524184318,-26.0712019441036
159.19921139451196,1850.3646089055853,-26.0712019441036
159.64833494997788,1850.144865392739,-27.01519562271939
160.09377743659172,1849.917752281593,-26.816559741858658
160.54000449037687,1849.6921848759446,-26.78002719172499
160.98637538570222,1849.46690198218,-26.78002719172499
161.43274628102756,1849.2416190884153,-29.000013159076623
161.87005578259334,1848.9992143421146,-29.09643030325591
162.3069570310887,1848.756073878486,-29.09643030325591
162.74385827958406,1848.5129334148573,-29.09643030325591
163.18075952807942,1848.2697929512287,-30.611480505123804
163.61107937512497,1848.0151861078778,-30.611480505123804
164.04139922217053,1847.7605792645268,-32.16520302116687
164.4646564301445,1847.4943988299501,-32.16520302116687
164.88791363811845,1847.2282183953735,-32.11373418409967
165.31141048461825,1846.9624178414915,-32.11373418409967
165.73490733111805,1846.6966172876096,-32.79390904264978
166.1552189969617,1846.4258081384685,-32.79390904264978
166.57553066280536,1846.1549989893274,-33.78443727777211
166.99109721531272,1845.8769648627233,-35.681472562760604
167.39723288968582,1845.5853258707557,-35.681472562760604
167.80336856405893,1845.293686878788,-36.43131925839498
168.20565319649154,1844.9967575055905,-36.43131925839498
168.60793782892415,1844.699828132393,-36.43131925839498
169.01022246135676,1844.4028987591953,-37.751481429837966
169.40555933337487,1844.096779897336,-37.751481429837966
169.80089620539297,1843.790661035477,-39.35800729810611
170.18749535880022,1843.4735791431528,-39.35800729810611
170.57409451220747,1843.1564972508288,-39.294860835432445
170.96104285367926,1842.8398416577859,-39.294860835432445
171.34799119515105,1842.523186064743,-41.60942504756921
171.7218355122434,1842.1911615600623,-41.60942504756921
172.09567982933572,1841.8591370553816,-41.60942504756921
172.46952414642806,1841.5271125507008,-40.91461098526428
172.84736712924825,1841.199646002041,-43.04287012166539
173.2127880893803,1840.8583739107364,-43.04287012166539
173.57820904951234,1840.517101819432,-44.21428929441562
173.93657717944677,1840.1684301035511,-44.21428929441562
174.2949453093812,1839.8197583876704,-45.77936809689459
174.64365677593844,1839.461428773756,-45.77936809689459
174.99236824249567,1839.1030991598418,-45.77936809689459
175.3410797090529,1838.7447695459275,-46.15019290966435
175.6874648736656,1838.3841904113735,-47.5591273711029
176.02487937407523,1838.0152033464153,-47.5591273711029
176.36229387448486,1837.646216281457,-48.666314255702495
176.6925151959149,1837.2707786369078,-48.666314255702495
177.02273651734492,1836.8953409923586,-49.57382038817307
177.34697025865455,1836.514720131766,-49.57382038817307
177.67120399996418,1836.1340992711732,-49.57382038817307
177.9954377412738,1835.7534784105806,-50.80561471538234
178.31141437171243,1835.3659752601532,-50.80561471538234
178.62739100215106,1834.9784721097258,-52.0131627539634
178.9351312120658,1834.5843960287154,-52.0131627539634
179.24287142198057,1834.1903199477051,-52.0131627539634
179.55061163189532,1833.7962438666948,-54.020708748140144
179.84435803485474,1833.3916291727762,-54.020708748140144
180.13810443781415,1832.9870144788576,-54.33038203688419
180.42965960120512,1832.580818182948,-54.33038203688419
180.72121476459608,1832.1746218870383,-55.08962050073765
181.00736145535393,1831.764598538033,-55.08962050073765
181.29350814611178,1831.3545751890276,-55.91923307427299
181.5736884830369,1830.9404511877801,-55.91923307427299
181.85386881996203,1830.5263271865326,-57.111911352233854
182.12536876070033,1830.1064608072506,-57.111911352233854
182.39686870143862,1829.6865944279687,-57.166072273673024
182.66797162977753,1829.2664715867359,-57.166072273673024
182.93907455811643,1828.846348745503,-58.258403186956514
183.20211906388965,1828.421134203825,-58.258403186956514
183.46516356966288,1827.995919662147,-59.02822180139394
183.72247147010205,1827.567209221324,-59.02822180139394
183.97977937054122,1827.138498780501,-59.16810224020377
184.23603973949344,1826.7091616392809,-59.16810224020377
184.49230010844565,1826.2798244980606,-59.16810224020377
184.74856047739786,1825.8504873568404,-60.682714476920765
184.99338323009658,1825.414526577248,-60.682714476920765
185.2382059827953,1824.9785657976554,-60.682714476920765
185.48302873549403,1824.5426050180629,-62.04018806942214
185.71745436596257,1824.1009675069874,-62.04018806942214
185.9518799964311,1823.659329995912,-61.8117978539609
186.18806458036522,1823.218629736173,-61.8117978539609
186.42424916429934,1822.7779294764339,-62.80916066386012
186.6527260992649,1822.3331865528874,-62.80916066386012
186.88120303423045,1821.8884436293408,-63.83637831570392
187.10167062514302,1821.4396752835455,-66.05131575186036
187.30462957228644,1820.9827210323344,-66.05131575186036
187.50758851942987,1820.5257667811234,-66.05131575186036
187.7105474665733,1820.0688125299123,-66.24045274259664
187.9119966987812,1819.6111911913497,-66.24045274259664
188.1134459309891,1819.153569852787,-66.24045274259664
188.31489516319698,1818.6959485142245,-68.98279186197917
188.4942187846973,1818.2292135442726,-67.98292351705337
188.68165922362414,1817.765679981052,-67.98292351705337
188.86909966255098,1817.3021464178314,-67.98292351705337
189.05654010147782,1816.8386128546108,-69.24409952140834
189.23373255724118,1816.3710666977152,-69.24409952140834
189.41092501300454,1815.9035205408195,-69.9807861483787
189.58209049912784,1815.4337374681309,-70.02592562709401
189.75288468279223,1814.9638228252795,-70.02592562709401
189.9236788664566,1814.4939081824282,-70.91333457228671
190.0871753973696,1814.0214027545228,-70.91333457228671
190.2506719282826,1813.5488973266174,-70.91333457228671
190.4141684591956,1813.076391898712,-71.33407580488611
190.5741915709243,1812.602696493625,-71.33407580488611
190.73421468265303,1812.129001088538,-71.48488823495184
190.8929906507924,1811.654885346532,-71.65852265952059
191.05032895912416,1811.1802910014069,-71.65852265952059
191.20766726745592,1810.7056966562818,-73.11461560650324
191.35289554196106,1810.2272553736236,-73.11461560650324
191.4981238164662,1809.7488140909654,-74.08079235359189
191.63526446316826,1809.2679899462482,-74.16147318328875
191.77172786631536,1808.786973295209,-73.93292948002616
191.91010892959662,1808.3065046183963,-73.93292948002616
192.04848999287788,1807.8260359415835,-73.83230223880247
192.187714399814,1807.345812001445,-74.71150899516144
192.31955394720126,1806.8635071645238,-75.37082767430621
192.445834660561,1806.3797179833114,-75.37082767430621
192.57211537392072,1805.895928802099,-75.37082767430621
192.69839608728046,1805.4121396208866,-75.85431715978956
192.8205897723575,1804.927302589741,-75.88020143724336
192.94256466696083,1804.4424093921793,-75.88020143724336
193.06453956156417,1803.9575161946177,-76.40312345154094
193.18208400296032,1803.471529790088,-76.40312345154094
193.29962844435647,1802.9855433855582,-77.30957037695507
193.4094699203522,1802.4977584284022,-77.30957037695507
193.51931139634792,1802.0099734712462,-77.30957037695507
193.62915287234364,1801.5221885140902,-77.09302043595792
193.74083687624977,1801.0348233695215,-77.09302043595792
193.8525208801559,1800.5474582249528,-78.6745247712892
193.95071177089847,1800.0571953812296,-78.6745247712892
194.04890266164102,1799.5669325375063,-78.93473839615922
194.14486603317903,1799.0762285232138,-78.64101666444144
194.24334355265034,1798.5860235529094,-78.64101666444144
194.34182107212166,1798.095818582605,-78.44300226485441
194.44199228721732,1797.6059562071075,-78.75925967466421
194.53945810514335,1797.115548254488,-81.04870370462255
194.61725552215387,1796.6216377748476,-81.04870370462255
194.69505293916438,1796.1277272952073,-81.04870370462255
194.7728503561749,1795.633816815567,-81.13830290315471
194.84987526772125,1795.1397854914967,-81.13830290315471
194.9269001792676,1794.6457541674265,-81.17425454899713
195.00361505240824,1794.1516748101224,-81.16576728533148
195.08040314383027,1793.6576066238647,-81.16576728533148
195.1571912352523,1793.163538437607,-81.16576728533148
195.23397932667433,1792.6694702513494,-82.64652564701912
195.29797425922436,1792.1735841938187,-82.64731611219963
195.3619624734174,1791.6776963002194,-82.64731611219963
195.42595068761045,1791.1818084066201,-83.27910863345492
195.48446710101496,1790.6852445359905,-83.27910863345492
195.54298351441946,1790.1886806653608,-83.28365760716821
195.60146051476602,1789.6921120518998,-83.51980373466743
195.65789040893424,1789.195306590501,-83.51980373466743
195.71432030310245,1788.6985011291024,-83.3760085293095
195.7719968508685,1788.2018388536935,-83.79397601721982
195.8260487828652,1787.7047691185226,-83.79397601721982
195.8801007148619,1787.2076993833516,-83.79397601721982
195.9341526468586,1786.7106296481807,-84.14168582731975
195.98518705029858,1786.213240986512,-84.14168582731975
196.03622145373856,1785.7158523248431,-84.2981741913502
196.08589718294763,1785.2183261230282,-84.40001592028797
196.13468846285662,1784.7207127328124,-84.40749553422968
196.18341480676793,1784.223092724105,-84.40749553422968
196.23214115067924,1783.7254727153977,-85.15613752027703
196.2743614898783,1783.227258462255,-85.1417811481844
196.31670664651585,1782.7290550010152,-85.1417811481844
196.35905180315342,1782.2308515397756,-85.68438863294016
196.39667698678784,1781.7322696008673,-85.75614375157782
196.43367776118453,1781.2336405860278,-85.75614375157782
196.47067853558121,1780.7350115711884,-86.3286388990795
196.5026952796219,1780.236037781397,-86.3286388990795
196.53471202366256,1779.7370639916057,-86.3286388990795
196.56672876770324,1779.2380902018144,-86.4974649552313
196.59727510642688,1778.7390243527955,-86.4974649552313
196.62782144515052,1778.2399585037765,-86.73247066041328
196.65632056055483,1777.7407714232156,-86.73247066041328
196.68481967595915,1777.2415843426547,-86.73247066041328
196.71331879136346,1776.7423972620938,-86.84765033976466
196.74081434927962,1776.2431539438398,-86.84765033976466
196.76830990719577,1775.7439106255858,-86.84765033976466
196.79580546511193,1775.2446673073318,-87.3272824480277
196.81912086714078,1774.7452112260562,-87.32728244806967
196.8229587202659,1774.6629977999255,-87.44384992121209
196.84525793003797,1774.1634955010718,-87.44384992121209
196.86755713981006,1773.663993202218,-87.47475510046422
196.88958688447667,1773.164479668183,-87.47475510046422
196.91161662914328,1772.664966134148,-87.47475510046422
196.9336463738099,1772.165452600113,-87.42175284205574
196.95613823158965,1771.6659587558247,-87.48333224559573
196.97809319397447,1771.16644204666,-87.47938292309989
197.00008263281916,1770.6669258187796,-87.43238996022014
197.02248169971563,1770.1674291030024,-87.43238996022014
197.0448807666121,1769.6679323872252,-87.43238996022014
197.06727983350856,1769.168435671448,-87.51404899379101
197.08896695701162,1768.668908199905,-87.47896244742253
197.11096006037667,1768.1693921622857,-87.3197622197665
197.12595872185193,1767.8489978010766,-87.49594922633237
197.14780372121936,1767.3494754686378,-87.49594922633237
197.1696487205868,1766.849953136199,-89.34669616537947
197.1753497319081,1766.34998709543,-89.34669616537947
197.18105074322943,1765.8500210546608,-89.21953082130095
197.1878614034747,1765.3500679974845,-89.21953082130095
197.19467206371996,1764.8501149403082,-89.21953082130095
197.20148272396523,1764.350161883132,-89.36424939211517
197.20703056351294,1763.8501942194512,-89.36424939211517
197.21257840306066,1763.3502265557704,-89.36424939211517
197.21812624260838,1762.8502588920896,-89.59118292692102
197.22169381274045,1762.3502718409754,-89.41341048802299
197.22681267257337,1761.8502990128611,-89.41341048802299
197.2319315324063,1761.3503261847468,-89.72864691621767
197.2342995258639,1760.8503318056542,-89.7573912735547
197.23641668006678,1760.350336289383,-89.7573912735547
197.23853383426967,1759.8503407731118,-89.66257234752203
197.24147842673005,1759.3503498309433,-89.66257234752203
197.24442301919044,1758.8503588887747,-89.66257234752203
197.24736761165082,1758.3503679466062,-89.69066563573548
197.2500670500807,1757.8503752390204,-89.74529627823496
197.25228975203845,1757.3503801799957,-89.74529627823496
197.2545124539962,1756.850385120971,-89.66181626159295
197.2574636461353,1756.3503939290001,-89.66181626159295
197.26041483827441,1755.8504027370293,-89.66181626159295
197.26336603041352,1755.3504115450585,-89.72817910597288
197.26573810577906,1754.8504172824046,-89.72817910597288
197.2681101811446,1754.3504230197507,-89.72817910597288
197.27048225651015,1753.8504287570968,-89.66074444098746
197.27344280180898,1753.3504376329631,-89.66074444098746
197.27640334710782,1752.8504465088295,-89.66074444098746
197.27936389240665,1752.3504553846958,-89.7578158437012
197.28147734156846,1751.8504598529314,-89.76667726463323
197.2835134609162,1751.3504639988876,-89.76667726463323
197.28554958026393,1750.8504681448437,-89.66316285533208
197.28848901963795,1750.3504771769103,-89.66316285533208
197.29142845901197,1749.850486208977,-89.66316285533208
197.29436789838599,1749.3504952410435,-89.72803934161102
197.2967411939037,1748.8505008805193,-89.63914086267167
197.29989026232738,1748.3505109240048,-89.63914086267167
197.30303933075106,1747.8505209674902,-89.73973317508057
197.3053105789337,1747.350526240701,-89.73973317508057
197.30758182711634,1746.8505315139116,-89.73973317508057
197.30985307529897,1746.3505367871223,-89.76347974643188
197.31191709799668,1745.8505410537177,-89.76347974643188
197.3139811206944,1745.3505453203131,-89.76347974643188
197.3160451433921,1744.8505495869085,-89.73990656487832
197.31831487866032,1744.350554813363,-89.73990656487832
197.32058461392853,1743.8505600398175,-89.73990656487832
197.32285434919675,1743.350565266272,-89.76352035051644
197.32491801743743,1742.8505695611016,-89.76352035051644
197.3269816856781,1742.350573855931,-89.76352035051644
197.3290453539188,1741.8505781507606,-89.73991649366855
197.33131500268257,1741.3505833460451,-89.73991649366855
197.33358465144636,1740.8505885413297,-89.73991649366855
197.33585430021014,1740.3505937366142,-89.76352236224929
197.33791795103411,1739.850597997737,-89.76352236224929
197.33998160185809,1739.3506022588597,-89.76352236224929
197.34204525268206,1738.8506065199824,-89.73991731133411
197.34431489418716,1738.3506117423913,-89.73991731133411
197.34658453569227,1737.8506169648,-89.73991731133411
197.34885417719738,1737.350622187209,-89.76352216086808
197.35091782977247,1736.850626449853,-89.76352216086808
197.35298148234756,1736.3506307124971,-89.76352216086808
197.35504513492265,1735.8506349751412,-89.73991760754998
197.3573147741646,1735.3506401266511,-89.73991760754998
197.35958441340654,1734.850645278161,-89.73991760754998
197.36185405264848,1734.3506504296708,-89.76352197113916
197.36391770689556,1733.8506546883702,-89.76352197113916
197.36598136114264,1733.3506589470696,-89.76352197113916
197.36804501538973,1732.850663205769,-89.73991783763401
197.37031465232894,1732.3506684222323,-89.73991783763401
197.37258428926816,1731.8506736386955,-89.73991783763401
197.37485392620738,1731.3506788551588,-89.76379369240915
197.376915209201,1730.850683118201,-89.74036407312727
197.37918095198177,1730.3506883301802,-89.74036407312727
197.38144669476253,1729.8506935421594,-89.74036407312727
197.3837124375433,1729.3506987541386,-89.70583583370677
197.38627949271927,1728.8507053766677,-89.70583583370677
197.38884654789524,1728.3507119991968,-89.70583583370677
197.39141360307121,1727.850718621726,-89.74437114851207
197.39364437750828,1727.3507237601332,-89.74437114851207
197.39587515194535,1726.8507288985404,-89.69524590853877
197.39853462055726,1726.3507359714602,-89.69494097300444
197.4011967501965,1725.8507430584511,-89.69494097300444
197.40385887983575,1725.3507501454421,-89.69443796493312
197.40652539898622,1724.8507572558171,-89.69442871530485
197.40919199885377,1724.3507643666226,-89.69442871530485
197.41185859872132,1723.850771477428,-89.73214956309762
197.41419602571477,1723.3507770492836,-89.73214956309762
197.41653345270822,1722.8507826211392,-89.73214956309762
197.41887087970167,1722.3507881929947,-89.69469107257945
197.4215351895392,1721.8507953973271,-89.69469107257945
197.42419949937675,1721.3508026016596,-89.69469107257945
197.4268638092143,1720.850809805992,-89.69442851417377
197.42953041083695,1720.3508169168213,-89.69442851417377
197.4321970124596,1719.8508240276506,-89.69442851417377
197.43486361408225,1719.3508311384799,-89.73217294952441
197.43720083749895,1718.850836601123,-89.73217294952441
197.43953806091565,1718.3508420637663,-89.73217294952441
197.44187528433235,1717.8508475264096,-89.69486928452626
197.44453803956276,1717.3508546167252,-89.69486928452626
197.44720079479316,1716.8508617070408,-89.69486928452626
197.44986355002357,1716.3508687973565,-89.69443062479334
197.45253013322792,1715.850875908073,-89.69443062479334
197.45519671643228,1715.3508830187895,-89.69443062479334
197.45786329963664,1714.850890129506,-89.7321714432494
197.46020053619793,1714.3508955922107,-89.7321714432494
197.46253777275922,1713.8509010549153,-89.7321714432494
197.4648750093205,1713.35090651762,-89.69487079959983
197.4675377513296,1712.8509136078653,-89.69487079959983
197.47020049333867,1712.3509206981107,-89.69487079959983
197.47286323534775,1711.850927788356,-89.70173915013265
197.4754660405223,1711.3509345629968,-89.70173915013265
197.47806884569684,1710.8509413376376,-89.72946223024474
197.4804297239168,1710.3509470011968,-89.72946223024474
197.4827906021368,1709.850952664756,-89.72946223024474
197.48515148035676,1709.3509583283153,-89.66372200184229
197.48808604200576,1708.8509670487558,-89.66372200184229
197.49102060365476,1708.3509757691963,-89.66372200184229
197.49395516530376,1707.8509844896369,-89.75114214087895
197.49612685297075,1707.3509892082816,-89.75114214087895
197.49829854063773,1706.8509939269263,-89.63028060584702
197.50152492621828,1706.351004708079,-89.63028060584702
197.50475131179883,1705.8510154892317,-89.63028060584702
197.50797769737937,1705.3510262703844,-89.7578849233637
197.51009054370604,1704.8510307376698,-89.7578849233637
197.5122033900327,1704.3510352049552,-89.7578849233637
197.51431623635938,1703.8510396722406,-89.66558503089688
197.51723453875252,1703.3510485617721,-89.66558503089688
197.52015284114566,1702.8510574513036,-89.66558503089688
197.5230711435388,1702.3510663408351,-89.76098690694626
197.52515692019074,1701.8510706944821,-89.76098690694626
197.52724269684268,1701.3510750481291,-89.76098690694626
197.52932847349462,1700.8510794017761,-89.66581515648892
197.5322447676964,1700.3510882800024,-89.66581515648892
197.53516106189818,1699.8510971582286,-89.66581515648892
197.53807735609996,1699.351106036455,-89.76120820731492
197.54016120155882,1698.851110382013,-89.76120820731492
197.54224504701767,1698.3511147275713,-89.76120820731492
197.54432889247653,1697.8511190731294,-89.63113787156813
197.54754779715597,1697.3511298072067,-89.63113787156813
197.5507667018354,1696.851140541284,-89.63113787156813
197.55398560651486,1696.3511512753612,-89.75803102711157
197.55609717785728,1695.8511557372374,-89.75803102711157
197.5582087491997,1695.3511601991136,-89.75803102711157
197.56032032054213,1694.8511646609898,-89.66554945924703
197.563238933349,1694.351173552669,-89.66554945924703
197.56615754615586,1693.8511824443483,-89.66554945924703
197.56907615896273,1693.3511913360276,-89.7611790313364
197.5711602590278,1692.8511956826494,-89.7611790313364
197.57324435909288,1692.3512000292712,-89.7611790313364
197.57532845915796,1691.851204375893,-89.6658399225952
197.57824453886371,1691.3512129742044,-89.6658399225952
197.58116061856947,1690.8512215725157,-89.6658399225952
197.58407669827523,1690.351230170827,-89.7265052043906
197.58646338154313,1689.8512358679109,-89.7265052043906
197.58885006481103,1689.3512415649948,-89.7265052043906
197.59123674807893,1688.8512472620787,-89.66266646065185
197.594180519362,1688.3512562981218,-89.66266646065185
197.59712429064507,1687.851265334165,-89.66266646065185
197.60006806192814,1687.351274370208,-89.76091009645732
197.60215450887245,1686.8512787265947,-89.76091009645732
197.60424095581675,1686.3512830829814,-89.76091009645732
197.60632740276105,1685.851287439368,-89.46147295854537
197.61102686568086,1685.351309831017,-89.41451266590454
197.61613611755195,1684.8513359423107,-89.41451266590454
197.62124536942304,1684.3513620536044,-89.41451266590454
197.62635462129413,1683.851388164898,-89.41451266590454
197.63146387316522,1683.3514142761917,-89.41451266590454
197.6365731250363,1682.8514403874854,-89.41451266590454
197.6416823769074,1682.351466498779,-90.06215624906255
197.64113996144158,1681.8514668171529,-90.06215624906255
197.64059754597577,1681.3514671355267,-90.06215624906255
197.64005513050995,1680.8514674539006,-90.06215624906255
197.63951271504413,1680.3514677722744,-90.06215624906255
197.63897029957832,1679.8514680906483,-90.06215624906255
197.6384278841125,1679.3514684090221,-89.75018750131147
197.64060790244298,1678.8514731775433,-89.75018750131147
197.64278792077346,1678.3514779460645,-89.75018750131147
197.64496793910394,1677.8514827145857,-89.75018750131147
197.6471479574344,1677.351487483107,-89.75018750131147
197.6493279757649,1676.851492251628,-89.75018750131147
197.65150799409537,1676.3514970201493,-89.75018750131147
197.65368801242585,1675.8515017886705,-89.75018750131147
197.65586803075632,1675.3515065571917,-89.59418676140432
197.6594093897246,1674.8515190990302,-89.59418676140432
197.66295074869288,1674.3515316408686,-89.59418676140432
197.66649210766116,1673.8515441827071,-89.59418676140432
197.67003346662943,1673.3515567245456,-89.59418676140432
197.6735748255977,1672.851569266384,-89.97656568280071
197.67377932857937,1672.3515693306515,-89.97656568280071
197.67398383156103,1671.851569394919,-89.97656568280071
197.6741883345427,1671.3515694591863,-89.97656568280071
197.67439283752435,1670.8515695234537,-89.97656568280071
197.674597340506,1670.351569587721,-89.97656568280071
197.67480184348767,1669.8515696519885,-89.05472942436771
197.68305051083894,1669.3516377198039,-89.05472942436771
197.6912991781902,1668.8517057876193,-89.05472942436771
197.69954784554147,1668.3517738554347,-89.05472942436771
197.70779651289274,1667.85184192325,-89.05472942436771
197.716045180244,1667.3519099910654,-89.05472942436771
197.72429384759528,1666.8519780588808,-89.05472942436771
197.73254251494654,1666.3520461266962,-89.55517628014073
197.73642429446966,1665.852061289521,-89.55517628014073
197.74030607399277,1665.352076452346,-89.55517628014073
197.74418785351588,1664.8520916151708,-88.49488525266128
197.7573209468742,1664.352264124556,-88.49488525266128
197.7704540402325,1663.8524366339414,-88.49488525266128
197.7835871335908,1663.3526091433266,-88.40513702672574
197.79750314135924,1662.8528028361295,-88.40513702672574
197.8114191491277,1662.3529965289324,-88.40513702672574
197.82533515689613,1661.8531902217353,-88.40513702672574
197.83925116466457,1661.3533839145382,-88.40513702672574
197.85316717243302,1660.853577607341,-88.40513702672574
197.86708318020146,1660.353771300144,-87.86518470117483
197.88570864667747,1659.8541183614943,-87.86518470117483
197.90433411315348,1659.3544654228447,-87.86518470117483
197.9229595796295,1658.854812484195,-87.86518470117483
197.9415850461055,1658.3551595455453,-87.86518470117483
197.9602105125815,1657.8555066068957,-88.00072743037872
197.97765391676342,1657.3558109720952,-88.00072743037872
197.99509732094532,1656.8561153372948,-88.00072743037872
198.01254072512722,1656.3564197024943,-88.00072743037872
198.02998412930913,1655.856724067694,-88.00072743037872
198.04742753349103,1655.3570284328935,-88.00072743037872
198.06487093767294,1654.857332798093,-88.80940120702068
198.07526012445885,1654.3574407449494,-88.80940120702068
198.08564931124477,1653.8575486918057,-88.80940120702068
198.09603849803068,1653.357656638662,-88.80940120702068
198.1064276848166,1652.8577645855185,-88.80940120702068
198.1168168716025,1652.3578725323748,-87.9798519331553
198.1344423341427,1651.8581833617427,-87.9798519331553
198.1520677966829,1651.3584941911106,-87.9798519331553
198.1696932592231,1650.8588050204785,-87.9798519331553
198.1873187217633,1650.3591158498464,-87.9798519331553
198.20494418430349,1649.8594266792143,-87.9798519331553
198.22256964684368,1649.3597375085822,-87.9798519331553
198.24019510938388,1648.86004833795,-87.89587072667834
198.25855297257294,1648.3603855069798,-87.89587072667834
198.276910835762,1647.8607226760096,-87.89587072667834
198.29526869895108,1647.3610598450393,-87.89587072667834
198.31362656214014,1646.861397014069,-87.89587072667834
198.3319844253292,1646.3617341830989,-87.84730887295795
198.35076577640768,1645.8620871392918,-87.84730887295795
198.36954712748616,1645.3624400954848,-87.84730887295795
198.38832847856463,1644.8627930516777,-87.84730887295795
198.4071098296431,1644.3631460078707,-87.84730887295795
198.42589118072158,1643.8634989640636,-87.84730887295795
198.44467253180005,1643.3638519202566,-87.82029543692641
198.46368944798405,1642.8642138680575,-87.82029543692641
198.48270636416805,1642.3645758158584,-87.82029543692641
198.50172328035205,1641.8649377636593,-87.82029543692641
198.52074019653605,1641.3652997114602,-87.82029543692641
198.53975711272005,1640.8656616592611,-87.81375164566064
198.5588310981227,1640.3660256426506,-87.81375164566064
198.57790508352537,1639.86638962604,-87.81375164566064
198.59697906892802,1639.3667536094295,-87.81375164566064
198.61605305433068,1638.8671175928189,-87.81375164566064
198.63512703973333,1638.3674815762083,-87.81375164566064
198.654201025136,1637.8678455595978,-87.81651788579852
198.67325088835184,1637.36820861582,-87.81651788579852
198.6923007515677,1636.8685716720424,-87.81651788579852
198.71135061478356,1636.3689347282648,-87.81651788579852
198.7304004779994,1635.8692977844871,-87.81651788579852
198.74945034121527,1635.3696608407095,-87.81651788579852
198.76850020443112,1634.8700238969318,-87.8134540151782
198.78757678199042,1634.3703880650098,-87.8134540151782
198.80665335954973,1633.8707522330878,-87.8134540151782
198.82572993710903,1633.3711164011659,-87.8134540151782
198.84480651466833,1632.8714805692439,-87.8134540151782
198.86388309222764,1632.371844737322,-86.81491379368995
198.89166389768718,1631.8726171362587,-86.81491379368995
198.91944470314672,1631.3733895351954,-86.81491379368995
198.94722550860627,1630.8741619341322,-86.81491379368995
198.9750063140658,1630.374934333069,-86.61033948944505
199.0045694275591,1629.8758091193667,-86.61033948944505
199.03413254105237,1629.3766839056645,-86.61033948944505
199.06369565454565,1628.8775586919623,-86.61033948944505
199.09325876803894,1628.3784334782601,-86.61033948944505
199.12282188153222,1627.879308264558,-85.90895616410413
199.15849264005203,1627.3805823744067,-85.90895616410413
199.19416339857185,1626.8818564842554,-85.90895616410413
199.22983415709166,1626.3831305941042,-85.90895616410413
199.26550491561147,1625.884404703953,-85.90895616410413
199.3011756741313,1625.3856788138016,-85.90895616410413
199.3368464326511,1624.8869529236504,-84.79944624738197
199.38216748051138,1624.3890117638916,-84.79944624738197
199.42748852837167,1623.891070604133,-84.79944624738197
199.47280957623195,1623.3931294443742,-84.79944624738197
199.51813062409224,1622.8951882846154,-84.79944624738197
199.56345167195252,1622.3972471248567,-84.79944624738197
199.6087727198128,1621.899305965098,-84.79944624738197
199.6540937676731,1621.4013648053392,-84.79944624738197
199.69941481553337,1620.9034236455805,-84.79944624738197
199.74473586339366,1620.4054824858217,-84.79944624738197
199.79005691125394,1619.907541326063,-83.11061120512264
199.85003328863513,1619.4111524612745,-83.11061120512264
199.91000966601632,1618.914763596486,-83.11061120512264
199.9699860433975,1618.4183747316974,-83.11061120512264
200.0299624207787,1617.921985866909,-83.11061120512264
200.0899387981599,1617.4255970021204,-83.11061120512264
200.14991517554108,1616.929208137332,-83.11061120512264
200.20989155292227,1616.4328192725434,-83.11061120512264
200.26986793030346,1615.9364304077549,-83.11061120512264
200.32984430768465,1615.4400415429664,-83.00014939033703
200.39077755665323,1614.9437693570765,-83.00014939033703
200.45171080562181,1614.4474971711866,-83.00014939033703
200.5126440545904,1613.9512249852967,-83.00014939033703
200.57357730355898,1613.4549527994068,-83.00014939033703
200.63451055252756,1612.958680613517,-83.00014939033703
200.69544380149614,1612.462408427627,-83.00014939033703
200.75637705046472,1611.966136241737,-83.00014939033703
200.8173102994333,1611.4698640558472,-83.00014939033703
200.87824354840188,1610.9735918699573,-82.99515440044567
200.9392200852459,1610.4773248061092,-82.99515440044567
201.0001966220899,1609.981057742261,-82.99515440044567
201.0611731589339,1609.484790678413,-82.99515440044567
201.12214969577792,1608.9885236145649,-82.99515440044567
201.18312623262193,1608.4922565507168,-82.99515440044567
201.24410276946594,1607.9959894868687,-82.99515440044567
201.30507930630995,1607.4997224230206,-82.99515440044567
201.36605584315396,1607.0034553591724,-82.99745219080206
201.42701244221053,1606.5071861388535,-82.99745219080206
201.4879690412671,1606.0109169185346,-82.99745219080206
201.54892564032366,1605.5146476982156,-82.99745219080206
201.60988223938023,1605.0183784778967,-82.99745219080206
201.6708388384368,1604.5221092575778,-82.99745219080206
201.73179543749336,1604.0258400372588,-82.99745219074937
201.7709587336285,1603.706997799687,-87.16588879187158
201.7956808010806,1603.2076120710099,-89.15157050837769
201.803084466124,1602.707667457508,-87.58599071144269
201.82414441947355,1602.2081116454856,-87.58599071144269
201.8452043728231,1601.7085558334632,-87.58599071144269
201.86626432617265,1601.2090000214407,-89.01209717941687
201.87488496971457,1600.7090747923753,-89.01209717941687
201.8835056132565,1600.20914956331,-89.01209717941687
201.8921262567984,1599.7092243342445,-89.20572143128643
201.89905742094663,1599.209272518023,-87.42095141132761
201.92155624826046,1598.709779369941,-87.42095141132761
201.94405507557428,1598.2102862218592,-87.42095141132761
201.9665539028881,1597.7107930737773,-89.44996405584196
201.9713537969617,1597.2108162502916,-89.44996405584196
201.97615369103528,1596.710839426806,-89.44996405584196
201.98095358510886,1596.2108626033203,-88.92641071873628
201.99032184703674,1595.7109516423309,-88.92641071873628
201.99969010896461,1595.2110406813415,-88.92641071873628
202.0090583708925,1594.7111297203521,-89.634374597648
202.01224903263335,1594.2111399249245,-89.634374597648
202.0154396943742,1593.711150129497,-89.634374597648
202.01863035611507,1593.2111603340693,-89.12154540860325
202.02629600690727,1592.7112198400553,-88.25801906013567
202.0414953078572,1592.2114511966727,-88.25801906013567
202.0566946088071,1591.71168255329,-89.72413022388876
202.05910201693484,1591.2116884570414,-89.72413022388876
202.06150942506258,1590.7116943607928,-89.72413022388876
202.06391683319032,1590.211700264544,-88.73242226671495
202.0749776214126,1589.7118231602446,-88.73242226671495
202.08603840963485,1589.2119460559452,-89.45017770073252
202.0908364402908,1588.711969120849,-89.45017770073252
202.09563447094672,1588.211992185753,-90.08696829280896
202.094875529712,1587.7119927624212,-90.08696829280896
202.09411658847728,1587.2119933390895,-90.10398186247065
202.09320917604418,1586.7119941625056,-89.90911821368303
202.09400226891228,1586.2119947915025,-89.90911821368303
202.09479536178037,1585.7119954204995,-89.89552265558198
202.09570709810203,1585.2119962517634,-90.1010835748389
202.09482497795932,1584.7119970299,-89.93859600617671
202.09536082872228,1584.2119973800318,-89.93859600617671
202.09589667948524,1583.7119977301636,-89.93859600617671
202.0964325302482,1583.2119980802954,-89.54643613616541
202.10039056715516,1582.7120154077652,-89.54643613616541
202.10434860406212,1582.212032735235,-89.44441646071765
202.1091968841978,1581.7120588096293,-89.74786611864924
202.11139715960167,1581.2120638070785,-89.74786611864924
202.11359743500554,1580.7120688045277,-89.74786611864924
202.11579771040942,1580.2120738019769,-89.70744808055976
202.11835069592792,1579.7120804180486,-90.07145832340453
202.11772710873413,1579.2120841386081,-90.07145832340453
202.11710352154034,1578.7120878591677,-90.10594801487056
202.11617895143615,1578.2120888311508,-89.93148447637658
202.11677685898871,1577.7120917332718,-89.78560915500007
202.11864776760785,1577.2120952551495,-89.78560915500007
202.120518676227,1576.7120987770272,-89.78560915500007
202.12238958484613,1576.212102298905,-89.88473827834868
202.12339542150914,1575.7121087442124,-89.88473827834868
202.12440125817216,1575.2121151895199,-89.86315838542501
202.1255953995351,1574.7121274455938,-89.77932089189792
202.12752118293338,1574.212131246079,-89.77932089189792
202.12944696633167,1573.7121350465643,-89.77932089189792
202.13137274972996,1573.2121388470496,-89.97456746951858
202.1315946901882,1572.7121394178141,-89.97456746951858
202.13181663064643,1572.2121399885787,-90.05629519523332
202.13132536442538,1571.7121422195144,-89.82768681579067
202.13282907836253,1571.2121444808768,-89.82768681579067
202.1343327922997,1570.7121467422392,-89.82768681579067
202.13583650623684,1570.2121490036016,-89.53794528045863
202.13986863918478,1569.7121666802848,-89.53794528045863
202.14390077213272,1569.212184356968,-89.39947676853704
202.14914122870005,1568.7122119437781,-89.60191346596575
202.15261515192378,1568.2122253347504,-89.46351091681224
202.15729681124174,1567.7122496799063,-89.46351091681224
202.1619784705597,1567.2122740250622,-89.40193375679327
202.1671974757644,1566.7123024675816,-89.40193375679327
202.1724164809691,1566.212330910101,-89.40193375679327
202.1776354861738,1565.7123593526203,-89.05325306257292
202.18589699002962,1565.2124303820106,-89.05325306257292
202.19415849388542,1564.7125014114008,-89.05802125934267
202.2023784260948,1564.2125697578338,-89.2869562169093
202.20860072736468,1563.7126100011837,-89.2869562169093
202.21482302863456,1563.2126502445337,-89.32779576254313
202.22068896291205,1562.7126863381384,-90.4263175703073
202.21696868024958,1562.2127009368523,-90.4263175703073
202.2132483975871,1561.7127155355663,-90.60990599475517
202.20792606517864,1561.2127439521996,-89.64645001494429
202.21101134698006,1560.7127541638838,-89.64645001494429
202.21409662878148,1560.212764375568,-89.49450172370732
202.21850786800883,1559.712784762975,-90.16144154597043
202.2170990320983,1559.2127886957196,-89.3615729651781
202.22267022896688,1558.7128210578437,-89.3615729651781
202.22824142583545,1558.2128534199678,-89.35101298915224
202.23390477543512,1557.7128863216478,-89.62962051920151
202.23713692079934,1557.2128972072271,-89.62962051920151
202.24036906616357,1556.7129080928064,-89.69348040071482
202.2430439383187,1556.2129158460293,-89.44210717753356
202.24791239002752,1555.7129400283475,-89.44210717753356
202.25278084173635,1555.2129642106656,-89.68914968467907
202.2554935073581,1554.7129719032916,-89.68914968467907
202.25820617297984,1554.2129795959177,-89.68914968467907
202.26091883860158,1553.7129872885437,-89.84607364205111
202.26226209673155,1553.2129895135595,-89.84607364205111
202.2636053548615,1552.7129917385753,-89.84607364205111
202.26494861299147,1552.212993963591,-89.78590109546215
202.26681697240417,1551.7129978942799,-89.78590109546215
202.26868533181687,1551.2130018249686,-89.78590109546215
202.27055369122957,1550.7130057556574,-89.86546425451516
202.27172773497034,1550.2130075771806,-89.86546425451516
202.27290177871112,1549.713009398704,-89.86546425451516
202.2740758224519,1549.2130112202271,-89.77725638085893
202.27601962093672,1548.7130153560918,-89.77725638085893
202.27796341942155,1548.2130194919564,-90.02889732143568
202.27771124289904,1547.7130198902955,-90.02889732143568
202.27745906637654,1547.2130202886347,-90.02889732143568
202.27720688985403,1546.7130206869738,-89.86332470425987
202.27839960565348,1546.2130221212017,-89.86332470425987
202.27959232145292,1545.7130235554296,-89.86332470425987
202.28078503725237,1545.2130249896575,-90.0325378460153
202.28050109099615,1544.7130250716157,-90.0325378460153
202.28021714473994,1544.2130251535739,-89.8610389295146
202.28142980748794,1543.7130266938793,-89.8610389295146
202.28264247023594,1543.2130282341848,-89.8610389295146
202.28385513298394,1542.7130297744902,-89.95779003136842
202.28422348436823,1542.2130299743665,-89.95779003136842
202.2845918357525,1541.7130301742427,-89.97798827117103
202.28478392431214,1541.2130302285977,-89.84834301196742
202.28610737952033,1540.7130320306953,-89.84834301196742
202.28743083472853,1540.213033832793,-89.84834301196742
202.28875428993672,1539.7130356348905,-89.91173859418896
202.28952451569114,1539.2130362332507,-89.91173859418896
202.29029474144556,1538.713036831611,-89.93971191695483
202.2908208541204,1538.2130371107908,-89.74925926395149
202.29300897244218,1537.713041990157,-89.74925926395149
202.29519709076396,1537.2130468695234,-89.74925926395149
202.29738520908575,1536.7130517488897,-89.97985299953184
202.29756102478996,1536.213051889153,-89.97985299953184
202.29773684049417,1535.713052029416,-89.97985299953184
202.29791265619838,1535.2130521696793,-89.78761382667982
202.299766070548,1534.713055715692,-89.78761382667982
202.30161948489763,1534.2130592617048,-89.78761382667982
202.30347289924725,1533.7130628077175,-89.98293354023679
202.30362183216914,1533.2130629412668,-89.98293354023679
202.30377076509103,1532.713063074816,-89.98293354023679
202.30391969801292,1532.2130632083654,-89.76728801705187
202.30595048718567,1531.713067430822,-89.76728801705187
202.30798127635842,1531.2130716532788,-89.76728801705187
202.31001206553117,1530.7130758757355,-89.0425560010488
202.31836694043193,1530.21314636324,-89.0425560010488
202.3267218153327,1529.7132168507444,-89.0425560010488
202.33507669023345,1529.2132873382488,-89.56248914905946
202.33889465508958,1528.713301977044,-89.20222231985315
202.34585633636266,1528.2133516929512,-89.61600502871126
202.34920715470219,1527.7133845354515,-89.61600502871126
202.3525579730417,1527.2134173779518,-89.61600502871126
202.35590879138124,1526.7134502204522,-89.73204506247168
202.3582471118557,1526.2134597413856,-89.73204506247168
202.36058543233014,1525.713469262319,-89.73204506247168
202.3629237528046,1525.2134787832524,-89.63428716022766
202.36611503215215,1524.7135117740854,-89.7101033553012
202.3686448116921,1524.2135251184534,-89.7101033553012
202.37117459123203,1523.7135384628214,-89.7101033553012
202.37370437077197,1523.2135518071893,-90.0281515957927
202.37345870205786,1522.713552466188,-90.0281515957927
202.37321303334375,1522.2135531251868,-90.0281515957927
202.37296736462963,1521.7135537841855,-89.8530065198737
202.3742501171697,1521.2135578292994,-89.8530065198737
202.3755328697098,1520.7135618744132,-89.8530065198737
202.37681562224986,1520.2135659195271,-90.07128084700312
202.37619357993947,1519.7135665203157,-90.07128084700312
202.37557153762907,1519.2135671211042,-90.11032696930067
202.37460875524278,1518.7135688025119,-89.90562346286649
202.37543234397958,1518.2135704191242,-89.73151776132572
202.37777528400238,1517.7135761063373,-89.73151776132572
202.38011822402518,1517.2135817935505,-89.73151776132572
202.38246116404798,1516.7135874807636,-89.98069270171472
202.3826296519435,1516.2135876981126,-89.98069270171472
202.382798139839,1515.7135879154616,-89.98877287458926
202.38289611497783,1515.213587988956,-89.74612342025817
202.38511159726886,1514.713593250404,-89.74612342025817
202.3873270795599,1514.213598511852,-89.74612342025817
202.38954256185093,1513.7136037733,-89.9804645071082
202.38971304117536,1513.2136038265699,-89.9804645071082
202.38988352049978,1512.7136038798396,-91.34071846261071
202.37818464612826,1512.2137422020728,-91.34071846261071
202.36648577175674,1511.713880524306,-89.95255744766288
202.3668997856156,1511.2138812581916,-89.95255744766288
202.36731379947446,1510.7138819920772,-89.95255744766288
202.36772781333332,1510.2138827259628,-93.60806718058299
202.3362622958117,1509.7148738258977,-93.60806718058299
202.3047967782901,1509.2158649258326,-90.19652527038083
202.30308177826532,1508.7158687790666,-92.21200056976386
202.28378322665105,1508.2162413531146,-92.21200056976386
202.26448467503678,1507.7166139271626,-92.19462093049778
202.2453376772147,1507.2169806691886,-89.73575845072813
202.24764361042105,1506.7169862352491,-89.73575845072813
202.2499495436274,1506.2169918013096,-89.67833143714842
202.25275661664227,1505.7169996810342,-92.78256041695049
202.22848375474825,1505.2175894993359,-92.78256041695049
202.20421089285423,1504.7181793176376,-92.78256041695049
202.17993803096022,1504.2187691359393,-90.18733173905466
202.17830325650561,1503.718771946915,-90.18733173905466
202.176668482051,1503.2187747578907,-90.18733173905466
202.1750337075964,1502.7187775688665,-91.55305729051997
202.1614824120013,1502.218962215533,-90.45190276367084
202.15895873919362,1501.898997802753,-89.62341345009052
202.1622450473401,1501.399009485042,-89.62341345009052
202.16553135548656,1500.8990211673308,-89.1451453341183
202.17299109048395,1500.3990769858592,-89.1451453341183
202.18045082548133,1499.8991328043876,-89.08053522341518
202.18847430058622,1499.3991987028498,-89.08053522341518
202.1964977756911,1498.899264601312,-89.39726511754922
202.2017575299277,1498.3992925388557,-89.64430766475671
202.20486151112914,1497.8993021813778,-89.64430766475671
202.20796549233057,1497.3993118239,-89.64430766475671
202.211069473532,1496.8993214664222,-89.55458021983416
202.21495645431708,1496.39933669378,-89.55458021983416
202.21884343510214,1495.8993519211378,-89.55458021983416
202.2227304158872,1495.3993671484957,-89.57848577987741
202.22640878342486,1494.8993813280326,-89.57848577987741
202.2300871509625,1494.3993955075696,-89.64495612160097
202.2331854732912,1493.899405135678,-89.64495612160097
202.2362837956199,1493.3994147637866,-89.64495612160097
202.2393821179486,1492.899424391895,-89.68407431265581
202.24213907360672,1492.3994323717109,-89.68407431265581
202.24489602926485,1491.8994403515267,-89.68407431265581
202.24765298492298,1491.3994483313425,-89.73089089784
202.25000139622614,1490.89945384689,-89.73089089784
202.2523498075293,1490.3994593624377,-89.73089089784
202.25469821883246,1489.8994648779853,-89.69355182779036
202.25737247014968,1489.3994721658357,-89.69355182779036
202.2600467214669,1488.8994794536861,-89.69123330381011
202.2627412060466,1488.3994867349331,-89.81363368375058
202.2643675539299,1487.8994900457221,-89.81363368375058
202.2659939018132,1487.3994933565111,-89.81363368375058
202.2676202496965,1486.8994966673001,-89.81546178460806
202.26923064650725,1486.3994993017202,-89.81546178460806
202.270841043318,1485.8995019361403,-89.81546178460806
202.27245144012875,1485.3995045705603,-89.77517494695815
202.27441340380017,1484.8995084203934,-89.77517494695815
202.2763753674716,1484.3995122702265,-89.83194099081203
202.27784195504853,1483.8995150498022,-89.83194099081203
202.27930854262547,1483.3995178293778,-89.83194099081203
202.28077513020241,1482.8995206089535,-89.84397440124468
202.282136704683,1482.399523948042,-89.84397440124468
202.2834982791636,1481.8995272871307,-89.84397440124468
202.2848598536442,1481.3995306262193,-89.72331173248254
202.28727440489433,1480.8995364563184,-89.72331173248254
202.28968895614446,1480.3995422864175,-89.72331173248254
202.2921035073946,1479.8995481165166,-89.72331173248254
202.2945180586447,1479.3995539466157,-89.72331173248254
202.29693260989484,1478.8995597767148,-89.81000318166122
202.29859064089044,1478.3995628242924,-89.59953088457954
202.3020853646001,1477.8995750581068,-89.59953088457954
202.30558008830974,1477.3995872919213,-89.59953088457954
202.3090748120194,1476.8995995257358,-89.72461265813895
202.31147800690917,1476.3996060863526,-89.72461265813895
202.31388120179895,1475.8996126469694,-89.72461265813895
202.31628439668873,1475.3996192075863,-89.72461265813895
202.3186875915785,1474.8996257682031,-89.72461265813895
202.3210907864683,1474.39963232882,-89.57929344050204
202.3247621093352,1473.8996460073654,-89.57929344050204
202.32843343220213,1473.3996596859108,-89.57929344050204
202.33210475506905,1472.8996733644562,-89.57972632173309
202.33577230097046,1472.3996869426674,-89.57972632173309
202.33943984687187,1471.8997005208785,-89.57972632173309
202.34310739277328,1471.3997140990896,-89.70244883082201
202.34570400442863,1470.8997209321421,-89.70244883082201
202.34830061608398,1470.3997277651947,-89.70244883082201
202.35089722773932,1469.8997345982473,-89.70244883082201
202.35349383939467,1469.3997414312998,-89.70244883082201
202.35609045105002,1468.8997482643524,-89.5650552552176
202.359886022105,1468.3997628580917,-89.78725196208558
202.3617425946003,1467.8997663340074,-89.78725196208558
202.36359916709557,1467.399769809923,-89.78725196208558
202.36545573959086,1466.8997732858388,-89.67803382018418
202.36826540955133,1466.399781217772,-89.67803382018418
202.3710750795118,1465.8997891497052,-89.67803382018418
202.37388474947227,1465.3997970816383,-89.67803382018418
202.37669441943274,1464.8998050135715,-89.67803382018418
202.3795040893932,1464.3998129455047,-89.80905615174127
202.38117038542464,1463.8998158131144,-89.80905615174127
202.38283668145607,1463.3998186807241,-89.80905615174127
202.3845029774875,1462.8998215483339,-89.80902410893766
202.3861695534316,1462.3998243304488,-89.80902410893766
202.38783612937573,1461.8998271125638,-89.80902410893766
202.38950270531984,1461.3998298946788,-89.67631110565506
202.39232740858677,1460.8998379067295,-89.67631110565506
202.3951521118537,1460.3998459187803,-89.67631110565506
202.39797681512061,1459.8998539308311,-89.67631110565506
202.40080151838754,1459.399861942882,-89.67631110565506
202.40362622165446,1458.8998699549327,-89.77265793560322
202.40561015019296,1458.3998738989048,-89.58431736311938
202.40923762486557,1457.8998882752317,-89.58431736311938
202.41286509953818,1457.3999026515585,-89.58431736311938
202.4164925742108,1456.8999170278853,-89.74867186933803
202.41868581437768,1456.3999228620557,-89.74867186933803
202.42087905454457,1455.8999286962262,-89.74867186933803
202.42307229471146,1455.3999345303966,-89.74867186933803
202.42526553487835,1454.899940364567,-89.74867186933803
202.42745877504524,1454.3999461987376,-89.58007658903581
202.43112325341565,1453.89996124926,-89.58007658903581
202.43478773178606,1453.3999762997826,-89.58007658903581
202.43845221015647,1452.899991350305,-89.54877918776627
202.44238980517173,1452.4000079594764,-89.54877918776627
202.446327400187,1451.9000245686477,-89.54877918776627
202.45026499520225,1451.400041177819,-89.74409493757157
202.45249817621357,1450.9000471769116,-89.74409493757157
202.4547313572249,1450.4000531760041,-89.74409493757157
202.4569645382362,1449.9000591750967,-89.74409493757157
202.45919771924753,1449.4000651741892,-89.74409493757157
202.46143090025885,1448.9000711732817,-89.68633544082245
202.46416812052723,1448.4000797090089,-89.7556940585652
202.46630008470902,1447.9000844625677,-89.7556940585652
202.4684320488908,1447.4000892161266,-89.7556940585652
202.4705640130726,1446.9000939696855,-89.78646438769047
202.472427453759,1446.4000987172583,-89.78646438769047
202.4742908944454,1445.900103464831,-89.78646438769047
202.4761543351318,1445.400108212404,-89.78646438769047
202.47801777581822,1444.9001129599767,-89.78646438769047
202.47988121650462,1444.4001177075495,-89.77334655161016
202.48185913568193,1443.9001216530287,-89.77334655161016
202.48383705485924,1443.4001255985079,-89.77334655161016
202.48581497403654,1442.900129543987,-89.77122670726484
202.48781139195046,1442.400133625045,-89.77122670726484
202.48980780986437,1441.9001377061031,-89.77122670726484
202.4918042277783,1441.4001417871611,-89.69101891856141
202.49450058081527,1440.9001495197663,-89.69101891856141
202.49719693385225,1440.4001572523714,-89.69101891856141
202.49989328688923,1439.9001649849765,-89.69101891856141
202.5025896399262,1439.4001727175817,-89.69101891856141
202.5052859929632,1438.9001804501868,-89.73062450450811
202.5076367286207,1438.4001860490528,-89.66797379258145
202.51053418733693,1437.9001945010048,-89.66797379258145
202.51343164605316,1437.4002029529568,-89.66797379258145
202.5163291047694,1436.9002114049088,-89.67732111391531
202.5191449942414,1436.4002193585272,-89.67732111391531
202.5219608837134,1435.9002273121457,-89.67732111391531
202.5247767731854,1435.4002352657642,-89.67732111391531
202.5275926626574,1434.9002432193827,-89.67732111391531
202.53040855212942,1434.4002511730012,-89.65949974562156
202.53337995990682,1433.900260002928,-89.65949974562156
202.53635136768423,1433.4002688328549,-89.65949974562156
202.53932277546164,1432.9002776627817,-89.62446353797662
202.54259992585912,1432.4002884026258,-89.62446353797662
202.5458770762566,1431.90029914247,-89.62446353797662
202.54915422665408,1431.400309882314,-89.73373634867964
202.55147780683535,1430.9003153141264,-89.73373634867964
202.55380138701662,1430.4003207459386,-89.73373634867964
202.5561249671979,1429.900326177751,-89.73373634867964
202.55844854737916,1429.4003316095632,-89.73373634867964
202.56077212756043,1428.9003370413755,-89.6589518232995
202.56374831675532,1428.4003459034734,-89.75746325318983
202.56586484244474,1427.9003504739087,-89.75746325318983
202.56798136813416,1427.400355044344,-89.75746325318983
202.57009789382357,1426.9003596147793,-89.73051592180441
202.57244957584248,1426.4003654712828,-89.73051592180441
202.5748012578614,1425.9003713277864,-89.73051592180441
202.5771529398803,1425.40037718429,-89.73051592180441
202.57950462189922,1424.9003830407935,-89.73051592180441
202.58185630391813,1424.400388897297,-89.76537155627749
202.58390381760205,1423.900393095582,-89.76537155627749
202.58595133128597,1423.4003972938672,-89.76537155627749
202.5879988449699,1422.9004014921522,-89.73704776667591
202.5902935280376,1422.4004067578592,-89.73704776667591
202.5925882111053,1421.900412023566,-89.73704776667591
202.594882894173,1421.400417289273,-89.87203444731969
202.59599960267496,1420.900418841382,-89.87203444731969
202.59711631117693,1420.4004203934908,-89.87203444731969
202.5982330196789,1419.9004219455996,-89.87203444731969
202.59934972818087,1419.4004234977085,-89.87203444731969
202.60046643668284,1418.9004250498174,-89.75519109195018
202.60260279088607,1418.4004296228184,-89.75519109195018
202.6047391450893,1417.9004341958193,-89.76831982487859
202.60676093023005,1417.400438353542,-89.76831982487859
202.6087827153708,1416.9004425112648,-89.76831982487859
202.61080450051156,1416.4004466689876,-89.73029493118456
202.61315811185182,1415.9004523567592,-89.73029493118456
202.61551172319207,1415.4004580445308,-89.73029493118456
202.61786533453233,1414.9004637323023,-89.73029493118456
202.62021894587258,1414.400469420074,-89.73029493118456
202.62257255721283,1413.9004751078455,-89.76416811901504
202.62463057232344,1413.400479460024,-89.76416811901504
202.62668858743405,1412.9004838122023,-89.76416811901504
202.62874660254465,1412.4004881643807,-89.76753859129536
202.6307752053774,1411.9004923004845,-89.76753859129536
202.63280380821016,1411.4004964365884,-89.76753859129536
202.6348324110429,1410.9005005726922,-89.76753859129536
202.63686101387566,1410.400504708796,-89.76753859129536
202.6388896167084,1409.9005088448998,-89.77032809628443
202.64089387652575,1409.4005129305065,-89.77032809628443
202.6428981363431,1408.900517016113,-89.77032809628443
202.64490239616043,1408.4005211017197,-89.69327995835525
202.64757901894563,1407.900528590147,-89.69327995835525
202.65025564173084,1407.400536078574,-89.69327995835525
202.65293226451604,1406.9005435670013,-89.77727575991162
202.65487589525537,1406.4005473504876,-89.77727575991162
202.6568195259947,1405.900551133974,-89.77727575991162
202.65876315673404,1405.4005549174603,-89.77727575991162
202.66070678747337,1404.9005587009467,-89.77727575991162
202.6626504182127,1404.400562484433,-89.67841186088192
202.6654567876609,1403.900570671695,-89.67841186088192
202.6682631571091,1403.400578858957,-89.67841186088192
202.6710695265573,1402.900587046219,-89.69149064255444
202.6737617648215,1402.4005944349656,-89.69149064255444
202.67645400308572,1401.9006018237121,-89.69149064255444
202.67914624134994,1401.4006092124587,-89.46391949572299
202.6838243528723,1400.9006316480832,-89.46391949572299
202.68850246439467,1400.4006540837076,-89.46391949572299
202.69318057591704,1399.9006765193321,-89.46391949572299
202.6978586874394,1399.4006989549566,-89.46391949572299
202.70253679896177,1398.900721390581,-89.56474938768902
202.7063350316928,1398.4007369844528,-89.77854921831052
202.70826754881455,1397.9007409008536,-89.77854921831052
202.7102000659363,1397.4007448172545,-89.77854921831052
202.71213258305806,1396.9007487336553,-89.8767191328556
202.71320841000306,1396.4007502364136,-89.8767191328556
202.71428423694806,1395.900751739172,-89.8767191328556
202.71536006389306,1395.4007532419303,-89.8767191328556
202.71643589083806,1394.9007547446886,-89.8767191328556
202.71751171778305,1394.400756247447,-89.81725134616735
202.71910649655752,1393.9007592228038,-89.81725134616735
202.72070127533198,1393.4007621981607,-89.81725134616735
202.72229605410644,1392.9007651735176,-89.81001679322195
202.72395396684897,1392.4007680610189,-89.81001679322195
202.7256118795915,1391.9007709485202,-89.81001679322195
202.72726979233403,1391.4007738360215,-89.7735750977632
202.72924571488636,1390.9007783301258,-89.7735750977632
202.7312216374387,1390.4007828242302,-89.7735750977632
202.73319755999103,1389.9007873183346,-89.7735750977632
202.73517348254336,1389.400791812439,-89.7735750977632
202.7371494050957,1388.9007963065433,-89.77418244741553
202.7391200297027,1388.4008002386097,-89.73763203961956
202.74140961407772,1387.9008054815863,-89.73763203961956
202.74369919845276,1387.400810724563,-89.73763203961956
202.7459887828278,1386.9008159675395,-89.64654337898536
202.74907325333822,1386.4008256153863,-89.64654337898536
202.75215772384865,1385.9008352632331,-89.64654337898536
202.75524219435908,1385.40084491108,-89.64654337898536
202.75832666486951,1384.9008545589268,-89.64654337898536
202.76141113537994,1384.4008642067736,-89.75301167279709
202.76356650823232,1383.9008689067184,-89.75301167279709
202.7657218810847,1383.4008736066633,-89.75301167279709
202.76787725393706,1382.900878306608,-89.73554329978104
202.77018506581146,1382.4008836337468,-89.73554329978104
202.77249287768586,1381.9008889608856,-89.73554329978104
202.77480068956027,1381.4008942880243,-89.60425849494595
202.7782541572093,1380.900906361849,-89.60425849494595
202.7817076248583,1380.4009184356735,-89.60425849494595
202.78516109250734,1379.900930509498,-89.60425849494595
202.78861456015636,1379.4009425833226,-89.60425849494595
202.79206802780539,1378.9009546571472,-89.70262623259129
202.79466309178872,1378.4009613994433,-89.80524741929662
202.79636262398037,1377.9009647043629,-89.80524741929662
202.79806215617202,1377.4009680092825,-89.80524741929662
202.79976168836367,1376.900971314202,-89.61927573742877
202.803084105758,1376.4009829724605,-89.61927573742877
202.8064065231523,1375.900994630719,-89.61927573742877
202.80972894054662,1375.4010062889774,-89.61927573742877
202.81305135794094,1374.901017947236,-89.61927573742877
202.81637377533525,1374.4010296054944,-89.43807015666331
202.8212774552518,1373.90105410449,-89.43807015666331
202.82618113516833,1373.4010786034855,-89.43807015666331
202.83108481508486,1372.901103102481,-89.39806598032344
202.8363375738095,1372.4011316381461,-89.39806598032344
202.8415903325341,1371.9011601738111,-89.39806598032344
202.84684309125873,1371.4011887094762,-89.41556511187454
202.85194313914667,1370.9012167012118,-89.41556511187454
202.8570431870346,1370.4012446929473,-89.41556511187454
202.86214323492254,1369.901272684683,-89.41556511187454
202.86724328281048,1369.4013006764185,-89.41556511187454
202.8723433306984,1368.901328668154,-89.42514047874823
202.8773598343107,1368.4013546228703,-89.43904599500337
202.8822550018756,1367.9013787291717,-89.43904599500337
202.88715016944047,1367.4014028354732,-89.43904599500337
202.89204533700536,1366.9014269417746,-89.41557222730484
202.89714533937376,1366.4014533083712,-89.41557222730484
202.90224534174217,1365.9014796749677,-89.41557222730484
202.90734534411058,1365.4015060415643,-89.41557222730484
202.912445346479,1364.9015324081608,-89.41557222730484
202.9175453488474,1364.4015587747574,-89.40634202699971
202.92272589925687,1363.9015856159997,-89.40634202699971
202.92790644966635,1363.401612457242,-89.40634202699971
202.93308700007583,1362.9016392984843,-89.42560827363924
202.93809942901692,1362.4016644743726,-89.42560827363924
202.943111857958,1361.901689650261,-89.42560827363924
202.9481242868991,1361.4017148261494,-89.42560827363924
202.95313671584017,1360.9017400020377,-89.37501224620667
202.95859065470972,1360.4017697498007,-89.37501224620667
202.96404459357927,1359.9017994975636,-87.35743701438622
202.98709713110634,1359.4023311997757,-87.2109599232428
203.01142643983485,1358.902924423305,-88.19875863164721
203.0119587474619,1358.8859978010878,-84.52156189081754
203.0596943124374,1358.3882818189545,-84.52156189081754
203.10742987741287,1357.8905658368212,-84.52156189081754
203.15516544238835,1357.392849854688,-84.52156189081754
203.20290100736383,1356.8951338725547,-84.52156189081754
203.25063657233932,1356.3974178904214,-84.53343304193967
203.29826900669877,1355.8996921067976,-84.53343304193967
203.34590144105823,1355.4019663231738,-84.53343304193967
203.3935338754177,1354.90424053955,-84.53343304193967
203.44116630977715,1354.4065147559263,-84.53343304193967
203.4887987441366,1353.9087889723025,-84.53343304193967
203.53643117849606,1353.4110631886788,-84.53343304193967
203.58406361285552,1352.913337405055,-84.5243833040738
203.63177466776938,1352.415619083318,-84.5243833040738
203.67948572268324,1351.917900761581,-84.5243833040738
203.7271967775971,1351.420182439844,-84.5243833040738
203.77490783251096,1350.922464118107,-84.5243833040738
203.82261888742482,1350.42474579637,-84.5243833040738
203.87032994233869,1349.927027474633,-84.5243833040738
203.91804099725255,1349.429309152896,-84.5243833040738
203.9657520521664,1348.931590831159,-84.53473306008412
204.01337319734773,1348.4338639247655,-84.53473306008412
204.06099434252906,1347.9361370183722,-84.53473306008412
204.10861548771038,1347.4384101119788,-84.53473306008412
204.1562366328917,1346.9406832055854,-84.53473306008412
204.20385777807303,1346.442956299192,-84.53473306008412
204.25147892325435,1345.9452293927986,-84.53473306008412
204.29910006843568,1345.4475024864053,-84.53473306008412
204.346721213617,1344.9497755800119,-84.52685909299346
204.39441076112655,1344.452055203568,-84.52685909299346
204.4421003086361,1343.9543348271243,-84.52685909299346
204.48978985614565,1343.4566144506805,-84.52685909299346
204.5374794036552,1342.9588940742367,-84.52685909299346
204.58516895116475,1342.461173697793,-84.52685909299346
204.6328584986743,1341.963453321349,-84.52685909299346
204.68054804618384,1341.4657329449053,-84.52685909299346
204.7282375936934,1340.9680125684615,-84.52685909299346
204.77592714120294,1340.4702921920177,-84.52685909299346
204.8236166887125,1339.972571815574,-84.52685909299346
204.87130623622204,1339.4748514391301,-84.52451170586968
204.9190161691124,1338.9771330795295,-84.52451170586968
204.96672610200278,1338.4794147199289,-84.52451170586968
205.01443603489315,1337.9816963603282,-84.52451170586968
205.06214596778352,1337.4839780007276,-84.52451170586968
205.1098559006739,1336.986259641127,-84.52451170586968
205.15756583356426,1336.4885412815263,-84.52451170586968
205.20527576645463,1335.9908229219257,-84.52451170586968
205.252985699345,1335.493104562325,-84.52451170586968
205.30069563223537,1334.9953862027244,-83.60348831039947
205.35639980884866,1334.4984991884196,-83.60348831039947
205.41210398546195,1334.0016121741148,-83.60348831039947
205.46780816207524,1333.50472515981,-83.60348831039947
205.52351233868853,1333.0078381455053,-83.60348831039947
205.57921651530182,1332.5109511312005,-83.60348831039947
205.6349206919151,1332.0140641168957,-83.60348831039947
205.6906248685284,1331.517177102591,-83.55910657753897
205.74671393424615,1331.0203332665158,-83.55910657753897
205.8028029999639,1330.5234894304406,-83.55910657753897
205.85889206568163,1330.0266455943654,-83.55910657753897
205.91498113139937,1329.5298017582902,-83.55910657753897
205.97107019711711,1329.032957922215,-83.55910657753897
206.02715926283486,1328.5361140861398,-83.56026065268611
206.08323831503355,1328.039269172446,-83.56026065268611
206.13931736723225,1327.5424242587521,-83.56026065268611
206.19539641943095,1327.0455793450583,-83.56026065268611
206.25147547162965,1326.5487344313644,-83.56026065268611
206.30755452382834,1326.0518895176706,-83.56026065268611
206.36363357602704,1325.5550446039767,-83.56026065268611
206.41971262822574,1325.058199690283,-83.56026065268611
206.47579168042444,1324.561354776589,-83.56026065268611
206.53187073262313,1324.0645098628952,-83.56026065268611
206.58794978482183,1323.5676649492013,-83.56026065268611
206.64402883702053,1323.0708200355075,-83.56026065268611
206.70010788921923,1322.5739751218136,-83.54767129939479
206.75629611283887,1322.077142513859,-83.54767129939479
206.8124843364585,1321.5803099059042,-83.54767129939479
206.86867256007815,1321.0834772979495,-83.54767129939479
206.9248607836978,1320.5866446899947,-83.54767129939479
206.98104900731744,1320.08981208204,-83.54767129939479
207.03723723093708,1319.5929794740853,-83.54767129939479
207.09342545455672,1319.0961468661305,-83.54767129939479
207.14961367817637,1318.5993142581758,-83.5476712991458
207.16095875384053,1318.4989978009835,-88.64930950157891
207.17274466031938,1317.9991367278758,-84.46680689805132
207.22095583129192,1317.5014667657033,-84.46680689805132
207.26916700226445,1317.0037968035308,-84.46680689805132
207.317378173237,1316.5061268413583,-84.46680689805132
207.36558934420952,1316.0084568791858,-84.46680689805132
207.41380051518206,1315.5107869170133,-84.46680689805132
207.4620116861546,1315.0131169548408,-84.46680689805132
207.51022285712713,1314.5154469926683,-84.46680689805132
207.55843402809967,1314.0177770304958,-84.46680689805132
207.6066451990722,1313.5201070683233,-84.26802541883193
207.65658269428104,1313.0226073044844,-84.26802541883193
207.70652018948988,1312.5251075406454,-84.26802541883193
207.75645768469872,1312.0276077768065,-84.26802541883193
207.80639517990755,1311.5301080129675,-84.26802541883193
207.8563326751164,1311.0326082491285,-84.26802541883193
207.90627017032523,1310.5351084852896,-84.26802541883193
207.95620766553407,1310.0376087214506,-84.26802541883193
208.0061451607429,1309.5401089576117,-84.26802541883193
208.05608265595174,1309.0426091937727,-84.26802541883193
208.10602015116058,1308.5451094299337,-84.26206312685723
208.15600940765262,1308.0476149557362,-84.26206312685723
208.20599866414466,1307.5501204815387,-84.26206312685723
208.2559879206367,1307.0526260073411,-84.26206312685723
208.30597717712874,1306.5551315331436,-84.26206312685723
208.35596643362078,1306.057637058946,-84.26206312685723
208.40595569011282,1305.5601425847485,-84.26206312685723
208.45594494660486,1305.062648110551,-83.2329992204298
208.5148609426824,1304.5661316071323,-83.2329992204298
208.57377693875992,1304.0696151037137,-83.2329992204298
208.63269293483745,1303.573098600295,-83.2329992204298
208.69160893091498,1303.0765820968763,-83.2329992204298
208.7505249269925,1302.5800655934577,-83.2329992204298
208.80944092307004,1302.083549090039,-83.2329992204298
208.86835691914757,1301.5870325866204,-83.2329992204298
208.9272729152251,1301.0905160832017,-83.2329992204298
208.98618891130263,1300.593999579783,-83.2329992204298
209.04510490738016,1300.0974830763644,-83.2329992204298
209.1040209034577,1299.6009665729457,-83.2329992204298
209.16293689953523,1299.104450069527,-83.17757399391648
209.2223331761254,1298.6079907777732,-83.17757399391648
209.28172945271558,1298.1115314860194,-83.17757399391648
209.34112572930576,1297.6150721942656,-83.17757399391648
209.40052200589594,1297.1186129025118,-83.17757399391648
209.45991828248611,1296.622153610758,-83.17757399391648
209.5193145590763,1296.1256943190042,-83.17757399391648
209.57871083566647,1295.6292350272504,-83.17757399391648
209.63810711225665,1295.1327757354966,-83.18207725004427
209.69746436320725,1294.6363118222669,-83.18207725004427
209.75682161415784,1294.1398479090371,-83.18207725004427
209.81617886510844,1293.6433839958074,-83.18207725004427
209.87553611605904,1293.1469200825777,-83.18207725004427
209.93489336700964,1292.650456169348,-83.18207725004427
209.99425061796023,1292.1539922561183,-83.18207725004427
210.05360786891083,1291.6575283428886,-83.18207725004427
210.11296511986143,1291.1610644296588,-83.18207725004427
210.17232237081203,1290.6646005164291,-83.18207725021827
210.19295876013348,1290.49199780263,-96.62849414895602
210.13524321111709,1289.9953403156562,-96.62849414895602
210.0775276621007,1289.4986828286824,-96.62849414895602
210.0198121130843,1289.0020253417085,-96.62849414895602
209.9620965640679,1288.5053678547347,-96.62849414895602
209.9043810150515,1288.0087103677608,-96.63215247716126
209.84663375778257,1287.5120565939947,-96.63215247716126
209.78888650051363,1287.0154028202285,-96.63215247716126
209.73113924324468,1286.5187490464623,-96.63215247716126
209.67339198597574,1286.022095272696,-96.63215247716126
209.6156447287068,1285.52544149893,-96.63215247716126
209.55789747143785,1285.0287877251637,-96.63215247716126
209.5001502141689,1284.5321339513976,-96.63215247716126
209.44240295689997,1284.0354801776314,-96.63215247716126
209.38465569963103,1283.5388264038652,-96.63215247716126
209.32690844236208,1283.042172630099,-96.63366252811875
209.2691480962401,1282.5455203837555,-96.63366252811875
209.2113877501181,1282.048868137412,-96.63366252811875
209.1536274039961,1281.5522158910685,-96.63366252811875
209.0958670578741,1281.055563644725,-96.63366252811875
209.0381067117521,1280.5589113983815,-96.63366252811875
208.9803463656301,1280.062259152038,-96.63366252811875
208.92258601950812,1279.5656069056945,-96.63366252811875
208.86482567338612,1279.068954659351,-96.63366252811875
208.80706532726413,1278.5723024130075,-96.63366252811875
208.74930498114213,1278.075650166664,-96.63366252811875
208.69154463502014,1277.5789979203205,-96.63950890432605
208.6337336126138,1277.082351579553,-96.63950890432605
208.57592259020748,1276.5857052387855,-96.63950890432605
208.51811156780116,1276.089058898018,-96.63950890432605
208.46030054539483,1275.5924125572506,-96.63950890432605
208.4024895229885,1275.095766216483,-96.63950890432605
208.34467850058218,1274.5991198757156,-96.63950890432605
208.28686747817585,1274.102473534948,-96.63950890432605
208.22905645576952,1273.6058271941806,-96.63950890432605
208.1712454333632,1273.1091808534131,-96.63950890432605
208.11343441095687,1272.6125345126457,-96.63950890432605
208.05562338855054,1272.1158881718782,-95.86336367233856
208.00454516853938,1271.6185041879216,-95.86336367233856
207.95346694852822,1271.1211202039651,-95.86336367233856
207.90238872851705,1270.6237362200086,-95.86336367233856
207.8513105085059,1270.126352236052,-95.86336367233856
207.80023228849473,1269.6289682520955,-95.86336367233856
207.74915406848356,1269.131584268139,-95.86336367233856
207.6980758484724,1268.6342002841825,-95.86336367233856
207.64699762846124,1268.136816300226,-95.86336367233856
207.59591940845007,1267.6394323162694,-95.86336367233856
207.5448411884389,1267.142048332313,-95.86336367233856
207.49376296842775,1266.6446643483564,-95.86336367233856
207.44268474841658,1266.1472803643999,-95.83736562208264
207.39183221971496,1265.6498732283405,-95.83736562208264
207.34097969101333,1265.1524660922812,-95.83736562208264
207.2901271623117,1264.6550589562219,-95.83736562208264
207.23927463361008,1264.1576518201625,-95.83736562208264
207.18842210490845,1263.6602446841032,-95.83736562208264
207.13756957620683,1263.1628375480439,-95.83736562208264
207.0867170475052,1262.6654304119845,-95.83736562208264
207.03586451880358,1262.1680232759252,-95.83736562208264
206.98501199010195,1261.6706161398658,-95.83736562208264
206.93415946140033,1261.1732090038065,-95.83736562208264
206.8833069326987,1260.6758018677472,-95.83736562208264
206.83245440399708,1260.1783947316878,-95.83736562208264
206.78160187529545,1259.6809875956285,-95.83736562208264
206.73074934659383,1259.1835804595692,-95.83736562208264
206.6798968178922,1258.6861733235098,-95.84266396575943
206.62899829826858,1258.1887709493594,-95.84266396575943
206.57809977864497,1257.691368575209,-95.84266396575943
206.52720125902135,1257.1939662010586,-95.84266396575943
206.47630273939774,1256.6965638269082,-95.84266396575943
206.42540421977412,1256.1991614527578,-95.84266396575943
206.3745057001505,1255.7017590786074,-95.84266396575943
206.3236071805269,1255.204356704457,-95.84266396575943
206.27270866090328,1254.7069543303066,-94.92297815425137
206.22980041813878,1254.208798905281,-94.92297815425137
206.18689217537428,1253.7106434802552,-94.92297815425137
206.14398393260979,1253.2124880552294,-94.92297815425137
206.1010756898453,1252.7143326302037,-94.92297815425137
206.0581674470808,1252.216177205178,-94.83542175575418
206.01602050951465,1251.7179567971405,-94.83542175575418
205.9738735719485,1251.219736389103,-94.83542175575418
205.93172663438236,1250.7215159810655,-94.83542175575418
205.8895796968162,1250.223295573028,-93.88640811042869
205.8556904209819,1249.724445845419,-93.88640811042869
205.82180114514756,1249.22559611781,-93.88640811042869
205.78791186931323,1248.726746390201,-93.88640811042869
205.7540225934789,1248.227896662592,-93.88640811042869
205.72013331764458,1247.729046934983,-93.88640811042869
205.68624404181026,1247.230197207374,-93.79797998710842
205.65312468332502,1246.731295343103,-93.79797998710842
205.62000532483978,1246.2323934788321,-93.79797998710842
205.58688596635454,1245.7334916145612,-93.79797998710842
205.5537666078693,1245.2345897502903,-93.79797998710842
205.52064724938407,1244.7356878860194,-94.20149330959146
205.48401516363492,1244.2370317298105,-94.20149330959146
205.44738307788577,1243.7383755736016,-94.23604469228896
205.4104503124414,1243.2397418811518,-94.23604469228896
205.37351754699705,1242.741108188702,-94.23604469228896
205.3365847815527,1242.242474496252,-94.21359954192809
205.29984733621336,1241.7438261245934,-94.21359954192809
205.26310989087403,1241.2451777529348,-94.21359954192809
205.2263724455347,1240.746529381276,-94.21359954192809
205.18963500019538,1240.2478810096175,-94.21359954192809
205.15289755485605,1239.7492326379588,-94.23295400213452
205.11599166240399,1239.2505966200051,-93.2666039720141
205.08750075199828,1238.7514115806568,-93.2666039720141
205.05900984159257,1238.2522265413086,-93.22061145587391
205.03091952740067,1237.75301667496,-93.11765847631614
205.00372626257308,1237.2537569569222,-93.11765847631614
204.9765329977455,1236.7544972388844,-89.48068431191085
204.9810648197281,1236.2545178069906,-89.48068431191085
204.98559664171069,1235.754538375097,-89.48068431191085
204.99012846369328,1235.2545589432032,-89.48068431191085
204.99466028567588,1234.7545795113094,-89.11785483034296
205.00235814941334,1234.2546388351625,-89.11785483034296
205.0100560131508,1233.7546981590156,-89.11785483034296
205.01775387688826,1233.2547574828686,-89.11785483034296
205.02545174062573,1232.7548168067217,-89.09000025179125
205.0333926508889,1232.2548799803676,-89.09000025179125
205.0413335611521,1231.7549431540135,-89.09000025179125
205.0492744714153,1231.2550063276594,-89.09000025179125
205.05721538167847,1230.7550695013053,-89.09000025179125
205.06515629194166,1230.2551326749513,-89.09000025179125
205.07309720220485,1229.7551958485972,-89.3343454948574
205.0789059956162,1229.2552302211434,-89.3343454948574
205.08471478902754,1228.7552645936896,-89.3343454948574
205.0905235824389,1228.2552989662358,-89.3343454948574
205.09633237585024,1227.755333338782,-89.3343454948574
205.10214116926159,1227.2553677113283,-89.93372661872557
205.1027195129658,1226.7553684968086,-89.93372661872557
205.10329785667,1226.255369282289,-89.93372661872557
205.1038762003742,1225.7553700677693,-89.92411367581468
205.10453843269897,1225.2553709508386,-89.92411367581468
205.10520066502374,1224.755371833908,-89.92411367581468
205.10586289734852,1224.2553727169773,-89.65926279765605
205.10883636123435,1223.75538351245,-89.65926279765605
205.1118098251202,1223.2553943079226,-89.65926279765605
205.11478328900603,1222.7554051033953,-89.65926279765605
205.11775675289186,1222.255415898868,-89.65926279765605
205.1207302167777,1221.7554266943407,-89.88023936921081
205.1217753246765,1221.2554277870536,-89.88023936921081
205.12282043257528,1220.7554288797664,-89.88023936921081
205.12386554047407,1220.2554299724793,-89.88023936921081
205.12491064837286,1219.7554310651922,-89.88023936921081
205.12595575627165,1219.255432157905,-89.74620066577833
205.12817056362633,1218.7554376080564,-89.74620066577833
205.130385370981,1218.2554430582077,-89.74620066577833
205.13260017833568,1217.755448508359,-89.74620066577833
205.13481498569035,1217.2554539585103,-89.92264202428368
205.1354900609134,1216.7554546077758,-89.92264202428368
205.13616513613647,1216.2554552570414,-89.92264202428368
205.13684021135953,1215.755455906307,-89.92264202428368
205.13751528658258,1215.2554565555724,-89.9248526911203
205.13817107012756,1214.7554571754713,-89.9248526911203
205.13882685367253,1214.2554577953701,-89.9248526911203
205.1394826372175,1213.755458415269,-89.9248526911203
205.14013842076247,1213.2554590351679,-89.9248526911203
205.14079420430744,1212.7554596550667,-89.58718833811996
205.1443966324665,1212.2554729128735,-89.58718833811996
205.14799906062558,1211.7554861706803,-89.58718833811996
205.15160148878465,1211.2554994284872,-89.58718833811996
205.15520391694372,1210.755512686294,-89.58718833811996
205.1588063451028,1210.2555259441008,-89.69861042079766
205.1614364499568,1209.755533481518,-89.69861042079766
205.1640665548108,1209.255541018935,-89.69861042079766
205.1666966596648,1208.755548556352,-89.69861042079766
205.16932676451881,1208.2555560937692,-89.69861042079766
205.17195686937282,1207.7555636311863,-89.70297984226615
205.174548847525,1207.2555703663847,-89.70297984226615
205.17714082567716,1206.7555771015832,-89.70297984226615
205.17973280382932,1206.2555838367816,-89.79305328274293
205.18153874865266,1205.7555876647352,-89.79305328274293
205.183344693476,1205.2555914926888,-89.79305328274293
205.18515063829932,1204.7555953206424,-89.79305328274293
205.18695658312265,1204.255599148596,-89.80259428133729
205.18867926384826,1203.755603783007,-89.80259428133729
205.19040194457386,1203.255608417418,-89.57491775809663
205.19411143149046,1202.7556250637233,-89.57491775809663
205.19782091840705,1202.2556417100286,-89.57491775809663
205.20153040532364,1201.755658356334,-89.57491775809663
205.20523989224023,1201.2556750026392,-89.85596399472435
205.2064968414992,1200.7556768545933,-89.85596399472435
205.20775379075815,1200.2556787065473,-89.85596399472435
205.2090107400171,1199.7556805585014,-89.85596399472435
205.21026768927607,1199.2556824104554,-89.85596399472435
205.21152463853502,1198.7556842624094,-89.56801691366462
205.21529436639196,1198.2556984751668,-89.56801691366462
205.2190640942489,1197.7557126879242,-89.56801691366462
205.22283382210583,1197.2557269006816,-89.56801691366462
205.22660354996276,1196.755741113439,-89.4790705812616
205.23114945042414,1196.2557621829612,-89.4790705812616
205.23569535088552,1195.7557832524835,-89.4790705812616
205.2402412513469,1195.2558043220058,-89.4790705812616
205.24478715180828,1194.755825391528,-89.44996695203702
205.24958701743515,1194.2558488984,-89.44996695203702
205.254386883062,1193.755872405272,-89.44996695203702
205.25918674868888,1193.2558959121438,-89.44996695203702
205.26398661431574,1192.7559194190158,-89.44996695203702
205.2687864799426,1192.2559429258877,-89.21244234402931
205.27565898524892,1191.7559912762067,-89.21244234402931
205.28253149055524,1191.2560396265258,-89.21244234402931
205.28940399586156,1190.7560879768448,-89.26542654864843
205.29581418226053,1190.25612911984,-89.26542654864843
205.3022243686595,1189.756170262835,-89.26542654864843
205.30863455505846,1189.25621140583,-89.26542654864843
205.31504474145743,1188.7562525488252,-89.26542654864843
205.3214549278564,1188.2562936918202,-90.08925546188593
205.32067603012922,1187.7562960961945,-90.08925546188593
205.31989713240205,1187.2562985005688,-90.08925546188593
205.31911823467487,1186.7563009049431,-90.08925546188593
205.3183393369477,1186.2563033093174,-90.12591729098779
205.3172405075469,1185.7563069607684,-90.12591729098779
205.3161416781461,1185.2563106122193,-90.12591729098779
205.3150428487453,1184.7563142636702,-90.12591729098779
205.3139440193445,1184.2563179151211,-89.94379638663892
205.31443448831396,1183.7563181599648,-89.94379638663892
205.31492495728344,1183.2563184048086,-89.94379638663892
205.3154154262529,1182.7563186496523,-89.94379638663892
205.3159058952224,1182.256318894496,-89.94379638663892
205.31639636419186,1181.7563191393397,-89.94379638663892
205.31688683316133,1181.2563193841834,-89.47760383678595
205.32144552252203,1180.7563417020983,-89.47760383678595
205.32600421188272,1180.2563640200133,-89.09366858351885
205.3339131005598,1179.7564275321201,-89.09366858351885
205.3418219892369,1179.256491044227,-89.65576278422671
205.34482600118122,1178.756501132746,-89.65576278422671
205.34783001312553,1178.256511221265,-89.65576278422671
205.35083402506984,1177.7565213097841,-89.65576278422671
205.35383803701416,1177.2565313983032,-89.76862160313634
205.35585718271068,1176.7565370197533,-89.76862160313634
205.3578763284072,1176.2565426412034,-89.76862160313634
205.35989547410372,1175.7565482626535,-89.76862160313634
205.36191461980025,1175.2565538841036,-89.93803066463265
205.36245540371056,1174.7565545953616,-89.93803066463265
205.36299618762087,1174.2565553066197,-89.93803066463265
205.36353697153118,1173.7565560178778,-89.93803066463265
205.36407775544149,1173.2565567291358,-89.93803066463265
205.3646185393518,1172.7565574403939,-89.97324019862326
205.3648520625817,1172.2565576709637,-89.97324019862326
205.36508558581158,1171.7565579015336,-89.97324019862326
205.36531910904148,1171.2565581321035,-89.97324019862326
205.36555263227137,1170.7565583626733,-89.97324019862326
205.36578615550127,1170.2565585932432,-89.79333897366251
205.36758960924146,1169.756561851779,-89.79333897366251
205.36939306298166,1169.2565651103148,-89.79333897366251
205.37119651672185,1168.7565683688506,-89.80107475941233
205.37293246342153,1168.2565713880037,-89.80107475951684
205.37295875826385,1168.2489978019148,-91.83600538623566
205.3569394096785,1167.7492569562055,-91.83600538623566
205.34092006109313,1167.2495161104962,-91.83600538623566
205.32490071250777,1166.7497752647869,-92.13794628759402
205.30624799333611,1166.2501247200016,-92.1583826141688
205.287417029606,1165.750480069386,-92.1583826141688
205.26858606587587,1165.2508354187703,-92.1583826141688
205.24975510214574,1164.7511907681546,-92.19316132040782
205.23062086665777,1164.251557914812,-92.19316132040782
205.2114866311698,1163.7519250614696,-92.19316132040782
205.19235239568184,1163.252292208127,-92.17952118251276
205.17333709431387,1162.7526545069895,-92.17952118251276
205.1543217929459,1162.253016805852,-92.22801188365773
205.13488365567594,1161.7533956803218,-92.15395644641924
205.11609129205385,1161.253749627074,-90.39143211546192
205.1126754293805,1160.7537613482255,-90.39143211546192
205.10925956670712,1160.2537730693768,-89.8266155795609
205.1107726286956,1159.7537754269397,-89.8266155795609
205.11228569068408,1159.2537777845025,-89.8266155795609
205.11379875267255,1158.7537801420654,-89.8266155795609
205.11531181466103,1158.2537824996282,-89.57935909374517
205.11898256606094,1157.7537959764727,-89.57935909374517
205.12265331746084,1157.2538094533172,-89.54000085937314
205.12666752411553,1156.7538255675947,-89.52839849370753
205.1307829771663,1156.2538425048456,-89.37798098532794
205.13621100205683,1155.7538727422768,-89.21919123642718
205.14302461105535,1155.2539207824832,-89.21919123642718
205.14983822005388,1154.7539688226896,-89.21776542770168
205.15666422022628,1154.2540207061877,-89.59310962277205
205.160214926893,1153.754040618998,-89.59310962277205
205.1637656335597,1153.2540605318084,-89.59310962277205
205.16731634022642,1152.7540804446187,-89.64108261493205
205.17044846187775,1152.2540907210196,-89.66925622354667
205.1733347293649,1151.754099124899,-89.73347924427023
205.17566054924293,1151.2541054137328,-90.16247949843307
205.17424266920466,1150.7541141836698,-90.44215088552131
205.17038422759424,1150.2541309458936,-90.35238742162028
205.16730913901165,1149.7541489231144,-90.01152990179376
205.16720852454364,1149.254163372478,-90.01152990179376
205.16710791007563,1148.7541778218415,-90.01152990179376
205.16700729560762,1148.254192271205,-89.91641332284792
205.16773671983321,1147.7541975187373,-89.73850828326346
205.17001859226184,1147.2542170473328,-89.73850828326346
205.17230046469047,1146.7542365759282,-89.81523575450932
205.1739127830631,1146.2542550047033,-89.8152357544804
205.1739587590564,1146.2399978023022,-89.99999998150008
205.17395875921784,1145.740019156219,-89.99999998150008
205.17395875937927,1145.2400405101357,-89.78918615104682
205.17579840993676,1144.7400556296673,-89.78918615104682
205.17763806049425,1144.2400707491988,-89.78918615104682
205.17947771105173,1143.7400858687304,-89.78918615104682
205.18131736160922,1143.240100988262,-89.6121527230411
205.1847018276717,1142.7401292960171,-89.47805142288227
205.18925648587958,1142.2401653436307,-89.47805142288227
205.19381114408748,1141.7402013912442,-89.43482197780702
205.19874293443536,1141.2402498781848,-89.39403502970833
205.20403072354566,1140.7402924256446,-89.2487497152236
205.21058567569457,1140.2403930208834,-89.2487497152236
205.2171406278435,1139.7404936161222,-89.2487497152236
205.2236955799924,1139.240594211361,-89.6752574727156
205.22652912682986,1138.7406641968603,-89.74863225497108
205.22872259285168,1138.240697348597,-89.74863225497108
205.2309160588735,1137.7407305003337,-89.80086598476785
205.23265378513395,1137.2407457053544,-89.81153439691195
205.2342983449879,1136.7407817999638,-89.81153439691195
205.23594290484186,1136.2408178945732,-89.75622216796522
205.23807000262798,1135.7408832232222,-89.71576529048393
205.24055010497727,1135.2409505023609,-89.70592667024859
205.2431160985459,1134.7410095152893,-89.67242361226018
205.24597442978416,1134.241069537558,-89.72630236915434
205.2483625931311,1133.7411359453092,-89.73001701413034
205.25071841433635,1133.241187354481,-89.73001701413034
205.2530742355416,1132.741238763653,-89.73001701413034
205.25543005674683,1132.2412901728248,-89.73001701413034
205.25778587795207,1131.7413415819967,-89.73001701413034
205.26014169915732,1131.2413929911686,-86.44656160515572
205.2911262343007,1130.742437845606,-85.46582344807555
205.33064594754012,1130.2440928912667,-85.3091090407482
205.37153260641446,1129.745808771115,-85.24725072184776
205.41295738479846,1129.247566915372,-87.89525024956104
205.43131935632073,1128.747939729521,-87.89525024956104
205.449681327843,1128.24831254367,-87.89525024956104
205.46804329936526,1127.7486853578189,-87.89525024956104
205.48640527088753,1127.2490581719678,-88.31304438649953
205.50112340922828,1126.7493156118237,-88.23355521047166
205.51653504288186,1126.2495876957194,-88.57730951128664
205.51895875990158,1126.151997801382,-88.25047361981166
205.5342227959169,1125.6522665459086,-88.25047361981166
205.5494868319322,1125.152535290435,-88.25047361981166
205.5647508679475,1124.6528040349615,-90.09506492599054
205.56392129938956,1124.1528222269967,-90.09506492599054
205.56309173083162,1123.652840419032,-90.09506492599054
205.56226216227367,1123.1528586110671,-90.57690890957662
205.55722777133178,1122.6528843508509,-90.57690890957662
205.5521933803899,1122.1529100906346,-90.57690890957662
205.547158989448,1121.6529358304183,-90.57690890957662
205.54212459850612,1121.152961570202,-90.57690890957662
205.53709020756423,1120.6529873099857,-90.5814516877152
205.53201617798754,1120.1530136994377,-90.5814516877152
205.52694214841085,1119.6530400888896,-91.38894502946482
205.51482251734865,1119.153187564106,-91.38894502946482
205.50270288628644,1118.6533350393224,-91.38894502946482
205.49058325522424,1118.1534825145388,-91.38894502946482
205.47846362416203,1117.6536299897552,-91.38894502946482
205.46634399309983,1117.1537774649717,-91.38894502946482
205.45422436203762,1116.653924940188,-91.52465607180316
205.44092081056294,1116.154102427696,-91.52465607180316
205.42761725908827,1115.654279915204,-91.52465607180316
205.4143137076136,1115.1544574027118,-91.52465607180316
205.4010101561389,1114.6546348902198,-91.52390463207392
205.38771315440397,1114.1548119972167,-91.52390463207392
205.37441615266903,1113.6549891042137,-91.52390463207392
205.3611191509341,1113.1551662112106,-91.52390463207392
205.34782214919915,1112.6553433182075,-91.5238049213287
205.3345260184251,1112.1555204444937,-91.5238049213287
205.32122988765104,1111.65569757078,-91.45726825821113
205.30851419987187,1111.1558595122005,-91.45726825821113
205.2957985120927,1110.6560214536212,-91.45726825821113
205.2830828243135,1110.1561833950418,-91.38390474049947
205.2710071788606,1109.656330373825,-93.19066815437483
205.24317780598767,1109.1571067174514,-93.19066815437483
205.21534843311474,1108.6578830610777,-93.19066815437483
205.1875190602418,1108.158659404704,-93.19066815437483
205.15968968736888,1107.6594357483302,-93.58226029831675
205.12844898055528,1107.1604134674703,-93.58226029831675
205.09720827374167,1106.6613911866104,-93.58226029831675
205.06596756692807,1106.1623689057506,-93.01252953694201
205.03969043898462,1105.663060643102,-93.01252953694201
205.01341331104118,1105.1637523804534,-93.01252953694201
204.98713618309773,1104.6644441178048,-93.01252953694201
204.9608590551543,1104.1651358551562,-92.89572303274821
204.93559993171846,1103.6657756883374,-92.89572303274821
204.91034080828263,1103.1664155215185,-92.89572303274821
204.8850816848468,1102.6670553546996,-92.89572303274821
204.85982256141097,1102.1676951878808,-94.60714365378726
204.81966108658162,1101.6693123201712,-96.03117832425379
204.76712633461273,1101.1720804886468,-96.03117832425379
204.71459158264383,1100.6748486571223,-96.03117832425379
204.66205683067494,1100.1776168255979,-96.17887456420888
204.60824043823163,1099.6805215211384,-96.32128032723905
204.55318907902063,1099.18356485876,-96.32128032723905
204.49813771980962,1098.6866081963817,-96.32128032723905
204.4430863605986,1098.1896515340034,-96.32128032723905
204.3880350013876,1097.692694871625,-96.32128032723905
204.3329836421766,1097.1957382092467,-96.25994442554115
204.27846421723166,1096.6987220236138,-96.41844465273228
204.2225699989034,1096.2018578250531,-96.41844465273228
204.16667578057513,1095.7049936264925,-96.41844465273228
204.11078156224687,1095.208129427932,-96.41844465273228
204.0548873439186,1094.7112652293713,-96.45585339944019
203.99866902289818,1094.21444020107,-96.45585339944019
203.94245070187776,1093.7176151727685,-96.45585339944019
203.88623238085734,1093.2207901444672,-96.42191567234933
203.83030787127882,1092.723927636328,-96.42191567234933
203.7743833617003,1092.2270651281888,-96.42191567234933
203.71845885212178,1091.7302026200496,-96.42191567234933
203.66253434254327,1091.2333401119104,-98.59885846797415
203.5877770787207,1090.7389641229067,-98.59885846797415
203.51301981489814,1090.244588133903,-98.59885846797415
203.43826255107558,1089.7502121448995,-98.59885846797415
203.36350528725302,1089.2558361558958,-98.59885846797415
203.28874802343046,1088.7614601668922,-98.59885846797415
203.2139907596079,1088.2670841778886,-98.02746763708271
203.14416692025645,1087.7719840617676,-98.02746763708271
203.074343080905,1087.2768839456467,-98.02746763708271
203.00451924155357,1086.7817838295257,-97.3318815913831
202.9407124583372,1086.2858835041475,-97.3318815913831
202.87690567512084,1085.7899831787693,-97.3318815913831
202.81309889190447,1085.294082853391,-97.3318815913831
202.7492921086881,1084.7981825280128,-97.3318815913831
202.68548532547175,1084.3022822026346,-95.83871056026842
202.63462321583847,1083.8048967475154,-95.83871056026842
202.5837611062052,1083.3075112923962,-95.83871056026842
202.53289899657193,1082.810125837277,-95.83871056026842
202.48203688693866,1082.3127403821577,-95.83871056026842
202.4311747773054,1081.8153549270385,-95.64024822029778
202.38203605470426,1081.3177986181825,-95.64024822029778
202.33289733210313,1080.8202423093264,-95.64024822029778
202.283758609502,1080.3226860004704,-95.64024822029778
202.23461988690087,1079.8251296916144,-95.64024822029778
202.18548116429974,1079.3275733827584,-95.64024822029778
202.13634244169862,1078.8300170739024,-95.60047064361781
202.08754920084277,1078.332427194872,-95.60047064361781
202.03875595998693,1077.8348373158417,-95.60047064361781
201.98996271913109,1077.3372474368114,-95.60047064361781
201.94116947827524,1076.839657557781,-95.62079812571783
201.89219967185568,1076.3420846861159,-95.62079812571783
201.84322986543611,1075.8445118144507,-95.62079812571783
201.79426005901655,1075.3469389427855,-95.62079812571783
201.745290252597,1074.8493660711204,-95.62462260734205
201.69628743550095,1074.3517985214064,-95.62462260734205
201.6472846184049,1073.8542309716925,-95.62462260734205
201.59828180130887,1073.3566634219785,-95.62462260734205
201.54927898421283,1072.8590958722646,-95.61692179410127
201.50034281654393,1072.3615194392862,-95.61692179410127
201.45140664887504,1071.8639430063079,-95.61692179410127
201.40247048120614,1071.3663665733295,-95.61692179410127
201.35353431353724,1070.8687901403512,-95.61692179410127
201.30459814586834,1070.3712137073728,-95.61692179412935
201.26395875547314,1069.9579978003167,-113.82141465395253
201.0620151354608,1069.5005934121257,-113.82141465395253
200.86007151544845,1069.0431890239347,-113.83694294447699
200.65800464591518,1068.5858409873088,-113.83694294447699
200.45593777638192,1068.1284929506828,-113.83694294447699
200.25387090684865,1067.6711449140569,-113.82855135101181
200.05187031466517,1067.2137656833538,-113.82855135101181
199.84986972248169,1066.7563864526508,-113.82855135101181
199.6478691302982,1066.2990072219477,-113.86138060686334
199.44560807707398,1065.84174736742,-113.86138060686334
199.24334702384976,1065.3844875128925,-113.86138060686334
199.04108597062555,1064.927227658365,-113.81923804416066
198.83916011246993,1064.4698164718284,-113.81923804416066
198.6372342543143,1064.0124052852918,-113.84763603286483
198.43508132465263,1063.5550933644588,-113.84763603286483
198.23292839499095,1063.0977814436258,-113.84763603286483
198.03077546532927,1062.6404695227927,-113.81321324435467
197.8288982434923,1062.1830383230601,-116.49831819923052
197.6058127437924,1061.7355651399723,-116.49831819923052
197.3827272440925,1061.2880919568845,-116.49831819923052
197.15964174439262,1060.8406187737967,-117.64033861990964
196.92768289319235,1060.3976822291252,-117.64033861990964
196.6957240419921,1059.9547456844537,-117.64033861990964
196.46376519079183,1059.5118091397821,-117.6676090735053
196.23159457465908,1059.068981195269,-117.6676090735053
195.99942395852634,1058.626153250756,-117.6676090735053
195.7672533423936,1058.183325306243,-117.6676090735053
195.53508272626084,1057.74049736173,-117.70605968183423
195.3026160665064,1057.297827383382,-117.70605968183423
195.07014940675197,1056.8551574050339,-117.70605968183423
194.83768274699753,1056.4124874266859,-117.70605968183423
194.6052160872431,1055.9698174483378,-117.6703339339275
194.37302849254615,1055.5270083289656,-117.6703339339275
194.14084089784922,1055.0841992095934,-117.6703339339275
193.90865330315228,1054.6413900902212,-117.6783845378893
193.67639941564755,1054.1986058286705,-119.76940986121578
193.42814483003212,1053.764591738404,-119.76940986121578
193.1798902444167,1053.3305776481377,-121.46160277314645
192.91892720750877,1052.904083376007,-121.51527244791292
192.65756433642855,1052.4778330106185,-121.51527244791292
192.39620146534833,1052.05158264523,-121.51527244791292
192.1348385942681,1051.6253322798414,-121.54421729492844
191.87326091942805,1051.1992148149507,-121.54421729492844
191.611683244588,1050.77309735006,-121.51894072775987
191.3502931118934,1050.3468637644482,-121.51894072775987
191.0889029791988,1049.9206301788365,-121.54574897008017
190.8273143737838,1049.4945204571354,-121.54574897008017
190.5657257683688,1049.0684107354343,-121.54574897008017
190.3041371629538,1048.6423010137332,-121.52874562915514
190.04267776667473,1048.216118152545,-121.52874562915514
189.78121837039566,1047.7899352913569,-121.52874562915514
189.5197589741166,1047.3637524301687,-121.6093543813045
189.25769760958622,1046.9379335522233,-121.57400760809756
188.99589948717926,1046.5119538939418,-121.48798819980662
188.74295873875963,1046.0989978024736,-124.66570909110511
188.45858174218768,1045.6877796388949,-124.66570909110511
188.17420474561573,1045.2765614753162,-124.66745923732738
187.88979853031742,1044.8653279122266,-124.66745923732738
187.60539231501912,1044.454094349137,-124.66745923732738
187.3209860997208,1044.0428607860474,-124.68270108024582
187.03647246640674,1043.631705739931,-124.68270108024582
186.75195883309266,1043.2205506938146,-124.68270108024582
186.46744519977858,1042.8093956476982,-124.67164778058914
186.18300949976378,1042.3981837114957,-124.67164778058914
185.898573799749,1041.9869717752931,-124.67164778058914
185.6141380997342,1041.5757598390906,-130.20938028449612
185.29134684762926,1041.1939147968405,-130.2093802844625
184.96855559552432,1040.81206975459,-132.06612658987007
184.63356182647976,1040.440883889371,-132.06612658983514
184.2985680574352,1040.0696980241514,-128.02356968318017
183.9905757230183,1039.6758198990906,-128.02356968318017
183.68258338860142,1039.2819417740297,-131.71317596221942
183.34988238511949,1038.9086991990453,-128.99396984080096
183.0352631297394,1038.5200931563168,-128.99396984080096
182.72064387435933,1038.1314871135883,-128.99396984080096
182.40602461897925,1037.7428810708598,-132.8314057572674
182.0661032259893,1037.376202728848,-133.7351083969032
181.72044060066776,1037.0149309130538,-133.7351083969032
181.3747779753462,1036.6536590972596,-133.7351083969032
181.02911535002465,1036.2923872814654,-130.74470334024542
180.7027817724288,1035.9135877136907,-130.74470334024542
180.37644819483296,1035.534788145916,-133.79641497896955
180.03040805285548,1035.1738956230338,-136.3203742747699
179.66880377747498,1034.8285850000034,-131.70813385495697
179.33614784456176,1034.455326863666,-131.7081338549396
179.00349191164855,1034.0820687273283,-131.7081338549396
178.67083597873534,1033.7088105909907,-135.6872835567798
178.3130672128558,1033.359523620701,-135.6872835567425
177.95529844697626,1033.0102366504111,-134.0349370233043
177.60775462653396,1032.6507833794972,-134.0349370233043
177.26021080609166,1032.2913301085832,-137.9079606215815
176.88917659549998,1031.9561686004643,-137.9079606215815
176.5181423849083,1031.6210070923453,-137.90796062160084
176.1471081743166,1031.2858455842265,-134.92917966736024
175.79399368341433,1030.9318570796486,-137.20443500103337
175.42710248588355,1030.592164853465,-137.20443500103337
175.06021128835278,1030.2524726272813,-136.36842138291365
174.6983154562172,1029.9074633451658,-136.36842138291365
174.3364196240816,1029.5624540630502,-136.36842138293252
173.974523791946,1029.2174447809348,-140.6673511308858
173.58778457825895,1028.9005342192884,-140.6673511308858
173.20104536457188,1028.583623657642,-138.83391767731823
172.82464309712998,1028.2545017650357,-140.89291584801396
172.43665961124952,1027.9391164778008,-140.89291584799372
172.04867612536907,1027.6237311905656,-140.89291584799372
171.66069263948862,1027.3083459033305,-139.00735640255547
171.2832957923422,1026.9803648906914,-138.4447903502514
170.9093096641709,1026.6488469217159,-137.14386974843976
170.54281008306396,1026.308797060059,-142.2287922171301
170.1475800510234,1026.0025432084929,-142.2287922171301
169.75235001898284,1025.6962893569266,-142.22879221710951
169.35711998694228,1025.3900355053602,-142.60566180323448
168.95988266907023,1025.0863868378729,-142.60566180325517
168.56264535119817,1024.7827381703858,-143.0249276109871
168.16319671847975,1024.4820044180174,-143.13546148663644
167.76317014074618,1024.1820429435675,-143.13546148664688
167.3631435630126,1023.8820814691177,-143.38217561727888
166.96182826757558,1023.5838446767474,-143.38217561727888
166.56051297213855,1023.2856078843771,-144.0368497378121
166.1558155896247,1022.9919755130323,-145.09649369742039
165.7457576325071,1022.7058778119019,-145.09649369742039
165.3356996753895,1022.4197801107715,-144.42698300427054
164.9290134963336,1022.1289109991048,-144.42698300427054
164.5223273172777,1021.8380418874382,-144.06726647997655
164.117477961232,1021.5446271909042,-144.88913777548325
163.70845867090293,1021.2570477593395,-144.88913777548325
163.29943938057386,1020.9694683277747,-145.93235617860577
162.88525133788949,1020.6893829312769,-145.93235617860577
162.4710632952051,1020.4092975347791,-147.04020604264753
162.05154040382217,1020.1372745374355,-147.04020604264753
161.63201751243923,1019.8652515400919,-147.59896788626756
161.20985883650394,1019.5973308302017,-147.07485723314764
160.79016817807212,1019.3255594439131,-147.07485723314764
160.3704775196403,1019.0537880576245,-147.39408477297508
159.94927947055612,1018.7843593938717,-147.48363911124815
159.52766059732915,1018.5155892608235,-148.19414029702824
159.10274140894194,1018.252068034772,-148.45387844759443
158.67663189384643,1017.9904757410002,-148.4831189962748
158.25038883460684,1017.7291008837927,-149.26035551201002
157.82063952062242,1017.4735320618985,-149.26035551201002
157.390890206638,1017.2179632400042,-148.88357716368367
156.9628309453774,1016.9595740115118,-150.3029098810748
156.5285068044401,1016.711869128943,-150.54935772823478
156.0931176257261,1016.4660326696295,-150.54935772823478
155.65772844701212,1016.220196210316,-150.36148923272683
155.22314713183596,1015.9729331516338,-150.31542188025549
154.78877076107995,1015.725324176757,-150.57185002303322
154.35329219555467,1015.4796626522904,-150.57185002303322
153.9178136300294,1015.2340011278237,-150.57185002303322
153.48233506450413,1014.9883396033571,-151.0320734360251
153.04488961033485,1014.7461796459652,-151.0320734360251
152.60744415616557,1014.5040196885733,-151.0320734360251
152.1699987019963,1014.2618597311814,-151.12585066428895
151.73216097747343,1014.0204179997522,-150.65844657336314
151.29631384574964,1013.7754161880526,-151.87180560903133
150.85536636821712,1013.5396932423164,-151.87180560903133
150.4144188906846,1013.3039702965801,-151.97289265741074
149.9730581599773,1013.0690267180419,-152.06328535768878
149.5313294298794,1012.8347808633706,-152.06328535768878
149.0896006997815,1012.6005350086994,-152.02606951994844
148.64802021906962,1012.366000161311,-152.02606951994844
148.20643973835774,1012.1314653139227,-152.02606951994844
147.76485925764587,1011.8969304665344,-152.08869483096532
147.32302652722194,1011.6628804471897,-152.08869483096532
146.88119379679802,1011.4288304278449,-152.0029568958668
146.43971356687177,1011.1941204499183,-152.05259370643452
145.99802461928448,1010.9597900823005,-152.05259370643452
145.55633567169718,1010.7254597146828,-152.05259370643452
145.1146467241099,1010.491129347065,-152.07781247978653
144.6728587068219,1010.2569955466112,-152.07781247978653
144.2310706895339,1010.0228617461573,-152.07781247978653
143.78928267224592,1009.7887279457035,-152.04557555123728
143.3476237660094,1009.5543441858355,-152.06909856779345
142.90587447788278,1009.320144849826,-151.72419674978133
142.4655362191312,1009.0832869461009,-151.72419674978133
142.02519796037961,1008.8464290423758,-151.72419674978133
141.58485970162803,1008.6095711386507,-151.7683955181896
141.14434326842445,1008.3730553562455,-151.7683955181896
140.70382683522087,1008.1365395738402,-151.7683955181896
140.26331040201728,1007.9000237914349,-151.69083369173543
139.82311042920912,1007.6629096772699,-151.69083369173543
139.38291045640096,1007.4257955631049,-151.69083369173543
138.9427104835928,1007.1886814489399,-151.7087067132562
138.50243869981296,1006.9517058121103,-151.78002549111497
138.06187472965087,1006.7152796992484,-151.78002549111497
137.62131075948878,1006.4788535863865,-151.66965144410364
137.18119795853454,1006.2415764665426,-151.66965144410364
136.7410851575803,1006.0042993466986,-151.66965144410364
136.30097235662606,1005.7670222268547,-151.86492544862222
135.8600631872058,1005.5312516800312,-151.9006664768978
135.41901033880902,1005.2957579841574,-151.9020275698735
134.97795082326923,1005.0602741929332,-151.69772997060184
134.53772235089536,1004.8232130840763,-151.69772997060184
134.0974938785215,1004.5861519752194,-151.69772997060184
133.65726540614764,1004.3490908663625,-151.89072058339602
133.21625070203174,1004.1135191479632,-151.89414982932584
132.77522413854638,1003.877975021347,-151.89414982932584
132.334197575061,1003.6424308947308,-151.69700619688567
131.8939716783094,1003.4053639991739,-151.69700619688567
131.4537457815578,1003.1682971036171,-151.69700619688567
131.01351988480621,1002.9312302080602,-151.8035143260153
130.57286267843529,1002.6949866851568,-151.70591322113046
130.13260477648953,1002.4579908357514,-151.70591322113046
129.69234687454377,1002.220994986346,-151.78180655775682
129.2517741461362,1001.9845818126429,-151.79570393999583
128.81114031743186,1001.7482734872028,-151.79570393999583
128.37050648872753,1001.5119651617628,-151.79333781589486
127.92988611026215,1001.2756406195341,-151.79736759103434
127.48924875295666,1001.0393468756989,-151.79374960498595
127.04862303379753,1000.803023546794,-151.79374960498595
126.6079973146384,1000.566700217889,-151.82836265136473
126.16722868118393,1000.3306429965467,-151.77834428241206
125.72666825259296,1000.0942021339198,-151.77834428241206
125.28610782400199,999.8577612712929,-151.82843142055276
124.84533890723696,999.6217045789916,-151.82843142055276
124.40456999047194,999.3856478866903,-151.82843142055276
123.96380107370692,999.149591194389,-151.79592990696332
123.52317043966195,998.9132868198064,-151.79592990696332
123.08253980561699,998.6769824452239,-151.79339653661216
122.6419174631692,998.4406574311076,-151.84645468694274
122.20107441343202,998.2047394548758,-151.84645468694274
121.76023136369486,997.968821478644,-151.84645468694274
121.31938831395769,997.7329035024122,-151.78954649207878
120.87878248479171,997.4965492199236,-151.78954649207878
120.43817665562574,997.260194937435,-151.73769339431507
119.99778740215811,997.0234433405052,-151.84658519121334
119.55694371456411,996.7875263146123,-151.84658519121334
119.11610002697012,996.5516092887193,-151.84658519121334
118.67525633937612,996.3156922628264,-151.5891449987651
118.23547711564993,996.0777968354244,-151.5891449987651
117.79569789192374,995.8399014080223,-151.64057570844207
117.35570530208759,995.6024008377298,-151.80374755349163
116.91503812289886,995.366154277573,-151.80374755349163
116.47437094371014,995.1299077174161,-151.80374755349163
116.03370376452142,994.8936611572593,-151.86074784467633
115.59280211326927,994.6578532892673,-151.81871152848245
115.15207329056216,994.4217218490569,-151.8418511022657
114.71124963397381,994.1857686863658,-151.82975575409876
114.27047528178389,993.9497221931197,-151.82975575409876
113.82970092959397,993.7136756998735,-151.8283187404559
113.38893285338713,993.4776183422806,-151.70919748665565
112.94865660665266,993.2406451670554,-151.70919748665565
112.50838035991819,993.0036719918302,-151.6624102412862
112.06829769234503,992.7663393278194,-151.68454924804135
111.62812334692444,992.5291767257586,-151.68454924804135
111.18794900150385,992.2920141236978,-151.66023880092462
110.74787636009341,992.0546653374417,-151.6736472559182
110.30774839263904,991.8174196556283,-151.6736472559182
109.86762042518467,991.5801739738149,-151.66119172309052
109.42754299017315,991.3428320503643,-151.66119172309052
108.98746555516163,991.1054901269138,-151.66119172309052
108.54738812015012,990.8681482034632,-151.47440956550605
108.10808626733501,990.6293726458913,-151.45021596049438
107.66888519813756,990.390411567091,-151.45021596049438
107.22968412894011,990.1514504882906,-151.53724973155235
106.79012093762879,989.9131570373804,-151.53724973155235
106.35055774631746,989.6748635864702,-151.53724973155235
105.91099455500614,989.43657013556,-151.62980899070834
105.47104660373145,989.1989868889107,-151.78765195972036
105.03044589872104,988.9626165937268,-151.78765195972036
104.58984519371063,988.726246298543,-151.78765195972036
104.14924448870022,988.4898760033591,-151.6314730147837
103.70929001002321,988.2523057352157,-151.6314730147837
103.2693355313462,988.0147354670723,-151.6314730147837
102.82938105266919,987.777165198929,-151.78768786851197
102.38878049975233,987.540795340948,-151.78768786851197
101.94817994683547,987.304425482967,-151.78768786851197
101.5075793939186,987.068055624986,-151.66362977715187
101.06749166828354,986.8307323246164,-151.66362977715187
100.62740394264847,986.5934090242469,-151.66362977715187
100.1873162170134,986.3560857238773,-151.78867136323277
99.74671180822793,986.119723536982,-151.78933741371299
99.30610437165024,985.8833663217389,-151.78933741371299
98.86549693507254,985.6470091064958,-151.64454600673906
98.42548847312128,985.409539341347,-151.67216754761284
97.98536502411366,985.17228142573,-151.67306880203304
97.54523862539213,984.9350308549019,-151.77532026927452
97.1046887277115,984.6985656942468,-151.62986384102646
96.66474111113803,984.4609831723394,-151.62692904271006
96.22480540077424,984.223377973321,-151.62692904271006
95.78486969041046,983.9857727743026,-151.70110964814364
95.34462702587291,983.7487375205833,-151.7424622424606
94.90421341549745,983.5120200780067,-151.63051431483098
94.4642639829733,983.2744430266968,-151.6777725463817
94.0241176162749,983.0372283239512,-151.6777725463817
93.5839712495765,982.8000136212057,-151.6777725463817
93.1438248828781,982.5627989184602,-151.7600775629865
92.70333846048118,982.326216860555,-151.84125601130978
92.26251678835433,982.0902588697868,-151.81671200872407
91.82179618174143,981.8541120358215,-151.9047902275985
91.38071312095417,981.618643003394,-151.9047902275985
90.9396300601669,981.3831739709666,-151.9047902275985
90.49854699937964,981.1477049385392,-151.88419846816126
90.05754858347223,980.9120773935003,-151.88419846816126
89.61655016756481,980.6764498484615,-151.88419846816126
89.1755517516574,980.4408223034227,-151.90930850783664
88.73445006446934,980.2053880235729,-151.90930850783664
88.29334837728129,979.9699537437232,-151.90930850783664
87.85224669009324,979.7345194638734,-151.8768339920342
87.41127851372278,979.4988352104282,-151.8768339920342
86.97031033735232,979.2631509569829,-151.83060839187388
86.52953281370401,979.027111205779,-151.9443323290804
86.08828731963388,978.7919466214739,-151.9443323290804
85.64704182556375,978.5567820371689,-151.9443323290804
85.20579633149362,978.3216174528638,-151.85802747155648
84.7649056642822,978.0857885377036,-151.85802747155648
84.32401499707078,977.8499596225433,-151.78108569912956
83.88344147491375,977.6135388837727,-151.74592579476314
83.44301296044023,977.3768477449148,-151.74592579476314
83.0025844459667,977.140156606057,-151.92260157521096
82.56142842741042,976.9048248205878,-151.94829476663986
82.12016668136903,976.6696907578516,-151.94829476663986
81.67890493532764,976.4345566951155,-151.76782761091658
81.23838640060228,976.1980341593278,-151.7660381085507
80.79787482417441,975.9614976346292,-151.7660381085507
80.35736324774655,975.7249611099305,-151.85977256646535
79.91646570509113,975.4891457876523,-151.90623764168384
79.47537667847712,975.2536878886527,-151.95667211231012
79.03408052780935,975.0186183304033,-151.83681818424202
78.59327747880491,974.7826263817368,-151.7384926120595
78.1528796688774,974.5458781033435,-151.7384926120595
77.7124818589499,974.3091298249502,-151.91952081312365
77.27133821532618,974.0737741700642,-151.95795067975757
76.83003715195093,973.8387146367618,-151.94151132198925
76.38880328076925,973.6035283509979,-151.78833991915897
75.94820004292967,973.3671635099597,-151.7858577743617
75.50760669555257,973.1307793939126,-151.87545162873997
75.06664421111941,972.895084504331,-151.87545162873997
74.62568172668625,972.6593896147493,-151.8922466205996
74.18465043014896,972.423824131345,-151.94616536318054
73.74339756089785,972.1886737426183,-151.9810358774485
73.30200218617608,971.9537922264594,-152.00754642439048
72.8604994091454,971.7191156208545,-152.0021830684322
72.41901679699936,971.4843967284959,-151.65434464361073
71.97896779845257,971.2470022534505,-151.65434464361073
71.53891879990579,971.0096077784052,-151.70466725672986
71.09866112531802,970.772599702998,-151.9868888193553
70.65724190795618,970.5377633572067,-151.9868888193553
70.21582269059434,970.3029270114154,-151.9868888193553
69.7744034732325,970.068090665624,-151.6891076186854
69.33421018149704,969.8309630411919,-151.6891076186854
68.89401688976159,969.5938354167598,-151.6891076186854
68.45382359802613,969.3567077923277,-152.0103556454063
68.01230878193917,969.122052550488,-152.0103556454063
67.5707939658522,968.8873973086482,-152.0103556454063
67.12927914976524,968.6527420668085,-151.78544360347624
66.68868777917066,968.4163549096806,-151.78544360347624
66.24809640857609,968.1799677525528,-151.78544360347624
65.80750503798151,967.9435805954249,-151.6579770122933
65.36744188746627,967.7062145024912,-151.6579770122933
64.92737873695103,967.4688484095575,-151.98896897513944
64.48595029843364,967.234027719878,-152.01423083415725
64.04441881615821,966.9994019171761,-152.01423083415725
63.60288733388279,966.7647761144742,-153.18986160400866
63.15663588611824,966.5392591669483,-153.18986160400866
62.710384438353685,966.3137422194225,-153.18986160400866
62.26413299058913,966.0882252718966,-153.03166981409262
61.81850432977592,965.8614763068919,-153.12479803202413
61.37250769833804,965.6354519617232,-154.62673237492263
60.92074003738833,965.4211951520152,-155.5035982954561
60.46574685793587,965.213877322133,-155.5035982954561
60.01075367848341,965.0065594922509,-154.69621004050734
59.55872726098312,964.7928510011037,-154.33696488221798
59.10804908751902,964.576312236717,-156.10423983300734
58.6509115440723,964.3737772304381,-157.12613637018467
58.19023079429746,964.1794256596245,-156.0538514372909
57.73327087409507,963.9764884068651,-156.9425623356903
57.27321454023593,963.7806615539132,-157.2006176650205
56.81228107443144,963.5869088132087,-157.2006176650205
56.35134760862695,963.3931560725041,-158.09438899786784
55.88744835388263,963.2066169942939,-158.33140023117483
55.42278504031913,963.0219999197645,-159.6559684195883
54.95398159678484,962.8481745723218,-159.685387852925
54.48508540535374,962.6745886458544,-161.30970869548216
54.01145998474965,962.5143647304662,-162.0316417640148
53.535846600097784,962.360118910472,-161.9801534676434
53.06037192535621,962.2054457170069,-162.30701457838384
52.58402273998979,962.0534875555594,-162.30701457838384
52.107673554623375,961.9015293941119,-162.75445903323595
51.63015294089905,961.753296047399,-163.97105139064593
51.149591792374736,961.6152345506096,-163.97105139064593
50.66903064385042,961.4771730538201,-163.90822006878665
50.18862134975018,961.3385846980532,-163.90822006878665
49.70821205564994,961.1999963422862,-165.23261361465205
49.22472812781382,961.0725487519458,-165.74627679146366
48.74012101584492,960.9494407016946,-165.74627679146366
48.25551390387602,960.8263326514434,-166.08129649166193
47.77019561712393,960.7060603753699,-167.623226501532
47.28181609820206,960.5988907047592,-167.623226501532
46.79343657928018,960.4917210341486,-168.46578809106242
46.3035340316743,960.3917445628845,-169.95504839279369
45.81119851381402,960.304534199361,-169.63278755115584
45.31936132855026,960.2145560883263,-169.63278755115584
44.827524143286496,960.1245779772916,-169.63278755115584
44.335686958022734,960.0345998662568,-169.32378042056118
43.84434243214389,959.9419705495328,-169.32378042056118
43.352997906265045,959.8493412328088,-170.2966177608642
42.86015201615885,959.7650675983919,-171.60560646761172
42.36550987710382,959.6920746582498,-172.17229432922275
41.870169834689364,959.6239774777794,-173.7329888813975
41.37315978655033,959.5693966878802,-173.7329888813975
40.8761497384113,959.514815897981,-174.91648989880855
40.37811679902961,959.4705121156484,-174.99200439311252
39.88002561276869,959.4268647420979,-174.99200439311252
39.38193442650777,959.3832173685474,-174.96131688446263
38.88386905500795,959.339303433191,-175.70300173630028
38.38527533381023,959.3018402519675,-175.97569183676586
37.886508290134884,959.266750416028,-176.17420836021776
37.38762364340198,959.2333889644264,-177.13723817312393
36.88824833935223,959.2084170834121,-177.13723817312393
36.38887303530248,959.1834452023978,-177.11719134368514
35.88950594996902,959.1582985722465,-179.31213685069534
35.38954589260959,959.1522960250096,-179.31213685069534
34.88958583525016,959.1462934777727,179.24561617215141
34.3896291751571,959.1528765283572,179.24561617215141
33.889672515064035,959.1594595789417,178.74931036699044
33.389791633056234,959.1703730382047,178.63105335201365
32.88993434068709,959.1823182147751,177.20065665177495
32.39053115323202,959.2067373682671,177.20065665177495
31.891127965776946,959.2311565217591,177.2782280500252
31.391692213060537,959.2548995211508,177.4136531421249
30.892201597258918,959.2774619883852,173.74969276207042
30.395176232334734,959.331897815877,174.34219058328728
29.897612085372998,959.38119130845,174.34219058328728
29.400047938411262,959.4304848010229,174.01947315057666
28.90276968814976,959.4825799800348,172.6842615116634
28.40684261054082,959.5462481696907,171.96625431150187
27.911751745045194,959.616126032679,171.99427923648432
27.41662468050913,959.6857620173128,171.99427923648432
26.921497615973067,959.7553980019466,171.2044606226745
26.42737782645588,959.8318523968962,170.7808228055261
25.933837177293753,959.911958072589,170.63021785011347
25.44050835590201,959.9933608399111,170.99806560718346
24.946666949585506,960.071594725838,170.99806560718346
24.452825543269,960.149828611765,170.99806560718346
23.958984136952495,960.2280624976919,168.67651194449232
23.468718070454884,960.3262363481924,167.6436725609589
22.98030023677336,960.4332317556347,167.288460968225
22.4925557201733,960.5432529519694,166.98291952615594
22.00540494551433,960.655873545915,166.98291952615594
21.518254170855357,960.7684941398606,166.54229726511238
21.03198334074284,960.884857835799,165.51939767697732
20.547868542418314,961.0098835900732,165.20077216433418
20.06445581105504,961.1375997734204,164.1922817813118
19.58336516038412,961.2738047043806,163.31387014023085
19.10441928247917,961.4173689842166,163.31387014023085
18.625473404574223,961.5609332640527,162.78914632466945
18.147862787846407,961.7088775971736,162.54851126597885
17.670877281010576,961.8588266649269,160.75927199489686
17.19880722087055,962.0235952049158,160.1023085937798
16.728656547689525,962.193765947056,160.37566105264332
16.257699131026015,962.3616918008419,160.47771526287025
15.786443891689942,962.5287783375716,160.51210866320483
15.315092446557856,962.6955805417858,159.98659111033984
14.845286586017096,962.8667004151707,160.32956747606826
14.374466895715727,963.0350042060032,160.32956747606826
13.903647205414359,963.2033079968357,156.89756557521991
13.44374729963613,963.3994950263113,156.3747157960073
12.98565763953468,963.5998702609407,156.3747157960073
12.527567979433229,963.8002454955702,156.1947990705228
12.07010874724972,964.0020586621545,156.1947990705228
11.61264951506621,964.2038718287388,155.37782478189467
11.158113853215355,964.4121873345281,153.37145225615112
10.711148485723243,964.6362895340792,153.37145225615112
10.26418311823113,964.8603917336303,153.75572562488702
9.815725389533782,965.081490900592,153.75572562488702
9.367267660836433,965.3025900675538,153.62227518053194
8.919325866518875,965.5247332852798,153.62227518053194
8.471384072201317,965.7468765030059,151.6417403933663
8.031386654831635,965.9843681291599,151.6417403933663
7.591389237461954,966.2218597553139,150.64106859296763
7.1556076257240875,966.4669987052467,148.34842573498017
6.729980269569523,966.7293748225844,148.34842573498017
6.304352913414959,966.9917509399221,148.34842573498017
5.878725557260395,967.2541270572598,149.25312888853878
5.449010888719613,967.5097486485419,148.14418416483736
5.0243241134014625,967.7736387151984,147.6936443694076
4.601723323074907,968.0408614615278,147.21875859543474
4.181352198266609,968.3115774160141,147.21875859543474
3.7609810734583107,968.5822933705003,147.05752951157206
3.3413744845947804,968.854190464589,146.46697443739225
2.9245907175915136,969.1303992358314,146.46697443739586
2.50780695058819,969.4066080070738,143.805439250172
2.1042992491549057,969.7018721798644,143.805439250172
1.7007915477216216,969.9971363526549,143.22559926871753
1.300292209780423,970.2964691471828,143.04408314579965
0.9007436550637635,970.5970688854644,141.0849970788272
0.5117045685769881,970.9111520866539,141.0849970788272
0.12266548209021266,971.2252352878435,143.03866352890796
-0.2768549817827193,971.5258730775427,144.24176637064204
-0.6825994088955554,971.8180558027314,141.5145589960905
-1.0739820226215215,972.1292132477524,141.5145589960905
-1.4653646363474877,972.4403706927735,141.5145589960905
-1.8567472500734539,972.7515281377946,141.47973209325997
-2.247941197287446,973.0629238555863,139.8004036447614
-2.6298404169840524,973.385649106298,140.226961220904
-3.0141324869292134,973.7055229458213,140.226961220904
-3.3984245568743745,974.0253967853445,140.226961220904
-3.7827166268195356,974.3452706248677,138.37273039798606
-4.15645638557902,974.6774105394693,138.18829674989408
-4.529124660206946,975.0107514323344,138.18829674989408
-4.901792934834873,975.3440923251994,137.12554551906032
-5.268215612773588,975.6842889713479,137.12554551906032
-5.634638290712303,976.0244856174963,137.12554551906032
-6.001060968651018,976.3646822636448,136.89951730643028
-6.366137938631823,976.7063210187971,134.57594434279352
-6.717064509245631,977.0624809505592,134.57594434279352
-7.067991079859439,977.4186408823214,134.57594434279352
-7.418917650473247,977.7748008140835,134.27593850132203
-7.767974031453264,978.1327928230561,134.27593850132666
-8.117030412433337,978.4907848320287,132.790459080851
-8.456687714545637,978.8577038938607,133.0040697743204
-8.797711438352053,979.2233549892549,132.53238431038454
-9.135714704242218,979.5918025164931,132.53238431038454
-9.473717970132384,979.9602500437313,130.841755280808
-9.800701423177543,980.3385063691195,130.841755280808
-10.127684876222702,980.7167626945077,128.94431518543217
-10.441967274120941,981.1056413028671,128.94431518543217
-10.75624967201918,981.4945199112265,128.02202473471357
-11.064230873059898,981.8884056854541,128.02202473471357
-11.372212074100617,982.2822914596818,128.02202473471357
-11.680193275141335,982.6761772339095,128.23448149352302
-11.989633470073045,983.0689189959284,128.23448149352302
-12.299073665004755,983.4616607579472,126.20540308059007
-12.59441451655016,983.8651130240657,126.20540308059007
-12.889755368095564,984.2685652901843,125.77890732982078
-13.182084849306364,984.6742047814138,125.77890732982078
-13.474414330517163,985.0798442726433,125.77890732982078
-13.766743811727963,985.4854837638728,124.98790778580624
-14.053445302217881,985.8951199021736,124.94119421784538
-14.339812918150187,986.3049899389001,124.93211235216536
-14.626115436925147,986.7149051822058,124.93211235216536
-14.912417955700107,987.1248204255115,124.93211235216536
-15.198720474475067,987.5347356688172,121.2834813903146
-15.458356839237695,987.9620399420877,121.2834813903146
-15.717993204000322,988.3893442153582,121.2834813903146
-15.97762956876295,988.8166484886286,121.2834813903146
-16.237265933525578,989.2439527618991,118.15564007718496
-16.473174796327726,989.6847400433413,118.15564007718496
-16.709083659129874,990.1255273247835,118.15564007718496
-16.944992521932022,990.5663146062258,118.15564007718496
-17.18090138473417,991.007101887668,114.70835909316419
-17.389864974268164,991.4612467762877,114.70835909316419
-17.598828563802158,991.9153916649074,114.70835909316419
-17.807792153336152,992.369536553527,111.85315120516579
-17.99390539094196,992.833603869699,111.85315120516579
-18.18001862854777,993.297671185871,111.85315120516579
-18.36613186615358,993.7617385020429,111.85315120516579
-18.55224510375939,994.2258058182149,109.64503844913753
-18.720340559030433,994.6967010452732,109.64503844913753
-18.888436014301476,995.1675962723316,109.64503844913753
-19.05653146957252,995.6384914993899,109.64503844913753
-19.224626924843562,996.1093867264483,109.64503844913753
-19.392722380114606,996.5802819535066,110.22584076442864
-19.565580349672985,997.0494430994606,110.22584076442864
-19.738438319231363,997.5186042454146,110.22584076442864
-19.911296288789742,997.9877653913686,110.22584076442864
-20.08415425834812,998.4569265373226,110.22584076442864
-20.2570122279065,998.9260876832766,110.22584076442864
-20.42987019746488,999.3952488292306,108.52290299481184
-20.588709415039716,999.8693393329534,108.52290299481184
-20.747548632614553,1000.3434298366761,108.52290299481184
-20.90638785018939,1000.8175203403989,108.51655836699148
-21.065175089626393,1001.291629986068,108.51655836699148
-21.223962329063397,1001.765739631737,108.51655836699148
-21.3827495685004,1002.239849277406,106.1399466514511
-21.521740444790964,1002.7201374196874,106.1399466514511
-21.660731321081528,1003.2004255619687,106.1399466514511
-21.79972219737209,1003.68071370425,106.1399466514511
-21.938713073662655,1004.1610018465313,106.1399466514511
-22.077703949953218,1004.6412899888127,106.1399466514511
-22.21669482624378,1005.121578131094,105.25226939557002
-22.34822839428108,1005.6039623808949,105.25226939557002
-22.479761962318378,1006.0863466306959,105.25226939557002
-22.611295530355676,1006.5687308804968,105.25226939557002
-22.742829098392974,1007.0511151302977,105.25226939557002
-22.874362666430272,1007.5334993800986,104.4848609310024
-22.999424480068456,1008.0176051825437,104.4848609310024
-23.12448629370664,1008.5017109849887,104.4848609310024
-23.249548107344822,1008.9858167874337,104.4848609310024
-23.374609920983005,1009.4699225898787,104.4848609310024
-23.499671734621188,1009.9540283923237,104.4848609310024
-23.62473354825937,1010.4381341947687,104.4848609310024
-23.749795361897554,1010.9222399972138,99.98715949105703
-23.836509043432557,1011.4146630190203,99.98715949105703
-23.92322272496756,1011.9070860408268,99.98715949105703
-24.00993640650256,1012.3995090626333,99.98715949105703
-24.096650088037563,1012.8919320844399,99.98715949105703
-24.183363769572566,1013.3843551062464,99.98715949105703
-24.270077451107568,1013.8767781280529,99.98715949105703
-24.35679113264257,1014.3692011498595,99.98715949105703
-24.443504814177572,1014.861624171666,89.61592874077007
-24.440153278168907,1015.361599078221,89.61592874077007
-24.43680174216024,1015.8615739847761,89.61592874077007
-24.433450206151576,1016.3615488913312,89.61592874077007
-24.43009867014291,1016.8615237978862,89.61592874077007
-24.426747134134246,1017.3614987044413,89.61592874077007
-24.42339559812558,1017.8614736109963,89.61592874077007
-24.420044062116915,1018.3614485175514,88.03132733672616
-24.40286774436703,1018.8611472309334,88.03132733672616
-24.385691426617143,1019.3608459443154,88.03132733672616
-24.368515108867257,1019.8605446576975,88.03132733672616
-24.35133879111737,1020.3602433710795,88.03132733672616
-24.334162473367485,1020.8599420844615,88.03132733672616
-24.3169861556176,1021.3596407978436,88.03132733672616
-24.299809837867713,1021.8593395112256,88.03132733672616
-24.282633520117827,1022.3590382246076,88.03132733675302
-24.27404157264391,1022.6089978003874,-179.9999199587245
-24.275041572691407,1022.6089977989905,77.58532711162196
-24.16754902884236,1023.0973056344588,77.58532711162196
-24.06005648499331,1023.5856134699272,77.58532711162476
-23.952563941144263,1024.0739213053957,77.58532711161915
-23.845071397295214,1024.562229140864,77.58532711161915
-23.737578853446166,1025.0505369763323,77.60330798914127
-23.630239552209105,1025.5388785495766,77.60330798914127
-23.522900250972043,1026.0272201228208,77.60330798914127
-23.41556094973498,1026.515561696065,77.60330798914127
-23.30822164849792,1027.0039032693094,77.60330798914127
-23.20088234726086,1027.4922448425536,77.60330798914127
-23.093543046023797,1027.980586415798,77.60330798914127
-22.986203744786735,1028.4689279890422,74.1310790927028
-22.849485929123716,1028.9498695908103,74.1310790927028
-22.712768113460697,1029.4308111925784,74.13107909269567
-22.57605029779768,1029.9117527943463,74.13107909269567
-22.43933248213466,1030.3926943961142,74.1310790927028
-22.30261466647164,1030.8736359978823,74.1310790927028
-22.165896850808622,1031.3545775996504,74.13107909269567
-22.029179035145603,1031.8355192014183,67.97661911100111
-21.841686595884084,1032.2990346036293,67.97661911100111
-21.654194156622566,1032.7625500058402,67.97661911100111
-21.466701717361047,1033.2260654080512,67.97661911100111
-21.27920927809953,1033.6895808102622,67.97661911100111
-21.09171683883801,1034.1530962124732,67.97661911100111
-20.904224399576492,1034.6166116146842,67.97661911100111
-20.716731960314974,1035.0801270168952,68.21972796684248
-20.53120903790017,1035.544430991141,68.21972796684248
-20.345686115485364,1036.008734965387,68.21972796684248
-20.16016319307056,1036.473038939633,68.21972796684248
-19.974640270655755,1036.9373429138789,68.21972796684248
-19.78911734824095,1037.4016468881248,68.21972796684248
-19.603594425826145,1037.8659508623707,64.75452179694845
-19.390346530433476,1038.318193603522,64.75452179694845
-19.177098635040807,1038.7704363446735,64.75452179694845
-18.963850739648137,1039.222679085825,64.75452179694845
-18.750602844255468,1039.6749218269763,64.75452179694845
-18.5373549488628,1040.1271645681277,64.75452179694845
-18.32410705347013,1040.579407309279,64.58473047758207
-18.109519571927706,1041.0310168393878,64.58473047758207
-17.894932090385282,1041.4826263694965,64.58473047758207
-17.68034460884286,1041.9342358996053,64.58473047758207
-17.465757127300435,1042.385845429714,64.58473047758207
-17.25116964575801,1042.8374549598227,64.58473047758207
-17.036582164215588,1043.2890644899314,64.07202373864635
-16.81796200610114,1043.738736012662,64.03134330890893
-16.59902236786155,1044.1882527444766,64.03134330890893
-16.38008272962196,1044.6377694762912,64.03134330890893
-16.16114309138237,1045.0872862081058,64.03134330890893
-15.942203453142781,1045.5368029399203,64.03134330890893
-15.723263814903191,1045.986319671735,64.03134330890893
-15.504324176663602,1046.4358364035495,64.02029494118875
-15.285297906349399,1046.8853108177925,64.02029494118875
-15.066271636035196,1047.3347852320355,64.02029494118875
-14.847245365720994,1047.7842596462785,64.02029494118875
-14.628219095406791,1048.2337340605216,64.02029494118875
-14.409192825092589,1048.6832084747646,64.02029494118875
-14.190166554778386,1049.1326828890076,62.7451730983298
-13.961192161357872,1049.5771721497658,62.08764633713733
-13.727131997415881,1050.019004484285,62.08764633713733
-13.493071833473891,1050.4608368188042,62.08764633713733
-13.259011669531901,1050.9026691533234,62.08764633713733
-13.024951505589911,1051.3445014878425,62.08764633713733
-12.79089134164792,1051.7863338223617,62.08764633713733
-12.55683117770593,1052.228166156881,62.02095996361245
-12.322256912171099,1052.669725794816,62.02095996361245
-12.087682646636267,1053.1112854327512,62.02095996361245
-11.853108381101435,1053.5528450706863,62.02095996361245
-11.618534115566604,1053.9944047086215,62.02095996361245
-11.383959850031772,1054.4359643465566,62.02095996361245
-11.14938558449694,1054.8775239844917,61.881131648083446
-10.913735520020282,1055.31850775684,61.881131648083446
-10.678085455543624,1055.7594915291884,61.881131648083446
-10.442435391066965,1056.2004753015367,61.881131648083446
-10.206785326590307,1056.641459073885,61.86681577897304
-9.971025274918304,1057.0823835992555,61.86681577897304
-9.735265223246302,1057.523308124626,61.86681577897304
-9.499505171574299,1057.9642326499966,61.86681577897304
-9.263745119902296,1058.405157175367,61.86681577897304
-9.027985068230294,1058.8460817007376,61.86681577897304
-8.792225016558291,1059.2870062261081,61.05456756191543
-8.55025431302306,1059.724515083783,61.05456756191543
-8.30828360948783,1060.1620239414578,61.05456756191543
-8.0663129059526,1060.5995327991327,61.05456756191543
-7.82434220241737,1061.0370416568076,61.05456756191543
-7.582371498882139,1061.4745505144824,61.05456756191543
-7.340400795346909,1061.9120593721573,60.99591298561116
-7.097985046371377,1062.3493153992101,60.99591298561116
-6.855569297395846,1062.786571426263,60.99591298561116
-6.613153548420314,1063.2238274533158,60.99591298561116
-6.3707377994447825,1063.6610834803687,60.99591298561116
-6.128322050469251,1064.0983395074215,60.99591298561116
-5.885906301493719,1064.5355955344744,59.62601142126071
-5.633089232907025,1064.9669603599302,59.62601142126071
-5.380272164320331,1065.398325185386,59.683299988627915
-5.127883905151691,1065.8299470736897,59.683299988627915
-4.875495645983051,1066.2615689619934,59.80960269602479
-4.6240581026264636,1066.6937485083022,59.80960269602479
-4.372620559269876,1067.125928054611,59.764765674931255
-4.120845206865738,1067.5579101603082,59.764765674931255
-3.8690698544616,1067.9898922660054,61.54190824529768
-3.630814595197023,1068.4294703075564,61.54190824529768
-3.3925593359324466,1068.8690483491073,60.517496870071824
-3.146481698967534,1069.3042991749535,60.517496870071824
-2.9004040620026217,1069.7395500007997,60.95865174842333
-2.657683827473761,1070.1766846206779,60.95865174842333
-2.4149635929449005,1070.613819240556,60.95865174842333
-2.17224335841604,1071.0509538604342,60.10101550000609
-1.9230078364480505,1071.4844054949833,60.06913188230773
-1.6735311641670592,1071.917718342051,60.802148913853806
-1.4296177501137777,1072.3541884475171,60.802148913853806
-1.1857043360604962,1072.7906585529831,61.095511117745524
-0.9440293099547716,1073.2283710517909,61.095511117745524
-0.7023542838490471,1073.6660835505986,61.78102065243246
-0.4659329776897607,1074.1066569296074,60.54282263919853
-0.22004651671619513,1074.542018673483,60.900291889314
0.02311888368757309,1074.9789059085947,60.900291889314
0.2662842840913413,1075.4157931437064,60.36703593446668
0.5135050507965957,1075.8503980075748,61.33358358324313
0.7533596475720401,1076.2891116742558,60.91728434949392
0.9963955274820364,1076.7260711142212,60.91728434949392
1.2394314073920327,1077.1630305541867,60.613486848085834
1.4847807395480004,1077.5986952238893,60.613486848085834
1.730130071703968,1078.034359893592,60.42873726411727
1.9768821436314283,1078.4692298024904,60.42873726411727
2.2236342155588886,1078.9040997113889,60.42873726411727
2.470386287486349,1079.3389696202873,60.694856926465356
2.7151166479237645,1079.7749822824162,60.694856926465356
2.95984700836118,1080.210994944545,60.93225191575477
3.2027680326604013,1080.648016601224,60.91948083481422
3.4457871125611064,1081.0849852704864,60.91948083481422
3.6888061924618114,1081.5219539397488,62.48468934185286
3.919797928373441,1081.9653955791732,61.41176868107415
4.159053360128837,1082.4044356283223,61.131644811242126
4.400452705466705,1082.8423011993052,61.131644811242126
4.641852050804573,1083.2801667702881,61.33533353943449
4.881693285841379,1083.7188878316383,61.19473030182701
5.1226104199678275,1084.1570190147038,61.19473030182701
5.363527554094276,1084.5951501977693,61.1819048337291
5.604542719069741,1085.0332273735494,61.1819048337291
5.845557884045206,1085.4713045493295,61.1819048337291
6.0865730490206715,1085.9093817251096,61.13446789262092
6.3279508625378185,1086.3472592678345,61.1393363133315
6.569291471869292,1086.7851573245193,61.14434624371032
6.81059372013317,1087.2230763544733,61.14434624371032
7.051895968397048,1087.6609953844272,61.26327340346095
7.292288786128211,1088.0994144517806,61.26327340346095
7.532681603859373,1088.537833519134,60.68411365824889
7.777493719008476,1088.9738002929635,60.906178221582834
8.020614071716182,1089.4107122156977,60.91982268846102
8.263630577416052,1089.8476823941928,60.95056329368204
8.50641261883925,1090.284782923,61.31422224304107
8.746415280637734,1090.7234152006142,61.43929889860614
8.985459862423909,1091.1625704044855,60.91256453354007
9.228531520950696,1091.599509434877,60.95066304312433
9.471312278561868,1092.0366094450428,60.88167750036581
9.714619654667558,1092.4734177495382,60.92917855825055
9.957564820866423,1092.9104276349844,60.82008955626426
10.201341428223373,1093.34697386876,60.90213648490004
10.444492806981089,1093.7838690107762,60.90213648490004
10.687644185738804,1094.2207641527925,60.995929000016126
10.930080066970618,1094.6580567815126,61.108662462429386
11.17165507571724,1095.0958255733058,61.042067952680284
11.413738737014228,1095.5333132884793,61.042067952680284
11.655822398311216,1095.970801003653,61.042067952680284
11.897906059608204,1096.4082887188265,60.81357470729102
12.14173247452652,1096.8448075378803,60.66250343275327
12.386709005859188,1097.2806819453606,60.96977973640365
12.62934443831864,1097.7178638833625,61.00273565000712
12.871728368325648,1098.155185310318,61.00273565000712
13.114112298332657,1098.5925067372737,61.00273565000712
13.356496228339665,1099.0298281642292,61.102183122593395
13.598120583859213,1099.4675693498648,60.9240316854619
13.8411049916117,1099.9045573846176,60.9240316854619
14.084089399364188,1100.3415454193705,61.00098652351267
14.326486679680329,1100.7788594463807,61.00098652351267
14.56888395999647,1101.2161734733909,61.00098652351267
14.81128124031261,1101.653487500401,61.16031494992294
15.052461436324961,1102.0914737803778,61.16031494992294
15.293641632337312,1102.5294600603545,61.06604432582023
15.535542195777111,1102.967049036373,61.06604432582023
15.77744275921691,1103.4046380123916,61.06604432582023
16.01934332265671,1103.8422269884102,61.01361343033
16.2616441535107,1104.2795943021401,61.01361343033
16.503944984364693,1104.71696161587,60.82502318701238
16.747684161636812,1105.1535291275138,60.82502318701238
16.99142333890893,1105.5900966391575,61.00134615859181
17.233817874398483,1106.0274121878551,61.00134615859181
17.476212409888035,1106.4647277365527,61.00134615859181
17.718606945377587,1106.9020432852503,60.90879611635464
17.961707561447497,1107.338966723013,60.90879611635464
18.204808177517407,1107.7758901607758,61.179172344304526
18.445844215518832,1108.2139558072674,61.179172344304526
18.686880253520258,1108.652021453759,61.04830036306599
18.92891627070435,1109.0895354007737,61.04830036306599
19.17095228788844,1109.5270493477883,61.04830036306599
19.41298830507253,1109.964563294803,60.649380767658506
19.658064649375888,1110.4003815642293,60.649380767658506
19.903140993679244,1110.8361998336557,62.21614180528355
20.136209350374997,1111.2785553387778,61.073427960094826
20.378053459403873,1111.7161753744406,61.073427960094826
20.619897568432748,1112.1537954101034,61.073427960094826
20.861741677461623,1112.5914154457662,60.29516225979355
21.10950768099383,1113.025710282726,60.42109788615204
21.35631851149128,1113.460548659426,60.90698809849957
21.599432877544928,1113.8974643585216,60.90698809849957
21.842547243598574,1114.3343800576172,60.90698809849957
22.08566160965222,1114.7712957567128,61.912416197709184
22.321071959888513,1115.2124102052621,60.624723368568205
22.566335776432766,1115.6481228572611,60.624723368568205
22.811599592977018,1116.08383550926,60.92665855841541
23.054563925213756,1116.5208346111092,60.92665855841541
23.297528257450494,1116.9578337129583,60.92665855841541
23.540492589687233,1117.3948328148074,61.459727599191815
23.77938075992688,1117.8340735592203,61.459727599191815
24.018268930166528,1118.2733143036332,61.02273544900288
24.260500192112204,1118.7107203095006,61.01134423590797
24.502818376128857,1119.148078083362,61.01134423590797
24.74513656014551,1119.5854358572233,61.01134423590797
24.987454744162164,1120.0227936310846,61.14294205358488
25.228767557853985,1120.4607064442484,60.731788172130486
25.473216812321766,1120.8968767376991,60.731788172130486
25.717666066789548,1121.3330470311498,60.96114909825137
25.96036730416199,1121.7701923317313,60.96114909825137
26.203068541534435,1122.2073376323128,60.96114909825137
26.44576977890688,1122.6444829328943,61.21667247520822
26.68651910496817,1123.08270634204,61.21667247520822
26.92726843102946,1123.5209297511856,61.57845036033415
27.16524578784356,1123.9606642776278,61.13208477321248
27.406641810769088,1124.3985317745721,61.13208477321248
27.648037833694616,1124.8363992715165,61.13208477321248
27.889433856620144,1125.2742667684608,60.46826012100343
28.13588658926983,1125.7093080102077,60.46826012100343
28.382339321919517,1126.1443492519545,61.40310680173013
28.621661427496406,1126.583353682073,60.77230738015455
28.865802179309185,1127.0196967666996,61.0367772897212
29.107926184746816,1127.4571620317784,61.0367772897212
29.350050190184447,1127.8946272968572,61.0367772897212
29.59217419562208,1128.332092561936,60.895935795014566
29.83537287508625,1128.7689614233593,60.93919440811013
30.078241518608138,1129.2060135454935,60.991752881968544
30.32070920344438,1129.643288378723,60.991752881968544
30.563176888280623,1130.0805632119523,60.991752881968544
30.805644573116865,1130.5178380451816,60.598013363282625
31.051111529985633,1130.9534363977075,61.393609429744124
31.29050641936692,1131.3924011838221,61.393609429744124
31.529901308748208,1131.8313659699368,61.08417714719087
31.771663328254135,1132.269031399035,61.08417714719087
32.01342534776006,1132.706696828133,61.08417714719087
32.25518736726599,1133.1443622572313,60.171417718835855
32.50389075953399,1133.5781209677587,60.5035596877826
32.75007550209068,1134.013314111297,61.47207832414841
32.988868627518855,1134.4526056852133,61.34898684599527
33.228605315340815,1134.891383895706,61.34898684599527
33.468342003162775,1135.3301621061987,60.93698992560967
33.7112275906519,1135.7672051144864,61.1120455365412
33.952776470750564,1136.2049876623455,61.83150036684692
34.18880954242775,1136.6457692013614,60.48562775125466
34.43513039550976,1137.0808851328072,60.48562775125466
34.68145124859177,1137.516001064253,60.45699905082796
34.927989319825656,1137.950993575281,60.09564851430056
35.17726567610271,1138.3844222673072,60.184294029828706
35.42587157641992,1138.818236849691,60.184294029828706
35.67447747673714,1139.2520514320747,60.184294029828706
35.923083377054354,1139.6858660144585,60.77922174187469
36.16717123730416,1140.1222381425655,61.515132860160904
36.40563408467881,1140.5617088330948,58.27818477759347
36.66853185092941,1140.987014301044,59.423531506637524
36.92287565359186,1141.4174895914693,59.423531506637524
37.177219456254306,1141.8479648818948,60.85856962447985
37.420702746818165,1142.2846746027658,61.039991837229444
37.66280185849371,1142.7221528195837,60.824999054058885
37.90632646058896,1143.1583355684693,60.82499905404273
38.004958513367455,1143.3349978011101,60.94353697621059
38.24779415956425,1143.7720685607546,60.94353697621059
38.490629805761046,1144.2091393203991,60.94353697621059
38.73346545195784,1144.6462100800436,60.94353697621059
38.976301098154636,1145.083280839688,60.94353697621059
39.21913674435143,1145.5203515993326,60.92119484793528
39.46214279505216,1145.9573276155036,60.92119484793528
39.70514884575289,1146.3943036316746,60.92119484793528
39.948154896453616,1146.8312796478456,60.92119484793528
40.191160947154344,1147.2682556640166,60.92119484793528
40.43416699785507,1147.7052316801876,60.92119484793528
40.6771730485558,1148.1422076963586,60.94040997383979
40.920032547981464,1148.5792652018827,60.94040997383979
41.16289204740713,1149.0163227074067,60.94040997383979
41.40575154683279,1149.4533802129308,60.94040997383979
41.64861104625845,1149.890437718455,60.94040997383979
41.891470545684115,1150.327495223979,60.94040997383979
42.13433004510978,1150.764552729503,60.93509383043804
42.37723009571596,1151.2015876999662,60.93509383043804
42.62013014632214,1151.6386226704294,60.93509383043804
42.86303019692832,1152.0756576408926,60.93509383043804
43.1059302475345,1152.5126926113558,60.93509383043804
43.34883029814068,1152.949727581819,60.93509383043804
43.591730348746864,1153.386762552282,60.9423830930429
43.83457479708875,1153.823828421356,60.9423830930429
44.07741924543063,1154.2608942904299,60.9423830930429
44.32026369377252,1154.6979601595037,60.9423830930429
44.5631081421144,1155.1350260285776,60.9423830930429
44.805952590456286,1155.5720918976515,60.9423830930429
45.04879703879817,1156.0091577667254,60.92891410561155
45.29174421494599,1156.4461665180693,60.92891410561155
45.534691391093816,1156.8831752694132,60.92891410561155
45.77763856724164,1157.320184020757,60.92891410561155
46.02058574338946,1157.757192772101,60.92891410561155
46.26353291953728,1158.194201523445,60.92891410561155
46.506480095685106,1158.6312102747888,60.93352731365811
46.74939209494187,1159.0682386036694,60.93352731365811
46.99230409419863,1159.50526693255,60.93352731365811
47.23521609345539,1159.9422952614307,60.93352731365811
47.478128092712154,1160.3793235903113,60.93352731365811
47.721040091968916,1160.816351919192,60.93352731365811
47.96395209122568,1161.2533802480725,60.940805008133104
48.20680857747698,1161.6904394283583,60.940805008133104
48.449665063728276,1162.1274986086441,60.940805008133104
48.692521549979574,1162.56455778893,60.940805008133104
48.93537803623087,1163.0016169692158,60.940805008129054
49.12395852996269,1163.3409977997653,62.73411800423481
49.3528098208144,1163.7850376184367,61.23637182441917
49.593403413488545,1164.223334576293,62.67764501255579
49.82289844180252,1164.6675477092558,61.29162402881817
50.06307388671121,1165.1060849262565,61.29162402881817
50.303249331619895,1165.5446221432571,62.68969533927518
50.53265401235319,1165.9888895047563,62.68969533927518
50.76205869308649,1166.4331568662556,61.250819070717384
51.00254650514705,1166.871523124703,61.06885065307477
51.24442562995284,1167.3091239386524,60.988517913694096
51.48691802744179,1167.7463851247676,60.988517913694096
51.729410424930734,1168.1836463108828,60.988517913694096
51.97190282241968,1168.620907496998,61.0552482744906
52.21388583330315,1169.0584508816949,61.00541256058014
52.456249175808125,1169.495783352545,60.981883912524424
52.69879217257869,1169.9330164092223,60.981883912524424
52.94133516934926,1170.3702494658996,60.981883912524424
53.183878166119825,1170.807482522577,61.03122114206576
53.42604463586417,1171.2449243839367,61.03122114206576
53.66821110560852,1171.6823662452964,61.03417020287009
53.910354876571205,1172.1198202400337,61.03023999381955
54.152528773238146,1172.5572578389597,60.97700353814775
54.395109029808395,1172.9944702666219,60.97700353814775
54.637689286378645,1173.431682694284,60.97700353814775
54.880269542948895,1173.8688951219463,61.03601321794912
55.12239910908477,1174.3063566646576,61.021113680814445
55.36464273991794,1174.7437557925005,60.96481645640173
55.607316041765785,1175.180916708916,61.0038256888215
55.849691607536215,1175.6182426672397,61.0038256888215
56.092067173306646,1176.0555686255634,61.0038256888215
56.334442739077076,1176.4928945838872,61.0146449413204
56.57673552789993,1176.9302659565737,61.002327188039416
56.81912252748771,1177.3675855688143,61.03699609270154
57.06124466475114,1177.8050514015592,60.99470311254116
57.30368982527898,1178.2423387044435,60.99470311254116
57.546134985806816,1178.6796260073277,60.99470311254116
57.78858014633465,1179.1169133102119,60.972853688842314
58.03119211951196,1179.5541082581567,60.972853688842314
58.27380409268926,1179.9913032061015,61.06807812919782
58.51568912571577,1180.4289007732682,60.873533230666105
58.759058280066256,1180.8656739338185,60.87353323067354
58.814958543807734,1180.965997801628,60.926810227521685
59.05792177671003,1181.4029976499776,60.926810227521685
59.30088500961233,1181.8399974983272,60.926810227521685
59.54384824251463,1182.2769973466768,60.926810227521685
59.786811475416926,1182.7139971950264,60.926810227521685
60.02977470831922,1183.150997043376,60.92681022863014
60.27273794121311,1183.5879968917304,60.92681022863014
60.515701174106994,1184.0249967400848,60.92681022863014
60.75866440700088,1184.4619965884392,60.92681022863014
61.001627639894764,1184.8989964367936,60.92681022863014
61.24459087278865,1185.335996285148,60.92681022863014
61.487554105682534,1185.7729961335024,60.92681023651451
61.73051733851628,1186.2099959818902,60.92681023651451
61.973480571350024,1186.646995830278,60.92681023651451
62.21644380418377,1187.0839956786658,60.92681023651451
62.45940703701751,1187.5209955270536,60.92681023651451
62.70237026985126,1187.9579953754414,60.92681023651451
62.945333502685,1188.3949952238293,60.91241055314204
63.18840655547058,1188.8319339964387,60.91241055314204
63.431479608256154,1189.2688727690481,60.91241055314204
63.67455266104173,1189.7058115416576,60.91241055314204
63.917625713827306,1190.142750314267,60.91241055314204
64.16069876661288,1190.5796890868764,60.91241055314204
64.40377181939846,1191.0166278594859,60.93284697991817
64.64668900812148,1191.453653304309,60.93284697991817
64.88960619684451,1191.8906787491321,60.93284697991817
65.13252338556754,1192.3277041939552,60.93284697991817
65.37544057429056,1192.7647296387784,60.93284697991817
65.61835776301359,1193.2017550836015,60.93284697991817
65.86127495173662,1193.6387805284246,60.92763336764513
66.10423190645326,1194.0757838672619,60.92763336764513
66.34718886116991,1194.5127872060991,60.92763336764513
66.59014581588656,1194.9497905449364,60.92763336764513
66.8331027706032,1195.3867938837736,60.92763336764513
67.07605972531985,1195.823797222611,60.92763336764513
67.3190166800365,1196.2608005614481,60.926921322678886
67.56197905547742,1196.6978008626793,60.926921322678886
67.80494143091835,1197.1348011639104,60.926921322678886
68.04790380635927,1197.5718014651416,60.926921322678886
68.2908661818002,1198.0088017663727,60.926921322678886
68.53382855724112,1198.4458020676038,60.926921322678886
68.77679093268205,1198.882802368835,60.926825051655555
69.01975405233895,1199.319802279722,60.926825051655555
69.26271717199586,1199.7568021906088,60.926825051655555
69.50568029165277,1200.1938021014957,60.926825051655555
69.74864341130967,1200.6308020123827,60.926825051655555
69.99160653096658,1201.0678019232696,60.926825051655555
70.23456965062348,1201.5048018341565,60.92681222853862
70.47753286826071,1201.9418016909858,60.92681222853862
70.72049608589793,1202.378801547815,60.92681222853862
70.96345930353516,1202.8158014046444,60.92681222853862
71.20642252117239,1203.2528012614737,60.92681222853862
71.44938573880961,1203.689801118303,60.92681222853862
71.69234895644684,1204.1268009751323,60.912273037451165
71.93542305792914,1204.5637391643404,60.912273037451165
72.17849715941145,1205.0006773535486,60.912273037451165
72.42157126089376,1205.4376155427567,60.912273037451165
72.66464536237606,1205.8745537319649,60.912273037451165
72.90771946385837,1206.311491921173,60.912273037451165
73.15079356534068,1206.7484301103812,60.92493056842958
73.39377113443413,1207.1854219877855,60.92493056842958
73.63674870352759,1207.6224138651899,60.92493056842958
73.87972627262104,1208.0594057425942,60.92493056842958
74.1227038417145,1208.4963976199986,60.92493056842958
74.36568141080795,1208.933389497403,60.92493056842958
74.6086589799014,1209.3703813748073,60.926569926282745
74.85162404559992,1209.8073802041538,60.926569926282745
75.09458911129843,1210.2443790335003,60.926569926282745
75.33755417699695,1210.6813778628468,60.926569926282745
75.58051924269546,1211.1183766921934,60.926569926282745
75.82348430839397,1211.5553755215399,60.926569926282745
76.06644937409249,1211.9923743508864,60.92994551913939
76.30938869349166,1212.429387493812,60.92994551913939
76.55232801289083,1212.8664006367378,60.92994551913939
76.79526733229,1213.3034137796635,60.929945519160746
77.02295856975252,1213.7129978006706,60.91114858432911
77.26604124627886,1214.149931219366,60.91114858432911
77.5091239228052,1214.5868646380613,61.00029767333979
77.75152646093431,1215.0241757510103,61.00029767333979
77.99392899906343,1215.4614868639592,61.00029767333979
78.23633153719254,1215.898797976908,60.92430916447231
78.47931376490237,1216.3357870737766,60.92430916447231
78.7222959926122,1216.772776170645,60.997462745248505
78.96472016670816,1217.2100752867786,60.997462745248505
79.20714434080412,1217.6473744029122,60.997462745248505
79.44956851490008,1218.0846735190457,60.99039776382675
79.6920466106003,1218.5219427415982,60.99039776382675
79.93452470630052,1218.9592119641507,60.95007623055997
80.17731038518775,1219.3963102882,60.95007623055997
80.42009606407498,1219.8334086122495,61.0010581825628
80.6624927962605,1220.2707229402795,61.0010581825628
80.904889528446,1220.7080372683095,61.0010581825628
81.14728626063152,1221.1453515963394,60.941312499252696
81.39013887562544,1221.582412927604,60.941312499252696
81.63299149061936,1222.0194742588687,61.003598031216036
81.87536883830262,1222.4567993339897,61.003598031216036
82.11774618598588,1222.8941244091106,61.003598031216036
82.36012353366914,1223.3314494842316,60.92896941462004
82.60307025150962,1223.7684584045287,60.92896941462004
82.8460169693501,1224.2054673248258,60.92896941462004
83.08896368719059,1224.642476245123,61.01190303660583
83.33127764195831,1225.0798364477444,61.01190303660583
83.57359159672603,1225.5171966503658,61.01190303660583
83.81590555149376,1225.9545568529873,60.961397637632274
84.05860489356735,1226.3917032081008,60.961397637632274
84.30130423564094,1226.8288495632144,60.961397637632274
84.54400357771453,1227.265995918328,60.98404931029613
84.78653012173561,1227.7032382708474,60.98404931029613
85.02905666575668,1228.1404806233668,60.98404931029613
85.27158320977776,1228.5777229758862,61.40439053136745
85.51063814631243,1229.0162606998906,61.4043905313716
85.6429585806909,1229.2589978002943,60.45509482559525
85.88951122821811,1229.6939823281368,60.45509482559525
86.13606387574532,1230.1289668559793,60.45509482559525
86.38261652327253,1230.5639513838219,60.45509482559525
86.62916917079974,1230.9989359116644,60.45509482559525
86.87572181832695,1231.433920439507,60.45509481126723
87.12227446596296,1231.8689049672878,60.45509481126723
87.36882711359897,1232.3038894950687,60.45509481126723
87.61537976123498,1232.7388740228496,60.45509481126723
87.86193240887098,1233.1738585506305,60.45509481126723
88.10848505650699,1233.6088430784114,60.45509481126723
88.355037704143,1234.0438276061923,60.455094822819106
88.60159035169136,1234.478812134023,60.455094822819106
88.84814299923971,1234.9137966618537,60.455094822819106
89.09469564678807,1235.3487811896844,60.455094822819106
89.34124829433642,1235.783765717515,60.455094822819106
89.58780094188478,1236.2187502453457,60.455094822819106
89.83435358943314,1236.6537347731764,60.45509480993734
90.08090623707926,1237.0887193009517,60.45509480993734
90.32745888472539,1237.5237038287269,60.45509480993734
90.57401153237151,1237.958688356502,60.45509480993734
90.82056418001764,1238.3936728842773,60.45509480993734
91.06711682766377,1238.8286574120525,60.45509480993734
91.3136694753099,1239.2636419398277,60.44054692745603
91.56033256128967,1239.698563851845,60.44054692745603
91.80699564726945,1240.1334857638622,60.44054692745603
92.05365873324922,1240.5684076758794,60.44054692745603
92.300321819229,1241.0033295878966,60.44054692745603
92.54698490520877,1241.4382514999138,60.44054692745603
92.79364799118855,1241.873173411931,60.45327685139669
93.04021444063517,1242.3081501167812,60.45327685139669
93.28678089008179,1242.7431268216314,60.45327685139669
93.5333473395284,1243.1781035264817,60.45327685139669
93.77991378897502,1243.6130802313319,60.45327685139669
94.02648023842164,1244.048056936182,60.45327685139669
94.27304668786826,1244.4830336410323,60.454874606572496
94.51960100729445,1244.9180172212655,60.454874606572496
94.76615532672065,1245.3530008014986,60.454874606572496
95.01270964614685,1245.7879843817318,60.454874606572496
95.25926396557304,1246.222967961965,60.454874606572496
95.50581828499924,1246.6579515421981,60.454874606572496
95.75237260442543,1247.0929351224313,60.4467124142025
95.99898888778318,1247.52788357469,60.4467124142025
96.24560517114094,1247.9628320269485,60.4467124142025
96.49222145449869,1248.397780479207,60.4467124142025
96.73883773785644,1248.8327289314657,60.4467124142025
96.9854540212142,1249.2676773837243,60.4467124142025
97.23207030457195,1249.7026258359829,60.454146208291355
97.4786301538777,1250.1376062817058,60.454146208291355
97.72519000318346,1250.5725867274286,60.454146208291355
97.97174985248921,1251.0075671731515,60.454146208291355
98.21830970179496,1251.4425476188744,60.454146208291355
98.46486955110072,1251.8775280645973,60.454146208291355
98.71142940040647,1252.3125085103202,60.459048887594186
98.95795199121005,1252.7475099863498,60.459048887594186
99.20447458201363,1253.1825114623794,60.459048887534436
99.29995859932387,1253.3509978000075,60.93961173529902
99.54282366347582,1253.7880509785039,60.93961173529902
99.78568872762776,1254.2251041570003,60.93961173529902
100.0285537917797,1254.6621573354967,60.93961173529902
100.27141885593164,1255.099210513993,60.93961173529902
100.51428392008359,1255.5362636924895,60.93281525490268
100.7572008263362,1255.9732880592787,60.93281525490268
101.00011773258882,1256.410312426068,60.93281525490268
101.24303463884144,1256.8473367928573,60.93281525490268
101.48595154509405,1257.2843611596466,60.93281525490268
101.72886845134667,1257.7213855264358,60.93281525490268
101.97178535759929,1258.158409893225,61.39386519827455
102.21117654874627,1258.5973725598208,61.39386519827455
102.45056773989324,1259.0363352264164,61.39386519827455
102.68995893104022,1259.475297893012,61.39386519827455
102.9293501221872,1259.9142605596078,61.39386519827455
103.16874131333418,1260.3532232262035,61.43121701918713
103.40784577126749,1260.792340911679,61.43121701918713
103.6469502292008,1261.2314585971546,61.43121701918713
103.8860546871341,1261.6705762826302,61.43121701918713
104.12515914506741,1262.1096939681058,61.43121701918713
104.36426360300072,1262.5488116535814,60.91328146072021
104.60732869504,1262.9857517495454,60.91328146072021
104.85039378707927,1263.4226918455095,60.91328146072021
105.09345887911854,1263.8596319414735,60.91328146072021
105.33652397115782,1264.2965720374375,60.87971177002325
105.57984480284006,1264.7333692466907,60.87971177002325
105.8231656345223,1265.170166455944,60.87971177002325
106.06648646620454,1265.606963665197,60.87971177002325
106.30980729788678,1266.0437608744503,60.87971177002325
106.55312812956902,1266.4805580837035,60.969079224251175
106.7957689042446,1266.9177370500024,60.969079224251175
107.03840967892017,1267.3549160163013,60.969079224251175
107.28105045359575,1267.7920949826002,60.969079224251175
107.52369122827133,1268.2292739488992,60.992681815020525
107.76615189243853,1268.666552837399,60.992681815020525
108.00861255660573,1269.1038317258988,60.992681815020525
108.25107322077292,1269.5411106143986,61.935851721936295
108.48630309731254,1269.9823212659876,61.935851721936295
108.72153297385216,1270.4235319175766,61.935851721936295
108.95676285039178,1270.8647425691656,62.12968552755133
109.19049873734866,1271.3067464598012,62.12968552755133
109.42423462430554,1271.7487503504367,62.12968552755133
109.65797051126242,1272.1907542410722,62.12968552755721
109.88495861337287,1272.6199978012592,62.19689227603889
110.1181759230426,1273.0622756398068,62.19689227603889
110.35139323271233,1273.5045534783544,62.19689227603889
110.58461054238205,1273.946831316902,62.19689228732758
110.81782781791492,1274.389109090923,62.19689228732758
111.05104509344778,1274.831386864944,62.19689228732758
111.28426236898065,1275.273664638965,62.84538522855477
111.51245890072107,1275.7185535352937,62.84538522855477
111.7406554324615,1276.1634424316223,62.84538522855477
111.96885196420192,1276.608331327951,62.84538522855477
112.19704849594234,1277.0532202242796,62.84538522855477
112.42524502768276,1277.4981091206082,62.84538522855477
112.65344155942319,1277.9429980169368,63.03001802060248
112.88020326563469,1278.3886199325887,63.03001802060248
113.1069649718462,1278.8342418482405,63.03001802060248
113.3337266780577,1279.2798637638923,63.03001802060248
113.5604883842692,1279.7254856795441,63.03001802060248
113.78725009048071,1280.171107595196,63.03001802060248
114.01401179669222,1280.6167295108478,63.10793713281326
114.24016637098725,1281.0626576210352,63.10793713281326
114.46632094528229,1281.5085857312226,63.10793713281326
114.69247551957733,1281.95451384141,63.10793713281326
114.91863009387237,1282.4004419515975,63.10793713281326
115.1447846681674,1282.846370061785,63.10793713281326
115.37093924246244,1283.2922981719723,63.092119847478514
115.59721628256955,1283.738162590455,63.092119847478514
115.82349332267665,1284.1840270089376,64.07871049318625
116.04206126692713,1284.6337245920797,64.07871049318625
116.26062921117762,1285.0834221752218,64.07871049318625
116.4791971554281,1285.533119758364,64.07871049318625
116.69776509967858,1285.982817341506,64.07871049318625
116.91633304392906,1286.432514924648,64.07871049318625
117.13490098817954,1286.8822125077902,64.34318561534161
117.35139084437822,1287.332914239174,64.34318561534161
117.5678807005769,1287.7836159705578,64.34318561534161
117.78437055677557,1288.2343177019416,64.37008650616134
118.00064882004426,1288.6851211099295,64.37008650616134
118.21692708331295,1289.1359245179174,64.37008650616134
118.43320534658164,1289.5867279259053,64.48766904437413
118.64855793509287,1290.0379740631831,64.48766904437413
118.86391052360409,1290.489220200461,64.6782425433719
119.07776092505412,1290.9411799355373,64.6782425433719
119.29161132650415,1291.3931396706137,64.6782425433719
119.50546172795418,1291.84509940569,64.69642696367616
119.71916846452598,1292.2971265409356,64.69642696367616
119.93287520109777,1292.749153676181,64.69642696367616
120.14658193766957,1293.2011808114266,65.11485292113547
120.35698206431425,1293.6547569336394,65.11485292113547
120.56738219095894,1294.1083330558522,65.11485292113547
120.77778231760362,1294.561909178065,65.19507185879608
120.98754701102405,1295.0157790392004,65.19507185879608
121.19731170444447,1295.4696489003359,65.19507185879608
121.4070763978649,1295.9235187614713,65.28604097499924
121.61612008770396,1296.377720823334,65.28604097499924
121.82516377754303,1296.8319228851965,65.28604097499924
122.03420746738209,1297.286124947059,65.28604097499924
122.24325115722115,1297.7403270089217,66.12144143296305
122.44565086872558,1298.1975297612973,66.12144143296305
122.64805058023,1298.654732513673,66.12144143296305
122.85045029173443,1299.1119352660487,66.12144143296305
123.05285000323886,1299.5691380184244,66.12144143296305
123.25524971474329,1300.0263407708,66.12144143296305
123.45764942624771,1300.4835435231757,66.93643226931079
123.65352547905297,1300.9435788550531,66.93643226931079
123.84940153185823,1301.4036141869306,66.93643226931079
124.0452775846635,1301.863649518808,67.10650462897554
124.23978726733708,1302.3242643035087,67.10650462897554
124.43429695001066,1302.7848790882094,67.10650462897554
124.62880663268425,1303.2454938729102,67.10650462897554
124.82331631535783,1303.706108657611,67.43460768069605
125.0151851130139,1304.1678297164701,67.43460768069605
125.20705391066997,1304.6295507753293,67.43460768069605
125.39892270832604,1305.0912718341885,67.43460768069605
125.59079150598211,1305.5529928930478,67.43460768069605
125.78266030363818,1306.014713951907,68.49843985198333
125.96592355338066,1306.4799176670274,68.49843985198333
126.14918680312314,1306.9451213821478,68.49843985198333
126.33245005286562,1307.4103250972682,68.7651044096113
126.51354617983611,1307.876376693409,68.7651044096113
126.6946423068066,1308.3424282895496,68.7651044096113
126.87573843377709,1308.8084798856903,68.7651044096113
127.05683456074757,1309.274531481831,68.66613135345759
127.23873550451572,1309.7402696259633,68.66613135345759
127.42063644828386,1310.2060077700955,68.66613135345759
127.602537392052,1310.6717459142278,68.66613135345759
127.78443833582014,1311.13748405836,68.66613135345759
127.96633927958828,1311.6032222024924,68.62681302134835
128.1485596947001,1312.0688351769677,68.62681302134835
128.33078010981194,1312.534448151443,68.62681302134835
128.51300052492377,1313.0000611259184,68.62681302134835
128.6952209400356,1313.4656741003937,70.27321718409256
128.86398856444202,1313.9363304481858,70.27321718409256
129.03275618884845,1314.406986795978,70.27321718409256
129.20152381325488,1314.87764314377,70.33572572385144
129.36977775304695,1315.348483032124,70.33572572385144
129.538031692839,1315.819322920478,70.33572572385144
129.70628563263108,1316.290162808832,71.22503207777498
129.86721163415257,1316.7635576769787,71.22503207777498
130.02813763567406,1317.2369525451254,71.22503207777498
130.18906363719555,1317.710347413272,71.24152065532603
130.34985330652626,1318.1837883022938,71.24152065532603
130.51064297585697,1318.6572291913155,71.24152065532603
130.67143264518768,1319.1306700803373,71.31239848853892
130.83163664737447,1319.6043098862297,72.12019715377964
130.9851471972937,1320.0801611454856,72.12019715377964
131.13865774721296,1320.5560124047415,72.12019715377964
131.2921682971322,1321.0318636639975,72.22737875650999
131.44478844435764,1321.5080013424242,72.22737875650999
131.59740859158308,1321.984139020851,72.22737875650999
131.7500287388085,1322.4602766992778,72.7817744527547
131.8980346913013,1322.937868824212,73.67778855472135
132.03855406893808,1323.4177170092246,73.67778855472135
132.17907344657488,1323.8975651942371,73.67778855472135
132.31959282421167,1324.3774133792497,73.67778855472135
132.46011220184846,1324.8572615642622,73.67778855472135
132.60063157948525,1325.3371097492748,73.67778855472135
132.74115095712204,1325.8169579342873,73.72968521188142
132.88123563736406,1326.2969331698318,73.72968521188142
133.02132031760607,1326.7769084053764,73.72968521188142
133.16140499784808,1327.256883640921,73.72968521188142
133.3014896780901,1327.7368588764655,74.43384864424512
133.43566506064894,1328.2185195093514,74.43384864424512
133.5698404432078,1328.7001801422373,74.43384864424512
133.70401582576665,1329.1818407751232,74.50760695827674
133.83757102262177,1329.6636736615028,74.50760695827674
133.9711262194769,1330.1455065478824,74.50760695827674
134.10468141633203,1330.627339434262,74.64648749057264
134.23706831169454,1331.1094946880578,77.96898723084783
134.34128884839788,1331.5985120690175,77.96898723084783
134.44550938510122,1332.0875294499772,77.96898723084783
134.54972992180456,1332.5765468309369,78.1867391049058
134.652091150513,1333.0659565026485,78.1867391049058
134.75445237922145,1333.5553661743602,78.1867391049058
134.8568136079299,1334.0447758460718,79.14600610554008
134.95096699668204,1334.5358306151822,79.14600610554008
135.0451203854342,1335.0268853842927,81.27278802466664
135.1209855209836,1335.5210963328104,81.27278802466664
135.196850656533,1336.0153072813282,81.27278802466664
135.2727157920824,1336.509518229846,81.27278802466664
135.34858092763182,1337.0037291783638,81.27278802466664
135.42444606318122,1337.4979401268815,81.27278802466664
135.50031119873063,1337.9921510753993,83.05363502762029
135.56078127868864,1338.4884809751632,83.05363502762029
135.62125135864665,1338.984810874927,83.05363502762029
135.68172143860465,1339.4811407746909,83.12135078486489
135.7416048825662,1339.9775417951764,83.12135078486489
135.80148832652776,1340.473942815662,83.12135078486489
135.8613717704893,1340.9703438361475,84.69298596136278
135.9076180080657,1341.4682004937097,84.69298596136278
135.95386424564208,1341.9660571512718,84.69298596136278
136.00011048321846,1342.463913808834,84.69298596136278
136.04635672079485,1342.961770466396,84.69298596136278
136.09260295837123,1343.4596271239582,85.89954398574393
136.12835562069347,1343.9583468244944,85.89954398574393
136.1641082830157,1344.4570665250305,85.89954398574393
136.19986094533795,1344.9557862255667,85.89954398574393
136.23561360766018,1345.454505926103,85.89954398574393
136.27136626998242,1345.953225626639,85.89954398574393
136.30711893230466,1346.4519453271753,85.97406634808209
136.34222284341524,1346.9507103109431,86.97069151126587
136.36864623228325,1347.4500116251156,86.97069151126587
136.39506962115126,1347.9493129392881,86.97069151126587
136.42149301001928,1348.4486142534606,87.01266482226967
136.44755061754393,1348.947934792878,87.01266482226967
136.47360822506857,1349.4472553322953,87.01266482226967
136.49966583259322,1349.9465758717126,87.14276849022755
136.52458954490373,1350.4459542296777,87.14276849022755
136.54951325721424,1350.9453325876427,87.14276849022755
136.57443696952475,1351.4447109456078,87.43811733229404
136.59678616445603,1351.9442112073573,87.43811733229404
136.61913535938731,1352.4437114691068,87.43811733229404
136.6414845543186,1352.9432117308563,87.43811733229404
136.66383374924987,1353.4427119926058,87.43811733229404
136.68618294418116,1353.9422122543554,87.43811733234709
136.69395864993567,1354.1159978010692,88.36999419311667
136.708181195439,1354.6157947793522,88.36999419311667
136.72240374094235,1355.1155917576352,88.36999419311667
136.7366262864457,1355.6153887359183,88.36999419311667
136.75084883194904,1356.1151857142013,88.36999419311667
136.7650713774524,1356.6149826924843,88.3864689444919
136.77915021140564,1357.1147837391675,88.3864689444919
136.79322904535888,1357.6145847858506,88.3864689444919
136.80730787931213,1358.1143858325338,88.3864689444919
136.82138671326538,1358.614186879217,88.3864689444919
136.83546554721863,1359.1139879259001,88.3864689444919
136.84954438117188,1359.6137889725833,88.37225952626494
136.8637471659282,1360.113586512735,88.37225952626494
136.87794995068452,1360.6133840528869,88.37225952626494
136.89215273544085,1361.1131815930387,88.37225952626494
136.90635552019717,1361.6129791331905,88.37225952626494
136.9205583049535,1362.1127766733423,88.37225952626494
136.9347610897098,1362.612574213494,88.37029902169648
136.9489809761485,1363.112371266967,88.37029902169648
136.9632008625872,1363.61216832044,88.37029902169648
136.9774207490259,1364.111965373913,88.37029902169648
136.9916406354646,1364.611762427386,88.37029902169648
137.0058605219033,1365.1115594808591,88.37029902169648
137.02008040834198,1365.6113565343321,88.38667847478183
137.03415741453716,1366.111157632895,88.38667847478183
137.04823442073234,1366.6109587314577,88.38667847478183
137.06231142692752,1367.1107598300205,88.38667847478183
137.0763884331227,1367.6105609285833,88.38667847478183
137.09046543931788,1368.110362027146,88.38667847478183
137.10454244551306,1368.6101631257088,88.37166508500111
137.11875041562348,1369.1099605176623,88.37166508500111
137.1329583857339,1369.6097579096158,88.37166508500111
137.14716635584432,1370.1095553015693,88.37166508500111
137.16137432595474,1370.6093526935229,88.37166508500111
137.17558229606516,1371.1091500854764,88.37166508500111
137.18979026617558,1371.6089474774299,88.37020363557669
137.20401098468756,1372.1087445075889,88.37020363557669
137.21823170319954,1372.608541537748,88.37020363557669
137.2324524217115,1373.108338567907,88.37020363557669
137.2466731402235,1373.608135598066,88.37020363557669
137.26089385873547,1374.107932628225,88.37020363557669
137.27511457724745,1374.607729658384,88.381136724415
137.2892399248817,1375.1075293876772,88.381136724415
137.30336527251598,1375.6073291169705,88.381136724415
137.31749062015024,1376.1071288462638,88.381136724415
137.3316159677845,1376.606928575557,88.381136724415
137.34574131541876,1377.1067283048503,88.381136724415
137.35986666305303,1377.6065280341436,88.38113672444807
137.37095864961157,1377.9989978000522,83.52351389285332
137.427356161405,1378.4958050480484,83.52351389285332
137.4837536731984,1378.9926122960446,83.52351389285332
137.54015118499183,1379.4894195440409,83.52351389285332
137.59654869678525,1379.986226792037,83.52351389285332
137.65294620857867,1380.4830340400333,82.80626458722266
137.7155582489621,1380.9790955595265,82.80626458722266
137.77817028934555,1381.4751570790197,82.80626458722266
137.840782329729,1381.971218598513,82.78202584390601
137.90360407297283,1382.4672524148011,82.78202584390601
137.96642581621666,1382.9632862310893,82.78202584390601
138.0292475594605,1383.4593200473776,82.97363425971425
138.09041037118948,1383.955563221202,82.97363425971425
138.15157318291847,1384.4518063950266,83.12956407197346
138.21138484994663,1384.9482108674238,83.12956407197346
138.27119651697478,1385.444615339821,83.12956407197346
138.33100818400294,1385.9410198122182,83.12956407197346
138.3908198510311,1386.4374242846154,83.12956407197346
138.45063151805925,1386.9338287570126,83.12956407197346
138.5104431850874,1387.4302332294099,83.16361823305967
138.56995972645427,1387.9266725503396,83.16361823305967
138.62947626782113,1388.4231118712694,83.16361823305967
138.688992809188,1388.9195511921992,83.16361823305967
138.74850935055485,1389.415990513129,82.98050736930658
138.80961284019838,1389.912242700615,82.98050736930658
138.8707163298419,1390.4084948881011,82.98050736930658
138.93181981948544,1390.9047470755872,82.98050736930658
138.99292330912897,1391.4009992630733,82.98050736930658
139.0540267987725,1391.8972514505595,82.98050736930658
139.11513028841603,1392.3935036380456,82.98865394042838
139.17616323384095,1392.8897646366486,82.98865394042838
139.23719617926588,1393.3860256352516,82.98865394042838
139.2982291246908,1393.8822866338546,82.98865394042838
139.35926207011573,1394.3785476324576,82.98865394042838
139.42029501554066,1394.8748086310607,82.98865394042838
139.4813279609656,1395.3710696296637,82.92669374756107
139.54289753198248,1395.8672643372283,83.12157496027321
139.60277898549043,1396.363665192155,83.12157496027321
139.6626604389984,1396.8600660470815,83.12157496027321
139.72254189250634,1397.3564669020082,83.12157496027321
139.7824233460143,1397.8528677569348,83.12157496027321
139.84230479952225,1398.3492686118614,83.12157496027321
139.9021862530302,1398.845669466788,83.07492321178054
139.96247186408573,1399.3420213560921,83.07492321178054
140.02275747514125,1399.8383732453963,83.07492321178054
140.08304308619677,1400.3347251347004,83.07492321178054
140.1433286972523,1400.8310770240046,83.07492321178054
140.2036143083078,1401.3274289133087,83.07492321178054
140.26389991936333,1401.8237808026129,83.07203151770713
140.32421059604235,1402.3201297723708,83.07203151770713
140.38452127272137,1402.8164787421288,85.67240699046934
140.42225057530948,1403.3150509092227,85.67240699046934
140.45997987789758,1403.8136230763166,85.67240699046934
140.49770918048569,1404.3121952434105,88.12230239087162
140.51409203297078,1404.8119201355025,88.12230239087162
140.53047488545587,1405.3116450275945,88.12230239087162
140.54685773794097,1405.8113699196865,88.12230239087162
140.56324059042606,1406.3110948117785,88.84842954493334
140.57328909438957,1406.8109854945278,88.84842954493334
140.58333759835307,1407.3108761772771,88.84842954493334
140.59338610231657,1407.8107668600264,89.89942573299521
140.5942637612343,1408.3107565858922,89.89942573299521
140.595141420152,1408.810746311758,89.89942573299521
140.59601907906972,1409.3107360376239,89.89942573299521
140.59689673798744,1409.8107257634897,90.06991502121069
140.5962866503271,1410.3106960147354,90.06991502121069
140.59567656266677,1410.8106662659811,90.06991502121069
140.59506647500643,1411.3106365172268,90.06991502121538
140.59495865233475,1411.398997799959,89.86608687081603
140.59612726058697,1411.8989950686737,89.86608687081603
140.59729586883918,1412.3989923373883,89.86608687081603
140.5984644770914,1412.898989606103,89.86608687081603
140.5996330853436,1413.3989868748176,89.86608687081603
140.60080169359583,1413.8989841435323,89.88250389900406
140.60182703625867,1414.398981371406,89.88250389900406
140.6028523789215,1414.8989785992799,89.88250389900406
140.60387772158435,1415.3989758271537,89.88250389900406
140.6049030642472,1415.8989730550275,89.88250389900406
140.60592840691004,1416.3989702829012,89.88250389900406
140.60695374957288,1416.898967510775,89.86839531184101
140.60810221204667,1417.3989644172382,89.86839531184101
140.60925067452047,1417.8989613237013,89.86839531184101
140.61039913699426,1418.3989582301645,89.86839531184101
140.61154759946805,1418.8989551366276,89.86839531184101
140.61269606194185,1419.3989520430907,89.86839531184101
140.61384452441564,1419.8989489495539,89.87057814035394
140.61497393915738,1420.398946308112,89.87057814035394
140.61610335389912,1420.8989436666702,89.87057814035394
140.61723276864086,1421.3989410252284,89.87057814035394
140.6183621833826,1421.8989383837866,89.87057814030548
140.61895865172846,1422.1629977999255,120.05084238638264
140.3685745492893,1422.595788419975,120.05084238638264
140.11819044685012,1423.0285790400244,120.05084238638264
139.86780634441095,1423.4613696600738,120.03053907847564
139.6175756233073,1423.8942489752856,120.03053907847564
139.36734490220363,1424.3271282904973,120.03053907847564
139.11711418109996,1424.760007605709,112.39133894320113
138.92664923731752,1425.222308537726,112.39133894320113
138.73618429353508,1425.6846094697428,112.39133894320113
138.54571934975263,1426.1469104017597,112.39133894320113
138.3552544059702,1426.6092113337766,112.39133894320113
138.16478946218774,1427.0715122657934,110.9299746635984
137.98617647237347,1427.5385202010766,110.9299746635984
137.8075634825592,1428.0055281363598,110.9299746635984
137.62895049274493,1428.472536071643,102.45728294574934
137.52109477025306,1428.9607641066314,102.45728294574934
137.41323904776118,1429.4489921416198,102.45728294574934
137.3053833252693,1429.9372201766082,102.45728294574934
137.19752760277743,1430.4254482115966,102.45728294578177
137.122958647029,1430.7629978000186,90.98514778514624
137.11436206445615,1431.2629221441748,90.98514778514624
137.10576548188328,1431.762846488331,90.98514778514624
137.09716889931042,1432.2627708324871,90.98450204716627
137.088577950973,1432.7626952757887,90.98450204716627
137.07998700263556,1433.2626197190903,90.98450204716627
137.07139605429813,1433.7625441623918,90.69510430851244
137.06533027508647,1434.2625072515937,90.69510430851244
137.0592644958748,1434.7624703407955,90.69510430851244
137.05319871666313,1435.2624334299974,90.69510430851244
137.04713293745147,1435.7623965191992,90.69510430851244
137.0410671582398,1436.262359608401,90.29386786862416
137.0385026891205,1436.7623529199957,90.29386786862416
137.03593822000119,1437.2623462315903,90.29386786862416
137.03337375088188,1437.762339543185,90.29386786862416
137.03080928176257,1438.2623328547795,90.29386786862416
137.02824481264327,1438.7623261663741,90.29386786862416
137.02568034352396,1439.2623194779687,90.25309540452437
137.02347167679056,1439.7623145660148,90.25309540452437
137.02126301005717,1440.2623096540608,90.25309540452437
137.01905434332377,1440.7623047421068,90.25309540452437
137.01684567659038,1441.2622998301529,90.25309540452437
137.01463700985698,1441.762294918199,90.25309540452437
137.0124283431236,1442.262290006245,90.26478548871994
137.01011766248644,1442.762284573332,90.26478548871994
137.00780698184928,1443.262279140419,90.26478548871994
137.00549630121213,1443.762273707506,90.26676208510885
137.0031683712847,1444.2622682851359,90.26676208510885
137.00084044135724,1444.7622628627657,90.26676208510885
136.9985125114298,1445.2622574403956,90.30833177375996
136.99582182927156,1445.762248867216,90.30833177375996
136.99313114711333,1446.2622402940362,90.30833177375996
136.9904404649551,1446.7622317208566,90.30833177375996
136.98774978279687,1447.2622231476769,90.30833177375996
136.98505910063864,1447.7622145744972,90.30833177375996
136.9823684184804,1448.2622060013175,90.30735902873809
136.97968622711846,1448.7621970748737,90.30735902873809
136.97700403575652,1449.26218814843,90.30735902873809
136.97432184439458,1449.7621792219861,90.30735902873809
136.97163965303264,1450.2621702955423,90.30735902873809
136.9689574616707,1450.7621613690985,90.30735902873809
136.96627527030876,1451.2621524426547,90.32400450077763
136.96344782282654,1451.762142659738,90.32400450077763
136.96062037534432,1452.2621328768212,90.32400450077763
136.9577929278621,1452.7621230939044,90.32400450077763
136.95496548037988,1453.2621133109876,90.32400450077763
136.95213803289766,1453.7621035280708,90.32400450077763
136.94931058541545,1454.262093745154,90.30926709765306
136.9466117436558,1454.7620846650093,90.30926709765306
136.94391290189617,1455.2620755848645,90.30926709765306
136.94121406013653,1455.7620665047198,90.30926709765306
136.9385152183769,1456.262057424575,90.30926709765306
136.93581637661725,1456.7620483444302,90.30926709765306
136.93311753485762,1457.2620392642855,90.32015581946389
136.93032394496504,1457.7619809643234,90.32015581946389
136.92753035507246,1458.2619226643612,90.32015581946389
136.9247367651799,1458.7618643643991,90.32015581946389
136.9219431752873,1459.261806064437,90.32015581949976
136.9209586455836,1459.4379978007637,-65.41174085502256
214.24095876462525,1290.4649977996014,-89.83073673330023
214.24243586313003,1289.9649999814262,-89.81621217541736
214.24403970989442,1289.4650031202707,-89.81621217541736
214.24564355665882,1288.9650062591152,-89.81621217541736
214.24724740342322,1288.4650093979596,-89.81621217541736
214.2488512501876,1287.9650125368041,-89.81621217541736
214.250455096952,1287.4650156756486,-90.01174129483039
214.2503526348395,1286.965015751435,-90.01174129483039
214.25025017272696,1286.4650158272214,-90.01174129483039
214.25014771061444,1285.9650159030077,-90.01174129483039
214.25004524850192,1285.465015978794,-90.04449042862946
214.2496569964402,1284.9650162993485,-90.04449042862946
214.24926874437847,1284.4650166199028,-90.04449042862946
214.24888049231674,1283.9650169404572,-90.04449042862946
214.24849224025502,1283.4650172610116,-90.04449042862946
214.2481039881933,1282.965017581566,-90.03864285608164
214.24776676572515,1282.4650177572419,-90.03864285608164
214.247429543257,1281.9650179329178,-90.03864285608164
214.24709232078885,1281.4650181085938,-89.54159337390786
214.25109263057732,1280.9650341116853,-89.54159337390786
214.25509294036578,1280.465050114777,-89.54159337390786
214.25909325015425,1279.9650661178684,-89.54159337390786
214.26309355994272,1279.46508212096,-89.54159337390786
214.26709386973118,1278.9650981240516,-89.51148103071839
214.2713569503146,1278.4651162982395,-89.51148103071839
214.27562003089804,1277.9651344724275,-89.51148103071839
214.27988311148147,1277.4651526466155,-89.77905233364245
214.28181123882894,1276.9651563643044,-89.77905233364245
214.2837393661764,1276.4651600819934,-89.77905233364245
214.28566749352387,1275.9651637996824,-89.77905233364245
214.28759562087134,1275.4651675173714,-89.79532236952862
214.28938176614088,1274.9651707664784,-89.79532236952862
214.2911679114104,1274.4651740155855,-89.79532236952862
214.29295405667995,1273.9651772646926,-89.79532236952862
214.29474020194948,1273.4651805137996,-89.68556140953588
214.2974841795109,1272.9651885925034,-89.68556140953588
214.3002281570723,1272.4651966712072,-89.68556140953588
214.3029721346337,1271.965204749911,-89.68556140953588
214.3057161121951,1271.4652128286148,-89.65398640645135
214.30873563050466,1270.965222205928,-89.65398640645135
214.3117551488142,1270.4652315832413,-89.65398640645135
214.31477466712374,1269.9652409605546,-89.65398640645135
214.31779418543329,1269.465250337868,-89.73830549762178
214.32007789067507,1268.9652560279649,-89.73830549762178
214.32236159591685,1268.4652617180618,-89.73830549762178
214.32464530115863,1267.9652674081588,-89.73830549762178
214.3269290064004,1267.4652730982557,-89.73830549762178
214.32921271164219,1266.9652787883526,-89.7711589840098
214.33120972073277,1266.4652828255503,-89.7711589840098
214.33320672982336,1265.965286862748,-90.07932440227746
214.3325144940893,1265.4652873731902,-90.07932440227746
214.33182225835526,1264.9652878836325,-90.07932440227746
214.3311300226212,1264.4652883940748,-90.07932440227746
214.33043778688716,1263.9652889045171,-90.07932440227746
214.3297455511531,1263.4652894149594,-90.07932440227746
214.32905331541906,1262.9652899254017,-90.11839838522741
214.3280200962904,1262.4652914583032,-90.11839838522741
214.32698687716174,1261.9652929912047,-90.11839838522741
214.3259536580331,1261.4652945241062,-90.11839838522741
214.32492043890443,1260.9652960570077,-90.11839838522741
214.32388721977577,1260.4652975899091,-89.84816983343094
214.32521218517752,1259.9652997993458,-89.84816983343094
214.32653715057927,1259.4653020087824,-89.84816983343094
214.32786211598102,1258.965304218219,-89.84816983343094
214.32918708138277,1258.4653064276556,-89.84816983343094
214.33051204678452,1257.9653086370922,-89.84816983343094
214.33183701218627,1257.4653108465288,-90.25149104588151
214.32964234620408,1256.9653157463924,-90.25149104588151
214.3274476802219,1256.465320646256,-90.25149104588151
214.3252530142397,1255.9653255461196,-90.25149104588151
214.32305834825752,1255.4653304459832,-90.34136483663602
214.32007939690686,1254.96533952166,-90.34136483663602
214.3171004455562,1254.465348597337,-90.34136483663602
214.31412149420555,1253.9653576730138,-90.34136483663602
214.3111425428549,1253.4653667486907,-90.34136483663602
214.30816359150424,1252.9653758243676,-89.73800106787034
214.31044995553714,1252.4653810519198,-89.73800106787034
214.31273631957004,1251.965386279472,-89.73800106787034
214.31502268360293,1251.4653915070244,-89.72903109058976
214.3173873243902,1250.9653971446508,-89.72903109058976
214.3197519651775,1250.4654027822771,-89.72903109058976
214.32211660596477,1249.9654084199035,-89.72903109058976
214.32448124675204,1249.4654140575299,-89.5879445187629
214.32807707666757,1248.965427197927,-89.5879445187629
214.3316729065831,1248.4654403383242,-89.5879445187629
214.33526873649862,1247.9654534787214,-89.5879445187629
214.33886456641414,1247.4654666191186,-89.5879445187629
214.34246039632967,1246.9654797595158,-89.5879445187629
214.3460562262452,1246.465492899913,-89.56417117306218
214.34985951350984,1245.9655073730873,-90.26561474635568
214.34754159640784,1245.465512859841,-90.26561474635568
214.34522367930583,1244.9655183465948,-90.26561474635568
214.34290576220383,1244.4655238333485,-90.26561474635568
214.34058784510182,1243.9655293201022,-90.26561474635568
214.33826992799982,1243.4655348068559,-90.31303300950223
214.33553821460214,1242.9655425169856,-90.31303300950223
214.33280650120446,1242.4655502271153,-90.31303300950223
214.33007478780678,1241.965557937245,-90.31303300950223
214.3273430744091,1241.4655656473747,-90.31303300950223
214.32461136101142,1240.9655733575044,-90.31303300950223
214.32187964761374,1240.465581067634,-89.70331550260677
214.32446869618684,1239.9655878705862,-89.70331550260677
214.32705774475994,1239.4655946735384,-89.70331550260677
214.32964679333304,1238.9656014764905,-89.70331550260677
214.33223584190614,1238.4656082794427,-89.59211027843669
214.33579531906685,1237.9656212425493,-89.59211027843669
214.33935479622755,1237.465634205656,-89.59211027843669
214.34291427338826,1236.9656471687626,-90.10976715658268
214.3419563748431,1236.465648094344,-90.10976715658268
214.34099847629795,1235.9656490199254,-90.10976715658268
214.3400405777528,1235.4656499455068,-90.10976715658268
214.33908267920765,1234.9656508710882,-90.10976715658268
214.3381247806625,1234.4656517966696,-90.18275215133744
214.33652996998876,1233.965654340109,-90.18275215133744
214.33493515931502,1233.4656568835485,-90.18275215133744
214.3333403486413,1232.965659426988,-90.18275215133744
214.33174553796755,1232.4656619704274,-89.8866869949102
214.3327343796352,1231.9656630492689,-89.8866869949102
214.33372322130288,1231.4656641281103,-89.8866869949102
214.33471206297054,1230.9656652069518,-89.8866869949102
214.3357009046382,1230.4656662857933,-89.8866869949102
214.33668974630586,1229.9656673646348,-89.8866869949102
214.33767858797353,1229.4656684434763,-89.89302610331744
214.33861210996554,1228.9656697546911,-90.28148182003926
214.33615572862152,1228.4656760016712,-90.28148182003926
214.3336993472775,1227.9656822486513,-90.28148182003926
214.33124296593348,1227.4656884956314,-90.28148182003926
214.32878658458947,1226.9656947426115,-90.28148182003926
214.32633020324545,1226.4657009895916,-90.33258619518881
214.32342786286597,1225.9657103431637,-90.33258619518881
214.3205255224865,1225.4657196967357,-90.33258619518881
214.317623182107,1224.9657290503078,-89.97013986923842
214.31788376048246,1224.4657299072044,-89.97013986923842
214.3181443388579,1223.965730764101,-89.97013986923842
214.31840491723335,1223.4657316209975,-89.97013986923842
214.3186654956088,1222.965732477894,-89.97013986923842
214.31892607398424,1222.4657333347907,-89.91509680415233
214.3196669929912,1221.9657344765303,-89.91509680415233
214.32040791199813,1221.46573561827,-90.22050400677647
214.3184836571287,1220.9657395410072,-90.22050400677647
214.31655940225926,1220.4657434637445,-90.22050400677647
214.31463514738982,1219.9657473864818,-89.59227384816397
214.3181931992417,1219.4657600486405,-89.59227384816397
214.3217512510936,1218.9657727107992,-89.59227384816397
214.32530930294547,1218.465785372958,-89.49847207162502
214.32968590322184,1217.9658046026725,-89.49847207162502
214.33406250349822,1217.465823832387,-89.49847207162502
214.3384391037746,1216.9658430621016,-90.09342010652098
214.33762385998511,1216.465843771179,-90.09342010652098
214.33680861619564,1215.9658444802562,-90.09342010652098
214.33599337240616,1215.4658451893335,-90.09342010652098
214.3351781286167,1214.9658458984109,-90.09342010652098
214.33436288482721,1214.4658466074882,-90.1566065952414
214.33299623628375,1213.965848516742,-90.1566065952414
214.33162958774028,1213.4658504259958,-90.1566065952414
214.3302629391968,1212.9658523352496,-90.1566065952414
214.32889629065335,1212.4658542445034,-90.1566065952414
214.32752964210988,1211.9658561537572,-89.73279764834814
214.3298614113454,1211.4658621731044,-89.73279764834814
214.33219318058093,1210.9658681924516,-89.73279764834814
214.33452494981645,1210.4658742117988,-89.73279764834814
214.33685671905198,1209.965880231146,-89.68455798202672
214.33960945229,1209.4658884921007,-89.68455798202672
214.34236218552803,1208.9658967530554,-89.68455798202672
214.34511491876606,1208.46590501401,-90.20038129408594
214.34336626674542,1207.965908382122,-90.20038129408594
214.34161761472478,1207.465911750234,-90.20038129408594
214.33986896270414,1206.965915118346,-90.20038129408594
214.3381203106835,1206.465918486458,-90.20038129408594
214.33637165866287,1205.9659218545698,-90.20038129408594
214.33462300664223,1205.4659252226818,-90.235999757338
214.33256352664296,1204.9659296042278,-90.235999757338
214.33050404664368,1204.4659339857737,-90.235999757338
214.3284445666444,1203.9659383673197,-89.85638933531558
214.32969780469227,1203.4659399817192,-89.85638933531558
214.33095104274014,1202.9659415961187,-89.85638933531558
214.332204280788,1202.4659432105182,-89.85638933531558
214.33345751883587,1201.9659448249176,-89.85638933531558
214.33471075688374,1201.4659464393171,-89.8412259183462
214.33609632003686,1200.965948474364,-89.8412259183462
214.33748188318998,1200.465950509411,-89.8412259183462
214.3388674463431,1199.9659525444579,-90.27094277098499
214.33650303570334,1199.4659586143644,-90.27094277098499
214.3341386250636,1198.9659646842708,-89.90857102191625
214.33493649304626,1198.465965338641,-89.90857102191625
214.33573436102893,1197.965965993011,-89.90857102191625
214.3365322290116,1197.465966647381,-89.90857102191625
214.33733009699426,1196.965967301751,-89.83678605219578
214.3387544052947,1196.4659693867331,-89.83678605219578
214.34017871359515,1195.9659714717152,-89.83678605219578
214.3416030218956,1195.4659735566972,-89.83678605219578
214.34302733019604,1194.9659756416793,-89.80905858819847
214.34469360458525,1194.4659786233176,-89.80905858819847
214.34635987897445,1193.965981604956,-89.80905858819847
214.34802615336366,1193.4659845865942,-89.80905858819847
214.34969242775287,1192.9659875682325,-89.80525218123422
214.35139191954534,1192.4659905328276,-89.80525218123422
214.3530914113378,1191.9659934974227,-89.80525218123422
214.35479090313027,1191.4659964620178,-89.80525218123422
214.35649039492273,1190.9659994266128,-89.7789344571815
214.35841954924842,1190.4660035837676,-89.7789344571815
214.36034870357412,1189.9660077409224,-89.7789344571815
214.3622778578998,1189.466011898077,-89.7789344571815
214.3642070122255,1188.9660160552319,-89.75120275602137
214.36637816974394,1188.46602104485,-89.75120275602137
214.36854932726237,1187.9660260344683,-89.75120275602137
214.3707204847808,1187.4660310240865,-89.75120275602137
214.37289164229924,1186.9660360137048,-89.94414136630071
214.3733791002603,1186.4660367627168,-89.94414136630071
214.37386655822138,1185.966037511729,-89.94414136630071
214.37435401618245,1185.466038260741,-89.94414136630071
214.37484147414352,1184.966039009753,-89.94414136630071
214.3753289321046,1184.4660397587652,-89.94414136630071
214.37581639006567,1183.9660405077773,-89.9767569218376
214.3760192239547,1183.4660411073032,-89.9767569218376
214.37622205784373,1182.9660417068292,-89.9767569218376
214.37642489173277,1182.4660423063551,-89.9767569218376
214.3766277256218,1181.966042905881,-89.9767569218376
214.37683055951084,1181.466043505407,-89.69436410902897
214.3794977218198,1180.9660508716718,-89.69436410902897
214.38216488412877,1180.4660582379365,-89.69436410902897
214.38483204643774,1179.9660656042013,-89.69436410902897
214.3874992087467,1179.466072970466,-89.66011829827619
214.39046521740875,1178.9660819909127,-89.66011829827619
214.3934312260708,1178.4660910113594,-89.66011829827619
214.39639723473283,1177.966100031806,-89.66011829827619
214.39936324339487,1177.4661090522527,-89.66011829827619
214.40232925205692,1176.9661180726994,-89.28514310743104
214.40856738157083,1176.4661579397107,-89.28514310743104
214.41480551108475,1175.966197806722,-89.28514310743104
214.42104364059867,1175.4662376737333,-89.28514310743104
214.4272817701126,1174.9662775407446,-89.28514310743104
214.4335198996265,1174.466317407756,-89.29154051156294
214.43970220941537,1173.9663562784892,-89.29154051156294
214.44588451920424,1173.4663951492225,-89.29154051156294
214.4520668289931,1172.9664340199558,-89.29154051156294
214.45824913878198,1172.4664728906891,-89.29154051156294
214.46443144857085,1171.9665117614225,-87.85640196575774
214.4831335049405,1171.466861697381,-87.85640196575774
214.50183556131014,1170.9672116333397,-87.85640196575774
214.5205376176798,1170.4675615692984,-87.7990988250287
214.53973937774242,1169.9679304889553,-87.7990988250287
214.55894113780505,1169.4682994086122,-87.7990988250287
214.57814289786768,1168.9686683282691,-87.7990988250287
214.5973446579303,1168.469037247926,-88.08406773579948
214.60095877136337,1168.3609978030436,100.56596505768016
133.54595863405848,1602.9019977990538,-85.84035768193569
133.58222052021222,1602.403396867369,-85.69496821426601
133.61975346620693,1601.9048103086134,-87.34925724742719
133.6428772250125,1601.40534713239,-88.07686727966282
133.65965644982964,1600.905632424426,-88.07686727966282
133.67643567464677,1600.4059177164618,-88.60324201922205
133.6886227247022,1599.906097265689,-88.60324201922205
133.70080977475766,1599.406276814916,-88.60324201922205
133.7129968248131,1598.9064563641432,-91.14324045249052
133.70302162900055,1598.4065958430076,-91.17903975013277
133.69273386669386,1597.9067296117287,-91.17903975013277
133.68244610438717,1597.4068633804497,-91.17903975013277
133.67215834208048,1596.9069971491708,-91.21597924492053
133.66154776405926,1596.407111921257,-91.21597924492053
133.65093718603805,1595.907226693343,-91.21597924492053
133.64032660801684,1595.4073414654292,-91.48696562933542
133.62735248303056,1594.9075345497695,-91.48696562933542
133.6143783580443,1594.4077276341097,-91.48696562933542
133.60140423305802,1593.90792071845,-91.01672257657962
133.5925321545717,1593.4080013628902,-91.01672257657962
133.58366007608538,1592.9080820073304,-91.01672257657962
133.57478799759906,1592.4081626517707,-91.49698830593391
133.56172579966517,1591.9083334251825,-91.49698830593391
133.54866360173128,1591.4085041985943,-90.91839981939358
133.54064939591512,1590.9085685137122,-90.91839981939358
133.53263519009897,1590.4086328288302,-90.91839981939358
133.52462098428282,1589.908697143948,-91.7748386864308
133.50913511853173,1589.408938523495,-91.7748386864308
133.49364925278064,1588.9091799030418,-91.7748386864308
133.47816338702955,1588.4094212825887,-90.93630161242018
133.46999297860486,1587.9094880966136,-90.93630161242018
133.46182257018017,1587.4095549106385,-90.93630161242018
133.45365216175549,1586.9096217246633,-91.77492888218848
133.4381655095035,1586.4098631358684,-91.77492888218848
133.42267885725153,1585.9101045470734,-91.77492888218848
133.40719220499955,1585.4103459582784,-90.93737514738218
133.39901242946155,1584.9104129250647,-90.93737514738218
133.39083265392355,1584.410479891851,-90.93737514738218
133.38265287838556,1583.9105468586374,-91.73934032394833
133.36747667415523,1583.4107796111834,-91.73934032394833
133.3523004699249,1582.9110123637295,-91.73934032394833
133.33712426569457,1582.4112451162755,-90.93500678363229
133.32896515512232,1581.9113117364398,-90.93500678363229
133.32080604455007,1581.411378356604,-90.93500678363229
133.31264693397782,1580.9114449767683,-91.77493786040371
133.29716020352998,1580.4116863941442,-91.77493786040371
133.28167347308215,1579.9119278115202,-91.77493786040371
133.26618674263432,1579.4121692288961,-92.70765158165823
133.24256682087446,1578.9127274815767,-91.91890104343324
133.22582439247947,1578.4130082256233,-91.85219042103796
133.2096638344833,1577.9132706205382,-91.85219042103796
133.19350327648715,1577.4135330154531,-92.73825274520222
133.16961668875194,1576.9141055857103,-92.79730982938209
133.14521528991406,1576.414702146309,-92.79730982938209
133.12081389107618,1575.9152987069078,-92.44601221802895
133.1119586347486,1575.7079978017136,179.01429922188697
131.19395863212412,1575.7409978001378,-93.50913449637324
131.16335480035434,1575.2419353135542,-93.50913449637324
131.13275096858456,1574.7428728269706,-93.50913449637324
131.10214713681478,1574.243810340387,-93.50913449637324
131.071543305045,1573.7447478538033,-93.6997489965693
131.0392793377789,1573.2457899189017,-93.9339024510598
131.00497652894887,1572.7469679910928,-93.99885908687918
130.970108224225,1572.248185272246,-94.05442799798664
130.93475619899527,1571.7494367839302,-94.05442799798664
130.89940417376556,1571.2506882956143,-94.09650213986106
130.86368589951417,1570.7519657419068,-93.55307550295979
130.83269933570693,1570.2529268332135,-93.37542680280276
130.80326021578492,1569.7537942474028,-93.97342713527685
130.76861331770988,1569.2549962142712,-93.97342713527685
130.73396641963484,1568.7561981811396,-94.05905061283974
130.69857414403702,1568.257452384158,-94.05905061283974
130.6631818684392,1567.7587065871762,-94.12947394481714
130.6271766157945,1567.260004862239,-94.12947394481714
130.59117136314978,1566.7613031373016,-94.13817659064689
130.5550903713912,1566.2626070001115,-94.13343600331078
130.5190507203714,1565.7639089734125,-94.12164037560451
130.4831136669717,1565.2652025472512,-94.12066176281382
130.4471851024765,1564.7664951046263,-94.12066176281382
130.41125653798133,1564.2677876620014,-94.11868884123699
130.37534516538892,1563.7690792519297,-94.11868884123699
130.3394337927965,1563.270370841858,-94.15357631829805
130.30321883043075,1562.7716853239356,-94.12585587803767
130.26724506476694,1562.2729812612426,-94.12585587803767
130.23127129910313,1561.7742771985497,-94.14628837514383
130.19511970102417,1561.275586138663,-94.14628837514383
130.1589681029452,1560.776895078776,-94.09141898617877
130.12329407319703,1560.278169341561,-94.14498765480634
130.08715377552824,1559.779477173941,-94.15074704649983
130.05096342909474,1559.2807897407733,-94.09598173034462
130.01524970369053,1558.7820671282498,-94.11663514565367
129.97935626945775,1558.283358303257,-94.1166351456721
129.9679586320999,1558.1249977992848,79.86213340550862
133.1119586347486,1575.7079978017136,-91.35069039179596
133.1001727745122,1575.2081386503562,-91.35069039179596
133.08838691427582,1574.7082794989988,-91.31169484998492
133.07694122724047,1574.2084109596926,-91.31169484998492
133.06549554020512,1573.7085424203865,-91.31169484998492
133.05404985316977,1573.2086738810804,-92.41351454211654
133.03299419937582,1572.7091175530077,-92.41351454211654
133.01193854558187,1572.209561224935,-92.41351454211654
132.99088289178792,1571.7100048968623,-92.52036722471922
132.96889570144708,1571.2104901688772,-92.52036722471922
132.94690851110624,1570.710975440892,-92.52036722471922
132.9249213207654,1570.211460712907,-91.6537175748898
132.9104919165036,1569.711668977902,-91.6537175748898
132.89606251224177,1569.2118772428971,-91.5050718042545
132.88292982515077,1568.7120509469337,-91.5050718042545
132.86979713805977,1568.2122246509703,-91.5050718042545
132.85666445096876,1567.7123983550068,-91.46893385633767
132.84384699990812,1567.212563091923,-91.46893385633767
132.83102954884748,1566.712727828839,-91.46091558160407
132.81828208342608,1566.2128921853873,-91.46091558160407
132.80553461800469,1565.7130565419357,-90.8938459266325
132.79773467671498,1565.2131186364861,-90.70798650778026
132.79155648871574,1564.7131570172241,-90.70798650778026
132.7853783007165,1564.2131953979622,-90.70798650778026
132.77920011271726,1563.7132337787002,-90.66400564392403
132.77340571961156,1563.2132690424628,-90.66400564392403
132.76761132650586,1562.7133043062254,-90.66400564392403
132.76181693340015,1562.213339569988,-89.09318669595801
132.7697300365361,1561.713402533841,-89.09318669595801
132.77764313967202,1561.213465497694,-88.83896964059593
132.78777434288043,1560.7135683791957,-88.83896964059593
132.79790554608883,1560.2136712606975,-88.83718106504882
132.8080523588593,1559.713774236389,-88.83718106504882
132.81819917162977,1559.2138772120807,-88.83718106504882
132.82834598440024,1558.7139801877722,-88.81156414070131
132.83871630008377,1558.2140877434115,-88.81156414073374
132.84095863607945,1558.1059978012927,-73.87842310675092
210.19295876013348,1290.49199780263,-91.31994566447821
210.18144108008073,1289.9921304771865,-91.31994566447821
210.16992340002798,1289.492263151743,-91.31324675558884
210.15846416354998,1288.9923944830914,-91.25916193476228
210.1474767872354,1288.4925152201072,-91.25916193476228
210.13648941092083,1287.992635957123,-91.30581606833313
210.12509500360306,1287.4927658555412,-91.30581606833313
210.1137005962853,1286.9928957539594,-91.30581606833313
210.10230618896753,1286.4930256523776,-91.30581606833313
210.09091178164977,1285.9931555507958,-91.29168609037777
210.07964064960038,1285.4932826383638,-91.29168609037777
210.068369517551,1284.9934097259318,-91.29168609037777
210.0570983855016,1284.4935368134998,-91.29168609037777
210.04582725345222,1283.9936639010677,-91.27028686979115
210.0347428174665,1283.4937867831754,-91.27028686979115
210.0236583814808,1282.9939096652831,-91.27028686979115
210.0125739454951,1282.4940325473908,-91.0013410704571
210.00383604475542,1281.9941091182668,-91.0013410704571
209.99509814401574,1281.4941856891428,-90.96995071619772
209.98663413269867,1280.99425740361,-90.96995071619772
209.9781701213816,1280.494329118077,-90.96995071619772
209.96970611006452,1279.9944008325442,-90.94825701283376
209.9614313853874,1279.4944693730395,-90.94825701283376
209.9531566607103,1278.9945379135347,-90.94825701283376
209.9448819360332,1278.49460645403,-90.96074989327323
209.936498204474,1277.994676746483,-90.96074989327323
209.92811447291479,1277.494747038936,-90.96074989327323
209.91973074135558,1276.9948173313892,-90.95056972670021
209.91143583652308,1276.4948861645344,-90.95056972670021
209.9031409316906,1275.9949549976795,-90.95056972670021
209.8948460268581,1275.4950238308247,-90.95056972670021
209.8865511220256,1274.99509266397,-90.95056972670021
209.8782562171931,1274.495161497115,-90.95056972670021
209.8699613123606,1273.9952303302603,-90.96910678416636
209.86150467281686,1273.4953024008732,-90.96910678416636
209.85304803327313,1272.9953744714862,-90.96910678416636
209.8445913937294,1272.4954465420992,-90.96910678416636
209.83613475418565,1271.9955186127122,-90.9412767044911
209.82792093988587,1271.4955863913365,-90.9412767044911
209.8197071255861,1270.9956541699607,-90.9412767044911
209.8114933112863,1270.495721948585,-90.94668500894143
209.80323230241606,1269.9957902236508,-90.94668500894143
209.7949712935458,1269.4958584987166,-90.84607332311569
209.78758817928974,1268.9959130130264,-90.84607332311569
209.78020506503367,1268.4959675273362,-90.84607332311569
209.7728219507776,1267.996022041646,-90.81054560857584
209.76574884347872,1267.4960721844902,-90.81054560857584
209.75867573617984,1266.9961223273344,-90.81054560857584
209.75160262888096,1266.4961724701786,-90.81054560857584
209.74452952158208,1265.9962226130228,-90.81054560857584
209.7374564142832,1265.496272755867,-90.80459209595098
209.7304352544893,1264.996322058112,-90.80459209595098
209.72341409469539,1264.4963713603568,-90.80459209595098
209.71639293490148,1263.9964206626016,-90.80459209595098
209.70937177510757,1263.4964699648465,-90.80459209595098
209.70235061531366,1262.9965192670913,-90.81517692724213
209.69523709887176,1262.4965701702781,-90.81517692724213
209.68812358242985,1261.996621073465,-90.81517692724213
209.68101006598795,1261.4966719766517,-90.81517692724213
209.67389654954604,1260.9967228798384,-90.81517692724213
209.66678303310414,1260.4967737830252,-90.81058333119985
209.65970959510764,1259.9968238217757,-90.81058333119985
209.65263615711115,1259.4968738605262,-90.81058333119985
209.64556271911465,1258.9969238992767,-90.81058333119985
209.63848928111815,1258.4969739380272,-90.81058333119985
209.63141584312166,1257.9970239767777,-90.82292812304155
209.62423468740155,1257.497075548491,-90.82292812304155
209.61705353168145,1256.9971271202044,-90.82292812304155
209.60987237596134,1256.4971786919177,-90.82292812304155
209.60269122024124,1255.997230263631,-90.49933487045354
209.59833375662163,1255.4972492514835,-90.39676061184535
209.59487139618523,1254.9972614419462,-90.39676061184535
209.59140903574882,1254.497273632409,-90.39676061184535
209.58794667531242,1253.9972858228716,-90.39676061184535
209.58448431487602,1253.4972980133343,-90.40531776511395
209.58094728164633,1252.9973108108316,-90.40531776511395
209.57741024841664,1252.4973236083288,-90.40531776511395
209.57387321518695,1251.997336405826,-90.40531776511395
209.57033618195726,1251.4973492033232,-90.41221050156956
209.56673899800296,1250.9973621773827,-90.41221050156956
209.56314181404866,1250.4973751514422,-90.41221050156956
209.55954463009436,1249.9973881255016,-90.41221050156956
209.55594744614007,1249.497401099561,-90.41221050156956
209.55235026218577,1248.9974140736206,-90.3998375061787
209.5488610522591,1248.497426568027,-90.3998375061787
209.54537184233243,1247.9974390624336,-90.3998375061787
209.54188263240576,1247.4974515568401,-90.3998375061787
209.5383934224791,1246.9974640512467,-90.3998375061787
209.53490421255242,1246.4974765456532,-90.4017735989947
209.53139810522543,1245.9974888406148,-90.4017735989947
209.52789199789845,1245.4975011355764,-90.4017735989947
209.52438589057147,1244.997513430538,-90.40169488699873
209.52088047064217,1244.497525795256,-90.40169488699873
209.51737505071287,1243.997538159974,-90.40169488699873
209.51386963078357,1243.497550524692,-90.40849952678016
209.51030483115971,1242.9975633788752,-90.40849952678016
209.50674003153586,1242.4975762330582,-90.14323392072204
209.50549008182168,1241.9975780924312,-90.14323392072204
209.5042401321075,1241.4975799518043,-90.14323392072204
209.50299018239332,1240.9975818111773,-90.14909031036986
209.50168912549736,1240.4975835174514,-90.14909031036986
209.5003880686014,1239.9975852237255,-90.14909031036986
209.49908701170546,1239.4975869299997,-90.12107509111902
209.4980304331125,1238.9975880992542,-90.12107509111902
209.49697385451952,1238.4975892685088,-90.12107509111902
209.49591727592656,1237.9975904377634,-90.13609109174992
209.49472965823054,1237.4975918499306,-90.13609109174992
209.49354204053452,1236.9975932620978,-90.13609109174992
209.4923544228385,1236.497594674265,-90.13609109174992
209.49116680514248,1235.9975960864322,-90.13609109174992
209.48997918744647,1235.4975974985994,-90.13939167331957
209.48876276682176,1234.9975989782806,-90.13939167331957
209.48754634619706,1234.4976004579619,-90.13939167331957
209.48632992557236,1233.9976019376431,-90.13939167331957
209.48511350494766,1233.4976034173244,-90.13901145397378
209.4839004023529,1232.9976048889446,-90.13901145397378
209.48268729975814,1232.4976063605648,-90.13901145397378
209.48147419716338,1231.997607832185,-90.13901145397378
209.48026109456862,1231.4976093038051,-90.13900035652514
209.47904808881708,1230.9976107751902,-90.13900035652514
209.47783508306554,1230.4976122465753,-90.13900035652514
209.476622077314,1229.9976137179603,-90.13900035652514
209.47540907156247,1229.4976151893454,-90.00873238291811
209.4753328671635,1228.9976153097957,-90.00873238291811
209.47525666276454,1228.497615430246,-90.00873238291811
209.47518045836557,1227.9976155506963,-90.00873238291811
209.4751042539666,1227.4976156711466,-90.00873238291811
209.47502804956764,1226.997615791597,-90.00201453303677
209.47501046946252,1226.4976161350348,-90.00201453303677
209.4749928893574,1225.9976164784728,-90.00201453303677
209.47497530925227,1225.4976168219107,-90.00047701004786
209.47497114656096,1224.9976176192922,-90.00047701004786
209.47496698386965,1224.4976184166737,-90.00047701004786
209.47496282117834,1223.9976192140552,-90.00007549460605
209.47496216236414,1223.4976196088155,-90.00007549460605
209.47496150354993,1222.9976200035758,-90.00007549460605
209.47496084473573,1222.497620398336,-90.00007549460605
209.47496018592153,1221.9976207930963,-90.00007549460605
209.47495952710733,1221.4976211878566,-90.00007549460605
209.47495886829313,1220.9976215826168,-90.00000237514435
209.47495884756609,1220.4976216134937,-90.00000237514435
209.47495882683904,1219.9976216443706,-90.00000237514435
209.474958806112,1219.4976216752475,-90.00000237514435
209.47495878538496,1218.9976217061244,-90.00000237514435
209.4749587646579,1218.4976217370013,-90.00000004717279
209.47495876424625,1217.9976219176667,-90.00000004717279
209.4749587638346,1217.4976220983322,-90.00000004717279
209.47495876342293,1216.9976222789976,-90.00000004717279
209.47495876301127,1216.497622459663,-90.0000000041167
209.47495876297535,1215.9976226444212,-90.0000000041167
209.47495876293942,1215.4976228291794,-90.0000000041167
209.4749587629035,1214.9976230139375,-90.0000000041167
209.47495876286757,1214.4976231986957,-90.0000000041167
209.47495876283165,1213.9976233834539,-90.00000005853279
209.47495876232085,1213.4976234046385,-90.00000001644077
209.47495876217738,1212.997623453046,-90.00000001644077
209.4749587620339,1212.4976235014533,-90.00000001644077
209.47495876189043,1211.9976235498607,-90.00000001644077
209.47495876174696,1211.497623598268,-90.0000000020844
209.47495876172877,1210.9976236479517,-90.0000000020844
209.47495876171058,1210.4976236976354,-90.0000000020844
209.4749587616924,1209.997623747319,-90.0000000020844
209.4749587616742,1209.4976237970027,-90.0000000020844
209.474958761656,1208.9976238466863,-89.99999997165203
209.4749587619034,1208.4976242287773,-89.99999997165203
209.47495876215078,1207.9976246108683,-89.99999997165203
209.47495876239816,1207.4976249929593,-90.00000000932774
209.47495876231676,1206.9976253960326,-90.00000000932774
209.47495876223536,1206.497625799106,-90.00000000932774
209.47495876215396,1205.9976262021792,-89.99999999627411
209.47495876218647,1205.4976266947788,-89.99999999627411
209.474958762219,1204.9976271873784,-89.99999999627411
209.4749587622515,1204.497627679978,-89.99999999627411
209.47495876228402,1203.9976281725776,-89.99999999627411
209.47495876231653,1203.4976286651772,-89.99999999627411
209.47495876234905,1202.9976291577768,-89.99999999326475
209.47495876240782,1202.49762920271,-89.99999999326475
209.4749587624666,1201.997629247643,-89.99999999326475
209.47495876252538,1201.4976292925762,-89.99999999326475
209.47495876258415,1200.9976293375094,-90.00000001448664
209.47495876245773,1200.4976295306874,-90.00000001448664
209.4749587623313,1199.9976297238654,-89.77969220113427
209.47688130486824,1199.497633668337,-89.77969220113427
209.47880384740517,1198.9976376128084,-89.77969220113427
209.4807263899421,1198.4976415572798,-89.77969220113427
209.48264893247904,1197.9976455017513,-89.71985924033783
209.48509361152014,1197.4976515868495,-89.71985924033783
209.48753829056125,1196.9976576719478,-89.71985924033783
209.48998296960235,1196.497663757046,-89.71985924033783
209.49242764864346,1195.9976698421442,-89.71985924033783
209.49487232768456,1195.4976759272424,-89.71070414123093
209.4973968972064,1194.997682771149,-89.71070414123093
209.4999214667282,1194.4976896150554,-89.71070414123093
209.50244603625003,1193.9976964589619,-89.71070414123093
209.50497060577186,1193.4977033028683,-89.71865379030787
209.5074258040196,1192.997709480404,-89.71865379030787
209.50988100226732,1192.4977156579396,-89.71865379030787
209.51233620051505,1191.9977218354752,-89.71865379030787
209.51479139876278,1191.4977280130108,-89.71945926318016
209.5172395676292,1190.9977342359546,-89.71945926318016
209.5196877364956,1190.4977404588983,-89.71945926318016
209.522135905362,1189.997746681842,-89.71945926318016
209.52458407422841,1189.4977529047858,-89.7375733838198
209.5268741621818,1188.9977599588976,-89.7375733838198
209.52916425013518,1188.4977670130095,-89.7375733838198
209.53145433808857,1187.9977740671213,-89.7375733838198
209.53374442604195,1187.4977811212332,-89.7375733838198
209.53603451399533,1186.997788175345,-89.7883131530875
209.53788181985647,1186.4977932570955,-89.7883131530875
209.5397291257176,1185.997798338846,-89.7883131530875
209.54157643157873,1185.4978034205965,-89.7883131530875
209.54342373743987,1184.997808502347,-89.78804427242181
209.54527339369497,1184.4978125138282,-89.78804427242181
209.54712304995007,1183.9978165253094,-89.78804427242181
209.54897270620518,1183.4978205367906,-89.78804427242181
209.55082236246028,1182.9978245482719,-89.78804427242181
209.55267201871538,1182.497828559753,-89.80674836855427
209.5543584522809,1181.997831956381,-89.80674836855427
209.5560448858464,1181.4978353530091,-89.80674836855427
209.55773131941191,1180.9978387496371,-89.80674836855427
209.55941775297742,1180.4978421462652,-89.80674836855427
209.56110418654293,1179.9978455428932,-89.80674836855427
209.56279062010844,1179.4978489395212,-89.77822762254239
209.56472593721935,1178.9978545309164,-89.77822762254239
209.56666125433026,1178.4978601223115,-89.79391328148432
209.56845969591245,1177.9978634766057,-89.79391328148432
209.57025813749465,1177.4978668309,-89.79391328148432
209.57205657907684,1176.9978701851942,-89.79391328148432
209.57385502065904,1176.4978735394884,-89.79391328148432
209.57565346224123,1175.9978768937826,-89.79437828711052
209.57744784577517,1175.4978802713422,-89.79437828711052
209.5792422293091,1174.9978836489017,-89.79437828711052
209.58103661284304,1174.4978870264613,-89.79437828711052
209.58283099637697,1173.9978904040208,-89.79437828711052
209.5846253799109,1173.4978937815804,-90.2301968683861
209.58261654234195,1172.9978987297955,-90.2301968683861
209.580607704773,1172.4979036780105,-90.2301968683861
209.57859886720405,1171.9979086262256,-90.2301968683861
209.5765900296351,1171.4979135744406,-90.2301968683861
209.57458119206615,1170.9979185226557,-90.22525350750213
209.57261549322857,1170.4979233475128,-90.22525350750213
209.570649794391,1169.99792817237,-90.22525350750213
209.5686840955534,1169.497932997227,-90.22525350750213
209.56671839671583,1168.9979378220842,-90.22525350750213
209.56475269787825,1168.4979426469413,-90.22525350748177
209.56395876471652,1168.2959978003055,89.72267100301775
210.29095875815256,1318.4919978035614,-90.17704318228446
210.28941376750174,1317.9920002278193,-90.17704318228446
210.28786877685093,1317.4920026520772,-90.17704318228446
210.28632378620011,1316.992005076335,-90.17704318228446
210.2847787955493,1316.492007500593,-90.17704318228446
210.2832338048985,1315.992009924851,-90.1943585741434
210.2815377096273,1315.4920128016306,-90.1943585741434
210.2798416143561,1314.9920156784103,-90.1943585741434
210.2781455190849,1314.49201855519,-90.1943585741434
210.2764494238137,1313.9920214319698,-90.1943585741434
210.2747533285425,1313.4920243087495,-90.1943585741434
210.2730572332713,1312.9920271855292,-90.19376151948434
210.2713663482549,1312.4920300446295,-90.19376151948434
210.2696754632385,1311.9920329037298,-90.19376151948434
210.26798457822213,1311.49203576283,-90.19376151948434
210.26629369320574,1310.9920386219303,-90.18923666070253
210.26464229481076,1310.4920413490545,-90.18923666070253
210.26299089641577,1309.9920440761787,-90.18923666070253
210.2613394980208,1309.4920468033029,-90.11110245996458
210.26036994676167,1308.9920477433334,-90.11245273610746
210.2593886122072,1308.4920487392046,-90.11245273610746
210.25840727765274,1307.9920497350759,-90.11245273610746
210.25742594309827,1307.492050730947,-90.11245273610746
210.2564446085438,1306.9920517268183,-90.11245273610746
210.25546327398933,1306.4920527226896,-90.10898794252796
210.2545121753426,1305.992053627666,-90.10898794252796
210.25356107669586,1305.4920545326427,-90.10898794252796
210.25260997804912,1304.9920554376192,-90.10898794252796
210.25165887940238,1304.4920563425958,-90.10937865968346
210.25070437111071,1303.9920572536914,-90.10937865968346
210.24974986281904,1303.492058164787,-90.10937865968346
210.24879535452737,1302.9920590758827,-90.10937865968346
210.2478408462357,1302.4920599869783,-90.11137190407467
210.24686894369108,1301.9920609590981,-90.11137190407467
210.24589704114646,1301.492061931218,-90.11137190407467
210.24492513860184,1300.9920629033377,-90.11137190407467
210.24395323605722,1300.4920638754575,-90.11137190407467
210.2429813335126,1299.9920648475772,-90.11137190407467
210.24200943096798,1299.492065819697,-90.05609995547961
210.24151986657955,1298.9920660593866,-90.05609995547961
210.24103030219112,1298.4920662990762,-90.1063469663368
210.24010225036795,1297.9920671603572,-90.1063469663368
210.2391741985448,1297.4920680216383,-90.12658156564552
210.23806956750423,1296.992069516724,-90.12658156564552
210.23696493646366,1296.49207101181,-90.12658156564552
210.2358603054231,1295.9920725068957,-90.10156035051035
210.23497402517296,1295.4920735962928,-90.10156035051035
210.23408774492282,1294.9920746856899,-90.10156035051035
210.23320146467267,1294.492075775087,-90.10156035051035
210.23231518442253,1293.992076864484,-90.11056857475924
210.23135029219793,1293.4920778037429,-90.11056857475924
210.23038539997333,1292.9920787430017,-90.09204157294657
210.2295821860713,1292.4920793886654,-90.67579744400415
210.22368487757637,1291.9921141682664,-90.67579744401188
210.22095875890227,1291.7609977996908,81.53340733494292
214.1989587652497,1318.4849978019483,-89.82336617228945
214.20050018362576,1317.9850002150085,-89.82336617228945
214.20204160200183,1317.4850026280687,-89.82336617228945
214.2035830203779,1316.985005041129,-89.82336617228945
214.20512443875396,1316.4850074541891,-89.82336617228945
214.20666585713002,1315.9850098672493,-89.84191141511418
214.20804543853626,1315.4850117709825,-90.00169025825919
214.20803068825035,1314.9850117712062,-90.00169025825919
214.20801593796443,1314.48501177143,-90.00169025825919
214.20800118767852,1313.9850117716537,-90.00169025825919
214.2079864373926,1313.4850117718775,-90.00169025825919
214.2079716871067,1312.9850117721012,-90.04573008768809
214.20757261685037,1312.4850119313585,-90.04573008768809
214.20717354659405,1311.9850120906158,-90.04573008768809
214.20677447633773,1311.485012249873,-90.04573008768809
214.2063754060814,1310.9850124091304,-90.04573008768809
214.20597633582508,1310.4850125683877,-89.53774665697382
214.21001021347092,1309.9850288408213,-89.53774665697382
214.21404409111676,1309.485045113255,-89.53774665697382
214.2180779687626,1308.9850613856886,-89.53243191296572
214.22215822434805,1308.4850780864672,-89.53243191296572
214.2262384799335,1307.9850947872458,-89.53243191296572
214.23031873551895,1307.4851114880244,-89.53243191296572
214.2343989911044,1306.985128188803,-90.03000544995213
214.23413714418928,1306.485128296534,-90.03000544995213
214.23387529727415,1305.985128404265,-90.03000544995213
214.23361345035903,1305.485128511996,-90.03000544995213
214.2333516034439,1304.985128619727,-90.03000544995213
214.23308975652878,1304.485128727458,-90.06386050304644
214.2325324686667,1303.985129076254,-90.06386050304644
214.23197518080462,1303.48512942505,-90.06386050304644
214.23141789294255,1302.985129773846,-90.06386050304644
214.23086060508047,1302.485130122642,-90.06386050304644
214.2303033172184,1301.985130471438,-89.86919094625675
214.23144484056434,1301.4851317753937,-89.86919094625675
214.2325863639103,1300.9851330793495,-89.86919094625675
214.23372788725624,1300.4851343833052,-89.86919094625675
214.2348694106022,1299.985135687261,-89.83508199565188
214.2363085894698,1299.4851378387507,-89.83508199565188
214.23774776833739,1298.9851399902404,-89.83508199565188
214.23918694720498,1298.4851421417302,-89.84793332316761
214.2405139777361,1297.9851439056004,-89.84793332316761
214.24184100826722,1297.4851456694705,-90.0229231118096
214.24164096646314,1296.98514590576,-90.0229231118096
214.24144092465906,1296.4851461420494,-90.0229231118096
214.24124088285498,1295.9851463783389,-90.0229231118096
214.2410408410509,1295.4851466146283,-90.08873194666342
214.24026650918677,1294.985147302574,-90.08873194666342
214.23949217732263,1294.4851479905196,-90.08873194666342
214.2387178454585,1293.9851486784653,-90.08820883584777
214.2379480790837,1293.485149679299,-90.08820883584777
214.23717831270892,1292.9851506801326,-90.08820883584777
214.23640854633413,1292.4851516809663,-89.95819788198551
214.23677333799253,1291.9851526447433,-89.95819788197251
214.236958765483,1291.730997802224,-89.87438884565864
214.59895877353847,1126.609997802414,-89.92917709350739
214.59957681983315,1126.1099981843954,-89.92917709350739
214.60019486612782,1125.6099985663768,-89.92917709350739
214.6008129124225,1125.1099989483582,-89.72622002277532
214.60320203738274,1124.610014484542,-89.72622002277532
214.605591162343,1124.1100300207258,-89.72622002277532
214.60798028730323,1123.6100455569097,-89.7656422114201
214.6100254387004,1123.1100498420658,-89.7656422114201
214.61207059009757,1122.610054127222,-89.7656422114201
214.61411574149474,1122.110058412378,-89.7656422114201
214.6161608928919,1121.6100626975342,-89.74490813312295
214.6183869771745,1121.110068742185,-89.74490813312295
214.6206130614571,1120.6100747868356,-89.74490813312295
214.6228391457397,1120.1100808314864,-90.62110367839811
214.61741910184628,1119.6101103977667,-90.62110367839811
214.61199905795286,1119.110139964047,-90.62110367839811
214.60657901405943,1118.6101695303273,-90.62110367839811
214.601158970166,1118.1101990966076,-90.81877008969035
214.5940140964601,1117.6102501521134,-90.81877008969035
214.58686922275422,1117.1103012076192,-90.81877008969035
214.57972434904832,1116.610352263125,-90.81877008969035
214.57257947534242,1116.1104033186307,-91.00308635586933
214.56382637318995,1115.6104816830737,-91.00308635586933
214.5550732710375,1115.1105600475166,-91.00308635586933
214.54632016888502,1114.6106384119596,-92.15716208867842
214.52749983333842,1114.1109929529289,-92.15716208867842
214.50867949779183,1113.6113474938982,-92.15716208867842
214.48985916224524,1113.1117020348674,-92.15716208867842
214.47103882669865,1112.6120565758367,-91.86873847067366
214.45473392239626,1112.112323236365,-91.86873847067366
214.43842901809387,1111.6125898968933,-91.86873847067366
214.42212411379148,1111.1128565574215,-93.79445919874044
214.389035447948,1110.6139531924464,-93.79445919874044
214.35594678210452,1110.1150498274712,-93.79445919874044
214.32285811626105,1109.616146462496,-93.79445919874044
214.28976945041757,1109.117243097521,-92.92831802756226
214.2642261837567,1108.617896084424,-92.92831802756226
214.23868291709584,1108.1185490713272,-92.92831802756226
214.21313965043498,1107.6192020582303,-92.92831802756226
214.18759638377412,1107.1198550451334,-92.77640413633891
214.16337718227646,1106.6204422571823,-92.77640413633891
214.1391579807788,1106.1210294692312,-92.77640413633891
214.11493877928115,1105.62161668128,-95.37452789603063
214.06810592803652,1105.1238148424338,-95.37452789603063
214.02127307679189,1104.6260130035876,-95.37452789603063
213.97444022554726,1104.1282111647413,-95.37452789603063
213.92760737430262,1103.630409325895,-94.50562167026047
213.8883289806157,1103.131955285691,-94.50562167026047
213.8490505869288,1102.633501245487,-94.50562167026047
213.80977219324188,1102.135047205283,-94.50562167026047
213.77049379955497,1101.636593165079,-97.59087693595185
213.70444452167408,1101.1409748869717,-97.59087693595185
213.63839524379318,1100.6453566088644,-97.59087693595185
213.5723459659123,1100.1497383307571,-97.59087693595185
213.5062966880314,1099.65412005265,-99.52771094296301
213.4235344149938,1099.1610173849942,-99.52771094296301
213.34077214195622,1098.6679147173386,-100.69997481174362
213.24793906950572,1098.1766083801608,-100.69997481174362
213.15510599705522,1097.685302042983,-98.21994730484512
213.08361928322404,1097.190439076719,-98.21994730484512
213.01213256939286,1096.695576110455,-98.21994730484512
212.94064585556168,1096.200713144191,-97.99936491927316
212.87106480903947,1095.7055784507136,-97.99936491927316
212.80148376251725,1095.2104437572361,-97.99936491927316
212.73190271599503,1094.7153090637587,-97.99936491927316
212.66232166947282,1094.2201743702813,-100.65800882834301
212.56984850564993,1093.7288003244046,-100.65800882834301
212.47737534182704,1093.237426278528,-102.7025200572756
212.36743085673197,1092.7496641549653,-103.43100703199627
212.2512937136554,1092.2633390478447,-103.43100703199627
212.13515657057883,1091.7770139407241,-100.6152373942951
212.04305042304838,1091.2855719537013,-100.6152373942951
211.95094427551794,1090.7941299666784,-100.6152373942951
211.8588381279875,1090.3026879796555,-100.6152373942951
211.76673198045705,1089.8112459926326,-103.21010711295241
211.65247068219173,1089.3244767144702,-103.21010711295241
211.53820938392641,1088.8377074363077,-105.03001558066546
211.40854702407285,1088.3548129607443,-105.21878042141483
211.27729429105318,1087.8723477313238,-104.89216464160802
211.1487944793056,1087.389144018265,-104.89216464160802
211.020294667558,1086.905940305206,-104.8666984253244
210.8920091954178,1086.4226778594525,-104.8666984253244
210.76372372327762,1085.939415413699,-104.8666984253244
210.63543825113743,1085.4561529679454,-104.8666984253244
210.50715277899724,1084.9728905221918,-104.83472659144545
210.37913693191206,1084.4895563325256,-104.83472659144545
210.25112108482688,1084.0062221428593,-104.83472659144545
210.1231052377417,1083.522887953193,-104.83472659144545
209.99508939065652,1083.0395537635268,-104.86055774848381
209.86685822666072,1082.556287045123,-104.86055774848381
209.73862706266493,1082.0730203267194,-104.8637247562922
209.61036873585294,1081.589758999256,-106.51623019980637
209.46822681971014,1081.1103946155158,-106.51623019980637
209.32608490356733,1080.6310302317756,-107.96970328671702
209.17182805940888,1080.155420903262,-108.06158664508355
209.01680852903246,1079.6800590542666,-108.06158664508355
208.86178899865604,1079.2046972052713,-108.06158664508355
208.70676946827962,1078.729335356276,-108.06158664508355
208.5517499379032,1078.2539735072805,-108.06158664508355
208.39673040752677,1077.7786116582852,-108.03038867138373
208.24197099614923,1077.3031693352536,-108.03038867138373
208.0872115847717,1076.827727012222,-108.03038867138373
207.93245217339415,1076.3522846891906,-108.07006594198516
207.77736442775904,1075.8769523233407,-108.07006594198516
207.62227668212392,1075.4016199574908,-108.07006594198516
207.4671889364888,1074.9262875916409,-110.73098559814599
207.29019863586313,1074.4586613295069,-110.73098559814599
207.11320833523746,1073.9910350673729,-110.73098559814599
206.93621803461178,1073.523408805239,-111.18798007373199
206.75550402225076,1073.057210205216,-111.18798007373199
206.57479000988974,1072.5910116051932,-111.18798007373199
206.39407599752872,1072.1248130051704,-111.23086848332453
206.2130131470184,1071.658750017486,-111.23086848332453
206.03195029650806,1071.1926870298016,-111.23086848332453
205.85088744599773,1070.7266240421172,-111.28795874409833
205.66935998238057,1070.26074089883,-111.28795874409833
205.4878325187634,1069.7948577555426,-111.24653540128148
205.3066418563302,1069.3288433208384,-111.25990010487588
205.12534338258058,1068.8628734386007,-111.25990010487588
204.94404490883096,1068.396903556363,-110.80811914960434
204.91595876141218,1068.3229978014715,86.5240293001468
209.65295876556775,1146.3089978010394,-89.82424662793355
209.654492435762,1145.8090213132382,-89.81333507171591
209.65612135026288,1145.3090366790389,-89.80192872356342
209.6578497900639,1144.8090554954163,-89.80192872356342
209.6595782298649,1144.3090743117937,-89.79374470524812
209.66137809472116,1143.8090909556165,-89.74830363127423
209.6635744889744,1143.3091103162953,-89.80233555356023
209.6652993805418,1142.8091285713297,-89.79523649636263
209.66708622670205,1142.309145391019,-89.81695571613052
209.66868354097346,1141.8091622557054,-89.58029018513815
209.6723460286014,1141.3091946049462,-89.58029018513815
209.67600851622933,1140.8092269541871,-89.44335737005649
209.68086590997223,1140.3092663156328,-89.42298003585323
209.6859011288916,1139.8093060760202,-89.70471106917257
209.68847791035284,1139.3093300190683,-89.83467432713796
209.6899205934876,1138.8093506513248,-89.83467432713796
209.69136327662238,1138.3093712835814,-89.3679411553745
209.69687866693403,1137.8094245286125,-89.3679411553745
209.70239405724567,1137.3094777736435,-89.32972958613949
209.7082429093391,1136.8095314150996,-89.32972958613949
209.71409176143254,1136.3095850565558,-89.31665630869426
209.72005463753135,1135.8096441932146,-89.48169115892372
209.7245775102151,1135.3096827288389,-89.79096311985303
209.72640161211677,1134.8097093433855,-89.77274601662621
209.72838470057184,1134.3097312952107,-89.89485405050844
209.72930221846286,1133.809761072643,-89.87238990557263
209.7304157796326,1133.3097829945348,-89.87238990557263
209.73152934080235,1132.8098049164266,-89.84286027805261
209.7329005748967,1132.309831209154,-88.80000648823722
209.74337123714167,1131.8099643106807,-88.36038185691096
209.75767687237726,1131.310196257439,-90.52443471961301
209.75310068600618,1130.8102506335827,-89.53848797045679
209.75712790973694,1130.3102898138839,-89.03870242025933
209.7655160141412,1129.8103843798028,-90.69475850340746
209.75945358157685,1129.3104483973125,-90.69475850340746
209.7533911490125,1128.8105124148221,-90.73754310297579
209.7469555488998,1128.3105926722185,-90.73754310297579
209.7405199487871,1127.8106729296148,-90.73754310297579
209.7340843486744,1127.3107531870112,-90.77097829682585
209.72735668125665,1126.8108121572698,-90.71785350465603
209.72195876570186,1126.3799977996387,90.21597219066396
209.56395876471652,1168.2959978003055,-90.29269629958343
209.5614045208389,1167.7960047318272,-90.24168499168523
209.55929546457685,1167.2960179307563,-90.24168499168523
209.5571864083148,1166.7960311296854,-90.22039233400088
209.5552631298218,1166.2960355309895,-90.22039233400088
209.55333985132881,1165.7960399322935,-90.26301846209599
209.5510445943346,1165.296046076898,-90.26301846209599
209.54874933734038,1164.7960522215024,-90.2251566703239
209.54678448176048,1164.2960565855103,-90.2251566703239
209.54481962618058,1163.7960609495183,-89.91491209864795
209.54556215762454,1163.296061702351,-89.88040066691958
209.5466058572665,1162.7960631139808,-88.40385133607448
209.56053306639024,1162.2962576238338,-88.28265838324663
209.57551745096066,1161.7964823508405,-88.46160007177252
209.58894089004536,1161.2966633121805,-89.64071410818872
209.59207621504777,1160.7966755878708,-89.5867983771275
209.5956820425879,1160.296689366649,-89.62168020179779
209.5989834804319,1159.7967004507607,-89.48184063936694
209.60350520564953,1159.2967216261604,-89.60050650866663
209.6069914154623,1158.7967338261265,-89.83392594690137
209.6084406829417,1158.2967359284357,-89.95671258739618
209.60881843642915,1157.79673661901,-89.94489846987018
209.60929928790392,1157.2967368636716,-89.94489846987018
209.6097801393787,1156.7967371083332,-89.85430140656518
209.61105159007218,1156.2967418794583,-89.83305498303375
209.6125084569436,1155.7967444052106,-89.82715794923536
209.61401678210086,1155.2967480032244,-89.82715794923536
209.61552510725812,1154.7967516012382,-89.81979041010598
209.61709772286963,1154.2967563442332,-89.91882630851534
209.61780609607138,1153.7967573065775,-89.99188381467738
209.61787692284759,1153.2967594424508,-89.99188381467738
209.6179477496238,1152.796761578324,-89.92942324399263
209.61856364716425,1152.2967625158992,-89.73597271530245
209.6208677036782,1151.7967695711252,-89.63423413694785
209.62405957806834,1151.296781831879,-89.63423413694785
209.6272514524585,1150.7967940926326,-89.70490060018521
209.6298266417666,1150.296806040407,-89.66464084145832
209.63275316850854,1149.7968175598623,-89.69776045935322
209.63539067913644,1149.2968273025315,-89.70263222510566
209.63798567604522,1148.7968368924248,-89.70263222510566
209.640580672954,1148.2968464823182,-89.59070564947304
209.6441523763823,1147.7968638882598,-89.62446154432655
209.64742952425058,1147.296877668384,-89.68425590863481
209.65018485877874,1146.7968922503335,-89.67425036387104
209.65295876556775,1146.3089978010394,77.35350131785138
214.60095877136337,1168.3609978030436,-87.76725963494009
214.62043813260198,1167.8613785009504,-87.77734081016837
214.63982954285075,1167.3617568825252,-87.77734081016837
214.65922095309952,1166.8621352641,-87.77734081016837
214.6786123633483,1166.3625136456749,-89.48952427762765
214.68306704279416,1165.8625337902063,-89.48952427762765
214.68752172224004,1165.3625539347377,-89.48952427762765
214.6919764016859,1164.862574079269,-89.48952427762765
214.69643108113178,1164.3625942238004,-89.48952427762765
214.70088576057765,1163.8626143683318,-89.48952427762765
214.70534044002352,1163.3626345128632,-86.18245091353069
214.73862959760288,1162.863752929016,-88.24880191032112
214.75390930415222,1162.363986468716,-88.71091961849159
214.76515769755144,1161.864113280569,-89.18356070554157
214.77228223152702,1161.3641641704523,-89.4251987684476
214.77729822785614,1160.8641899841064,-89.5640427865962
214.7811026350505,1160.364204521148,-89.5640427865962
214.78490704224487,1159.8642190581895,-89.83243628793656
214.78636930821654,1159.3642216016349,-89.83243628793656
214.7878315741882,1158.8642241450802,-89.83243628793656
214.78929384015987,1158.3642266885256,-89.83243628793656
214.79075610613154,1157.864229231971,-89.8568909817012
214.7920049665256,1157.3642308263395,-89.8568909817012
214.79325382691968,1156.864232420708,-89.80777142381439
214.79493132884556,1156.3642369374104,-89.86008405664569
214.79615232170443,1155.8642396040777,-89.63443680982006
214.79934244063872,1155.3642497917103,-89.63443680982006
214.80253255957302,1154.864259979343,-89.59968950661646
214.80602589632372,1154.3642725977115,-89.59968950661646
214.8095192330744,1153.8642852160801,-89.76691255399281
214.81155329880937,1153.3642894379366,-89.76691255399281
214.81358736454433,1152.864293659793,-89.88633557185538
214.81457927222095,1152.3642951122288,-89.90193811900095
214.8154350220169,1151.8642965067181,-89.90193811900095
214.81629077181287,1151.3642979012075,-89.88332120633797
214.81730898425565,1150.8642996312358,-89.88332120633797
214.81832719669842,1150.364301361264,-89.88332120633797
214.8193454091412,1149.8643030912924,-89.88332120633797
214.82036362158397,1149.3643048213207,-89.88332120633797
214.82138183402674,1148.864306551349,-89.86183383025514
214.82258755955354,1148.3643082510705,-89.86183383025514
214.82379328508034,1147.864309950792,-89.64861464748078
214.82685965107112,1147.3643243202325,-89.64861464748078
214.8299260170619,1146.864338689673,-89.56101573116345
214.83375666559118,1146.364376129613,-89.86890297223239
214.83490064484567,1145.8644024088774,-89.69051139004911
214.83760142150368,1145.3644111525243,-89.61018985527448
214.84100308081668,1144.8644300271812,-89.5470917914297
214.84495527599836,1144.3644625216875,-89.5470917914297
214.84890747118004,1143.8644950161938,-89.45853848048213
214.85363240276217,1143.364532287112,-89.9204682410137
214.85432642209605,1142.8645514781974,-89.91186809535226
214.85509551435848,1142.3645542738266,-89.91186809535226
214.8558646066209,1141.8645570694557,-89.91186809535226
214.85663369888334,1141.3645598650849,-89.91186809535226
214.85740279114577,1140.864562660714,-89.91186809535226
214.8581718834082,1140.3645654563431,-89.91186809535226
214.85894097567063,1139.8645682519723,-90.06015155957701
214.85841605470512,1139.3645688327708,-90.12563883224676
214.85731965758532,1138.8645735222085,-90.05672505092865
214.8568246503188,1138.3645859951955,-90.05672505092865
214.85632964305228,1137.8645984681825,-89.74027947853716
214.8585960469395,1137.3646206949213,-89.65599378310016
214.86159792983835,1136.8646496318474,-89.5385770355174
214.86562444672074,1136.3646800730648,-89.49456687888946
214.87003495925183,1135.864718380936,-89.49920228404089
214.87440518418566,1135.364737930372,-89.66314396320388
214.87734479063852,1134.8647465863407,-89.66314396320388
214.88028439709137,1134.3647552423095,-89.66314396320388
214.88322400354423,1133.8647638982782,-89.66314396320388
214.88616360999708,1133.3647725542469,-89.66314396320388
214.88910321644994,1132.8647812102156,-89.66314396320388
214.8920428229028,1132.3647898661843,-89.61299541720366
214.89541997078675,1131.8648128982468,-91.19223939362523
214.88501672787868,1131.3649335265236,-91.82758144593086
214.8690714056196,1130.8652076152234,-95.00812989426093
214.82542530022408,1130.3671443244127,-95.35454688805893
214.7787669009307,1129.869335236375,-93.35779059651578
214.74948145943642,1129.3701942789883,-93.35779059651578
214.72019601794216,1128.8710533216015,-93.22146744642374
214.69209847109198,1128.371847880707,-93.03319072356408
214.6656416528117,1127.8725559460263,-93.03319072356408
214.63918483453142,1127.3732640113456,-93.01684150893354
214.61287018119197,1126.873958705334,-93.01684150892146
214.59895877353847,1126.609997802414,-177.2999235629168
209.72195876570186,1126.3799977996387,-90.75774935253622
209.71534653264962,1125.8800554934203,-90.75774935253622
209.70873429959738,1125.380113187202,-90.75774935253622
209.70212206654514,1124.8801708809835,-90.73063675679684
209.69574646152853,1124.38022962429,-90.73063675679684
209.6893708565119,1123.8802883675964,-90.73063675679684
209.6829952514953,1123.380347110903,-90.74957696310318
209.6764541558539,1122.8803907217628,-90.74957696310318
209.66991306021248,1122.3804343326226,-90.74957696310318
209.66337196457107,1121.8804779434824,-90.74957696310318
209.65683086892966,1121.3805215543423,-90.75452210202745
209.6502466120687,1120.8805649320645,-90.75452210202745
209.64366235520777,1120.3806083097868,-90.75452210202745
209.63707809834682,1119.880651687509,-90.75243531913083
209.63051205211502,1119.3806949467087,-90.75243531913083
209.62394600588323,1118.8807382059083,-90.75243531913083
209.61737995965143,1118.380781465108,-90.75243531913083
209.61081391341963,1117.8808247243076,-90.75172604154147
209.60425405741387,1117.380867989637,-90.75172604154147
209.5976942014081,1116.8809112549663,-90.75172604154147
209.59113434540234,1116.3809545202957,-90.75172604154147
209.58457448939657,1115.8809977856251,-90.74188424496721
209.5781005101412,1115.381039793186,-90.74188424496721
209.57162653088585,1114.8810818007466,-90.74188424496721
209.5651525516305,1114.3811238083074,-90.74188424496721
209.55867857237513,1113.8811658158681,-90.74188424496721
209.55220459311977,1113.381207823429,-90.74770081300494
209.54567986743268,1112.8812511345961,-90.74770081300494
209.5391551417456,1112.3812944457634,-90.74770081300494
209.5326304160585,1111.8813377569306,-92.02243995024459
209.51498496741237,1111.3816493455997,-92.90602011924118
209.48963604177402,1110.8822925725926,-92.90602011924118
209.46428711613567,1110.3829357995855,-92.90602011924118
209.4389381904973,1109.8835790265784,-92.9488571657278
209.41321593290456,1109.3842414183914,-92.9488571657278
209.38749367531182,1108.8849038102044,-92.9488571657278
209.36177141771907,1108.3855662020173,-92.9488571657278
209.33604916012632,1107.8862285938303,-93.00252292867533
209.30985923071944,1107.3869156507158,-93.00252292867533
209.28366930131256,1106.8876027076012,-93.00252292867533
209.25747937190567,1106.3882897644867,-92.97808627928853
209.23150242529118,1105.8889661475632,-92.97808627928853
209.2055254786767,1105.3896425306398,-92.97808627928853
209.1795485320622,1104.8903189137163,-92.97808627928853
209.1535715854477,1104.3909952967929,-92.97318654384654
209.12763734745317,1103.8916696163637,-92.97318654384654
209.10170310945864,1103.3923439359346,-92.97318654384654
209.0757688714641,1102.8930182555055,-92.97318654384654
209.04983463346957,1102.3936925750763,-95.48676794158331
209.0020267276085,1101.895983726086,-95.48676794158331
208.95421882174742,1101.3982748770954,-95.48676794158331
208.90641091588634,1100.900566028105,-95.48676794158331
208.85860301002526,1100.4028571791146,-95.48676794158331
208.81079510416419,1099.9051483301241,-95.92222418079139
208.75920599009908,1099.4078175279228,-95.92222418079139
208.70761687603397,1098.9104867257215,-95.92222418079139
208.65602776196886,1098.4131559235202,-95.92222418079139
208.60443864790375,1097.915825121319,-95.9774703175175
208.55237002361173,1097.4185443464137,-95.9774703175175
208.5003013993197,1096.9212635715085,-95.9774703175175
208.4482327750277,1096.4239827966032,-99.97956312912771
208.36158492491802,1095.9315513767735,-99.97956312912771
208.27493707480835,1095.4391199569438,-99.97956312912771
208.18828922469868,1094.9466885371141,-99.97956312912771
208.101641374589,1094.4542571172844,-99.97956312912771
208.01499352447934,1093.9618256974547,-99.97956312912771
207.92834567436967,1093.469394277625,-100.49369409985384
207.83728235242654,1092.9777585928887,-100.49369409985384
207.74621903048342,1092.4861229081523,-100.49369409985384
207.6551557085403,1091.994487223416,-100.49369409985384
207.56409238659717,1091.5028515386796,-100.50762588141748
207.4729093295981,1091.0112369658837,-100.50762588141748
207.38172627259905,1090.5196223930877,-100.50762588141748
207.2905432156,1090.0280078202918,-100.50762588141748
207.19936015860094,1089.5363932474959,-101.2052541450903
207.10219806601106,1089.045924882888,-102.83104831357339
206.9911596192053,1088.5584103060328,-102.83104831357339
206.88012117239953,1088.0708957291777,-102.83104831357339
206.76908272559376,1087.5833811523225,-102.94218665605604
206.65709884147213,1087.0960828764273,-102.94218665605604
206.5451149573505,1086.608784600532,-102.94218665605604
206.43313107322888,1086.1214863246369,-102.92189374884458
206.3213199028803,1085.6341489244196,-102.92189374884458
206.20950873253173,1085.1468115242023,-102.92189374884458
206.09769756218316,1084.659474123985,-102.92189374884458
205.98588639183458,1084.1721367237678,-102.92582548997744
205.87404192703002,1083.6848076390443,-102.92582548997744
205.76219746222546,1083.1974785543207,-102.92582548997744
205.6503529974209,1082.7101494695971,-106.28875347081548
205.51011385871368,1082.23021933302,-106.28875347081548
205.36987472000646,1081.7502891964427,-106.28875347081548
205.22963558129925,1081.2703590598655,-106.50251384708596
205.0876068812546,1080.7909554445112,-108.1466045210803
204.93188219145236,1080.3158242392255,-108.1466045210803
204.77615750165012,1079.84069303394,-108.1466045210803
204.62043281184788,1079.3655618286543,-108.1466045210803
204.46470812204564,1078.8904306233687,-108.1466045210803
204.3089834322434,1078.4152994180831,-108.27235357274769
204.15221630542987,1077.9405110530604,-108.27235357274769
203.99544917861635,1077.4657226880377,-108.27235357274769
203.83868205180283,1076.990934323015,-108.30128546231228
203.68167533342375,1076.5162255903883,-108.30128546231228
203.52466861504467,1076.0415168577617,-108.27453110302378
203.3678847693743,1075.5667384646401,-110.4488148481722
203.19320076501958,1075.0982494233522,-110.4488148481722
203.01851676066485,1074.6297603820642,-110.4488148481722
202.84383275631012,1074.1612713407762,-110.4488148481722
202.6691487519554,1073.6927822994883,-110.4488148481722
202.49446474760066,1073.2242932582003,-110.4488148481722
202.31978074324593,1072.7558042169123,-110.66212948149717
202.14335255675735,1072.2879656158511,-110.66212948149717
201.96692437026877,1071.82012701479,-110.66212948149717
201.7904961837802,1071.3522884137287,-110.68596074340995
201.61387350185544,1070.8845234455523,-110.66404423272746
201.4374307106258,1070.4166934710227,-110.71588063213184
201.26395875547314,1069.9579978003167,-24.11805716830117
204.91595876141218,1068.3229978014715,-119.15016655983023
204.67240875332277,1067.88632497244,-119.15016655983023
204.42885874523336,1067.4496521434085,-119.15016655983023
204.18530873714394,1067.012979314377,-119.15016655983023
203.94175872905453,1066.5763064853454,-119.15016655983023
203.6982087209651,1066.139633656314,-119.15016655983023
203.4546587128757,1065.7029608272824,-119.15016655983023
203.21110870478628,1065.2662879982508,-119.15016655983023
202.96755869669687,1064.8296151692193,-119.12696182685968
202.72418548773805,1064.3928436076746,-119.12696182685968
202.48081227877924,1063.95607204613,-119.12696182685968
202.23743906982043,1063.5193004845853,-119.14497779141448
201.9939285858021,1063.0826055608463,-119.14497779141448
201.7504181017838,1062.6459106371074,-119.14497779141448
201.50690761776548,1062.2092157133684,-119.14497779141448
201.26339713374716,1061.7725207896294,-119.14497779141448
201.01988664972885,1061.3358258658905,-119.14497779141448
200.77637616571053,1060.8991309421515,-119.14497779141448
200.53286568169221,1060.4624360184125,-119.14497779141448
200.2893551976739,1060.0257410946735,-119.14497779141448
200.04584471365558,1059.5890461709346,-125.37607348982978
199.7563802982637,1059.1813697332575,-125.37607348982978
199.46691588287183,1058.7736932955804,-125.37607348982978
199.17745146747995,1058.3660168579033,-125.37607348982978
198.88798705208808,1057.9583404202262,-125.37607348982978
198.5985226366962,1057.5506639825492,-125.37607348982978
198.30905822130433,1057.142987544872,-125.37607348982978
198.01959380591245,1056.735311107195,-125.37607348982978
197.73012939052057,1056.327634669518,-125.37607348982978
197.4406649751287,1055.9199582318408,-125.37607348982978
197.15120055973682,1055.5122817941638,-124.84874236932689
196.8654950721534,1055.1019507773847,-124.84874236932689
196.57978958457,1054.6916197606056,-124.84874236932689
196.29408409698658,1054.2812887438265,-124.84874236932689
196.00837860940317,1053.8709577270474,-124.84874236932689
195.72267312181975,1053.4606267102683,-124.84874236932689
195.43696763423634,1053.0502956934893,-126.59613979179987
195.13888292143167,1052.6488677873904,-126.59613979179987
194.840798208627,1052.2474398812915,-126.59613979179987
194.54271349582234,1051.8460119751926,-126.59613979179987
194.24462878301767,1051.4445840690937,-126.59613979179987
193.946544070213,1051.0431561629948,-126.59613979179987
193.64845935740834,1050.641728256896,-126.59613979179987
193.35037464460368,1050.240300350797,-126.59613979179987
193.052289931799,1049.8388724446982,-132.1879457622726
192.71651402876,1049.4684066181414,-132.1879457622726
192.380738125721,1049.0979407915847,-132.1879457622726
192.044962222682,1048.727474965028,-141.47933537213936
191.6538478764761,1048.4161381866281,-141.47933537213936
191.26273353027022,1048.1048014082282,-141.47933537213936
190.87161918406434,1047.7934646298283,-141.47933537213936
190.48050483785846,1047.4821278514285,-141.47933537213936
190.08939049165258,1047.1707910730286,-141.47933537213936
189.6982761454467,1046.8594542946287,-141.47933537213936
189.30716179924082,1046.5481175162288,-141.47933537213936
188.91604745303493,1046.236780737829,-141.47933537216142
188.74295873875963,1046.0989978024736,86.72517700391907
206.6399587506312,1358.8809978016652,-89.80511710415853
206.6416594214461,1358.3810006939548,-89.84961460289279
206.64297178010247,1357.881002416243,-89.84961460289279
206.64428413875885,1357.3810041385314,-89.84961460289279
206.64559649741523,1356.8810058608196,-89.84961460289279
206.6469088560716,1356.381007583108,-89.82566839276143
206.64843018385102,1355.8810099440677,-89.82566839276143
206.64995151163043,1355.3810123050275,-89.82566839276143
206.65147283940985,1354.8810146659873,-89.82566839276143
206.65299416718926,1354.3810170269471,-89.84740443419766
206.65432581313678,1353.881018800915,-89.84740443419766
206.6556574590843,1353.3810205748828,-89.84740443419766
206.6569891050318,1352.8810223488506,-89.84740443419766
206.65832075097933,1352.3810241228184,-89.84740443419766
206.65965239692684,1351.8810258967862,-88.82411732951871
206.66991318795135,1351.3811312282799,-88.82411732951871
206.68017397897586,1350.8812365597735,-88.82411732951871
206.69043477000037,1350.381341891267,-88.82411732951871
206.70069556102487,1349.8814472227607,-88.82411732951871
206.71095635204938,1349.3815525542543,-88.78931252033546
206.72152080720707,1348.8816641744725,-88.78931252033546
206.73208526236476,1348.3817757946906,-88.78931252033546
206.74264971752245,1347.8818874149088,-88.78931252033546
206.75321417268015,1347.381999035127,-88.78931252033546
206.76377862783784,1346.882110655345,-88.80670662087
206.77419131844522,1346.3822193693418,-88.80670662087
206.7846040090526,1345.8823280833385,-88.80670662087
206.79501669965998,1345.3824367973352,-88.80670662087
206.80542939026736,1344.882545511332,-88.80670662087
206.81584208087475,1344.3826542253287,-88.78300857958112
206.82646153218354,1343.8827671881452,-89.14782022714047
206.8338979293917,1343.3828224936954,-89.14782022714047
206.84133432659985,1342.8828777992455,-89.14782022714047
206.848770723808,1342.3829331047957,-89.14782022714047
206.85620712101615,1341.882988410346,-89.17616676875788
206.86339617050214,1341.3830403721795,-89.17616676875788
206.87058521998813,1340.883092334013,-89.17616676875788
206.87777426947412,1340.3831442958467,-89.17616676875788
206.8849633189601,1339.8831962576803,-89.17616676875788
206.8921523684461,1339.383248219514,-89.19020115014688
206.899218961188,1338.8832981648466,-89.19020115014688
206.90628555392993,1338.3833481101792,-89.19020115014688
206.91335214667185,1337.8833980555119,-89.19020115014688
206.92041873941378,1337.3834480008445,-89.18052685265206
206.9275697303823,1336.8835003637523,-89.18052685265206
206.9347207213508,1336.3835527266601,-89.18052685265206
206.9418717123193,1335.883605089568,-89.18052685265206
206.94902270328782,1335.3836574524757,-89.18052685265206
206.95617369425634,1334.8837098153836,-89.17831570356502
206.96334399567513,1334.3837612999555,-89.54369901039269
206.96732593089553,1333.8837771574692,-89.54369901039269
206.97130786611592,1333.383793014983,-89.54369901039269
206.97528980133632,1332.8838088724967,-89.54369901039269
206.9792717365567,1332.3838247300105,-89.59594739112194
206.9827977224304,1331.883838451601,-89.59594739112194
206.9863237083041,1331.3838521731914,-89.59594739112194
206.9898496941778,1330.8838658947818,-89.59594739112194
206.99337568005149,1330.3838796163723,-89.59594739112194
206.99690166592518,1329.8838933379627,-89.6342686170777
207.00009325245094,1329.3839035564536,-89.61037827584543
207.00349331687426,1328.883915166124,-89.61037827584543
207.00689338129757,1328.3839267757946,-89.61037827584543
207.0102934457209,1327.8839383854652,-89.60093039233746
207.01377595620352,1327.383950608101,-89.60093039233746
207.01725846668614,1326.883962830737,-89.60093039233746
207.02074097716877,1326.3839750533728,-89.60093039233746
207.0242234876514,1325.8839872760086,-89.60093039233746
207.02770599813402,1325.3839994986445,-89.61750699493791
207.0310438544219,1324.8840106507942,-89.61750699493791
207.0343817107098,1324.3840218029438,-89.66891887077742
207.03727092250494,1323.8840301547352,-88.77197715640558
207.04798661847803,1323.3841452048691,-88.77197715640558
207.05870231445112,1322.884260255003,-88.67131331497409
207.07029625049609,1322.38439484026,-88.67131331497409
207.08189018654105,1321.884529425517,-88.67131331497409
207.093484122586,1321.384664010774,-88.67131331497409
207.10507805863097,1320.884798596031,-88.67131331497409
207.11667199467593,1320.384933181288,-88.65479053127898
207.12841008333294,1319.885070985162,-88.65479053127898
207.14014817198995,1319.385208789036,-88.65479053127898
207.15188626064696,1318.8853465929099,-88.65479053130386
207.16095875384053,1318.4989978009835,85.7301475368646
210.17495875648456,1358.8679978018627,-89.36692321031565
210.1804832812703,1358.3680283231683,-89.41335677781801
210.18560261929008,1357.8680545718164,-89.41335677781801
210.19072195730985,1357.3680808204645,-89.41335677781801
210.19584129532961,1356.8681070691125,-89.41335677781801
210.20096063334938,1356.3681333177606,-89.42968143331146
210.20593751953845,1355.8681580889029,-89.42968143331146
210.21091440572752,1355.3681828600452,-89.42968143331146
210.2158912919166,1354.8682076311875,-89.42968143331146
210.22086817810566,1354.3682324023298,-89.42968143331146
210.22584506429473,1353.868257173472,-89.41209703069515
210.23097539427965,1353.3682836151013,-89.41209703069515
210.23610572426458,1352.8683100567305,-89.41209703069515
210.2412360542495,1352.3683364983597,-89.41209703069515
210.24636638423442,1351.8683629399889,-89.41209703069515
210.25149671421934,1351.368389381618,-89.43021218377612
210.2564689673486,1350.8684142693232,-89.43021218377612
210.26144122047788,1350.3684391570284,-89.43021218377612
210.26641347360714,1349.8684640447336,-89.43021218377612
210.2713857267364,1349.3684889324388,-89.43021218377612
210.27635797986568,1348.868513820144,-89.39871090808423
210.28160511695478,1348.3685417154743,-89.39871090808423
210.28685225404388,1347.8685696108046,-89.74613433538825
210.28906764181636,1347.368574706416,-89.74613433538825
210.29128302958884,1346.8685798020274,-89.74613433538825
210.29349841736132,1346.3685848976388,-89.8660712605679
210.29466716276318,1345.8685872334047,-89.8660712605679
210.29583590816503,1345.3685895691706,-89.8660712605679
210.2970046535669,1344.8685919049365,-89.8660712605679
210.29817339896874,1344.3685942407024,-89.8660712605679
210.2993421443706,1343.8685965764682,-89.8660712605679
210.30051088977245,1343.3685989122341,-89.88701249801561
210.30149689035807,1342.8686002581355,-89.88701249801561
210.30248289094368,1342.368601604037,-89.88701249801561
210.3034688915293,1341.8686029499383,-89.88701249801561
210.3044548921149,1341.3686042958398,-89.88701249801561
210.30544089270052,1340.8686056417412,-89.88040586511852
210.30648454613777,1340.368607456667,-89.88040586511852
210.30752819957502,1339.8686092715927,-89.88040586511852
210.30857185301227,1339.3686110865185,-89.88040586511852
210.30961550644952,1338.8686129014443,-89.88040586511852
210.31065915988677,1338.36861471637,-89.88040586511852
210.31170281332402,1337.8686165312959,-89.87701517430874
210.31277605551531,1337.3686186399236,-89.87701517430874
210.3138492977066,1336.8686207485514,-89.87701517430874
210.3149225398979,1336.3686228571792,-89.87701517430874
210.3159957820892,1335.868624965807,-89.87372508031638
210.31709773419198,1335.3686277957552,-89.87372508031638
210.31819968629475,1334.8686306257034,-89.87372508031638
210.31930163839752,1334.3686334556517,-89.87372508031638
210.3204035905003,1333.8686362856,-89.87372508031638
210.32150554260306,1333.3686391155481,-89.87434676531628
210.32260207016134,1332.8686416372075,-90.10295009917589
210.32170366363653,1332.3686436073442,-90.10295009917589
210.32080525711172,1331.868645577481,-90.10295009917589
210.3199068505869,1331.3686475476177,-90.10295009917589
210.3190084440621,1330.8686495177544,-90.12652790492868
210.31790428595332,1330.368653119774,-90.12652790492868
210.31680012784454,1329.8686567217937,-90.12652790492868
210.31569596973577,1329.3686603238134,-90.12652790492868
210.314591811627,1328.868663925833,-90.13618441756694
210.3134033797793,1328.3686654524363,-90.13618441756694
210.31221494793158,1327.8686669790395,-90.13618441756694
210.31102651608387,1327.3686685056427,-90.13618441756694
210.30983808423616,1326.868670032246,-90.13618441756694
210.30864965238845,1326.3686715588492,-90.11688238404484
210.30762966197005,1325.8686726451767,-90.11688238404484
210.30660967155166,1325.3686737315043,-90.11688238404484
210.30558968113326,1324.8686748178318,-90.11688238404484
210.30456969071486,1324.3686759041593,-90.11688238404484
210.30354970029646,1323.8686769904868,-90.13619764295667
210.30236115286186,1323.3686784441911,-90.13619764295667
210.30117260542727,1322.8686798978954,-90.13619764295667
210.29998405799267,1322.3686813515997,-90.13619764295667
210.29879551055808,1321.868682805304,-90.13619764295667
210.29760696312349,1321.3686842590082,-90.11583902059978
210.29659607794497,1320.8686854236855,-90.11583902059978
210.29558519276645,1320.3686865883628,-90.11583902059978
210.29457430758794,1319.8686877530401,-90.11583902059978
210.29356342240942,1319.3686889177175,-90.11583902059978
210.2925525372309,1318.8686900823948,-90.24241609108611
210.29095875815256,1318.4919978035614,84.58974494099735
214.11395876301685,1358.8579978020862,-89.65805313164611
214.11694279400695,1358.358006816419,-89.65805313164611
214.11992682499704,1357.8580158307518,-89.65805313164611
214.12291085598713,1357.3580248450846,-89.76685502242762
214.12494542356944,1356.8580291196145,-89.76685502242762
214.12697999115176,1356.3580333941443,-89.76685502242762
214.12901455873407,1355.8580376686741,-89.76685502242762
214.13104912631638,1355.358041943204,-89.76685502242762
214.1330836938987,1354.8580462177338,-89.76389517401013
214.1351440906759,1354.3580506299897,-89.76389517401013
214.13720448745312,1353.8580550422457,-89.76389517401013
214.13926488423033,1353.3580594545017,-89.76389517401013
214.14132528100754,1352.8580638667577,-89.76389517401013
214.14338567778475,1352.3580682790137,-89.76874643501606
214.14540373956868,1351.8580725485417,-89.76874643501606
214.1474218013526,1351.3580768180698,-89.76874643501606
214.14943986313654,1350.8580810875978,-89.76874643501606
214.15145792492046,1350.358085357126,-89.74190056295777
214.15371025947718,1349.8580904995947,-89.74190056295777
214.1559625940339,1349.3580956420635,-89.74190056295777
214.1582149285906,1348.8581007845323,-89.74190056295777
214.16046726314732,1348.3581059270011,-89.75146588109224
214.16263612472721,1347.8581108517913,-89.75146588109224
214.1648049863071,1347.3581157765814,-89.75146588109224
214.166973847887,1346.8581207013715,-89.75146588109224
214.16914270946688,1346.3581256261616,-89.94616581508629
214.16961250058512,1345.8581265930236,-89.94616581508629
214.17008229170335,1345.3581275598856,-89.94616581508629
214.1705520828216,1344.8581285267476,-89.94616581508629
214.17102187393982,1344.3581294936096,-89.94616581508629
214.17149166505806,1343.8581304604716,-89.95724483795694
214.17186477339578,1343.3581316752175,-89.95724483795694
214.1722378817335,1342.8581328899634,-89.95724483795694
214.17261099007123,1342.3581341047093,-89.95724483795694
214.17298409840896,1341.8581353194552,-89.95724483795694
214.1733572067467,1341.358136534201,-89.95724483795694
214.1737303150844,1340.858137748947,-89.96848163167813
214.1740053647179,1340.3581378312585,-89.96848163167813
214.17428041435141,1339.85813791357,-89.96848163167813
214.17455546398492,1339.3581379958816,-89.96848163167813
214.17483051361842,1338.8581380781932,-89.94355012275581
214.17532313142942,1338.3581385435807,-89.94355012275581
214.17581574924043,1337.8581390089682,-89.94355012275581
214.17630836705143,1337.3581394743558,-89.94355012275581
214.17680098486244,1336.8581399397433,-89.93299617454777
214.1773857019324,1336.3581415468248,-89.93299617454777
214.17797041900235,1335.8581431539062,-89.93299617454777
214.1785551360723,1335.3581447609877,-90.03945019483413
214.17821086997162,1334.8581474462874,-90.11854486237597
214.17717637220892,1334.358148796377,-90.11854486237597
214.17614187444622,1333.8581501464666,-90.11854486237597
214.1751073766835,1333.3581514965563,-90.11854486237597
214.1740728789208,1332.858152846646,-90.1041100121313
214.17316435142368,1332.3581554611735,-90.1041100121313
214.17225582392655,1331.858158075701,-90.1041100121313
214.17134729642942,1331.3581606902287,-90.1041100121313
214.17043876893229,1330.8581633047563,-89.78984035622493
214.17227275208995,1330.358167104269,-89.78984035622493
214.17410673524762,1329.8581709037815,-89.78984035622493
214.1759407184053,1329.358174703294,-89.78984035622493
214.17777470156295,1328.8581785028066,-89.74462802912674
214.18000323362685,1328.3581837860106,-89.74462802912674
214.18223176569074,1327.8581890692146,-89.74462802912674
214.18446029775464,1327.3581943524186,-89.74408354202077
214.18669358245893,1326.858199400626,-89.74408354202077
214.18892686716322,1326.3582044488335,-89.74408354202077
214.1911601518675,1325.858209497041,-89.74408354202077
214.1933934365718,1325.3582145452483,-89.74408354202077
214.19562672127608,1324.8582195934557,-89.7451169105295
214.19785098841203,1324.3582245604634,-90.02051203727692
214.19767198725276,1323.8582249564572,-90.02051203727692
214.1974929860935,1323.358225352451,-90.02051203727692
214.19731398493423,1322.8582257484447,-90.02051203727692
214.19713498377496,1322.3582261444385,-90.00341189391649
214.1971052093843,1321.8582261553947,-90.00341189391649
214.19707543499362,1321.358226166351,-90.00341189391649
214.19704566060295,1320.8582261773072,-90.00341189391649
214.19701588621228,1320.3582261882634,-90.00341189391649
214.19698611182162,1319.8582261992196,-90.00287381451172
214.19696103305932,1319.3582262069922,-89.85478658139274
214.198228257839,1318.858227812877,-89.88785752253489
214.1989587652497,1318.4849978019483,92.57864481447086
205.93795874464558,1501.914997802116,-89.65010640780349
205.94101212238297,1501.4150072713908,-89.65010640780349
205.94406550012036,1500.9150167406656,-89.76223145111155
205.94614041583748,1500.4150211291783,-89.76223145111155
205.9482153315546,1499.915025517691,-89.76223145111155
205.9502902472717,1499.4150299062037,-89.76223145111155
205.95236516298883,1498.9150342947164,-89.75520344601898
205.95450140940204,1498.4150388629064,-89.66282186561392
205.95744382672376,1497.9150475208216,-89.66282186561392
205.96038624404548,1497.415056178737,-89.66282186561392
205.9633286613672,1496.9150648366522,-89.69231988830117
205.9660136639585,1496.4150720459431,-89.69231988830117
205.9686986665498,1495.915079255234,-89.69231988830117
205.97138366914112,1495.415086464525,-89.66605476937245
205.97429787339547,1494.9150951534405,-89.66605476937245
205.97721207764982,1494.4151038423558,-89.65721304634148
205.9802034402844,1493.9151127919,-89.65721304634148
205.983194802919,1493.415121741444,-89.65721304634148
205.9861861655536,1492.915130690988,-89.65609638041443
205.9891872722137,1492.4151397902272,-89.65609638041443
205.99218837887383,1491.9151488894663,-89.65609638041443
205.99518948553396,1491.4151579887055,-89.66278998025786
205.9981321801588,1490.9151668087018,-89.66278998025786
206.00107487478363,1490.415175628698,-89.6915463335358
206.003766627809,1489.915182875614,-89.6915463335358
206.00645838083437,1489.4151901225298,-89.6915463335358
206.00915013385975,1488.9151973694457,-89.69056247410533
206.01185047256035,1488.4152046613883,-89.82836008515538
206.0133483070141,1487.915208282526,-89.82836008515538
206.01484614146784,1487.4152119036637,-89.82836008515538
206.0163439759216,1486.9152155248014,-89.84494288633532
206.0176971027886,1486.415217378801,-89.84494288633532
206.0190502296556,1485.9152192328004,-89.84494288633532
206.0204033565226,1485.4152210867999,-89.77847724935033
206.02233650238713,1484.915224824566,-89.77847724935033
206.02426964825167,1484.415228562332,-89.70352844408241
206.02685683179698,1483.9152366675207,-89.70352844408241
206.02944401534228,1483.4152447727095,-89.70352844408241
206.03203119888758,1482.9152528778982,-89.729031978313
206.0343958272066,1482.4152595138353,-89.729031978313
206.0367604555256,1481.9152661497724,-89.729031978313
206.03912508384462,1481.4152727857095,-89.76006857134702
206.04121887432768,1480.9152771940458,-89.76006857134702
206.04331266481074,1480.415281602382,-89.83908439310552
206.04471691654317,1479.9152835745208,-89.83908439310552
206.0461211682756,1479.4152855466596,-89.83908439310552
206.04752542000801,1478.9152875187983,-89.87312735219557
206.04863259048898,1478.415289346019,-89.57128198837536
206.05237382560074,1477.9153033978196,-89.57128198837536
206.0561150607125,1477.41531744962,-89.57128198837536
206.05985629582426,1476.9153315014205,-89.57907322663142
206.06352954106205,1476.4153450994907,-89.57907322663142
206.06720278629984,1475.9153586975608,-89.57907322663142
206.07087603153764,1475.415372295631,-89.6943893686388
206.07354297353095,1474.9153796395767,-89.6943893686388
206.07620991552426,1474.4153869835225,-89.72885374367624
206.07857610358792,1473.9153927024145,-89.72885374367624
206.08094229165158,1473.4153984213065,-89.72885374367624
206.08330847971524,1472.9154041401985,-89.74594461728636
206.08552552320145,1472.4154092143146,-89.74594461728636
206.08774256668767,1471.9154142884308,-89.74594461728636
206.08995961017388,1471.415419362547,-89.74594461728636
206.0921766536601,1470.9154244366632,-89.74594461728636
206.0943936971463,1470.4154295107794,-89.59284474564932
206.09794676415527,1469.915442552423,-89.59284474564932
206.10149983116423,1469.4154555940665,-89.59284474564932
206.1050528981732,1468.91546863571,-89.582019880117
206.1087004303606,1468.4154819553687,-89.78560426866426
206.11057138170088,1467.9154854559993,-89.78560426866426
206.11244233304114,1467.4154889566298,-89.78560426866426
206.1143132843814,1466.9154924572604,-89.84085767896346
206.11570205910834,1466.4154951881237,-89.84085767896346
206.11709083383528,1465.915497918987,-89.84085767896346
206.1184796085622,1465.4155006498504,-89.82506469493761
206.12000620370964,1464.9155033099748,-89.82506469493761
206.12153279885706,1464.4155059700993,-89.77543397379303
206.12349250210298,1463.9155098129374,-89.77543397379303
206.1254522053489,1463.4155136557756,-89.77543397379303
206.1274119085948,1462.9155174986138,-89.81212648238457
206.12905140944326,1462.4155207792735,-89.81212648238457
206.13069091029172,1461.9155240599332,-89.81212648238457
206.13233041114017,1461.415527340593,-89.81212648238457
206.13396991198863,1460.9155306212526,-89.81212648238457
206.13560941283708,1460.4155339019123,-89.84498146307195
206.1369622031151,1459.9155357345603,-89.84498146307195
206.13831499339312,1459.4155375672083,-89.84498146307195
206.13966778367114,1458.9155393998562,-89.7544405962698
206.14181068332027,1458.4155448885354,-89.54643412986293
206.14576874299632,1457.915561551522,-89.54643412986293
206.14972680267238,1457.4155782145085,-89.54643412986293
206.15368486234843,1456.915594877495,-89.57908532363548
206.15735799945423,1456.415608824424,-89.57908532363548
206.16103113656004,1455.915622771353,-89.57908532363548
206.16470427366585,1455.4156367182818,-89.56113569069748
206.1685340428878,1454.9156522881146,-89.56113569069748
206.17236381210978,1454.4156678579475,-89.61523262917866
206.17572150400918,1453.9156808596902,-89.61523262917866
206.17907919590857,1453.4156938614328,-89.61523262917866
206.18243688780797,1452.9157068631755,-89.61813787516624
206.18576923195667,1452.415718997859,-89.61813787516624
206.18910157610537,1451.9157311325423,-89.61813787516624
206.19243392025408,1451.4157432672257,-89.5641943903963
206.19623699792123,1450.9157586583347,-89.5641943903963
206.2000400755884,1450.4157740494436,-89.57841259261932
206.20371908306504,1449.9157880600226,-89.57841259261932
206.2073980905417,1449.4158020706016,-89.57841259261932
206.21107709801834,1448.9158160811805,-89.53756046386142
206.2151125929712,1448.4158332936563,-89.75558029960095
206.21724555016863,1447.91583798327,-89.75558029960095
206.21937850736606,1447.4158426728836,-89.75558029960095
206.2215114645635,1446.9158473624973,-89.76982255847406
206.22352013581497,1446.415851510459,-89.76982255847406
206.22552880706644,1445.915855658421,-89.76982255847406
206.2275374783179,1445.4158598063827,-89.59653126305128
206.23105837815524,1444.9158722043926,-89.59653126305128
206.23457927799257,1444.4158846024025,-89.58149460887455
206.23823139326657,1443.9158980441618,-89.58149460887455
206.24188350854058,1443.4159114859212,-89.58149460887455
206.2455356238146,1442.9159249276806,-89.57945062708689
206.24920557526582,1442.415938560936,-89.57945062708689
206.25287552671705,1441.9159521941913,-89.57945062708689
206.25654547816828,1441.4159658274466,-89.57945062708689
206.2602154296195,1440.915979460702,-89.57945062708689
206.26388538107074,1440.4159930939572,-89.80749516990925
206.2655652994656,1439.9159959160982,-89.80749516990925
206.26724521786048,1439.415998738239,-89.80749516990925
206.26892513625535,1438.91600156038,-89.6808825387826
206.27170994670098,1438.4160093794928,-89.6808825387826
206.2744947571466,1437.9160171986057,-89.6808825387826
206.27727956759225,1437.4160250177185,-89.63329449566636
206.28047965493852,1436.916035262149,-89.63329449566636
206.2836797422848,1436.4160455065796,-89.63329449566636
206.28687982963106,1435.9160557510102,-89.76371728425626
206.28894177946256,1435.4160600030666,-89.76371728425626
206.29100372929406,1434.916064255123,-89.7979319918913
206.29276710166573,1434.416067364638,-89.7979319918913
206.2945304740374,1433.9160704741528,-89.7979319918913
206.29629384640907,1433.4160735836676,-89.8130513459225
206.29792527819347,1432.9160762739662,-89.8130513459225
206.29955670997788,1432.4160789642647,-89.8130513459225
206.30118814176228,1431.9160816545632,-89.8130513459225
206.30281957354669,1431.4160843448617,-89.8130513459225
206.3044510053311,1430.9160870351602,-89.69316198027741
206.30712865938074,1430.4160942066358,-89.69316198027741
206.30980631343039,1429.9161013781113,-89.69316198027741
206.31248396748003,1429.4161085495869,-89.65534081482123
206.3154916681276,1428.9161175963425,-89.71602863440596
206.317969775287,1428.4161238081351,-89.71602863440596
206.3204478824464,1427.9161300199278,-89.71602863440596
206.32292598960578,1427.4161362317204,-89.72905884547122
206.32529038839118,1426.9161418253946,-89.72905884547122
206.32765478717658,1426.4161474190687,-89.72905884547122
206.330019185962,1425.9161530127428,-89.72746694172693
206.3323974765865,1425.416158669238,-89.72746694172693
206.334775767211,1424.9161643257332,-89.72746694172693
206.3371540578355,1424.4161699822284,-89.69795515133897
206.33978988417584,1423.9161769298591,-89.69795515133897
206.34242571051618,1423.4161838774899,-89.69795515133897
206.34506153685652,1422.9161908251206,-89.69460224877612
206.34772662238038,1422.416197927852,-89.69460224877612
206.35039170790424,1421.9162050305833,-89.69460224877612
206.3530567934281,1421.4162121333147,-89.7235031275897
206.35546967446032,1420.9162179553434,-89.7235031275897
206.35788255549255,1420.4162237773721,-89.73058921942054
206.36023359940975,1419.9162293048103,-89.73058921942054
206.36258464332695,1419.4162348322484,-89.73058921942054
206.36493568724416,1418.9162403596865,-89.73088726344751
206.36728412973866,1418.4162459870217,-89.73088726344751
206.36963257223317,1417.916251614357,-89.7896221936841
206.37146846070118,1417.4162550130181,-89.7896221936841
206.3733043491692,1416.9162584116793,-89.7896221936841
206.3751402376372,1416.4162618103405,-89.77548566173499
206.3770994894992,1415.9162657343518,-89.77548566173499
206.37905874136118,1415.416269658363,-89.77548566173499
206.38101799322317,1414.9162735823743,-89.80886618913786
206.38268594693534,1414.416276469356,-89.80886618913786
206.3843539006475,1413.9162793563378,-89.80886618913786
206.38602185435968,1413.4162822433195,-89.80886618913786
206.38768980807185,1412.9162851303013,-89.80886618913786
206.38935776178403,1412.416288017283,-89.80886618913786
206.3910257154962,1411.9162909042648,-89.80886618913786
206.39269366920837,1411.4162937912465,-89.80886618913786
206.39436162292054,1410.9162966782283,-89.80886618913786
206.3960295766327,1410.41629956521,-89.80886618913786
206.39769753034489,1409.9163024521918,-89.7727057408226
206.39968104130003,1409.4163064972051,-89.7727057408226
206.40166455225517,1408.9163105422185,-89.7727057408226
206.4036480632103,1408.416314587232,-89.68496288029968
206.4063972648396,1407.9163225128505,-89.68496288029968
206.40914646646888,1407.416330438469,-89.68496288029968
206.41189566809817,1406.9163383640876,-89.65951014406619
206.414866982553,1406.4163476277233,-89.65951014406619
206.41783829700785,1405.916356891359,-89.65951014406619
206.4208096114627,1405.4163661549949,-89.64049369855331
206.42394687329045,1404.9163763014865,-89.64049369855331
206.4270841351182,1404.416386447978,-89.62017510669318
206.43039870750658,1403.9163975580302,-89.62017510669318
206.43371327989496,1403.4164086680823,-89.62017510669318
206.43702785228334,1402.9164197781345,-89.62508817008289
206.44029954775021,1402.4164311094735,-89.62508817008289
206.4435712432171,1401.9164424408125,-89.62508817008289
206.44684293868397,1401.4164537721515,-89.62508817008289
206.45011463415085,1400.9164651034905,-89.62508817008289
206.45338632961773,1400.4164764348295,-89.69060449535625
206.45608630092568,1399.9164838532013,-89.69060449535625
206.45878627223362,1399.416491271573,-89.69060449535625
206.46148624354157,1398.9164986899448,-89.74906408434043
206.46367606426497,1398.4165037697428,-89.74906408434043
206.46586588498838,1397.9165088495408,-89.74906408434043
206.46805570571178,1397.4165139293389,-89.79554905777168
206.46983987246563,1396.916517255572,-89.79554905777168
206.47162403921948,1396.4165205818051,-89.79554905777168
206.47340820597333,1395.9165239080382,-89.8522144487914
206.4746978761708,1395.416525803993,-89.8522144487914
206.4759875463683,1394.9165276999477,-89.84813445127438
206.47731282138852,1394.4165295886532,-89.84813445127438
206.47863809640876,1393.9165314773588,-89.84813445127438
206.479963371429,1393.4165333660644,-89.8373532805096
206.4813827294472,1392.916535543342,-89.8373532805096
206.48280208746542,1392.4165377206195,-89.8373532805096
206.48422144548363,1391.916539897897,-89.8373532805096
206.48564080350184,1391.4165420751747,-89.8373532805096
206.48706016152005,1390.9165442524522,-89.81395298387861
206.48868372391212,1390.4165472740597,-89.81395298387861
206.4903072863042,1389.916550295667,-89.81395298387861
206.49193084869626,1389.4165533172745,-89.78960155232257
206.4937669171876,1388.9165567452726,-89.74275736693191
206.49601177486693,1388.416561838266,-89.74275736693191
206.49825663254626,1387.9165669312595,-89.74275736693191
206.5005014902256,1387.416572024253,-89.7658263639937
206.50254503501412,1386.9165762020411,-89.7658263639937
206.50458857980266,1386.4165803798294,-89.7658263639937
206.5066321245912,1385.9165845576176,-89.6676793481571
206.50953215310415,1385.4165929679405,-89.6676793481571
206.5124321816171,1384.9166013782633,-89.65898240058658
206.51540810360098,1384.4166103023795,-89.65898240058658
206.51838402558485,1383.9166192264956,-89.65898240058658
206.52135994756873,1383.4166281506118,-89.6563177025575
206.52435912339809,1382.916637149212,-89.6563177025575
206.52735829922744,1382.4166461478121,-89.6563177025575
206.5303574750568,1381.9166551464123,-89.64478551010326
206.53345728568604,1381.4166648703597,-89.64478551010326
206.53655709631528,1380.916674594307,-89.64478551010326
206.53965690694451,1380.4166843182545,-89.72986029035597
206.54201431189676,1379.9166898757571,-89.72986029035597
206.544371716849,1379.4166954332597,-89.72986029035597
206.54672912180126,1378.9167009907624,-89.81943151420259
206.5483048746778,1378.4167040500972,-89.81943151420259
206.54988062755433,1377.916707109432,-89.81943151420259
206.55145638043086,1377.416710168767,-89.81152696839241
206.55310111338088,1376.9167133482206,-89.81152696839241
206.5547458463309,1376.4167165276742,-89.81152696839241
206.5563905792809,1375.9167197071279,-89.77304821392393
206.55837110067944,1375.4167239773863,-89.77304821392393
206.56035162207797,1374.9167282476446,-89.74136417950577
206.56260863582338,1374.4167337638319,-89.74136417950577
206.5648656495688,1373.916739280019,-89.74136417950577
206.5671226633142,1373.4167447962063,-89.73420781550024
206.56944212538758,1372.9167510341683,-89.73420781550024
206.57176158746097,1372.4167572721303,-89.73420781550024
206.57408104953436,1371.9167635100923,-89.7480744949256
206.5762795053348,1371.416768771443,-89.7480744949256
206.57847796113526,1370.9167740327937,-89.79784128175721
206.58024212353882,1370.4167775867909,-89.79784128175721
206.58200628594238,1369.916781140788,-89.79784128175721
206.58377044834594,1369.4167846947853,-89.86442258348472
206.58495358194807,1368.9167867067526,-89.67240936055579
206.58781233293007,1368.4167950665842,-89.67240936055579
206.59067108391207,1367.9168034264158,-89.67240936055579
206.59352983489407,1367.4168117862473,-89.63003457368673
206.59675836980364,1366.9168222189173,-89.63003457368673
206.5999869047132,1366.4168326515874,-89.63003457368673
206.60321543962277,1365.9168430842574,-89.71533100656958
206.6056996350079,1365.4168492557726,-89.71533100656958
206.60818383039305,1364.9168554272878,-89.71533100656958
206.61066802577818,1364.416861598803,-89.71533100656958
206.61315222116332,1363.9168677703183,-89.71533100656958
206.61563641654845,1363.4168739418335,-89.6949021578017
206.61829888436284,1362.9168811332759,-89.6949021578017
206.62096135217723,1362.4168883247182,-89.6949021578017
206.62362381999162,1361.9168955161606,-89.7153012011954
206.6261082754745,1361.4169016889675,-89.7153012011954
206.6285927309574,1360.9169078617745,-89.65800130927681
206.63157721482992,1360.4169167690573,-89.66827213376008
206.63447207039997,1359.9169251493165,-89.66827213376008
206.63736692597,1359.4169335295758,-89.7223973809701
206.63978945634904,1358.9169393982636,-89.7301239497688
206.6399587506312,1358.8809978016652,89.8073036170487
208.0389587364043,1774.8539977995679,-89.31348204747876
208.04494958882515,1774.3540339874785,-89.3189005138601
208.05089316117085,1773.8540694791152,-89.3189005138601
208.05683673351655,1773.354104970752,-89.3189005138601
208.06278030586225,1772.8541404623886,-89.3189005138601
208.06872387820795,1772.3541759540253,-89.3189005138601
208.07466745055365,1771.854211445662,-89.3189005138601
208.08061102289935,1771.3542469372987,-89.31669574521446
208.08657381773423,1770.854284031158,-89.31669574521446
208.09253661256912,1770.3543211250171,-89.31669574521446
208.098499407404,1769.8543582188763,-89.31665808005972
208.1044625381843,1769.3543947063406,-89.31665808005972
208.11042566896458,1768.8544311938049,-89.31665808005972
208.11638879974487,1768.3544676812692,-89.29472048223042
208.12195873633027,1767.901997799985,-179.76097018876158
200.93095872644335,1767.8719978006557,-89.36592243442271
200.93649196855154,1767.3720298245648,-89.36592243442271
200.94202521065972,1766.872061848474,-89.74247170331822
200.94427256129723,1766.3720669307986,-89.74247170331822
200.94651991193473,1765.8720720131232,-89.74247170331822
200.94876726257223,1765.3720770954478,-89.47412992158324
200.95335626793815,1764.8720995013593,-89.47412992158324
200.95794527330406,1764.3721219072709,-89.47412992158324
200.96253427866998,1763.8721443131824,-89.75887093047875
200.96463852050067,1763.3721487530297,-89.75887093047875
200.96674276233136,1762.872153192877,-89.75887093047875
200.96884700416206,1762.3721576327243,-89.46418303055356
200.97352280682298,1761.8721810294394,-89.46418303055356
200.9781986094839,1761.3722044261544,-89.80450905337388
200.97990458642698,1760.8722073614745,-89.80450905337388
200.98161056337005,1760.3722102967945,-89.80450905337388
200.98331654031313,1759.8722132321145,-89.67276064555345
200.98617222631242,1759.372221485834,-89.67276064555345
200.9890279123117,1758.8722297395534,-89.67276064555345
200.991883598311,1758.3722379932728,-89.66002289677657
200.99485044074004,1757.8722468085277,-89.80722385284233
200.99653272644207,1757.372249747862,-89.80722385284233
200.9982150121441,1756.8722526871964,-89.80722385284233
200.99989729784613,1756.3722556265307,-89.65804522932213
201.00288139778888,1755.8722646424285,-89.65804522932213
201.00586549773163,1755.3722736583263,-89.65804522932213
201.00884959767438,1754.8722826742242,-89.80719666313787
201.01053212064267,1754.3722856165227,-89.80719666313787
201.01221464361095,1753.8722885588213,-89.80719666313787
201.01389716657923,1753.37229150112,-89.65804839889981
201.01688123886254,1752.8723005168786,-89.65804839889981
201.01986531114585,1752.3723095326372,-89.65804839889981
201.02284938342916,1751.872318548396,-89.80719311771291
201.02453193733834,1751.37232149038,-89.80719311771291
201.02621449124752,1750.8723244323642,-89.80719311771291
201.0278970451567,1750.3723273743483,-89.65805184639504
201.03088108539532,1749.8723367183607,-89.65805184639504
201.03386512563395,1749.372346062373,-89.65805184639504
201.03684916587258,1748.8723554063854,-89.82415468955314
201.03838370328333,1748.3723577615094,-89.68896010966364
201.0410980243414,1747.8723652590686,-89.68896010966364
201.0438123453995,1747.3723727566278,-89.60260102032478
201.0472802778745,1746.8723847889833,-89.60260102032478
201.05074821034952,1746.3723968213387,-89.60260102032478
201.05421614282454,1745.8724088536942,-89.73572502952267
201.0565223685462,1745.372414233884,-89.73572502952267
201.05882859426788,1744.8724196140738,-89.73572502952267
201.06113481998955,1744.3724249942636,-89.61235937170996
201.0645175968035,1743.8724364402494,-89.61235937170996
201.06790037361748,1743.3724478862352,-89.61235937170996
201.07128315043144,1742.872459332221,-89.73775754008624
201.07357163927725,1742.3724646450203,-89.73775754008624
201.07586012812305,1741.8724699578195,-89.73775754008624
201.07814861696886,1741.3724752706187,-89.61278671114353
201.08152766462388,1740.8724866920027,-89.61278671114353
201.0849067122789,1740.3724981133867,-89.61278671114353
201.0882857599339,1739.8725095347706,-89.73784337575282
201.09057350007538,1739.3725147686962,-89.73784337575282
201.09286124021685,1738.8725200026217,-89.73784337575282
201.09514898035832,1738.3725252365473,-89.62736430300346
201.0984008173449,1737.872535811144,-89.65225460565885
201.10143544975892,1737.3725450202235,-89.65225460565885
201.10447008217295,1736.872554229303,-89.65225460565885
201.10750471458698,1736.3725634383825,-89.75448991558918
201.1096471873367,1735.8725681111862,-89.75448991558918
201.1117896600864,1735.3725727839899,-89.75448991558918
201.1139321328361,1734.8725774567936,-89.6697620398618
201.11681398673056,1734.372585763511,-89.6697620398618
201.119695840625,1733.8725940702286,-89.6697620398618
201.12257769451946,1733.3726023769461,-89.75689906167979
201.12469914404835,1732.8726068775443,-89.75689906167979
201.12682059357724,1732.3726113781424,-89.75689906167979
201.12894204310612,1731.8726158787406,-89.7759999782748
201.13089680707833,1731.3726196998603,-89.67459231580835
201.13373650956225,1730.8726277638355,-89.67459231580835
201.13657621204618,1730.3726358278107,-89.67459231580835
201.1394159145301,1729.8726438917859,-89.69138436156084
201.14210908101427,1729.3726511449843,-89.69138436156084
201.14480224749843,1728.8726583981827,-89.69138436156084
201.1474954139826,1728.372665651381,-89.6740960913607
201.1503394467718,1727.872673739969,-89.72328609520345
201.15275422022933,1727.3726798853465,-89.72328609520345
201.15516899368686,1726.872686030724,-89.72328609520345
201.1575837671444,1726.3726921761015,-89.73113244948723
201.15993007049974,1725.872697689267,-89.73113244948723
201.1622763738551,1725.3727032024324,-89.73113244948723
201.16462267721045,1724.8727087155978,-89.73238404972278
201.16695805691018,1724.3727144994102,-89.73238404972278
201.1692934366099,1723.8727202832226,-89.73238404972278
201.17162881630964,1723.372726067035,-89.73258375028338
201.17396245481336,1722.8727315213268,-89.73258375028338
201.1762960933171,1722.3727369756186,-89.73258375028338
201.17862973182082,1721.8727424299104,-89.73261556830363
201.18096309115845,1721.3727482052968,-89.73261556830363
201.18329645049607,1720.8727539806832,-89.73261556830363
201.1856298098337,1720.3727597560696,-89.73262068038115
201.18796312606491,1719.8727652088849,-89.73262068038115
201.19029644229613,1719.3727706617,-89.73262068038115
201.19262975852735,1718.8727761145153,-89.7486292520515
201.19482337508248,1718.3727809276781,-89.63724905040543
201.1979889511398,1717.8727912664435,-89.63724905040543
201.2011545271971,1717.372801605209,-89.63724905040543
201.20432010325442,1716.8728119439743,-89.71858722253045
201.2067758831089,1716.372817981747,-89.71858722253045
201.20923166296336,1715.8728240195196,-89.71858722253045
201.21168744281783,1715.3728300572923,-89.63283123241091
201.21489157068083,1714.8728406607534,-89.63283123241091
201.21809569854383,1714.3728512642144,-89.63283123241091
201.22129982640683,1713.8728618676755,-89.71793467995204
201.22376130069858,1713.372867933866,-89.71793467995204
201.22622277499033,1712.8728740000565,-89.71793467995204
201.22868424928208,1712.372880066247,-89.70458674747
201.23126220410757,1711.8728868494438,-89.70458674747
201.23384015893305,1711.3728936326406,-89.63664495330045
201.23701100633468,1710.8729040502603,-89.63664495330045
201.24018185373632,1710.37291446788,-89.63664495330045
201.24335270113795,1709.8729248854997,-89.66222647868685
201.24630031370089,1709.3729336418273,-89.65761556575514
201.24928816353156,1708.872942607548,-89.65761556575514
201.25227601336223,1708.372951573269,-89.65761556575514
201.2552638631929,1707.8729605389897,-89.7446512780665
201.2574921933807,1707.3729655953323,-89.7446512780665
201.2597205235685,1706.872970651675,-89.7446512780665
201.26194885375628,1706.3729757080175,-89.67666846132073
201.2647704368287,1705.872984008653,-89.67666846132073
201.26759201990114,1705.3729923092885,-89.67666846132073
201.27041360297358,1704.873000609924,-89.74905390849167
201.27260351307416,1704.37300555836,-89.74905390849167
201.27479342317474,1703.8730105067962,-89.74905390849167
201.27698333327533,1703.3730154552322,-89.67768756305786
201.27979602438575,1702.8730234869063,-89.67768756305786
201.28260871549617,1702.3730315185803,-89.67768756305786
201.2854214066066,1701.8730395502544,-89.77865435137899
201.2873530065416,1701.3730433944725,-89.77865435137899
201.2892846064766,1700.8730472386906,-89.77865435137899
201.2912162064116,1700.3730510829087,-89.68453191035913
201.29396916900987,1699.8730590098864,-89.68453191035913
201.29672213160813,1699.3730669368642,-89.68453191035913
201.2994750942064,1698.873074863842,-89.6809116486263
201.30225965037187,1698.373082726938,-89.75562250377578
201.30439223651422,1697.8730880615196,-89.75562250377578
201.30652482265657,1697.3730933961012,-89.75562250377578
201.30865740879892,1696.8730987306828,-89.67302889658625
201.31151075342643,1696.3731070548893,-89.67302889658625
201.31436409805394,1695.8731153790957,-89.67302889658625
201.31721744268145,1695.373123703302,-89.72254843300485
201.31963865095213,1694.8731303805046,-89.72254843300485
201.3220598592228,1694.373137057707,-89.72254843300485
201.32448106749348,1693.8731437349095,-89.66744014423868
201.32738318052031,1693.3731526567922,-89.66744014423868
201.33028529354715,1692.8731615786749,-89.66744014423868
201.33318740657398,1692.3731705005575,-89.721602321447
201.33561687068482,1691.8731773063337,-89.721602321447
201.33804633479565,1691.3731841121098,-89.721602321447
201.34047579890648,1690.873190917886,-89.66728159607146
201.34337929544006,1690.3731998585345,-89.66728159607146
201.34628279197364,1689.873208799183,-89.66728159607146
201.3491862885072,1689.3732177398315,-89.71314227026255
201.3516895811374,1688.8732245748286,-89.66943546019269
201.35457428221866,1688.3732333678731,-89.66943546019269
201.35745898329992,1687.8732421609177,-89.66943546019269
201.36034368438118,1687.3732509539623,-89.80595820654885
201.36203701520378,1686.873253830653,-89.80595820654885
201.3637303460264,1686.373256707344,-89.80595820654885
201.365423676849,1685.8732595840347,-89.68928758085852
201.36813513931713,1685.373267233425,-89.81829130947546
201.36972084409194,1684.8732697578612,-89.81829130947546
201.37130654886676,1684.3732722822974,-89.81829130947546
201.37289225364157,1683.8732748067337,-89.71710881469573
201.37536093459744,1683.3732809655978,-89.71710881469573
201.3778296155533,1682.873287124462,-89.71710881469573
201.38029829650918,1682.3732932833261,-89.82338466460952
201.38183955361774,1681.8732956609665,-89.82338466460952
201.3833808107263,1681.373298038607,-89.82338466460952
201.38492206783485,1680.8733004162473,-89.71788934057874
201.38738393743017,1680.3733065559359,-89.71788934057874
201.3898458070255,1679.8733126956245,-89.71788934057874
201.39230767662082,1679.373318835313,-89.79836800722182
201.39406724400965,1678.873321947023,-89.70944314220345
201.39660281959073,1678.3733284683913,-89.70944314220345
201.3991383951718,1677.8733349897595,-89.70944314220345
201.40167397075288,1677.3733415111278,-89.66391839509214
201.4046068170045,1676.8733504896504,-89.66391839509214
201.4075396632561,1676.373359468173,-89.66391839509214
201.4104725095077,1675.8733684466956,-89.72269364177879
201.41289245387782,1675.3733744425251,-89.72269364177879
201.41531239824792,1674.8733804383546,-89.72269364177879
201.41773234261802,1674.373386434184,-89.66583437718339
201.42064846899325,1673.8733953281205,-89.66583437718339
201.42356459536848,1673.373404222057,-89.66583437718339
201.4264807217437,1672.8734131159933,-89.69029323270917
201.42918340994072,1672.373420428718,-89.69029323270917
201.43188609813774,1671.8734277414426,-89.69029323270917
201.43458878633476,1671.3734350541672,-89.66115288195772
201.43754576601907,1670.8734441385386,-89.66115288195772
201.44050274570338,1670.37345322291,-89.66115288195772
201.4434597253877,1669.8734623072814,-89.68961579746345
201.44616832454096,1669.3734697802627,-89.68961579746345
201.44887692369423,1668.873477253244,-89.68961579746345
201.4515855228475,1668.3734847262251,-89.69043418003626
201.45428697918578,1667.8734923801187,-89.69343587177192
201.45696224306766,1667.3734995477391,-89.69343587177192
201.45963750694955,1666.8735067153596,-89.69343587177192
201.46231277083143,1666.37351388298,-89.69260480379617
201.4649952866854,1665.873521156542,-89.69260480379617
201.46767780253936,1665.373528430104,-89.69260480379617
201.47036031839332,1664.873535703666,-89.69011144346402
201.4730645917008,1664.3735432610295,-89.69011144346402
201.47576886500826,1663.873550818393,-89.69011144346402
201.47847313831574,1663.3735583757564,-89.69341364247323
201.48114859613486,1662.8735655532366,-89.69341364247323
201.48382405395398,1662.373572730717,-89.69341364247323
201.4864995117731,1661.8735799081971,-89.69418816165503
201.48916820961847,1661.3735872585723,-89.69418816165503
201.49183690746383,1660.8735946089475,-89.69418816165503
201.4945056053092,1660.3736019593227,-89.69436976438413
201.49717271954626,1659.8736090854343,-89.69436976438413
201.4998398337833,1659.3736162115458,-89.69436976438413
201.50250694802037,1658.8736233376574,-89.64506529615505
201.50560431778388,1658.373632936588,-89.72148312013954
201.5080348264994,1657.8736388440786,-89.72148312013954
201.51046533521492,1657.3736447515694,-89.72148312013954
201.51289584393044,1656.87365065906,-89.69786774726214
201.51553243300464,1656.3736576107117,-89.69786774726214
201.51816902207884,1655.8736645623633,-89.69786774726214
201.52080561115304,1655.3736715140149,-89.69486338643631
201.52346841740257,1654.8736786892296,-89.69486338643631
201.5261312236521,1654.3736858644443,-89.69486338643631
201.52879402990163,1653.873693039659,-89.6944811593565
201.5314601721077,1653.373700149394,-89.6944811593565
201.53412631431377,1652.8737072591289,-89.6944811593565
201.53679245651983,1652.3737143688638,-89.72776799339906
201.5391681200034,1651.8737200126948,-89.72776799339906
201.541543783487,1651.3737256565257,-89.72776799339906
201.54391944697056,1650.8737313003567,-89.69866871710832
201.54654904636118,1650.3737382151978,-89.69866871710832
201.5491786457518,1649.873745130039,-89.69866871710832
201.5518082451424,1649.3737520448801,-89.69252721085165
201.55449143852923,1648.8737592444588,-89.6939800532607
201.55716195365596,1648.3737663761608,-89.6939800532607
201.5598324687827,1647.8737735078628,-89.6939800532607
201.56250298390944,1647.3737806395648,-89.81126180854721
201.56415003236327,1646.8737833523408,-89.81126180854721
201.5657970808171,1646.3737860651167,-89.81126180854721
201.56744412927094,1645.8737887778927,-89.72183649872233
201.56987155421336,1645.3737946703193,-89.72183649872233
201.5722989791558,1644.8738005627458,-89.72183649872233
201.57472640409821,1644.3738064551724,-89.8470311629719
201.57606130726833,1643.87380830216,-89.8470311629719
201.57739621043845,1643.3738101491474,-89.8470311629719
201.57873111360857,1642.873811996135,-89.73022969455495
201.5810852949205,1642.3738175419144,-89.73022969455495
201.58343947623246,1641.8738230876938,-89.73022969455495
201.5857936575444,1641.3738286334733,-89.81976425448423
201.58736650854428,1640.8738311075367,-89.81976425448423
201.58893935954416,1640.3738335816001,-89.81976425448423
201.59051221054403,1639.8738360556636,-89.755230581266
201.59264822017929,1639.37384061826,-89.755230581266
201.59478422981454,1638.8738451808563,-89.72940362944306
201.59714561944793,1638.3738508403205,-89.72940362944306
201.59950700908132,1637.8738564997848,-89.72940362944306
201.6018683987147,1637.373862159249,-89.53358633035175
201.6059385799956,1636.873878832958,-89.53358633035175
201.6100087612765,1636.3738955066672,-89.53358633035175
201.6140789425574,1635.8739121803762,-89.70606862205265
201.616643965898,1635.3739188705904,-89.70606862205265
201.6192089892386,1634.8739255608045,-89.70606862205265
201.62177401257918,1634.3739322510187,-89.53048108795049
201.6258712912704,1633.873949149957,-89.53048108795049
201.62996856996165,1633.3739660488955,-89.53048108795049
201.63406584865288,1632.8739829478338,-89.70564722441995
201.63663454933146,1632.3739896570853,-89.70564722441995
201.63920325001004,1631.8739963663368,-89.70564722441995
201.64177195068862,1631.3740030755882,-89.53043207643978
201.64586965796468,1630.8740198690516,-89.53043207643978
201.64996736524074,1630.374036662515,-89.53043207643978
201.6540650725168,1629.8740534559784,-89.48784496302775
201.65853440585477,1629.3740737648538,-89.68282542392178
201.66130226123266,1628.8740815729082,-89.68282542392178
201.66407011661056,1628.3740893809625,-89.68282542392178
201.66683797198846,1627.8740971890168,-89.69206546289044
201.66952519419465,1627.3741045281315,-89.69206546289044
201.67221241640084,1626.8741118672463,-89.69206546289044
201.67489963860703,1626.374119206361,-89.72437046347315
201.67730495025307,1625.8741251042957,-89.72437046347315
201.67971026189912,1625.3741310022303,-89.72437046347315
201.68211557354516,1624.874136900165,-89.70051796562406
201.68472903354177,1624.3741440897172,-89.70051796562406
201.68734249353838,1623.8741512792694,-89.70051796562406
201.689955953535,1623.3741584688216,-89.7260895257788
201.6923462635283,1622.874164332461,-89.7260895257788
201.6947365735216,1622.3741701961005,-89.7260895257788
201.6971268835149,1621.87417605974,-89.78400298092261
201.6990118084817,1621.3741796517322,-89.70727395206387
201.70156631220323,1620.8741865367956,-89.70727395206387
201.70412081592474,1620.374193421859,-89.70727395206387
201.70667531964625,1619.8742003069224,-89.89257349761128
201.70761277780434,1619.3742088542194,-89.89257349761128
201.70855023596243,1618.8742174015165,-89.89257349761128
201.70948769412053,1618.3742259488135,-89.79217022897438
201.71130134673717,1617.8742293209266,-89.90943724699127
201.7120916503078,1617.3742332417748,-89.90943724699127
201.71288195387842,1616.874237162623,-89.90943724699127
201.71367225744905,1616.3742410834714,-89.9328840668335
201.7142579465517,1615.8742480601072,-89.9328840668335
201.71484363565435,1615.374255036743,-89.74493316289637
201.71706950538896,1614.874260209904,-89.74493316289637
201.71929537512358,1614.3742653830648,-89.74493316289637
201.7215212448582,1613.8742705562256,-89.91261959550961
201.72228377723195,1613.374274554365,-89.91261959550961
201.7230463096057,1612.8742785525044,-89.91261959550961
201.72380884197946,1612.3742825506438,-89.78724753507308
201.7256654526933,1611.8742861382345,-89.72386095126087
201.72807520814501,1611.3742925710335,-89.72386095126087
201.73048496359672,1610.8742990038324,-89.90057622079928
201.73135259332264,1610.3743032082778,-89.9162117615958
201.73208378335232,1609.874303761381,-89.9162117615958
201.732814973382,1609.3743043144843,-89.98691117644839
201.7329291943213,1608.874306922574,-89.73743698892105
201.73522048031373,1608.3743122831497,-89.70887219886295
201.73776103715818,1607.8743190447365,-89.70887219886295
201.74030159400263,1607.3743258063232,-89.4142673354509
201.74541298231145,1606.8743523662195,-89.4142673354509
201.75052437062027,1606.3743789261157,-89.4142673354509
201.7556357589291,1605.874405486012,-89.69654394726653
201.7582839000787,1605.3744125171308,-89.6628041025643
201.76122646837507,1604.8744218614902,-89.60639978573407
201.76466124761282,1604.3744341811187,-89.45941115367569
201.76937870384324,1603.8744565855914,-89.45941115368103
201.7709587336285,1603.706997799687,89.02259769419612
204.5719587309868,1767.886997800786,-89.81385453125377
204.57358315344527,1767.387000544976,-89.81385453125377
204.57520757590373,1766.887003289166,-89.81385453125377
204.5768319983622,1766.3870060333559,-89.80913744109836
204.57849758531734,1765.8870088076112,-89.80913744109836
204.58016317227248,1765.3870115818665,-89.80913744109836
204.58182875922762,1764.8870143561219,-89.58392038874915
204.58545970689715,1764.3870275400768,-89.58392038874915
204.5890906545667,1763.8870407240317,-89.58392038874915
204.59272160223622,1763.3870539079867,-89.55058648278735
204.5966434348104,1762.887069288994,-89.55058648278735
204.60056526738458,1762.3870846700015,-89.55058648278735
204.60448709995876,1761.887100051009,-89.57358572664278
204.60820823213112,1761.3871138980253,-89.57358572664278
204.61192936430348,1760.8871277450417,-89.57358572664278
204.61565049647584,1760.387141592058,-89.55375302452074
204.61954469660452,1759.8871567570827,-89.80027796688353
204.62128759660823,1759.3871597947923,-89.80027796688353
204.62303049661193,1758.8871628325019,-89.80027796688353
204.62477339661564,1758.3871658702114,-89.81181053381019
204.62641565633282,1757.8871686376535,-89.81181053381019
204.62805791605,1757.3871714050956,-89.81181053381019
204.6297001757672,1756.8871741725377,-89.8095836875879
204.6313618683604,1756.387176978444,-89.8095836875879
204.63302356095357,1755.88717978435,-89.8095836875879
204.63468525354676,1755.3871825902563,-89.67863265912514
204.63748969657559,1754.887190699447,-89.67863265912514
204.6402941396044,1754.3871988086378,-89.67863265912514
204.64309858263323,1753.8872069178285,-89.67863265912514
204.64590302566205,1753.3872150270192,-89.65973488730909
204.64887238113658,1752.887223902134,-89.65973488730909
204.65184173661112,1752.387232777249,-89.65973488730909
204.65481109208565,1751.8872416523639,-89.62212343376083
204.65810866329855,1751.3872525272157,-89.62212343376083
204.66140623451145,1750.8872634020674,-89.62212343376083
204.66470380572434,1750.3872742769192,-89.7903327673164
204.66653349310525,1749.8872777087015,-89.7903327673164
204.66836318048615,1749.3872811404838,-89.7903327673164
204.67019286786706,1748.887284572266,-89.8195670484744
204.6717674397911,1748.3872870563196,-89.62811912000585
204.67501268989474,1747.8872975882723,-89.62811912000585
204.6782579399984,1747.387308120225,-89.62811912000585
204.68150319010203,1746.8873186521778,-89.58956289176405
204.68508489892452,1746.3873314809882,-89.58956289176405
204.688666607747,1745.8873443097987,-89.58956289176405
204.69224831656948,1745.387357138609,-89.7693090714135
204.69426146925935,1744.8873611914096,-89.7693090714135
204.69627462194921,1744.38736524421,-89.7693090714135
204.69828777463908,1743.8873692970105,-89.7693090714135
204.70030092732895,1743.387373349811,-89.8389791835255
204.70170609718514,1742.8873753243172,-89.8389791835255
204.70311126704132,1742.3873772988234,-89.8389791835255
204.7045164368975,1741.8873792733295,-89.81253881312387
204.70615234144418,1741.3873819495204,-89.81253881312387
204.70778824599086,1740.8873846257113,-89.81253881312387
204.70942415053753,1740.3873873019022,-89.64080573438682
204.71255869129982,1739.8873971273445,-89.64080573438682
204.7156932320621,1739.3874069527867,-89.64080573438682
204.7188277728244,1738.887416778229,-89.6514439489271
204.72186947942237,1738.3874260302937,-89.65533795642986
204.72487720501613,1737.8874350767887,-89.65533795642986
204.7278849306099,1737.3874441232838,-89.65533795642986
204.73089265620365,1736.8874531697788,-89.65606334087497
204.73389405129547,1736.3874622519966,-89.65606334087497
204.73689544638728,1735.8874713342143,-89.65606334087497
204.7398968414791,1735.387480416432,-89.7614475786787
204.74197859805224,1734.8874847519985,-89.7614475786787
204.7440603546254,1734.387489087565,-89.7614475786787
204.74614211119854,1733.8874934231314,-89.7614475786787
204.74822386777169,1733.387497758698,-89.76928112840992
204.75023726393783,1732.8875019044763,-89.76928112840992
204.75225066010398,1732.3875060502546,-89.76928112840992
204.75426405627013,1731.887510196033,-89.80171548777838
204.75599441160966,1731.3875131911827,-89.80171548777838
204.7577247669492,1730.8875161863325,-89.80171548777838
204.75945512228873,1730.3875191814823,-89.66909531742515
204.76234279434618,1729.8875275202097,-89.66909531742515
204.76523046640364,1729.387535858937,-89.66909531742515
204.7681181384611,1728.8875441976645,-89.66585900518226
204.7710340521951,1728.3875527002901,-89.7262391997648
204.77342305285936,1727.887559225827,-89.7262391997648
204.77581205352362,1727.387565751364,-89.7262391997648
204.7782010541879,1726.887572276901,-89.76655590553854
204.7802382319727,1726.3875765773837,-89.76655590553854
204.78227540975752,1725.8875808778664,-89.76655590553854
204.78431258754233,1725.3875851783491,-89.66478869156579
204.78723783970042,1724.8875940200985,-89.66478869156579
204.79016309185852,1724.3876028618479,-89.66478869156579
204.7930883440166,1723.8876117035973,-89.6301145547703
204.79631617844962,1723.387622522804,-89.6301145547703
204.79954401288262,1722.8876333420105,-89.6301145547703
204.80277184731563,1722.3876441612172,-89.64923528801116
204.8058328250952,1721.887653965727,-89.64923528801116
204.80889380287476,1721.3876637702367,-89.64923528801116
204.81195478065433,1720.8876735747465,-89.66995476468823
204.81483494757038,1720.3876827683969,-89.7507846279434
204.81700975420813,1719.8876877049101,-89.7507846279434
204.81918456084588,1719.3876926414234,-89.7507846279434
204.82135936748364,1718.8876975779367,-89.754987204501
204.8234974982704,1718.387702779132,-89.64344346339035
204.82660901997804,1717.887712617589,-89.64344346339035
204.82972054168567,1717.3877224560458,-89.64344346339035
204.8328320633933,1716.8877322945027,-89.65385695559038
204.83585271062543,1716.3877417991578,-89.65385695559038
204.83887335785755,1715.8877513038128,-89.65385695559038
204.84189400508967,1715.3877608084679,-89.7019148235214
204.84449527556092,1714.8877678989177,-89.7019148235214
204.84709654603216,1714.3877749893675,-89.7019148235214
204.8496978165034,1713.8877820798173,-89.7019148235214
204.85229908697465,1713.387789170267,-89.72989627570693
204.85465617584532,1712.8877951619154,-89.72989627570693
204.857013264716,1712.3878011535637,-89.72989627570693
204.85937035358666,1711.887807145212,-89.73257687797677
204.86170405003452,1711.3878130341539,-89.73257687797677
204.86403774648238,1710.8878189230957,-89.73257687797677
204.86637144293024,1710.3878248120375,-89.66399809121378
204.86930359334565,1709.8878338493741,-89.66399809121378
204.87223574376105,1709.3878428867108,-89.66399809121378
204.87516789417646,1708.8878519240475,-89.59325975711224
204.87871733717304,1708.387865284875,-89.78648813114575
204.88058057525245,1707.8878687994827,-89.78648813114575
204.88244381333186,1707.3878723140904,-89.78648813114575
204.88430705141127,1706.887875828698,-89.77245421802148
204.88629275621736,1706.3878801548155,-89.77245421802148
204.88827846102345,1705.887884480933,-89.77245421802148
204.89026416582954,1705.3878888070506,-89.5955298559219
204.89379380208175,1704.8879015915818,-89.5955298559219
204.89732343833396,1704.387914376113,-89.5955298559219
204.90085307458617,1703.8879271606443,-89.58446785183783
204.904479243781,1703.3879404593652,-89.58446785183783
204.90810541297583,1702.887953758086,-89.58446785183783
204.91173158217066,1702.387967056807,-89.58003391836408
204.9153964447322,1701.887980496059,-89.58003391836408
204.91906130729376,1701.3879939353112,-89.58003391836408
204.9227261698553,1700.8880073745634,-89.55696244761671
204.92659235987207,1700.388022769078,-89.76630450824882
204.92863173029377,1699.8880273725736,-89.76630450824882
204.93067110071547,1699.3880319760692,-89.76630450824882
204.93271047113717,1698.8880365795649,-89.71803121715628
204.9351711025588,1698.3880427298589,-89.76572890042608
204.93721549624183,1697.8880473093966,-89.76572890042608
204.93925988992487,1697.3880518889343,-89.76572890042608
204.9413042836079,1696.888056468472,-89.73581375065537
204.94360973477922,1696.388061914653,-89.73581375065537
204.94591518595053,1695.888067360834,-89.73581375065537
204.94822063712184,1695.3880728070149,-89.70772485006913
204.95077120698772,1694.8880794920992,-89.70772485006913
204.9533217768536,1694.3880861771836,-89.70772485006913
204.9558723467195,1693.888092862268,-89.70772485006913
204.9584229165854,1693.3880995473523,-89.66954361355366
204.96130667447505,1692.8881082295475,-89.66954361355366
204.96419043236472,1692.3881169117426,-89.66954361355366
204.96707419025438,1691.8881255939377,-89.66954361355366
204.96995794814404,1691.3881342761329,-89.72239939335093
204.9723804564096,1690.8881410843119,-89.72239939335093
204.97480296467518,1690.388147892491,-89.73240711943673
204.97713814247913,1689.8881537988786,-89.73240711943673
204.9794733202831,1689.3881597052664,-89.73240711943673
204.98180849808705,1688.8881656116541,-89.73463304252039
204.9841242506534,1688.388171561986,-89.8351391947856
204.985562930578,1687.8881736385472,-89.8351391947856
204.9870016105026,1687.3881757151084,-89.8351391947856
204.9884402904272,1686.8881777916697,-89.81181633329182
204.9900824994579,1686.3881805823091,-89.81181633329182
204.99172470848862,1685.8881833729486,-89.81181633329182
204.99336691751932,1685.388186163588,-89.90177696160575
204.99422407437498,1684.8881871521344,-89.90177696160575
204.99508123123064,1684.3881881406808,-89.90177696160575
204.9959383880863,1683.8881891292272,-89.90177696160575
204.99679554494196,1683.3881901177735,-89.88624272527818
204.99778826378395,1682.8881911041715,-89.88624272527818
204.99878098262593,1682.3881920905694,-89.88624272527818
204.99977370146792,1681.8881930769674,-89.92146934400954
205.00045901050873,1681.388193546619,-89.92146934400954
205.00114431954955,1680.8881940162707,-89.92146934400954
205.00182962859037,1680.3881944859224,-89.82846377511781
205.00332656205455,1679.8881968118774,-89.82846377511781
205.00482349551874,1679.3881991378323,-89.82846377511781
205.00632042898292,1678.8882014637873,-89.76051634812204
205.00841031197206,1678.388205841131,-89.66461776663215
205.0113370552259,1677.8882147734878,-89.66461776663215
205.01426379847976,1677.3882237058447,-89.66461776663215
205.0171905417336,1676.8882326382015,-89.6569043503264
205.0201845974533,1676.3882417287098,-89.6569043503264
205.02317865317298,1675.888250819218,-89.6569043503264
205.02617270889266,1675.3882599097262,-89.66859127587244
205.02906477850047,1674.8882684413152,-89.66859127587244
205.03195684810828,1674.3882769729041,-89.66859127587244
205.0348489177161,1673.888285504493,-89.66859127587244
205.0377409873239,1673.388294036082,-89.66859127587244
205.0406330569317,1672.888302567671,-89.65645597394762
205.04363102356183,1672.3883119885575,-89.65645597394762
205.04662899019195,1671.888321409444,-89.65645597394762
205.04962695682207,1671.3883308303305,-89.6824214113724
205.05239833406813,1670.8883393346982,-89.6824214113724
205.0551697113142,1670.388347839066,-89.60909018899517
205.05858101611966,1669.8883595303257,-89.68012520629635
205.06137243466696,1669.388367523754,-89.68012520629635
205.06416385321427,1668.888375517182,-89.62414985264712
205.06744373830372,1668.3883866820058,-89.68011984909542
205.07023520462235,1667.8883944926986,-89.68011984909542
205.07302667094098,1667.3884023033913,-89.68011984909542
205.0758181372596,1666.888410114084,-89.6915131775835
205.0785101791663,1666.3884174470181,-89.6915131775835
205.081202221073,1665.8884247799522,-89.6915131775835
205.0838942629797,1665.3884321128862,-89.66958611067054
205.08677765170728,1664.8884405001,-89.66958611067054
205.08966104043486,1664.3884488873136,-89.66958611067054
205.09254442916244,1663.8884572745274,-89.66958611067054
205.09542781789003,1663.388465661741,-89.65843135942322
205.0984085483101,1662.8884746512624,-89.65843135942322
205.10138927873015,1662.3884836407838,-89.65843135942322
205.10437000915022,1661.888492630305,-89.65636711153083
205.10736875317286,1661.3885017330015,-89.65636711153083
205.1103674971955,1660.8885108356978,-89.65636711153083
205.11336624121816,1660.3885199383942,-89.68497676424488
205.1161153231958,1659.8885275893115,-89.68497676424488
205.11886440517344,1659.3885352402287,-89.68497676424488
205.12161348715108,1658.888542891146,-89.72041629531842
205.12405330538297,1658.3885488800559,-89.69728657892813
205.12669496550473,1657.8885559592202,-89.69728657892813
205.12933662562648,1657.3885630383845,-89.69728657892813
205.13197828574823,1656.8885701175489,-89.69474044042788
205.13464216533305,1656.3885772150747,-89.69474044042788
205.13730604491786,1655.8885843126006,-89.69474044042788
205.13996992450268,1655.3885914101265,-89.7996452176235
205.14171834603872,1654.8885945280203,-89.7996452176235
205.14346676757475,1654.3885976459142,-89.7996452176235
205.1452151891108,1653.888600763808,-89.77778733908728
205.14715435539767,1653.3886045597792,-89.77778733908728
205.14909352168456,1652.8886083557504,-89.77778733908728
205.15103268797145,1652.3886121517216,-89.77266544983573
205.15301655095936,1651.888616089649,-89.77266544983573
205.15500041394728,1651.3886200275765,-89.77266544983573
205.1569842769352,1650.888623965504,-89.81196325094488
205.1586252041775,1650.3886266596583,-89.70188353654723
205.1612267493599,1649.8886334277474,-89.70188353654723
205.16382829454233,1649.3886401958366,-89.70188353654723
205.16642983972474,1648.8886469639258,-89.69242637382804
205.16911391306792,1648.3886541682275,-89.81835953298634
205.1706990225149,1647.8886566808058,-89.81835953298634
205.17228413196187,1647.388659193384,-89.81835953298634
205.17386924140885,1646.8886617059622,-89.67321907322713
205.1767209265622,1646.3886700027278,-89.67321907322713
205.17957261171557,1645.8886782994934,-89.67321907322713
205.18242429686893,1645.388686596259,-89.67321907322713
205.1852759820223,1644.8886948930246,-89.67321907322713
205.18812766717565,1644.3887031897902,-89.67321907322713
205.190979352329,1643.8887114865558,-89.67321907322713
205.19383103748237,1643.3887197833214,-89.65820808334202
205.19681371657737,1642.888728741111,-89.65820808334202
205.19979639567237,1642.3887376989005,-89.65820808334202
205.20277907476736,1641.88874665669,-89.79083311986552
205.20460439608212,1641.388749989336,-89.79083311986552
205.20642971739687,1640.888753321982,-89.79083311986552
205.20825503871163,1640.388756654628,-89.85555392407345
205.2095155670071,1639.888758313979,-89.85555392407345
205.21077609530255,1639.38875997333,-89.85555392407345
205.212036623598,1638.888761632681,-89.90476442323833
205.2128677103542,1638.3887623539968,-89.48073529498424
205.2173990867458,1637.8887829950934,-89.48073529498424
205.22193046313737,1637.38880363619,-89.48073529498424
205.22646183952895,1636.8888242772866,-89.5026480686758
205.23080199939363,1636.3888431147625,-89.5026480686758
205.23514215925832,1635.8888619522384,-89.5026480686758
205.239482319123,1635.3888807897142,-89.62447905914044
205.24275933381614,1634.8888915682703,-89.62447905914044
205.24603634850928,1634.3889023468264,-89.62447905914044
205.24931336320242,1633.8889131253825,-89.62447905914044
205.25259037789556,1633.3889239039386,-89.62447905914044
205.2558673925887,1632.8889346824947,-89.61682763900937
205.2592111773148,1632.3889458635194,-89.61682763900937
205.2625549620409,1631.8889570445442,-89.61682763900937
205.265898746767,1631.388968225569,-89.61179170658956
205.2692864757338,1630.8889799333094,-89.61179170658956
205.2726742047006,1630.3889916410499,-89.51866088812609
205.27687463143923,1629.8890092865115,-89.50051621376197
205.28123339454487,1629.3890282856885,-89.50051621376197
205.2855921576505,1628.8890472848655,-89.47443511158382
205.29017850744583,1628.389068838343,-89.6692229581158
205.2930650648242,1627.8890773131084,-89.6692229581158
205.29595162220255,1627.3890857878737,-89.6692229581158
205.2988381795809,1626.889094262639,-89.69153791742899
205.30153000543885,1626.3891016233956,-89.69153791742899
205.3042218312968,1625.8891089841522,-89.69153791742899
205.30691365715472,1625.3891163449089,-89.73069507592953
205.30926377698074,1624.8891219380173,-89.73069507592953
205.31161389680676,1624.3891275311257,-89.73069507592953
205.31396401663278,1623.8891331242341,-89.73069507592953
205.3163141364588,1623.3891387173426,-89.73229672344516
205.31865027788376,1622.889144575661,-89.73229672344516
205.32098641930872,1622.3891504339795,-89.73229672344516
205.3233225607337,1621.889156292298,-89.73275797767924
205.32565467827294,1621.3891618595992,-89.73275797767924
205.3279867958122,1620.8891674269005,-89.73275797767924
205.33031891335145,1620.3891729942018,-89.70484829368733
205.33289458594209,1619.889179735443,-89.70484829368733
205.33547025853272,1619.389186476684,-89.70484829368733
205.33804593112336,1618.8891932179251,-89.63078730979777
205.34126789193044,1618.3892044427114,-89.9397225342169
205.34179390852762,1617.8892079770078,-89.9397225342169
205.3423199251248,1617.3892115113042,-89.9397225342169
205.34284594172198,1616.8892150456006,-89.92468079363069
205.3435032219097,1616.3892182873053,-89.92468079363069
205.34416050209745,1615.88922152901,-89.92468079363069
205.3448177822852,1615.3892247707147,-89.80610924176405
205.3465097944894,1614.889227818789,-89.80610924176405
205.34820180669362,1614.3892308668635,-89.80610924176405
205.34989381889784,1613.889233914938,-89.80610924176405
205.35158583110206,1613.3892369630123,-89.80610924176405
205.35327784330627,1612.8892400110867,-89.80610924176405
205.3549698555105,1612.3892430591611,-89.80610924176405
205.3566618677147,1611.8892461072355,-89.80610924176405
205.35835387991892,1611.38924915531,-89.80610924176405
205.36004589212314,1610.8892522033843,-89.80610924176405
205.36173790432736,1610.3892552514587,-89.91870704905108
205.362447315213,1609.8892583644188,-89.91870704905108
205.36315672609862,1609.3892614773788,-89.91870704905108
205.36386613698426,1608.8892645903388,-89.99111662197723
205.36394365855097,1608.3892680184613,-89.42554124999998
205.36895667022463,1607.8892934126054,-89.42554124999998
205.3739696818983,1607.3893188067495,-89.42554124999998
205.37898269357197,1606.8893442008937,-89.14002663399255
205.38648708575397,1606.389401146478,-89.14002663399255
205.39399147793597,1605.8894580920621,-89.14002663399255
205.40149587011797,1605.3895150376463,-89.14002663399255
205.40900026229997,1604.8895719832306,-89.31797567878208
205.4149519065818,1604.3896074195607,-89.31797567878208
205.4209035508636,1603.8896428558908,-89.31797567874881
205.42295874044066,1603.7169977999292,89.05821249696189
208.12195873633027,1767.901997799985,-89.76498989222328
208.12400957789532,1767.4020026794565,-89.76498989222328
208.12606041946037,1766.9020075589278,-89.8463870900608
208.12740094335447,1766.4020093656134,-89.8463870900608
208.12874146724857,1765.902011172299,-89.8463870900608
208.13008199114267,1765.4020129789844,-89.8259901285456
208.13160051122418,1764.9020153435154,-89.8259901285456
208.13311903130568,1764.4020177080463,-89.8259901285456
208.1346375513872,1763.9020200725772,-89.83153891208657
208.1361076483696,1763.4020226494756,-89.83153891208657
208.13757774535202,1762.902025226374,-89.83153891208657
208.13904784233443,1762.4020278032724,-89.83153891208657
208.14051793931685,1761.9020303801708,-89.83309633852166
208.1419744383801,1761.4020352787918,-89.83309633852166
208.14343093744333,1760.9020401774128,-89.83309633852166
208.14488743650656,1760.4020450760338,-89.83309633852166
208.1463439355698,1759.9020499746548,-89.80353113492316
208.1480584463825,1759.4020529474542,-89.80353113492316
208.14977295719518,1758.9020559202536,-89.80353113492316
208.15148746800787,1758.402058893053,-89.8374558943066
208.15290593022462,1757.902061184483,-89.8374558943066
208.15432439244137,1757.402063475913,-89.8374558943066
208.15574285465811,1756.9020657673432,-89.8374558943066
208.15716131687486,1756.4020680587732,-89.8374558943066
208.1585797790916,1755.9020703502033,-89.82857697930318
208.16007572388332,1755.4020729353022,-89.82857697930318
208.16157166867504,1754.902075520401,-89.82857697930318
208.16306761346675,1754.4020781054999,-89.82857697930318
208.16456355825846,1753.9020806905987,-89.8260520019556
208.16608153825246,1753.402083100494,-89.8260520019556
208.16759951824645,1752.9020855103895,-89.8260520019556
208.16911749824044,1752.4020879202849,-89.82030940427117
208.17068559093718,1751.9020906973872,-89.82030940427117
208.17225368363393,1751.4020934744894,-89.82030940427117
208.17382177633067,1750.9020962515917,-89.82030940427117
208.1753898690274,1750.402099028694,-89.82030940427117
208.17695796172416,1749.9021018057963,-89.84369537461637
208.17832197407563,1749.4021040809823,-89.84369537461637
208.1796859864271,1748.9021063561684,-89.84369537461637
208.18104999877858,1748.4021086313544,-89.8368728775943
208.1824735490594,1747.9021108294633,-89.8368728775943
208.18389709934024,1747.402113027572,-89.8368728775943
208.18532064962108,1746.902115225681,-89.87373748292568
208.18642249650998,1746.4021166855582,-89.87373748292568
208.18752434339888,1745.9021181454355,-89.89306347099594
208.18845754002848,1745.402119064244,-89.89306347099594
208.18939073665808,1744.9021199830527,-89.89306347099594
208.1903239332877,1744.4021209018613,-89.89493150083018
208.19124082839653,1743.9021217439706,-89.89493150083018
208.19215772350537,1743.40212258608,-89.89493150083018
208.19307461861422,1742.9021234281893,-89.89395361955127
208.19400004728607,1742.4021243111406,-89.89395361955127
208.19492547595792,1741.902125194092,-89.89395361955127
208.19585090462976,1741.4021260770432,-89.89395361955127
208.1967763333016,1740.9021269599946,-89.89395361955127
208.19770176197346,1740.402127842946,-89.89395361955127
208.1986271906453,1739.9021287258972,-89.87817228328022
208.19969033708935,1739.4021299235874,-89.87817228328022
208.2007534835334,1738.9021311212775,-89.87817228328022
208.20181662997743,1738.4021323189677,-89.87817228328022
208.20287977642147,1737.9021335166578,-89.88228691633918
208.20390701605936,1737.4021346111804,-89.88228691633918
208.20493425569725,1736.902135705703,-89.88228691633918
208.20596149533515,1736.4021368002254,-89.88228691633918
208.20698873497304,1735.902137894748,-89.894845356346
208.20790638177095,1735.4021387720738,-89.894845356346
208.20882402856887,1734.9021396493997,-89.894845356346
208.20974167536679,1734.4021405267256,-89.894845356346
208.2106593221647,1733.9021414040515,-89.89809824934237
208.21154858222667,1733.4021421951081,-89.89809824934237
208.21243784228864,1732.9021429861648,-89.89809824934237
208.2133271023506,1732.4021437772215,-89.88392128199933
208.21434007956793,1731.902144803352,-89.88392128199933
208.21535305678526,1731.4021458294826,-89.88392128199933
208.2163660340026,1730.9021468556132,-89.88392128199933
208.21737901121992,1730.4021478817438,-89.66192628602545
208.22032924381233,1729.9021565856929,-89.49781186230422
208.22471160593489,1729.4021757911596,-89.49781186230422
208.22909396805744,1728.9021949966263,-89.49781186230422
208.23347633018,1728.402214202093,-89.49783511164564
208.23785848453394,1727.902233963433,-89.49783511164564
208.2422406388879,1727.402253724773,-89.49783511164564
208.24662279324184,1726.9022734861128,-89.49783511164564
208.2510049475958,1726.4022932474527,-89.49783511164564
208.25538710194974,1725.9023130087926,-89.49180953787014
208.2598218389346,1725.4023330440489,-89.49180953787014
208.2642565759195,1724.9023530793052,-89.49180953787014
208.26869131290437,1724.4023731145614,-89.49128437247187
208.27313063480813,1723.902392946084,-89.49128437247187
208.2775699567119,1723.4024127776067,-89.49128437247187
208.28200927861565,1722.9024326091294,-89.49128437247187
208.2864486005194,1722.402452440652,-89.4764669139685
208.29101722151245,1721.9024736942456,-89.4764669139685
208.2955858425055,1721.4024949478392,-89.4764669139685
208.30015446349853,1720.9025162014327,-89.4764669139685
208.30472308449157,1720.4025374550263,-89.48150028148709
208.30924778364295,1719.902558228908,-89.48150028148709
208.31377248279432,1719.4025790027897,-89.48150028148709
208.3182971819457,1718.9025997766714,-89.48150028148709
208.32282188109707,1718.4026205505531,-89.47523205539663
208.32740128055445,1717.9026416025333,-89.47523205539663
208.33198068001184,1717.4026626545135,-89.47523205539663
208.33656007946922,1716.9026837064937,-89.47523205539663
208.3411394789266,1716.4027047584739,-89.47523205539663
208.345718878384,1715.902725810454,-89.48591116791884
208.35020508584546,1715.4027463523018,-89.48591116791884
208.35469129330693,1714.9027668941496,-89.48591116791884
208.3591775007684,1714.4027874359974,-89.48591116791884
208.36366370822986,1713.9028079778452,-89.48591116791884
208.36814991569133,1713.402828519693,-89.48591116791884
208.3726361231528,1712.9028490615408,-89.60044666721696
208.37612285498471,1712.4028612914285,-89.721832741653
208.37855031108245,1711.9028675199418,-89.721832741653
208.38097776718018,1711.402873748455,-89.721832741653
208.38340522327792,1710.9028799769683,-89.721832741653
208.38583267937565,1710.4028862054815,-89.721832741653
208.3882601354734,1709.9028924339948,-89.73102277245721
208.3906073953748,1709.4028980700957,-89.73102277245721
208.39295465527618,1708.9029037061966,-89.73102277245721
208.39530191517758,1708.4029093422976,-89.71527214548009
208.39778662398624,1707.9029155626577,-89.71527214548009
208.4002713327949,1707.4029217830177,-89.71527214548009
208.40275604160354,1706.9029280033778,-89.71527214548009
208.4052407504122,1706.402934223738,-89.71527214548009
208.40772545922084,1705.902940444098,-89.71683992183833
208.41019648525628,1705.4029469027603,-89.71683992183833
208.41266751129172,1704.9029533614225,-89.71683992183833
208.41513853732715,1704.4029598200848,-89.7168811883096
208.4176092031189,1703.9029663033655,-89.7168811883096
208.42007986891065,1703.4029727866462,-89.7168811883096
208.4225505347024,1702.9029792699268,-89.70932123433234
208.42508717160774,1702.402986291181,-89.70932123433234
208.4276238085131,1701.902993312435,-89.70932123433234
208.43016044541844,1701.403000333689,-89.70932123433234
208.43269708232378,1700.9030073549432,-89.70932123433234
208.43523371922913,1700.4030143761972,-89.71979529251661
208.43767895522808,1699.9030206859588,-89.71979529251661
208.44012419122703,1699.4030269957204,-89.71979529251661
208.44256942722598,1698.903033305482,-89.71979529251661
208.44501466322492,1698.4030396152436,-89.72595584476221
208.44740613914462,1697.9030456197036,-89.72595584476221
208.4497976150643,1697.4030516241635,-89.72595584476221
208.452189090984,1696.9030576286234,-89.72595584476221
208.4545805669037,1696.4030636330833,-89.7265609512605
208.45696676235423,1695.9030696085613,-89.7265609512605
208.45935295780475,1695.4030755840392,-89.7265609512605
208.46173915325528,1694.9030815595172,-89.71669534264133
208.4642114425684,1694.4030877003324,-89.71669534264133
208.46668373188152,1693.9030938411477,-89.58007538759045
208.47034823184788,1693.4031073756632,-89.58007538759045
208.47401273181424,1692.9031209101788,-89.58007538759045
208.4776772317806,1692.4031344446944,-89.58007538759045
208.48134173174697,1691.90314797921,-89.58007538759045
208.48500623171333,1691.4031615137255,-89.58007538759045
208.4886707316797,1690.903175048241,-89.58915411436443
208.49225600661703,1690.4031880489476,-89.58915411436443
208.49584128155436,1689.9032010496542,-89.58915411436443
208.4994265564917,1689.4032140503607,-89.55728918075867
208.503289896997,1688.9032292047218,-89.55728918075867
208.50715323750228,1688.403244359083,-89.54916461980022
208.51108747750595,1687.903259873524,-89.54916461980022
208.51502171750963,1687.4032753879649,-89.54916461980022
208.5189559575133,1686.9032909024058,-89.54916461980022
208.52289019751697,1686.4033064168468,-89.54916461980022
208.52682443752065,1685.9033219312878,-89.55882277776837
208.53067439500262,1685.4033370173486,-89.55882277776837
208.5345243524846,1684.9033521034094,-89.55882277776837
208.53837430996657,1684.4033671894701,-89.55882277776837
208.54222426744855,1683.903382275531,-89.56096922248003
208.5460554955315,1683.4033970477685,-89.56096922248003
208.54988672361446,1682.903411820006,-89.56096922248003
208.55371795169742,1682.4034265922437,-89.5767842055188
208.55741116958256,1681.9034406466676,-89.5767842055188
208.5611043874677,1681.4034547010915,-89.5767842055188
208.56479760535285,1680.9034687555154,-89.5767842055188
208.568490823238,1680.4034828099393,-89.54275310243129
208.57248101160656,1679.9034988828305,-89.54275310243129
208.57647119997512,1679.4035149557217,-89.54275310243129
208.58046138834368,1678.9035310286129,-89.54275310243129
208.58445157671224,1678.403547101504,-89.56893404443602
208.58821330046283,1677.9035613679644,-89.56893404443602
208.5919750242134,1677.4035756344247,-89.64345350295156
208.59508645842493,1676.9035854540402,-89.64345350295156
208.59819789263645,1676.4035952736558,-89.64345350295156
208.60130932684797,1675.9036050932714,-89.64345350295156
208.6044207610595,1675.403614912887,-89.64345350295156
208.607532195271,1674.9036247325025,-89.64345350295156
208.61064362948252,1674.403634552118,-89.64212738323177
208.6137666364766,1673.9036443745615,-89.64212738323177
208.6168896434707,1673.403654197005,-89.64212738323177
208.6200126504648,1672.9036640194483,-89.64209934463956
208.62313590118947,1672.4036739950975,-89.64209934463956
208.62625915191416,1671.9036839707467,-89.64209934463956
208.62938240263884,1671.4036939463958,-89.64209934463956
208.63250565336352,1670.903703922045,-89.66706623781035
208.63541103089824,1670.4037125845994,-89.66706623781035
208.63831640843296,1669.9037212471537,-89.62624622608905
208.64157800123166,1669.4037320451318,-89.62624622608905
208.64483959403037,1668.90374284311,-89.62624622608905
208.64810118682908,1668.403753641088,-89.65512828014812
208.6511107413114,1667.9037628396486,-89.65512828014812
208.65412029579375,1667.4037720382091,-89.65512828014812
208.65712985027608,1666.9037812367696,-89.65512828014812
208.6601394047584,1666.4037904353302,-89.65512828014812
208.66314895924074,1665.9037996338907,-89.65311615410161
208.66617607332284,1665.4038088042605,-89.65311615410161
208.66920318740495,1664.9038179746303,-89.65311615410161
208.67223030148705,1664.4038271450002,-89.65311615410161
208.67525741556915,1663.90383631537,-89.62012003988785
208.67857246880112,1663.4038473824944,-89.62012003988785
208.6818875220331,1662.9038584496188,-89.62012003988785
208.68520257526507,1662.4038695167433,-89.66314054938488
208.6881421950062,1661.9038809797146,-90.08867701112304
208.6873683475062,1661.403884872801,-90.08867701112304
208.6865945000062,1660.9038887658874,-90.08867701112304
208.6858206525062,1660.4038926589737,-90.08867701112304
208.6850468050062,1659.9038965520601,-90.139016225478
208.6838336610831,1659.4038981518606,-90.139016225478
208.68262051716,1658.9038997516611,-90.139016225478
208.68140737323688,1658.4039013514616,-90.11701438544243
208.68038623085158,1657.9039024206027,-90.11701438544243
208.67936508846628,1657.4039034897437,-90.11701438544243
208.678343946081,1656.9039045588847,-90.11701438544243
208.6773228036957,1656.4039056280258,-90.11701438544243
208.6763016613104,1655.9039066971668,-90.10484096778329
208.67538675178196,1655.4039075344501,-90.10484096778329
208.67447184225352,1654.9039083717335,-90.10484096778329
208.6735569327251,1654.4039092090168,-90.1326627480689
208.67239923288525,1653.9039105492936,-90.1326627480689
208.67124153304542,1653.4039118895705,-90.1326627480689
208.67008383320558,1652.9039132298474,-90.12006550547056
208.6690360648397,1652.4039143570371,-90.12006550547056
208.66798829647382,1651.903915484227,-90.12006550547056
208.66694052810794,1651.4039166114167,-90.12006550547056
208.66589275974206,1650.9039177386064,-90.12006550547056
208.66484499137619,1650.4039188657962,-90.13571092929065
208.66366069121295,1649.9039202695994,-90.13571092929065
208.66247639104972,1649.4039216734027,-90.13571092929065
208.6612920908865,1648.903923077206,-90.13571092929065
208.66010779072326,1648.4039244810092,-90.09371245022035
208.65928999591915,1647.9039252931714,-90.09371245022035
208.65847220111505,1647.4039261053335,-89.6691682872852
208.6613592337212,1646.9039349044763,-89.6691682872852
208.66424626632738,1646.403943703619,-89.6691682872852
208.66713329893355,1645.9039525027617,-89.51511688413615
208.67136465099225,1645.4039705093846,-89.51511688413615
208.67559600305094,1644.9039885160075,-89.51511688413615
208.67982735510964,1644.4040065226304,-89.5319359317479
208.68391193690377,1643.9040234912288,-89.5319359317479
208.6879965186979,1643.4040404598272,-89.5319359317479
208.69208110049203,1642.9040574284256,-89.5319359317479
208.69616568228616,1642.404074397024,-89.53543697063337
208.70021971386404,1641.9040909834778,-89.53543697063337
208.70427374544192,1641.4041075699315,-89.53543697063337
208.7083277770198,1640.9041241563853,-89.53543697063337
208.71238180859768,1640.404140742839,-89.53053866347959
208.71647858455026,1639.904157676026,-89.53053866347959
208.72057536050283,1639.404174609213,-89.53053866347959
208.7246721364554,1638.9041915424,-89.53053866347959
208.728768912408,1638.404208475587,-89.54355650186865
208.73275208907285,1637.904224611321,-89.54355650186865
208.7367352657377,1637.4042407470552,-89.54355650186865
208.74071844240257,1636.9042568827892,-89.54355650186865
208.74470161906743,1636.4042730185233,-89.51494331303631
208.74893448425314,1635.9042912165633,-89.51494331303631
208.75316734943885,1635.4043094146032,-89.51494331303631
208.75740021462457,1634.904327612643,-89.53777046810796
208.76143388441778,1634.404343891834,-89.53777046810796
208.765467554211,1633.904360171025,-89.53777046810796
208.76950122400422,1633.404376450216,-89.53777046810796
208.77353489379743,1632.904392729407,-89.54191025307244
208.77753243838276,1632.4044087102825,-89.54191025307244
208.7815299829681,1631.904424691158,-89.54191025307244
208.78552752755343,1631.4044406720336,-89.54191025307244
208.78952507213876,1630.9044566529092,-89.51586828257905
208.79374986810615,1630.4044745021506,-89.51586828257905
208.79797466407354,1629.904492351392,-89.53833825963179
208.80200337850613,1629.4045086658386,-89.53833825963179
208.80603209293872,1628.9045249802853,-89.53833825963179
208.81006080737131,1628.4045412947319,-89.48748615481858
208.8145332651378,1627.9045623735062,-89.61486739866461
208.81789415456308,1627.4045738537554,-89.61486739866461
208.82125504398834,1626.9045853340047,-89.61486739866461
208.8246159334136,1626.4045968142539,-89.61486739866461
208.82797682283888,1625.904608294503,-89.60563121569284
208.831418311849,1625.404620239067,-89.60563121569284
208.83485980085914,1624.904632183631,-89.60563121569284
208.83830128986926,1624.404644128195,-89.60563121569284
208.8417427788794,1623.904656072759,-89.60369318292743
208.8452011801204,1623.404668118044,-89.60369318292743
208.8486595813614,1622.9046801633287,-89.60369318292743
208.8521179826024,1622.4046922086136,-89.59988023196351
208.85560965774448,1621.9047044227134,-89.59988023196351
208.85910133288655,1621.4047166368132,-89.59988023196351
208.86259300802863,1620.904728850913,-89.59988023196351
208.8660846831707,1620.4047410650128,-89.59988023196351
208.86957635831277,1619.9047532791126,-89.59183263692475
208.8731382597033,1619.404766061071,-89.59183263692475
208.87670016109382,1618.9047788430296,-89.59183263692475
208.88026206248435,1618.404791624988,-89.60281599115096
208.88372811806983,1617.9048037828622,-89.60281599115096
208.8871941736553,1617.4048159407364,-89.60281599115096
208.89066022924078,1616.9048280986106,-89.60281599115096
208.89412628482626,1616.4048402564847,-89.60281599115096
208.89759234041173,1615.9048524143589,-89.60324426871779
208.9010546585131,1615.4048645677221,-89.60324426871779
208.90451697661445,1614.9048767210854,-89.60324426871779
208.9079792947158,1614.4048888744487,-89.60324426871779
208.91144161281716,1613.904901027812,-89.60324426871779
208.9149039309185,1613.4049131811753,-89.60127535489919
208.91838342383278,1612.9049264283278,-89.60127535489919
208.92186291674705,1612.4049396754804,-89.60127535489919
208.9253424096613,1611.904952922633,-89.62680071882559
208.92859915728513,1611.4049646742728,-89.62680071882559
208.93185590490896,1610.9049764259128,-89.62680071882559
208.93511265253278,1610.4049881775527,-89.62680071882559
208.9383694001566,1609.9049999291926,-89.5388109110925
208.9423939805281,1609.405017394783,-89.5388109110925
208.9464185608996,1608.9050348603735,-89.5388109110925
208.95044314127108,1608.4050523259639,-89.51429634433603
208.9546816509186,1607.9050707133197,-89.51429634433603
208.9589201605661,1607.4050891006755,-89.51429634433603
208.9631586702136,1606.9051074880313,-89.51429634433603
208.9673971798611,1606.405125875387,-89.51751024101272
208.97160764564876,1605.9051438292743,-89.51751024101272
208.9758181114364,1605.4051617831615,-89.51751024101272
208.98002857722406,1604.9051797370487,-89.51751024101272
208.9842390430117,1604.405197690936,-89.51751024101272
208.98844950879936,1603.905215644823,-89.52018722136879
208.98995874467073,1603.7249978012405,89.09419127794395
211.5859587424784,1767.9179978016764,-89.41086114846584
211.59109975211788,1767.4180345537552,-89.43214250383888
211.5960551592807,1766.9180594338181,-89.59141089317548
211.59962074156977,1766.4180721600867,-89.6620527436511
211.60256985457397,1765.9180835797129,-89.6620527436511
211.60551896757818,1765.418094999339,-89.76153751953288
211.60759993461363,1764.9181004518932,-89.76153751953288
211.60968090164909,1764.4181059044474,-89.76153751953288
211.61176186868454,1763.9181113570016,-89.76153751953288
211.61384283572,1763.4181168095558,-89.64003216064455
211.616984092356,1762.9181322001016,-89.64003216064455
211.62012534899202,1762.4181475906473,-89.64003216064455
211.62326660562803,1761.918162981193,-89.61759841642674
211.62660361948747,1761.4181808168798,-89.61759841642674
211.6299406333469,1760.9181986525666,-89.68020646001614
211.63273133432108,1760.4182081670713,-89.68020646001614
211.63552203529525,1759.918217681576,-89.68020646001614
211.63831273626943,1759.4182271960806,-89.68020646001614
211.6411034372436,1758.9182367105852,-89.86335509814283
211.64229588301816,1758.418240152216,-89.86335509814283
211.64348832879273,1757.9182435938467,-89.83993541895472
211.64488514454126,1757.4182489140535,-89.83993541895472
211.6462819602898,1756.9182542342603,-89.62866554945664
211.64952243895948,1756.4182652039929,-89.62866554945664
211.65276291762916,1755.9182761737254,-89.62866554945664
211.65600339629884,1755.418287143458,-89.62866554945664
211.65924387496852,1754.9182981131905,-89.79962675950206
211.66099245587372,1754.4183017198477,-89.81285517083555
211.662625598594,1753.918304723577,-89.81285517083555
211.66425874131426,1753.4183077273062,-89.86528169834791
211.6654343784977,1752.918309405678,-89.86528169834791
211.66661001568116,1752.4183110840497,-89.80586397393597
211.66830416481787,1751.9183151487248,-89.82568692624821
211.66982532950783,1751.4183179545835,-89.82568692624821
211.6713464941978,1750.9183207604422,-89.82568692624821
211.67286765888775,1750.4183235663008,-89.82568692624821
211.67438882357771,1749.9183263721595,-89.80090065749145
211.67612628830227,1749.418329768342,-89.80090065749145
211.67786375302683,1748.9183331645243,-89.7955472012541
211.679647931584,1748.4183377232355,-89.54323415838482
211.68363391353762,1747.918354834437,-89.54323415838482
211.68761989549125,1747.4183719456385,-89.51460939534044
211.69185567305692,1746.9183903448845,-89.51460939534044
211.6960914506226,1746.4184087441306,-89.79680400372078
211.6978646659412,1745.9184120421999,-89.79680400372078
211.69963788125983,1745.4184153402691,-89.79680400372078
211.70141109657845,1744.9184186383384,-89.86576572755152
211.7025825082883,1744.4184209624614,-89.86576572755152
211.70375391999812,1743.9184232865844,-89.66092291526458
211.7067129084703,1743.4184320471827,-89.66092291526458
211.7096718969425,1742.918440807781,-89.60481900148136
211.71312047348624,1742.4184528305873,-89.60481900148136
211.71656905003,1741.9184648533935,-89.67487159250135
211.71940631539485,1741.4184729051947,-89.67487159250135
211.7222435807597,1740.9184809569958,-89.67487159250135
211.72508084612457,1740.418489008797,-89.67487159250135
211.72791811148943,1739.9184970605982,-89.67487159250135
211.7307553768543,1739.4185051123993,-89.67487159250135
211.73359264221915,1738.9185131642005,-89.56424199666998
211.73739530946375,1738.4185278937148,-89.55904191610789
211.74124335443616,1737.918542994219,-89.55904191610789
211.74509139940858,1737.4185580947233,-89.69210848932116
211.7477782467446,1736.9185653200277,-89.69210848932116
211.7504650940806,1736.4185725453322,-89.69210848932116
211.7531519414166,1735.9185797706366,-89.69210848932116
211.7558387887526,1735.418586995941,-89.69210848932116
211.75852563608862,1734.9185942212455,-89.70640903691498
211.76108768876384,1734.4186009011069,-89.70640903691498
211.76364974143905,1733.9186075809682,-89.69357413651157
211.76632379875502,1733.4186147413354,-89.69357413651157
211.768997856071,1732.9186219017026,-89.69357413651157
211.77167191338697,1732.4186290620698,-89.67345886655905
211.77452150022293,1731.9186383576487,-89.67681703279325
211.77734178840478,1731.4186463640192,-89.67681703279325
211.78016207658663,1730.9186543703897,-89.67681703279325
211.7829823647685,1730.4186623767603,-89.67681703279325
211.78580265295034,1729.9186703831308,-89.73532056491061
211.78811240853736,1729.4186757181797,-89.78181970336843
211.79001638384386,1728.9186799634997,-89.78181970336843
211.79192035915037,1728.4186842088197,-89.68388343419313
211.79467898051394,1727.9186921972398,-89.68388343419313
211.7974376018775,1727.4187001856599,-89.7078048658801
211.79998747299794,1726.9187069623056,-89.7078048658801
211.80253734411838,1726.4187137389513,-89.64994477267997
211.8055921275634,1725.918724002184,-89.64994477267997
211.8086469110084,1725.4187342654168,-89.64994477267997
211.8117016944534,1724.9187445286495,-89.60828981347814
211.81511998177393,1724.4187565477596,-89.60828981347814
211.81853826909446,1723.9187685668696,-89.73338798662056
211.82086488635866,1723.4187746395703,-89.73338798662056
211.82319150362287,1722.918780712271,-89.71303119013136
211.82569576488174,1722.4187876948913,-89.71303119013136
211.82820002614062,1721.9187946775116,-89.71303119013136
211.8307042873995,1721.418801660132,-89.64626699910647
211.83379116815127,1720.918811579027,-89.64626699910647
211.83687804890303,1720.4188214979222,-89.64626699910647
211.8399649296548,1719.9188314168173,-89.64626699910647
211.84305181040656,1719.4188413357124,-89.65090418197482
211.846098227026,1718.918850656909,-89.65090418197482
211.84914464364545,1718.4188599781055,-89.61270568035216
211.85252439730743,1717.9188715675793,-89.61270568035216
211.85590415096942,1717.4188831570532,-89.6864700798763
211.85864020127042,1716.9188907799555,-89.6864700798763
211.86137625157141,1716.4188984028578,-89.6864700798763
211.8641123018724,1715.9189060257602,-89.6864700798763
211.8668483521734,1715.4189136486625,-89.6924085794435
211.8695325788358,1714.9189212196063,-89.67934586247962
211.87233079755924,1714.4189293891116,-89.67934586247962
211.8751290162827,1713.9189375586168,-89.7223333375845
211.8775521039438,1713.4189437592026,-89.7223333375845
211.8799751916049,1712.9189499597885,-89.6971345898558
211.88261817702903,1712.4189572415153,-89.6971345898558
211.88526116245316,1711.918964523242,-89.67373144702117
211.8881083750556,1711.418973026355,-89.67373144702117
211.89095558765803,1710.9189815294678,-89.67373144702117
211.89380280026046,1710.4189900325807,-90.04291143546895
211.89342832738726,1709.918990185672,-90.04291143546895
211.89305385451405,1709.4189903387635,-90.059700813228
211.8925328669792,1708.918990849491,-90.059700813228
211.89201187944434,1708.4189913602183,-89.60970496540916
211.89541781980188,1707.919002961599,-89.54256003813646
211.8994096927887,1707.4190190643908,-89.54256003813646
211.90340156577554,1706.9190351671825,-89.7651903519167
211.905450660773,1706.4190393669505,-89.7651903519167
211.90749975577046,1705.9190435667185,-89.7651903519167
211.90954885076792,1705.4190477664865,-89.7651903519167
211.91159794576538,1704.9190519662545,-89.7651903519167
211.91364704076284,1704.4190561660225,-89.82983302630521
211.91513202556428,1703.9190583712118,-89.82983302630521
211.9166170103657,1703.419060576401,-89.78444678902906
211.91849806184473,1702.9190643024506,-89.78444678902906
211.92037911332375,1702.4190680285,-89.62654865409786
211.92363806583944,1701.9190789868858,-89.62654865409786
211.92689701835513,1701.4190899452715,-89.62654865409786
211.93015597087083,1700.9191009036572,-89.62654865409786
211.93341492338652,1700.4191118620429,-89.62654865409786
211.93667387590222,1699.9191228204286,-89.5754684350899
211.940378576561,1699.419136847205,-89.5754684350899
211.94408327721976,1698.9191508739814,-89.56619608589897
211.9478688921174,1698.419165500726,-89.56619608589897
211.95165450701506,1697.9191801274706,-89.60661347528394
211.95508742508412,1697.4191919131022,-89.60816870960242
211.95850677149554,1696.9192036052275,-89.60816870960242
211.96192611790696,1696.4192152973528,-89.63408738925817
211.9651192845762,1695.9192257350178,-89.63408738925817
211.96831245124542,1695.4192361726828,-89.63408738925817
211.97150561791466,1694.9192466103477,-89.63408738925817
211.9746987845839,1694.4192570480127,-89.63408738925817
211.97789195125313,1693.9192674856777,-89.63408738925817
211.98108511792236,1693.4192779233426,-89.63408738925817
211.9842782845916,1692.9192883610076,-89.63408738925817
211.98747145126083,1692.4192987986726,-89.621349077715
211.9907757798493,1691.9193097194166,-89.64491930537669
211.99387442362809,1691.4193193214198,-89.5981418671174
211.9973812686477,1690.919331619639,-89.48069086044933
212.0019130312245,1690.4193524367201,-89.45210805951807
212.00669421019688,1689.919376061763,-89.607489949428
212.01011947676318,1689.4193882332634,-89.607489949428
212.01354474332948,1688.9194004047638,-89.60352509058265
212.01700460956113,1688.4194127284713,-89.60352509058265
212.02046447579278,1687.919425052179,-89.67694342176648
212.0232836613245,1687.4194330019452,-89.68075055693282
212.02606962386574,1686.9194407638176,-89.68075055693282
212.02885558640696,1686.41944852569,-89.5914777020247
212.03242058542742,1685.9194612851438,-89.5914777020247
212.03598558444787,1685.4194740445976,-89.5914777020247
212.03955058346833,1684.9194868040513,-89.5914777020247
212.04311558248878,1684.419499563505,-89.61277668850505
212.04649471761127,1683.9195109846742,-89.61277668850505
212.04987385273375,1683.4195224058433,-89.63598025835515
212.05305049889023,1682.9195331249812,-89.63598025835515
212.0562271450467,1682.419543844119,-89.63893131955334
212.05937804115968,1681.9195540391818,-89.63893131955334
212.06252893727265,1681.4195642342445,-89.61886776734758
212.0658549141533,1680.9195760125544,-89.61886776734758
212.06918089103397,1680.4195877908644,-89.6335039238044
212.07237914582663,1679.9195988030333,-89.6335039238044
212.0755774006193,1679.4196098152022,-89.6335039238044
212.07877565541196,1678.919620827371,-89.54939090117963
212.0827079210784,1678.4196362907942,-89.54939090117963
212.08664018674483,1677.9196517542173,-89.54720194802816
212.0905915540411,1677.4196673677723,-89.54720194802816
212.0945429213374,1676.9196829813272,-89.61325323228314
212.0979178970864,1676.419694498758,-89.61325323228314
212.10129287283542,1675.9197060161887,-89.61325323228314
212.10466784858443,1675.4197175336194,-89.61325323228314
212.10804282433344,1674.9197290510501,-89.61325323228314
212.11141780008245,1674.4197405684808,-89.61325323228314
212.11479277583146,1673.9197520859116,-89.61325323228314
212.11816775158047,1673.4197636033423,-89.61325323228314
212.12154272732948,1672.919775120773,-89.6129364308739
212.12492046704915,1672.4197867426442,-89.6129364308739
212.12829820676882,1671.9197983645154,-89.5894093120466
212.13188125544002,1671.419811252151,-89.70156239897736
212.13448560089546,1670.9198184462464,-89.65741117304964
212.13747523446057,1670.4198274053033,-89.65741117304964
212.14046486802567,1669.9198363643602,-89.65712759019091
212.14345697637668,1669.4198453210108,-89.64550585717342
212.14655050019712,1668.9198551218687,-89.64550585717342
212.14964402401756,1668.4198649227267,-89.70083671584544
212.15225470317148,1667.9198719564492,-89.70083671584544
212.1548653823254,1667.4198789901718,-89.75793617085957
212.15697778036395,1666.919883709624,-89.75885849563007
212.15908212934164,1666.4198884746238,-89.75885849563007
212.16118647831934,1665.9198932396237,-89.75885849563007
212.16329082729703,1665.4198980046235,-89.75885849563007
212.16539517627473,1664.9199027696234,-89.7589910485312
212.16749836991585,1664.4199071981957,-89.7589910485312
212.16960156355697,1663.919911626768,-89.7587753679283
212.17170663836566,1663.4199162969949,-89.7587753679283
212.17381171317436,1662.9199209672217,-89.63609135530743
212.17698739036553,1662.4199315986903,-89.63005417997103
212.18021575015075,1661.9199426545222,-89.59100302848474
212.18378487627274,1661.4199575589278,-89.59100302848474
212.18735400239473,1660.9199724633334,-89.59100302848474
212.19092312851672,1660.419987367739,-89.77151666415392
212.19291700077815,1659.9199952808874,-89.77151666415392
212.1949108730396,1659.4200031940359,-89.81446060956452
212.19653000466735,1658.9200064857564,-89.81446060956452
212.19814913629511,1658.420009777477,-89.72877453352963
212.20051601596583,1657.9200154202047,-89.72877453352963
212.20288289563655,1657.4200210629324,-89.70176237418562
212.20548549605303,1656.920028238556,-89.67115974940907
212.2083551527952,1656.420036481613,-89.67115974940907
212.21122480953738,1655.9200447246699,-89.67115974940907
212.21409446627956,1655.4200529677269,-89.6435406512124
212.21720513970115,1654.9200628296762,-89.6435406512124
212.22031581312274,1654.4200726916256,-89.61143952656622
212.22370661547473,1653.9200844044608,-89.66604587768434
212.2266208982959,1653.4200929268013,-89.65238484419585
212.22965439417317,1652.920102130968,-89.65238484419585
212.23268789005044,1652.4201113351346,-89.65238484419585
212.23572138592772,1651.9201205393013,-89.69880818968522
212.23834976800174,1651.4201274868494,-89.69880818968522
212.24097815007576,1650.9201344343976,-89.69880818968522
212.24360653214978,1650.4201413819458,-89.69880818968522
212.2462349142238,1649.920148329494,-89.69880818968522
212.24886329629783,1649.420155277042,-89.57877507273344
212.2525391429392,1648.920168949892,-89.57877507273344
212.2562149895806,1648.420182622742,-89.61155098094021
212.2596048207057,1647.9201941264346,-89.61967274580672
212.26292377563993,1647.4202054587504,-89.66861850286735
212.26581560678278,1646.9202141391552,-89.66861850286735
212.26870743792563,1646.42022281956,-89.66861850286735
212.27159926906847,1645.9202314999648,-89.66861850286735
212.27449110021132,1645.4202401803695,-89.66861850286735
212.27738293135417,1644.9202488607743,-89.66861850286735
212.28027476249702,1644.4202575411791,-89.69612568965243
212.28292654987717,1643.9202652900867,-89.69612568965243
212.28557833725733,1643.4202730389943,-89.69866029401963
212.28820800617825,1642.9202807098184,-89.69866029401963
212.29083767509917,1642.4202883806424,-89.75208496686415
212.29300113491286,1641.920293114878,-89.75208496686415
212.29516459472654,1641.4202978491135,-89.75208496686415
212.29732805454023,1640.920302583349,-89.75208496686415
212.29949151435392,1640.4203073175845,-89.75208496686415
212.3016549741676,1639.92031205182,-89.80118982843852
212.30338991671522,1639.4203150650212,-89.80118982843852
212.30512485926283,1638.9203180782224,-89.813736038292
212.3067503154865,1638.4203209104462,-89.813736038292
212.3083757717102,1637.92032374267,-89.79602362611703
212.3101557975973,1637.4203269148613,-89.79602362611703
212.31193582348442,1636.9203300870527,-89.79359934106527
212.31373700469442,1636.4203334514236,-89.79359934106527
212.31553818590442,1635.9203368157946,-89.71666775704288
212.31801071472478,1635.4203432044187,-89.71666775704288
212.32048324354514,1634.9203495930428,-89.71666775704288
212.3229557723655,1634.420355981667,-89.71666775704288
212.32542830118587,1633.920362370291,-89.71666775704288
212.32790083000623,1633.4203687589152,-89.71666775704288
212.3303733588266,1632.9203751475393,-89.69132987187092
212.3330670008022,1632.4203824058798,-89.69132987187092
212.3357606427778,1631.9203896642202,-89.6816170885116
212.33853904235207,1631.4203975944715,-89.6816170885116
212.34131744192632,1630.9204055247228,-89.79331378683655
212.34312111440204,1630.420409077774,-89.79331378683655
212.34492478687775,1629.920412630825,-89.82005168863566
212.3464951276295,1629.4204157097186,-89.82005168863566
212.34806546838126,1628.920418788612,-89.66210452133062
212.35101414388635,1628.4204277746867,-89.66210452133062
212.35396281939143,1627.9204367607613,-89.58840108984437
212.35755466485978,1627.4204499027899,-89.58840108984437
212.36114651032813,1626.9204630448185,-89.58127941768464
212.36480050314003,1626.4204765425773,-89.58127941768464
212.36845449595194,1625.920490040336,-89.58127941768464
212.37210848876384,1625.4205035380949,-89.58127941768464
212.37576248157575,1624.9205170358537,-89.58127941768464
212.37941647438765,1624.4205305336125,-89.58127941768464
212.38307046719956,1623.9205440313713,-89.72875231492498
212.3854375396296,1623.4205499142092,-89.72875231492498
212.38780461205965,1622.9205557970472,-89.74774945158264
212.39000590493185,1622.4205609429187,-89.71871970552509
212.3924605268552,1621.9205673442848,-89.71871970552509
212.39491514877852,1621.420573745651,-89.74643625510822
212.39712790242208,1620.9205786960852,-89.74643625510822
212.39934065606565,1620.4205836465194,-89.74643625510822
212.4015534097092,1619.9205885969536,-89.50926572505581
212.40583582177044,1619.4206069369504,-89.48972282151443
212.41028877133465,1618.920626766166,-89.48972282151443
212.41474172089886,1618.4206465953814,-89.47014262433392
212.41936553287837,1617.9206679754768,-89.51039959623849
212.42363805041418,1617.4206862302162,-89.51039959623849
212.42791056795,1616.9207044849556,-89.64691387074303
212.430991799715,1616.420715030863,-89.64691387074303
212.43407303148,1615.9207255767703,-89.64691387074303
212.43715426324502,1615.4207361226777,-89.64691387074303
212.44023549501003,1614.920746668585,-89.64691387074303
212.44331672677504,1614.4207572144924,-89.64691387074303
212.44639795854005,1613.9207677603997,-89.64691387074303
212.44947919030506,1613.420778306307,-89.64691387074303
212.45256042207006,1612.9207888522144,-89.64691387074303
212.45564165383507,1612.4207993981217,-89.64691387074303
212.45872288560008,1611.920809944029,-89.90985994859831
212.4595095043145,1611.4208113913644,-89.90985994859831
212.4602961230289,1610.9208128386997,-89.90985994859831
212.46108274174333,1610.420814286035,-89.90985994859831
212.46186936045774,1609.9208157333703,-89.75435213876531
212.4640130358673,1609.4208203316757,-89.74781135266797
212.46621378921418,1608.9208253256797,-89.74781135266797
212.46841454256105,1608.4208303196838,-89.68192969481333
212.47119021526942,1607.9208380374469,-89.68192969481333
212.47396588797778,1607.42084575521,-89.71615999038926
212.47644284788396,1606.920852157175,-89.71615999038926
212.47891980779013,1606.42085855914,-89.71774825006406
212.48138290839108,1605.9208647508217,-89.71774825006406
212.48384600899203,1605.4208709425034,-89.72156852966032
212.4862757710756,1604.9208771143099,-89.72156852966032
212.4887055331592,1604.4208832861164,-89.7286385789371
212.4910735980901,1603.9208891781257,-89.72863857891323
212.49195875035366,1603.733997800853,-179.86221156803356
205.42295874044066,1603.7169977999292,-89.34811673420211
205.4286473678318,1603.2170305605575,-89.7095165758772
205.43118230279913,1602.7170370377285,-89.7095165758772
205.43371723776647,1602.2170435148994,-89.7095165758772
205.43625217273382,1601.7170499920703,-89.7095165758772
205.43878710770116,1601.2170564692412,-89.7095165758772
205.4413220426685,1600.7170629464122,-89.7095165758772
205.44385697763585,1600.217069423583,-89.39270241430793
205.44915654844056,1599.7170976200127,-89.39270241430793
205.45445611924526,1599.2171258164424,-89.39270241430793
205.45975569004997,1598.717154012872,-89.68093023022053
205.46254008299013,1598.2171620677177,-89.68093023022053
205.4653244759303,1597.7171701225634,-89.68093023022053
205.46810886887044,1597.217178177409,-89.75452103117199
205.4702510698478,1596.7171829051167,-89.75452103117199
205.47239327082514,1596.2171876328243,-89.75452103117199
205.47453547180248,1595.717192360532,-89.66874933745288
205.4774261628943,1595.2172007443928,-89.66874933745288
205.4803168539861,1594.7172091282537,-89.66874933745288
205.4832075450779,1594.2172175121145,-89.66874933745288
205.4860982361697,1593.7172258959754,-89.66874933745288
205.48898892726152,1593.2172342798362,-89.66874933745288
205.49187961835332,1592.717242663697,-89.66874933745288
205.49477030944513,1592.217251047558,-89.66874933745288
205.49766100053694,1591.7172594314188,-89.66874933745288
205.50055169162874,1591.2172678152797,-89.66874933745288
205.50344238272055,1590.7172761991405,-89.72311547853224
205.50585864516802,1590.217282331657,-89.72311547853224
205.5082749076155,1589.7172884641736,-89.72311547853224
205.51069117006296,1589.2172945966902,-89.76563488730316
205.51273638571774,1588.7172987982078,-89.76563488730316
205.51478160137253,1588.2173029997255,-89.84492253654972
205.5161349058866,1587.7173048311765,-89.84492253654972
205.51748821040064,1587.2173066626276,-89.84492253654972
205.5188415149147,1586.7173084940787,-89.88427241064092
205.51985142796286,1586.217309514004,-89.88427241064092
205.52086134101103,1585.7173105339293,-89.88427241064092
205.5218712540592,1585.2173115538546,-89.77681168588455
205.52381893460017,1584.7173153473286,-89.77681168588455
205.52576661514115,1584.2173191408026,-89.80811351583114
205.5274411371323,1583.7173220487346,-89.80811351583114
205.52911565912348,1583.2173249566665,-89.80811351583114
205.53079018111464,1582.7173278645985,-89.77209026344397
205.53277906351968,1582.2173318203077,-89.77209026344397
205.53476794592473,1581.7173357760169,-89.77209026344397
205.53675682832977,1581.217339731726,-89.77209026344397
205.53874571073482,1580.7173436874352,-89.77209026344397
205.54073459313986,1580.2173476431444,-89.88130572401012
205.54177039535864,1579.717348716032,-89.88130572401012
205.54280619757742,1579.2173497889194,-89.88130572401012
205.5438419997962,1578.7173508618068,-89.78486468112547
205.54571940494952,1578.217354455988,-89.78486468112547
205.54759681010285,1577.7173580501692,-89.78486468112547
205.54947421525617,1577.2173616443504,-89.7737482074057
205.5514486290823,1576.7173656445373,-89.7737482074057
205.55342304290843,1576.2173696447242,-89.7737482074057
205.55539745673457,1575.717373644911,-89.85228779114195
205.55668648697235,1575.2173755118192,-89.85228779114195
205.55797551721014,1574.7173773787274,-89.84815986862247
205.55930057075136,1574.217379142943,-89.84815986862247
205.56062562429258,1573.7173809071585,-89.84815986862247
205.5619506778338,1573.217382671374,-89.83987243768586
205.5633480518054,1572.7173849110425,-89.83987243768586
205.564745425777,1572.217387150711,-89.83987243768586
205.5661427997486,1571.7173893903794,-89.83987243768586
205.5675401737202,1571.2173916300478,-89.83987243768586
205.5689375476918,1570.7173938697163,-89.78434452524132
205.57081949224903,1570.2173974224565,-89.78434452524132
205.57270143680626,1569.7174009751968,-89.78434452524132
205.57458338136348,1569.217404527937,-89.80132339605964
205.57631715832633,1568.7174075354806,-89.45877827277661
205.58104013305513,1568.2174304347586,-89.45877827277661
205.58576310778392,1567.7174533340367,-89.45877827277661
205.5904860825127,1567.2174762333148,-89.40564090958144
205.5956727361356,1566.7175045705678,-89.40564090958144
205.6008593897585,1566.217532907821,-89.40564090958144
205.6060460433814,1565.717561245074,-89.50663989109943
205.61035135296072,1565.217581681872,-89.50663989109943
205.61465666254003,1564.71760211867,-89.5037498844825
205.6189871972207,1564.2176220721963,-89.5037498844825
205.62331773190135,1563.7176420257226,-89.5037498844825
205.627648266582,1563.217661979249,-89.52008250608492
205.63183627628314,1562.7176808955878,-89.52008250608492
205.63602428598426,1562.2176998119266,-89.52008250608492
205.6402122956854,1561.7177187282655,-89.52008250608492
205.6444003053865,1561.2177376446043,-89.52008250608492
205.64858831508764,1560.7177565609431,-89.52008250608492
205.65277632478876,1560.217775477282,-89.39074594301901
205.65809295854535,1559.7178047497532,-89.39074594301901
205.66340959230195,1559.2178340222245,-89.39074594301901
205.66872622605854,1558.7178632946957,-89.67960821049965
205.6715221555536,1558.217871424107,-89.67960821049965
205.67431808504864,1557.7178795535183,-89.67960821049965
205.6771140145437,1557.2178876829296,-89.7543748130676
205.67925749205358,1556.717892287591,-89.7543748130676
205.68140096956347,1556.2178968922524,-89.7543748130676
205.68354444707336,1555.7179014969138,-89.72775149813343
205.68592025376313,1555.217907297275,-89.72775149813343
205.6882960604529,1554.717913097636,-89.73184536060091
205.69063614203515,1554.217918692414,-89.73184536060091
205.6929762236174,1553.717924287192,-89.73184536060091
205.69531630519964,1553.2179298819701,-89.73232987070556
205.6976521575192,1552.717935705625,-89.73232987070556
205.69998800983876,1552.2179415292799,-89.73232987070556
205.70232386215832,1551.7179473529347,-89.72271215032502
205.70474364557288,1551.2179532322612,-89.72271215032502
205.70716342898743,1550.7179591115876,-89.76127996497256
205.70924664789163,1550.2179635400757,-89.76127996497256
205.71132986679584,1549.717967968564,-89.76127996497256
205.71341308570004,1549.217972397052,-89.74600547486574
205.71562959775838,1548.7179775479221,-89.74600547486574
205.71784610981672,1548.2179826987922,-89.79998306673296
205.71959158241827,1547.7179859963514,-89.79998306673296
205.72133705501983,1547.2179892939107,-89.79998306673296
205.7230825276214,1546.71799259147,-89.8150658555197
205.72469637550887,1546.2179964881045,-89.8150658555197
205.72631022339635,1545.718000384739,-89.8150658555197
205.72792407128384,1545.2180042813736,-89.8150658555197
205.72953791917132,1544.7180081780082,-89.8150658555197
205.7311517670588,1544.2180120746427,-89.80987930330527
205.73281087941507,1543.7180150279635,-89.80987930330527
205.73446999177133,1543.2180179812842,-89.80987930330527
205.7361291041276,1542.718020934605,-89.82418475065249
205.73766337677012,1542.2180240830696,-89.82418475065249
205.73919764941263,1541.7180272315343,-89.81116725115511
205.7408455177108,1541.2180315612527,-89.81116725115511
205.74249338600896,1540.7180358909711,-89.81116725115511
205.74414125430712,1540.2180402206895,-89.80932026315199
205.74580524512476,1539.7180432068687,-89.80932026315199
205.7474692359424,1539.218046193048,-89.80932026315199
205.74913322676002,1538.7180491792271,-89.76983840775353
205.7511417601421,1538.2180532169732,-89.76983840775353
205.7531502935242,1537.7180572547193,-89.76983840775353
205.75515882690627,1537.2180612924653,-89.74118162672534
205.75741743528317,1536.7180664670627,-89.74118162672534
205.75967604366008,1536.2180716416601,-89.74118162672534
205.76193465203698,1535.7180768162575,-89.64220941553634
205.76505694245702,1535.218086749721,-89.64220941553634
205.76817923287706,1534.7180966831843,-89.65337765235985
205.7712040648879,1534.2181058579715,-89.65337765235985
205.77422889689876,1533.7181150327588,-89.65337765235985
205.7772537289096,1533.218124207546,-89.62538037708899
205.78052287798243,1532.7181349815,-89.62538037708899
205.78379202705526,1532.218145755454,-89.62538037708899
205.78706117612808,1531.7181565294081,-89.60787152572595
205.79048311544898,1531.2181683047913,-89.60787152572595
205.79390505476988,1530.7181800801745,-89.733460531963
205.79623104156929,1530.2181855899462,-89.733460531963
205.7985570283687,1529.7181910997178,-89.733460531963
205.8008830151681,1529.2181966094895,-89.70451582119702
205.80346158953625,1528.718203279036,-89.72576292676384
205.8058547423061,1528.2182106823186,-89.72576292676384
205.80824789507597,1527.7182180856012,-89.72576292676384
205.81064104784582,1527.2182254888837,-89.73094783946092
205.812988959089,1526.71823167419,-89.73094783946092
205.8153368703322,1526.2182378594964,-89.73094783946092
205.8176847815754,1525.7182440448028,-89.75846102981848
205.81979259895195,1525.218248850879,-89.75846102981848
205.8219004163285,1524.7182536569553,-89.79649794057059
205.82367629605585,1524.218258788504,-89.79649794057059
205.8254521757832,1523.7182639200528,-89.79649794057059
205.82722805551055,1523.2182690516015,-89.79439306241736
205.82902230953346,1522.7182725883783,-89.79439306241736
205.83081656355637,1522.2182761251552,-89.79439306241736
205.83261081757928,1521.718279661932,-89.79439306241736
205.8344050716022,1521.2182831987088,-89.79439306241736
205.8361993256251,1520.7182867354857,-89.7478384140328
205.83839983155553,1520.2182942877862,-89.7478384140328
205.84060033748597,1519.7183018400867,-89.7478384140328
205.8428008434164,1519.2183093923873,-89.69606127901619
205.84545317836614,1518.7183198796465,-89.69481716335399
205.8481163858321,1518.2183274607034,-89.69481716335399
205.85077959329806,1517.7183350417604,-89.69481716335399
205.85344280076401,1517.2183426228173,-89.69451918443413
205.856108610207,1516.718349906411,-89.69451918443413
205.85877441965,1516.2183571900048,-89.69451918443413
205.86144022909298,1515.7183644735985,-89.64970471410234
205.86449711306636,1515.2183738230358,-89.64970471410234
205.86755399703975,1514.718383172473,-89.64970471410234
205.87061088101314,1514.2183925219103,-89.64970471410234
205.87366776498652,1513.7184018713476,-89.64970471410234
205.8767246489599,1513.218411220785,-89.65532085082373
205.87973252334996,1512.718420347233,-89.65532085082373
205.88274039774,1512.218429473681,-89.65532085082373
205.88574827213006,1511.718438600129,-89.61433450566362
205.88911381010314,1511.2184503662893,-89.61433450566362
205.89247934807622,1510.7184621324495,-89.61433450566362
205.8958448860493,1510.2184738986098,-89.68646777210792
205.89858095721434,1509.7184813890867,-89.68646777210792
205.90131702837937,1509.2184888795637,-89.68646777210792
205.9040530995444,1508.7184963700406,-89.73967089341124
205.90632489175084,1508.2185015313974,-89.66332934688545
205.909262879999,1507.7185102552683,-89.66332934688545
205.91220086824717,1507.2185189791392,-89.66332934688545
205.91513885649533,1506.71852770301,-89.76416299867681
205.91719691630806,1506.2185320507253,-89.76416299867681
205.91925497612078,1505.7185363984406,-89.76416299867681
205.9213130359335,1505.218540746156,-89.76416299867681
205.92337109574623,1504.7185450938712,-89.76416299867681
205.92542915555896,1504.2185494415864,-89.76416299867681
205.92748721537168,1503.7185537893017,-89.66388748814025
205.93042033289169,1503.218562503619,-89.66388748814025
205.9333534504117,1502.7185712179364,-89.66388748814025
205.9362865679317,1502.2185799322538,-89.68440929199758
205.93795874464558,1501.914997802116,88.28293521004723
208.98995874467073,1603.7249978012405,-89.57242739807725
208.99368998488603,1603.2250117235878,-89.53196217013833
208.9977743397643,1602.725028439425,-89.53196217013833
209.00185869464258,1602.225045155262,-89.53196217013833
209.00594304952085,1601.7250618710991,-89.53196217013833
209.01002740439912,1601.2250785869362,-89.53196217013833
209.0141117592774,1600.7250953027733,-89.51859362404882
209.01831275588154,1600.2251149887443,-89.51859362404882
209.02251375248568,1599.7251346747153,-89.51859362404882
209.02671474908982,1599.2251543606862,-89.51859362404882
209.03091574569396,1598.7251740466572,-89.51385854853588
209.0351580792177,1598.2251920506476,-89.51385854853588
209.03940041274143,1597.725210054638,-89.51385854853588
209.04364274626516,1597.2252280586283,-89.51385854853588
209.0478850797889,1596.7252460626187,-89.53817678269277
209.05191520400047,1596.2252623049474,-89.53817678269277
209.05594532821203,1595.725278547276,-89.53817678269277
209.0599754524236,1595.2252947896047,-89.53817678269277
209.06400557663517,1594.7253110319334,-89.7386918110489
209.06628591219715,1594.2253163771986,-89.7386918110489
209.06856624775912,1593.7253217224638,-89.76657266132966
209.07060327973818,1593.2253259205252,-89.76657266132966
209.07264031171724,1592.7253301185865,-89.76657266132966
209.0746773436963,1592.2253343166478,-89.76657266132966
209.07671437567535,1591.7253385147092,-89.76657266132966
209.0787514076544,1591.2253427127705,-89.79010684754914
209.0805830667008,1590.7253461088767,-89.79010684754914
209.08241472574719,1590.225349504983,-89.79010684754914
209.08424638479357,1589.725352901089,-89.79010684754914
209.08607804383996,1589.2253562971953,-89.79010684754914
209.08790970288635,1588.7253596933015,-89.77057732435352
209.0899117880689,1588.2253637021054,-89.77057732435352
209.09191387325143,1587.7253677109093,-89.77057732435352
209.09391595843397,1587.2253717197132,-89.77057732435352
209.0959180436165,1586.725375728517,-89.77057732435352
209.09792012879905,1586.225379737321,-89.78912094523565
209.09976039130197,1585.725383193681,-89.78912094523565
209.1016006538049,1585.225386650041,-89.78912094523565
209.10344091630782,1584.725390106401,-89.79155073456081
209.10525997498098,1584.22539350242,-89.79155073456081
209.10707903365414,1583.7253968984392,-89.79155073456081
209.1088980923273,1583.2254002944583,-89.79155073456081
209.11071715100047,1582.7254036904774,-89.76946819430869
209.11272891509213,1582.2254077377477,-89.76946819430869
209.1147406791838,1581.725411785018,-89.76946819430869
209.11675244327546,1581.2254158322883,-89.76946819430869
209.11876420736712,1580.7254198795586,-89.76946819430869
209.12077597145878,1580.2254239268289,-89.76937093987034
209.12278858393245,1579.7254280560703,-89.76937093987034
209.1248011964061,1579.2254321853118,-89.76937093987034
209.12681380887977,1578.7254363145532,-89.80988856222272
209.1284728396962,1578.225439490933,-89.60370005058944
209.13193117624746,1577.72545222391,-89.60370005058944
209.13538951279872,1577.225464956887,-89.60370005058944
209.13884784935,1576.725477689864,-89.60370005058944
209.14230618590125,1576.225490422841,-89.60331384526242
209.14576789645878,1575.7255026281398,-89.60331384526242
209.1492296070163,1575.2255148334386,-89.60331384526242
209.15269131757384,1574.7255270387375,-89.60331384526242
209.15615302813137,1574.2255392440363,-89.60331384526242
209.1596147386889,1573.7255514493352,-89.59909913285264
209.16311322767353,1573.225564049254,-89.59909913285264
209.16661171665817,1572.7255766491728,-89.59909913285264
209.1701102056428,1572.2255892490916,-89.59909913285264
209.17360869462743,1571.7256018490104,-89.59909913285264
209.17710718361207,1571.2256144489293,-89.60706612692813
209.18053614585892,1570.7256270508992,-89.60706612692813
209.18396510810578,1570.2256396528692,-89.60706612692813
209.18739407035264,1569.7256522548391,-89.60706612692813
209.1908230325995,1569.225664856809,-89.60706612692813
209.19425199484635,1568.725677458779,-89.6040594136679
209.19770719117878,1568.2256907871242,-89.6040594136679
209.2011623875112,1567.7257041154694,-89.6040594136679
209.20461758384363,1567.2257174438146,-89.6040594136679
209.20807278017605,1566.7257307721597,-89.6040594136679
209.21152797650848,1566.225744100505,-89.59727055811247
209.2150424178884,1565.7257574561875,-89.59727055811247
209.21855685926835,1565.22577081187,-89.59727055811247
209.22207130064828,1564.7257841675525,-89.59585312215289
209.22559811159147,1564.2257975490147,-89.59585312215289
209.22912492253465,1563.7258109304769,-89.59585312215289
209.23265173347784,1563.225824311939,-89.60220290810032
209.23612312739726,1562.7258381913173,-89.60220290810032
209.2395945213167,1562.2258520706955,-89.60220290810032
209.24306591523612,1561.7258659500737,-89.60220290810032
209.24653730915554,1561.225879829452,-89.60220290810032
209.25000870307497,1560.7258937088302,-89.56627470706823
209.25379362828699,1560.225908806805,-89.57502552480518
209.25750219316058,1559.725922969823,-89.57502552480518
209.26121075803417,1559.225937132841,-89.57502552480518
209.26491932290776,1558.725951295859,-89.55681367704373
209.26878681457674,1558.2259662577578,-89.55681367704373
209.27265430624573,1557.7259812196567,-89.55681367704373
209.2765217979147,1557.2259961815555,-89.55681367704373
209.2803892895837,1556.7260111434543,-89.55681367704373
209.28425678125268,1556.2260261053532,-89.55287004557177
209.28815868608297,1555.726041395695,-89.55287004557177
209.29206059091325,1555.2260566860366,-89.55287004557177
209.29596249574354,1554.7260719763783,-89.55287004557177
209.29986440057382,1554.22608726672,-89.55238903963718
209.30377050274717,1553.7261026022625,-89.55238903963718
209.30767660492052,1553.226117937805,-89.55238903963718
209.31158270709386,1552.7261332733474,-89.55173089790303
209.31549455306106,1552.226148577083,-89.55173089790303
209.31940639902825,1551.7261638808186,-89.55173089790303
209.32331824499545,1551.2261791845542,-89.55173089790303
209.32723009096264,1550.7261944882898,-89.55173089790303
209.33114193692984,1550.2262097920254,-89.56123258718245
209.3349708669009,1549.7262245321842,-89.56123258718245
209.33879979687197,1549.226239272343,-89.56123258718245
209.34262872684303,1548.7262540125018,-89.5452259225715
209.34659732833723,1548.2262709388747,-89.5452259225715
209.35056592983142,1547.7262878652475,-89.5452259225715
209.3545345313256,1547.2263047916204,-89.5452259225715
209.3585031328198,1546.7263217179932,-89.5452259225715
209.362471734314,1546.226338644366,-89.56577159772989
209.36626103618153,1545.7263555791637,-89.56577159772989
209.37005033804905,1545.2263725139615,-89.56577159772989
209.37383963991658,1544.7263894487592,-89.56577159772989
209.3776289417841,1544.2264063835569,-89.7779758911868
209.37956645006102,1543.7264134234085,-89.7779758911868
209.38150395833793,1543.2264204632602,-89.88686162824716
209.38249127273923,1542.7264232134664,-89.88686162824716
209.38347858714053,1542.2264259636727,-89.88686162824716
209.38446590154183,1541.726428713879,-89.88686162824716
209.38545321594313,1541.2264314640852,-89.88686162824716
209.38644053034443,1540.7264342142914,-89.88377963310246
209.38745474216603,1540.226435988828,-89.88377963310246
209.38846895398763,1539.7264377633644,-89.88377963310246
209.38948316580922,1539.226439537901,-89.88377963310246
209.39049737763082,1538.7264413124374,-89.88377963310246
209.39151158945242,1538.2264430869739,-89.88126105325406
209.3925477810709,1537.7264443659142,-89.88126105325406
209.39358397268938,1537.2264456448545,-89.88126105325406
209.39462016430787,1536.7264469237948,-89.88126105325406
209.39565635592635,1536.2264482027351,-89.88126105325406
209.39669254754483,1535.7264494816754,-89.8695269674067
209.39783113836074,1535.2264508667524,-89.8695269674067
209.39896972917666,1534.7264522518294,-89.8695269674067
209.40010831999257,1534.2264536369064,-89.89586139283524
209.40101710012777,1533.726454545957,-89.89586139283524
209.40192588026298,1533.2264554550077,-89.89586139283524
209.40283466039818,1532.7264563640583,-89.89586139283524
209.4037434405334,1532.226457273109,-89.88334197893842
209.40476147278105,1531.7264584726324,-89.88334197893842
209.4057795050287,1531.226459672156,-89.88334197893842
209.40679753727636,1530.7264608716794,-89.88334197893842
209.40781556952402,1530.2264620712028,-89.88334197893842
209.40883360177168,1529.7264632707263,-89.8656194785174
209.41000629160828,1529.2264648009048,-89.8656194785174
209.4111789814449,1528.7264663310832,-89.81740631512127
209.41277240906993,1528.2264689250255,-89.81405492109421
209.41439508198005,1527.7264719182642,-89.81405492109421
209.41601775489016,1527.226474911503,-89.81405492109421
209.41764042780028,1526.7264779047416,-89.81405492109421
209.4192631007104,1526.2264808979803,-89.81405492109421
209.4208857736205,1525.726483891219,-89.77653560439705
209.42283586218957,1525.2264880066562,-89.77653560439705
209.42478595075863,1524.7264921220933,-89.77653560439705
209.4267360393277,1524.2264962375305,-89.80345312840217
209.42845122881613,1523.7264998118708,-89.80345312840217
209.43016641830457,1523.226503386211,-89.80345312840217
209.431881607793,1522.7265069605514,-89.80345312840217
209.43359679728144,1522.2265105348918,-89.79213511246138
209.43541075600513,1521.7265140019106,-89.79213511246138
209.4372247147288,1521.2265174689294,-89.79213511246138
209.4390386734525,1520.7265209359482,-89.79213511246138
209.4408526321762,1520.226524402967,-89.79213511246138
209.44266659089988,1519.7265278699858,-89.80214602712002
209.44439318752814,1519.2265313065627,-89.80214602712002
209.4461197841564,1518.7265347431396,-89.80214602712002
209.44784638078465,1518.2265381797165,-89.79341010358844
209.4496492135729,1517.7265414998792,-89.79341010358844
209.45145204636117,1517.226544820042,-89.79341010358844
209.45325487914943,1516.7265481402046,-89.79329223018573
209.455058740813,1516.2265513968157,-89.79329223018573
209.45686260247658,1515.7265546534268,-89.79329223018573
209.45866646414015,1515.2265579100379,-89.79329223018573
209.46047032580373,1514.726561166649,-89.79956057354948
209.46221948547532,1514.226564435405,-89.79956057354948
209.4639686451469,1513.726567704161,-89.79956057354948
209.4657178048185,1513.226570972917,-89.79956057354948
209.4674669644901,1512.726574241673,-89.77015915406412
209.4694726985034,1512.2265783558655,-89.77015915406412
209.47147843251673,1511.726582470058,-89.77015915406412
209.47348416653006,1511.2265865842505,-89.78374930715827
209.47537130368835,1510.7265905856761,-89.78038368036317
209.47728781282876,1510.2265942850574,-89.78038368036317
209.47920432196918,1509.7265979844387,-89.78038368036317
209.4811208311096,1509.22660168382,-89.76521278029217
209.48316972954296,1508.7266060880731,-89.76521278029217
209.48521862797634,1508.2266104923262,-89.74536621682806
209.48744071911733,1507.7266155416144,-89.74536621682806
209.48966281025832,1507.2266205909025,-89.74536621682806
209.49188490139932,1506.7266256401906,-89.77516182403637
209.49384697918413,1506.2266295936342,-89.77516182403637
209.49580905696894,1505.7266335470779,-89.77516182403637
209.49777113475375,1505.2266375005215,-89.77079975399762
209.49977127875752,1504.7266415339272,-89.77079975399762
209.5017714227613,1504.226645567333,-89.77079975399762
209.50377156676507,1503.7266496007387,-89.77079975399762
209.50577171076884,1503.2266536341444,-89.77079975399762
209.5077718547726,1502.7266576675502,-89.77079975399762
209.5097719987764,1502.226661700956,-89.77079975398682
209.51095874939347,1501.9299978003837,88.32275815887247
212.49195875035366,1603.733997800853,-89.67629847224217
212.4947835640528,1603.2340057804893,-89.68048418985536
212.49757184942723,1602.7340138461623,-89.65427472958753
212.50058884716293,1602.2340239585171,-89.64027384570205
212.50372801487765,1601.7340361322083,-89.64027384570205
212.50686718259237,1601.2340483058995,-89.64027384570205
212.5100063503071,1600.7340604795907,-89.64027384570205
212.51314551802182,1600.2340726532818,-89.68283157678367
212.5159133143361,1599.7340814312158,-89.68283157678367
212.5186811106504,1599.2340902091498,-89.68283157678367
212.52144890696468,1598.7340989870838,-89.6808339333275
212.5242341350728,1598.234107974242,-89.6408955872686
212.5273678866414,1597.7341186076383,-89.6408955872686
212.53050163821,1597.2341292410345,-89.6408955872686
212.53363538977862,1596.7341398744306,-89.64747772695841
212.5367117067807,1596.2341494624611,-89.6007896754638
212.54019544559833,1595.7341616393062,-89.6007896754638
212.54367918441596,1595.2341738161513,-89.6007896754638
212.5471629232336,1594.7341859929963,-89.6007896754638
212.55064666205124,1594.2341981698414,-89.6007896754638
212.55413040086887,1593.7342103466865,-89.6007896754638
212.5576141396865,1593.2342225235316,-89.6007896754638
212.56109787850414,1592.7342347003766,-89.6007896754638
212.56458161732178,1592.2342468772217,-89.6007896754638
212.5680653561394,1591.7342590540668,-89.76300123302224
212.5701335546372,1591.2342633334367,-89.76300123302224
212.572201753135,1590.7342676128067,-89.76300123302224
212.5742699516328,1590.2342718921766,-89.76143712672675
212.57635179882584,1589.7342763697757,-89.76143712672675
212.57843364601888,1589.2342808473747,-89.57975234737391
212.58210096568519,1588.7342943045865,-89.57975234737391
212.5857682853515,1588.2343077617982,-89.57975234737391
212.5894356050178,1587.7343212190099,-89.49259754766791
212.59386346885333,1587.2343408254067,-89.49259754766791
212.59829133268886,1586.7343604318035,-89.67980927190534
212.60108550923962,1586.234368261707,-89.67980927190534
212.6038796857904,1585.7343760916106,-89.67980927190534
212.60667386234115,1585.234383921514,-89.67980927190534
212.60946803889192,1584.7343917514177,-89.67980927190534
212.61226221544268,1584.2343995813212,-89.67980927190534
212.61505639199345,1583.7344074112248,-89.7248710687427
212.6174573356194,1583.2344131770458,-89.7248710687427
212.61985827924536,1582.7344189428668,-89.70059808612812
212.62247104104745,1582.2344259414715,-89.70059808612812
212.62508380284953,1581.7344329400762,-89.63952377639991
212.62822953001296,1581.2344429267096,-89.63952377639991
212.6313752571764,1580.734452913343,-89.63952377639991
212.63452098433982,1580.2344628999763,-89.70979970707917
212.63705344846846,1579.7344693813743,-89.70979970707917
212.6395859125971,1579.2344758627723,-89.71587936950591
212.64206532261005,1578.734482022994,-89.71587936950591
212.644544732623,1578.2344881832155,-89.75213678127008
212.64670773779983,1577.7344934876407,-89.75213678127008
212.64887074297667,1577.234498792066,-89.71187706613513
212.65138507768097,1576.7345054365198,-89.71187706613513
212.65389941238527,1576.2345120809737,-89.7775831308634
212.6558403573256,1575.7345167560977,-89.7775831308634
212.6577813022659,1575.2345214312218,-89.7775831308634
212.65972224720622,1574.7345261063458,-89.74756369605743
212.66192516228682,1574.2345309864625,-89.74756369605743
212.66412807736742,1573.734535866579,-89.80085597072106
212.6658659322086,1573.2345392199181,-89.80085597072106
212.66760378704976,1572.7345425732572,-89.80085597072106
212.66934164189092,1572.2345459265962,-89.75485392622343
212.67148093625576,1571.7345510117468,-89.75485392622343
212.6736202306206,1571.2345560968974,-89.75485392622343
212.67575952498544,1570.734561182048,-89.62374813686995
212.6790429138092,1570.2345726468445,-89.62374813686995
212.682326302633,1569.734584111641,-89.61735972418671
212.68566543833037,1569.2345961320902,-89.61735972418671
212.68900457402776,1568.7346081525395,-89.64457023537076
212.69210625815276,1568.234618709306,-89.55892748783276
212.69595529353023,1567.7346348748515,-89.55892748783276
212.6998043289077,1567.234651040397,-89.55892748783276
212.70365336428517,1566.7346672059425,-89.54060172057858
212.707662322151,1566.2346839584081,-89.65947264466497
212.71063396020372,1565.7346938364456,-89.65947264466497
212.71360559825644,1565.234703714483,-89.65947264466497
212.71657723630915,1564.7347135925204,-89.65947264466497
212.71954887436186,1564.2347234705578,-89.65947264466497
212.72252051241458,1563.7347333485952,-89.71725991583081
212.72498786335336,1563.234741816586,-89.77498655711733
212.7269514707998,1562.7347457298615,-89.77498655711733
212.72891507824625,1562.234749643137,-89.7515519967967
212.73108318928064,1561.7347543459555,-89.7515519967967
212.73325130031503,1561.2347590487739,-89.56424574710306
212.73705393324587,1560.7347739865752,-89.56424574710306
212.74085656617672,1560.2347889243765,-89.56424574710306
212.74465919910756,1559.7348038621778,-89.56424574710306
212.7484618320384,1559.2348187999792,-89.65214670049768
212.7514974060116,1558.7348280269068,-89.65214670049768
212.7545329799848,1558.2348372538345,-89.62097546628875
212.757840568888,1557.7348481944282,-89.62097546628875
212.76114815779124,1557.234859135022,-89.65945811489657
212.76411992769238,1556.734868163362,-89.65945811489657
212.76709169759351,1556.2348771917023,-89.6668595713549
212.76999887966838,1555.7348856813414,-89.6668595713549
212.77290606174324,1555.2348941709806,-89.6668595713549
212.7758132438181,1554.7349026606198,-89.6668595713549
212.77872042589297,1554.234911150259,-89.6668595713549
212.78162760796783,1553.7349196398982,-89.6769641238879
212.78444661282583,1553.2349275915758,-89.6769641238879
212.78726561768383,1552.7349355432534,-89.66476841153597
212.79019104393774,1552.2349448778718,-89.66476841153597
212.79311647019165,1551.7349542124903,-89.65492320375566
212.79612780929256,1551.234964248288,-89.76694256501992
212.7981616100867,1550.7349692182606,-89.80552919265888
212.79985868473455,1550.234972109306,-89.80552919265888
212.80155575938238,1549.7349750003514,-89.80552919265888
212.80325283403022,1549.2349778913967,-89.79987127603437
212.80499927981737,1548.7349818696905,-89.79987127603437
212.80674572560451,1548.2349858479843,-89.6904138848627
212.80944735611365,1547.7349940460606,-89.6904138848627
212.8121489866228,1547.235002244137,-89.6904138848627
212.81485061713192,1546.7350104422133,-89.67566928823014
212.81768090147898,1546.23502197377,-89.67566928823014
212.82051118582604,1545.7350335053268,-89.67566928823014
212.8233414701731,1545.2350450368835,-89.54073707979833
212.82734922864438,1544.735064050649,-89.54073707979833
212.83135698711567,1544.2350830644145,-89.54073707979833
212.83536474558696,1543.73510207818,-89.49674645960364
212.83975638875359,1543.23512318571,-89.49674645960364
212.8441480319202,1542.7351442932402,-89.69564947256191
212.8468039768619,1542.2351517163233,-89.69564947256191
212.8494599218036,1541.7351591394065,-89.76133658404393
212.85154264464097,1541.2351640403547,-89.76133658404393
212.85362536747834,1540.7351689413028,-89.76133658404393
212.85570809031572,1540.235173842251,-89.88640239627267
212.85669941408798,1539.7351756733212,-89.88640239627267
212.85769073786025,1539.2351775043915,-89.9409899978594
212.85820569717316,1538.7351777798017,-89.9409899978594
212.85872065648607,1538.235178055212,-89.86988241328893
212.8598561435707,1537.735180265194,-89.86338106971662
212.8610483675153,1537.235181687704,-89.86338106971662
212.8622405914599,1536.735183110214,-89.85073103245148
212.86354320746364,1536.2351848070748,-89.85073103245148
212.86484582346736,1535.7351865039357,-89.61394868474272
212.8682147303042,1535.2351979929217,-89.61394868474272
212.87158363714104,1534.7352094819078,-89.61394868474272
212.87495254397788,1534.2352209708938,-89.61394868474272
212.87832145081472,1533.7352324598799,-89.61394868474272
212.88169035765156,1533.235243948866,-89.59377882313132
212.88523527644622,1532.7352565183621,-89.59377882313132
212.88878019524088,1532.2352690878583,-89.55218508573543
212.89268807672,1531.735284497848,-89.55218508573543
212.8965959581991,1531.2352999078375,-89.60368911850824
212.9000543911818,1530.7353124920646,-89.66239202114757
212.90300055913735,1530.2353212402484,-89.65106297203123
212.9060455900036,1529.7353305652143,-89.65106297203123
212.90909062086985,1529.2353398901803,-89.65106297203123
212.9121356517361,1528.7353492151462,-89.66355427679747
212.915071676058,1528.2353581108443,-89.68340742453911
212.91783445311637,1527.7353657976419,-89.68340742453911
212.92059723017474,1527.2353734844394,-89.66988820176707
212.9234779809725,1526.735382157043,-89.66988820176707
212.92635873177028,1526.2353908296466,-89.66988820176707
212.92923948256805,1525.7353995022502,-89.68065017121134
212.93202631852319,1525.235407736044,-89.68065017121134
212.93481315447832,1524.7354159698377,-89.68065017121134
212.93759999043345,1524.2354242036315,-89.68065017121134
212.9403868263886,1523.7354324374253,-89.66926470248663
212.9432730191637,1523.2354409657057,-89.66926470248663
212.94615921193883,1522.7354494939862,-89.66926470248663
212.94904540471396,1522.2354580222666,-89.70336322718362
212.95163403441336,1521.7354652873673,-89.70336322718362
212.95422266411276,1521.235472552468,-89.70336322718362
212.95681129381217,1520.7354798175688,-89.68124548303705
212.95959293467342,1520.2354880410485,-89.68124548303705
212.96237457553468,1519.7354962645281,-89.72791684915954
212.96474893834625,1519.2355022549318,-89.72791684915954
212.9671233011578,1518.7355082453355,-89.68312947306278
212.96988850345463,1518.2355160013124,-89.71005292946987
212.97241875750615,1517.7355225354522,-89.71005292946987
212.97494901155767,1517.235529069592,-89.74021333778762
212.97721606842458,1516.73553457736,-89.74021333778762
212.9794831252915,1516.2355400851282,-89.74021333778762
212.9817501821584,1515.7355455928962,-89.66535089003867
212.98467052966373,1515.2355541717834,-89.73659873115628
212.9869691304841,1514.7355596251823,-89.73659873115628
212.9892677313045,1514.2355650785812,-89.73659873115628
212.99156633212488,1513.73557053198,-89.73659873115628
212.99386493294526,1513.235575985379,-89.73659873115628
212.99616353376564,1512.735581438778,-89.73659873115628
212.99846213458602,1512.2355868921768,-89.73659873115628
213.0007607354064,1511.7355923455757,-89.74358629350868
213.00299835640965,1511.2355980766074,-89.7576256418689
213.00511346108863,1510.7356035664804,-89.7576256418689
213.0072285657676,1510.2356090563535,-89.86213080446784
213.00843169945767,1509.73561085648,-89.86213080446784
213.00963483314774,1509.2356126566065,-89.84599388770813
213.01097878400503,1508.7356160954014,-89.84599388770813
213.01232273486232,1508.2356195341963,-89.81437039203291
213.01394265279657,1507.7356231324347,-89.58814930528277
213.01753668875574,1507.2356372204058,-89.58814930528277
213.0211307247149,1506.7356513083769,-89.58814930528277
213.02472476067408,1506.235665396348,-89.55369414896815
213.02861947361373,1505.735680688559,-89.55369414896815
213.03251418655339,1505.2356959807698,-89.55369414896815
213.03640889949304,1504.7357112729808,-89.69715103736554
213.03905174224917,1504.2357183909621,-89.69715103736554
213.0416945850053,1503.7357255089435,-89.69715103736554
213.04433742776143,1503.2357326269248,-89.75047056254965
213.04651497277519,1502.7357381114014,-89.75047056254965
213.04869251778894,1502.235743595878,-89.75047056255349
213.04995875578607,1501.944997801911,-179.75715410223646
209.51095874939347,1501.9299978003837,-89.75129496149307
209.51312910315164,1501.4300025846426,-89.75129496149307
209.51529945690982,1500.9300073689014,-89.75129496149307
209.517469810668,1500.4300121531603,-89.76933815002364
209.51948270873606,1499.9300164198285,-89.76933815002364
209.52149560680414,1499.4300206864966,-89.76933815002364
209.5235085048722,1498.9300249531648,-89.76933815002364
209.52552140294029,1498.430029219833,-89.76704557584294
209.5275543079656,1497.930033408637,-89.76704557584294
209.52958721299092,1497.430037597441,-89.76704557584294
209.53162011801624,1496.930041786245,-89.76704557584294
209.53365302304155,1496.430045975049,-89.76704557584294
209.53568592806687,1495.9300501638531,-89.53508337770677
209.5397430440064,1495.4300669252275,-89.53508337770677
209.54380015994593,1494.9300836866018,-89.53508337770677
209.54785727588546,1494.4301004479762,-89.53508337770677
209.551914391825,1493.9301172093506,-89.53508337770677
209.55597150776453,1493.430133970725,-89.52513073031726
209.56011547596938,1492.9301512024304,-89.52513073031726
209.56425944417424,1492.4301684341358,-89.52513073031726
209.5684034123791,1491.9301856658412,-89.52513073031726
209.57254738058396,1491.4302028975467,-89.52513073031726
209.5766913487888,1490.9302201292521,-89.5369948110383
209.58073178483198,1490.4302367618357,-89.5369948110383
209.58477222087515,1489.9302533944192,-89.5369948110383
209.58881265691832,1489.4302700270027,-89.5369948110383
209.5928530929615,1488.9302866595863,-89.5369948110383
209.59689352900466,1488.4303032921698,-89.51249880475665
209.60114772810925,1487.9303213962326,-89.51249880475665
209.60540192721385,1487.4303395002953,-89.51249880475665
209.60965612631844,1486.930357604358,-89.51249880475665
209.61391032542303,1486.4303757084208,-89.51249880475665
209.61816452452763,1485.9303938124835,-89.53163616198675
209.62225172430476,1485.4304105471376,-89.53163616198675
209.6263389240819,1484.9304272817917,-89.53163616198675
209.63042612385902,1484.4304440164458,-89.53163616198675
209.63451332363616,1483.9304607510999,-89.53163616198675
209.6386005234133,1483.430477485754,-89.52825901021112
209.6427171936433,1482.9304944333442,-89.52825901021112
209.64683386387333,1482.4305113809344,-89.52825901021112
209.65095053410334,1481.9305283285246,-89.52825901021112
209.65506720433336,1481.4305452761148,-89.52825901021112
209.65918387456338,1480.930562223705,-89.5796810981909
209.66285181603655,1480.4305756776828,-89.5796810981909
209.66651975750972,1479.9305891316606,-89.5796810981909
209.6701876989829,1479.4306025856383,-89.5796810981909
209.67385564045605,1478.930616039616,-89.5796810981909
209.67752358192922,1478.4306294935939,-89.59741297524957
209.68103678655416,1477.9306419815484,-89.59741297524957
209.6845499911791,1477.430654469503,-89.59741297524957
209.68806319580403,1476.9306669574576,-89.59741297524957
209.69157640042897,1476.4306794454121,-89.59741297524957
209.6950896050539,1475.9306919333667,-89.588980335407
209.69867639527047,1475.430705110667,-89.588980335407
209.70226318548703,1474.9307182879675,-89.588980335407
209.7058499757036,1474.4307314652679,-89.588980335407
209.70943676592015,1473.9307446425682,-89.588980335407
209.7130235561367,1473.4307578198686,-89.59545643925185
209.71655383405505,1472.9307704671235,-89.59545643925185
209.7200841119734,1472.4307831143783,-89.59545643925185
209.72361438989174,1471.9307957616331,-89.59545643925185
209.72714466781008,1471.430808408888,-89.59545643925185
209.73067494572842,1470.9308210561428,-89.59162722175354
209.73423863931157,1470.4308338995681,-89.59162722175354
209.73780233289472,1469.9308467429935,-89.59162722175354
209.74136602647786,1469.4308595864188,-89.59162722175354
209.744929720061,1468.9308724298442,-89.59162722175354
209.74849341364416,1468.4308852732695,-89.63169102716041
209.75170749312508,1467.9308956820967,-89.63169102716041
209.754921572606,1467.4309060909238,-89.63210652291457
209.7581320212954,1466.9309172524138,-89.63210652291457
209.7613424699848,1466.4309284139038,-89.63210652291457
209.7645529186742,1465.9309395753937,-89.6585565525479
209.76753255608594,1465.4309486442944,-89.6585565525479
209.77051219349767,1464.930957713195,-89.6585565525479
209.7734918309094,1464.4309667820958,-89.6585565525479
209.77647146832112,1463.9309758509964,-89.6585565525479
209.77945110573285,1463.4309849198971,-89.65931110132539
209.78242415582008,1462.9309944143338,-89.65931110132539
209.78539720590732,1462.4310039087704,-89.65931110132539
209.78837025599455,1461.931013403207,-89.65931110132539
209.79134330608179,1461.4310228976437,-89.65931110132539
209.79431635616902,1460.9310323920804,-89.64153600706408
209.79744452199918,1460.431042533368,-89.64153600706408
209.80057268782934,1459.9310526746558,-89.64153600706408
209.8037008536595,1459.4310628159435,-89.64153600706408
209.80682901948967,1458.9310729572312,-89.64153600706408
209.80995718531983,1458.431083098519,-89.66660652966478
209.81286657355395,1457.9310919461795,-89.66660652966478
209.81577596178806,1457.4311007938402,-89.66660652966478
209.81868535002218,1456.9311096415008,-89.66660652966478
209.8215947382563,1456.4311184891615,-89.66660652966478
209.8245041264904,1455.931127336822,-89.63556279944922
209.8276844160356,1455.4311380082627,-89.63556279944922
209.83086470558078,1454.9311486797033,-89.63556279944922
209.83404499512596,1454.4311593511438,-89.63556279944922
209.83722528467115,1453.9311700225844,-89.63556279944922
209.84040557421633,1453.431180694025,-89.65812085509464
209.84338901264755,1452.9311899681047,-89.65812085509464
209.84637245107876,1452.4311992421844,-89.65812085509464
209.84935588950998,1451.9312085162642,-89.6722330788608
209.8522161773651,1451.4312171382085,-89.6722330788608
209.85507646522024,1450.9312257601528,-89.67836506629216
209.8578832416681,1450.4312341908103,-89.67836506629216
209.86069001811597,1449.9312426214678,-89.67836506629216
209.86349679456384,1449.4312510521254,-89.67836506629216
209.8663035710117,1448.931259482783,-89.67836506629216
209.86911034745958,1448.4312679134405,-89.68476792967566
209.87186125078688,1447.931275764834,-89.68476792967566
209.87461215411417,1447.4312836162276,-89.68476792967566
209.87736305744147,1446.9312914676211,-89.68476792967566
209.88011396076877,1446.4312993190147,-89.6787162425883
209.8829176746633,1445.931307378247,-89.6787162425883
209.88572138855784,1445.4313154374795,-89.6787162425883
209.88852510245238,1444.931323496712,-89.6787162425883
209.8913288163469,1444.4313315559443,-89.6787162425883
209.89413253024145,1443.9313396151767,-89.65840867165248
209.89711345780904,1443.4313487462787,-89.65840867165248
209.90009438537663,1442.9313578773806,-89.65840867165248
209.90307531294422,1442.4313670084825,-89.65840867165248
209.90605624051182,1441.9313761395845,-89.67703783822262
209.90887460105682,1441.431384272899,-89.67703783822262
209.91169296160183,1440.9313924062137,-89.67703783822262
209.91451132214684,1440.4314005395283,-89.67703783822262
209.91732968269184,1439.931408672843,-89.67503584077024
209.92016551465133,1439.4314167327161,-89.67503584077024
209.92300134661082,1438.9314247925893,-89.67503584077024
209.9258371785703,1438.4314328524624,-89.68203687188768
209.92861191607074,1437.9314405516914,-89.68203687188768
209.93138665357117,1437.4314482509203,-89.68203687188768
209.9341613910716,1436.9314559501493,-89.68203687188768
209.93693612857203,1436.4314636493782,-89.68754075783899
209.93966283633358,1435.9314710843687,-89.68754075783899
209.94238954409514,1435.4314785193592,-89.68754075783899
209.9451162518567,1434.9314859543497,-89.86252871530334
209.94631591374446,1434.431487490924,-89.86252871530334
209.94751557563222,1433.9314890274982,-89.86252871530334
209.94871523752,1433.4314905640724,-89.87779877947791
209.94978164353518,1432.9314917014615,-89.87779877947791
209.95084804955036,1432.4314928388505,-89.87779877947791
209.95191445556554,1431.9314939762396,-89.87779877947791
209.95298086158073,1431.4314951136287,-89.89227618800956
209.9539209286279,1430.931495997359,-89.89227618800956
209.95486099567506,1430.4314968810893,-89.89227618800956
209.95580106272223,1429.9314977648196,-89.89227618800956
209.9567411297694,1429.43149864855,-89.89227618800956
209.95768119681657,1428.9314995322802,-89.89227618800956
209.95862126386373,1428.4315004160105,-89.88833105031483
209.9595957586689,1427.9315013656517,-89.88833105031483
209.9605702534741,1427.4315023152928,-89.88833105031483
209.96154474827927,1426.931503264934,-89.88833105031483
209.96251924308444,1426.4315042145752,-89.89093266794085
209.96347103453502,1425.931505120483,-89.89093266794085
209.9644228259856,1425.431506026391,-89.89093266794085
209.96537461743617,1424.9315069322988,-89.89093266794085
209.96632640888674,1424.4315078382067,-89.89093266794085
209.96727820033732,1423.9315087441146,-89.8880507795225
209.9682551409619,1423.4315096985285,-89.8880507795225
209.96923208158648,1422.9315106529425,-89.8880507795225
209.97020902221107,1422.4315116073565,-89.8880507795225
209.97118596283565,1421.9315125617704,-89.89125282559858
209.97213496038864,1421.4315134623675,-89.89125282559858
209.97308395794164,1420.9315143629647,-89.89125282559858
209.97403295549464,1420.4315152635618,-89.89125282559858
209.97498195304763,1419.931516164159,-89.89125282559858
209.97593095060063,1419.431517064756,-89.89125282559858
209.97687994815362,1418.9315179653531,-89.87341246988395
209.97798463071467,1418.4315197000706,-89.87341246988395
209.97908931327572,1417.931521434788,-89.89911562261203
209.97996969495432,1417.431522290006,-89.89911562261203
209.98085007663292,1416.9315231452238,-89.89911562261203
209.98173045831152,1416.4315240004416,-89.89911562261203
209.98261083999012,1415.9315248556595,-89.89911562261203
209.98349122166871,1415.4315257108774,-89.90291377593198
209.98433845831687,1414.9315264762338,-89.90291377593198
209.98518569496503,1414.4315272415902,-89.90291377593198
209.98603293161318,1413.9315280069466,-89.90291377593198
209.98688016826134,1413.431528772303,-89.90291377593198
209.9877274049095,1412.9315295376593,-89.89712077225144
209.98862519496447,1412.431530394174,-89.89712077225144
209.98952298501945,1411.9315312506885,-89.89712077225144
209.99042077507443,1411.431532107203,-89.89712077225144
209.9913185651294,1410.9315329637177,-89.91901979091627
209.99202525046098,1410.4315335139736,-89.91901979091627
209.99273193579256,1409.9315340642295,-89.91901979091627
209.99343862112414,1409.4315346144854,-89.91901979091627
209.99414530645572,1408.9315351647413,-89.91901979091627
209.9948519917873,1408.4315357149972,-89.88735658889843
209.99583498851086,1407.9315376199388,-89.88735658889843
209.99681798523443,1407.4315395248805,-89.88735658889843
209.997800981958,1406.9315414298221,-89.88735658889843
209.99878397868156,1406.4315433347638,-89.88735658889843
209.99976697540512,1405.9315452397054,-89.90356696593726
210.00060851129388,1405.4315463578412,-89.90356696593726
210.00145004718263,1404.931547475977,-89.90356696593726
210.00229158307138,1404.4315485941127,-89.90356696593726
210.00313311896014,1403.9315497122484,-89.90726698057316
210.00394236542263,1403.4315512576811,-89.90726698057316
210.00475161188513,1402.9315528031138,-89.90726698057316
210.00556085834762,1402.4315543485466,-89.90726698057316
210.00637010481012,1401.9315558939793,-89.90726698057316
210.0071793512726,1401.431557439412,-89.89830814423598
210.0080667780486,1400.9315591345435,-89.89830814423598
210.0089542048246,1400.431560829675,-89.87952958060855
210.0100055054761,1399.931562557321,-89.87952958060855
210.0110568061276,1399.4315642849672,-89.87952958060855
210.01210810677912,1398.9315660126133,-89.88194790462501
210.01313830475544,1398.4315671570907,-89.88194790462501
210.01416850273176,1397.9315683015682,-89.88194790462501
210.01519870070808,1397.4315694460456,-89.88194790462501
210.0162288986844,1396.931570590523,-89.88194790462501
210.01725909666072,1396.4315717350005,-89.88694562923637
210.01824568123754,1395.9315728526772,-89.88694562923637
210.01923226581437,1395.4315739703538,-89.88694562923637
210.0202188503912,1394.9315750880305,-89.88694562923637
210.021205434968,1394.4315762057072,-89.88694562923637
210.02219201954483,1393.9315773233839,-89.86264174260165
210.02339069492325,1393.4315789256373,-89.86264174260165
210.02458937030167,1392.9315805278907,-89.86264174260165
210.0257880456801,1392.431582130144,-89.86264174260165
210.0269867210585,1391.9315837323975,-89.86264174260165
210.02818539643692,1391.431585334651,-89.8848464465246
210.0291902999902,1390.931586392724,-89.8848464465246
210.03019520354349,1390.4315874507972,-89.8848464465246
210.03120010709677,1389.9315885088704,-89.8848464465246
210.03220501065005,1389.4315895669436,-89.8848464465246
210.03320991420333,1388.9315906250167,-89.87061487765257
210.03433901143603,1388.4315919006287,-89.87061487765257
210.03546810866874,1387.9315931762408,-89.87061487765257
210.03659720590144,1387.4315944518528,-89.87061487765257
210.03772630313415,1386.9315957274648,-89.87061487765257
210.03885540036686,1386.4315970030768,-89.92142968996312
210.0395410554538,1385.9315974734764,-89.8759150601319
210.04062389998376,1385.4315986460342,-89.8759150601319
210.0417067445137,1384.931599818592,-89.8759150601319
210.04278958904365,1384.43160099115,-89.8759150601319
210.0438724335736,1383.9316021637078,-89.8759150601319
210.04495527810354,1383.4316033362657,-89.86998315578322
210.04608988805614,1382.9316046592855,-89.86998315578322
210.04722449800875,1382.4316059823054,-89.86998315578322
210.04835910796135,1381.9316073053253,-89.86998315578322
210.04949371791395,1381.4316086283452,-89.86998315578322
210.05062832786655,1380.931609951365,-89.88394545472597
210.05164109413727,1380.431610977171,-89.88394545472597
210.052653860408,1379.9316120029769,-89.88394545472597
210.0536666266787,1379.4316130287827,-89.88394545472597
210.05467939294942,1378.9316140545886,-89.88394545472597
210.05569215922014,1378.4316150803945,-89.87324579810007
210.05679829388282,1377.931617893697,-89.87324579810007
210.0579044285455,1377.4316207069994,-89.87324579810007
210.05901056320818,1376.9316235203019,-89.87324579810007
210.06011669787085,1376.4316263336043,-89.88331536620043
210.06113496171986,1375.9316278469003,-89.88331536620043
210.06215322556886,1375.4316293601962,-89.88331536620043
210.06317148941787,1374.9316308734922,-89.88331536620043
210.06418975326687,1374.4316323867881,-89.88331536620043
210.06520801711588,1373.931633900084,-89.87305902911945
210.06631578167696,1373.431636698599,-89.87305902911945
210.06742354623805,1372.931639497114,-89.87305902911945
210.06853131079913,1372.431642295629,-89.87305902911945
210.06963907536021,1371.931645094144,-89.87305902911945
210.0707468399213,1371.431647892659,-89.55539737952313
210.07462668777748,1370.931663332948,-89.55539737952313
210.07850653563366,1370.4316787732369,-89.55539737952313
210.08238638348985,1369.9316942135258,-89.55539737952313
210.08626623134603,1369.4317096538148,-89.55539737952313
210.0901460792022,1368.9317250941037,-89.54051440016343
210.0941558045049,1368.4317411733507,-89.54051440016343
210.0981655298076,1367.9317572525977,-89.54051440016343
210.1021752551103,1367.4317733318446,-89.51535148789944
210.10640456080068,1366.9317912192357,-89.51535148789944
210.11063386649107,1366.4318091066268,-89.51535148789944
210.11486317218146,1365.931826994018,-89.51535148789944
210.11909247787185,1365.431844881409,-89.53573197527848
210.1231439359359,1364.9318613480211,-89.53573197527848
210.12719539399995,1364.4318778146333,-89.53573197527848
210.131246852064,1363.9318942812454,-89.53573197527848
210.13529831012806,1363.4319107478575,-89.51163750846771
210.13956002523082,1362.931928910912,-89.51163750846771
210.14382174033358,1362.4319470739663,-89.51163750846771
210.14808345543634,1361.9319652370207,-89.51163750846771
210.1523451705391,1361.431983400075,-89.5123347936281
210.15660080090595,1360.9320015107955,-89.5123347936281
210.1608564312728,1360.432019621516,-89.54109042685876
210.1648611250355,1359.9320362747671,-89.45564773802232
210.16961142300556,1359.4320588613166,-89.45394471512901
210.17437658213964,1358.9320815725894,-89.47950604422662
210.17495875648456,1358.8679978018627,88.8488492144754
213.04995875578607,1501.944997801911,-89.55499318336119
213.05384213198647,1501.445013118132,-89.55499318336119
213.05772550818688,1500.945028434353,-89.5379908887888
213.06175725295077,1500.4450448913158,-89.5379908887888
213.06578899771466,1499.9450613482786,-89.71898945881973
213.06824126745266,1499.4450673657625,-89.71898945881973
213.07069353719066,1498.9450733832464,-89.6870869898263
213.07342420327916,1498.4450811121246,-89.7235034666141
213.07583707990057,1497.9450872350853,-89.7235034666141
213.07824995652197,1497.445093358046,-89.77922395856109
213.08017658509573,1496.9450973489147,-89.77922395856109
213.08210321366948,1496.4451013397834,-89.77922395856109
213.08402984224324,1495.945105330652,-89.77922395856109
213.085956470817,1495.4451093215207,-89.79524441649845
213.08774329449932,1494.9451130910988,-89.81336494621303
213.08937198859553,1494.4451160868634,-89.81336494621303
213.09100068269174,1493.945119082628,-89.86420805770416
213.0921856891407,1493.4451207767622,-89.86420805770416
213.09337069558967,1492.9451224708964,-89.82248882328983
213.09491976943139,1492.4451251695746,-89.82248882328983
213.0964688432731,1491.9451278682527,-89.85182419561805
213.09776191864728,1491.4451299322172,-89.85182419561805
213.09905499402146,1490.9451319961818,-89.85182419561805
213.10034806939564,1490.4451340601463,-89.67010860478098
213.10322689716838,1489.9451426659607,-89.67010860478098
213.10610572494113,1489.445151271775,-89.62998354031282
213.10933470329303,1488.9451620013049,-89.62998354031282
213.11256368164493,1488.4451727308347,-89.67016666905825
213.11544200268634,1487.9451813395774,-89.67228817923942
213.11830181037283,1487.445189842579,-89.67228817923942
213.12116161805932,1486.9451983455808,-89.64437412713174
213.12426501892162,1486.4452080419676,-89.64437412713174
213.12736841978392,1485.9452177383544,-89.68551165730663
213.13011283451533,1485.4452252716253,-89.68551165730663
213.13285724924674,1484.9452328048962,-89.68551165730663
213.13560166397815,1484.4452403381672,-89.69398578579307
213.1382721290795,1483.9452474696625,-89.69398578579307
213.14094259418084,1483.4452546011578,-89.7199505963329
213.14338647537897,1482.9452608094539,-89.7199505963329
213.1458303565771,1482.44526701775,-89.66041533379008
213.14879377448335,1481.94527579989,-89.68554186125581
213.15153792458432,1481.445283523981,-89.68554186125581
213.15428207468528,1480.9452912480722,-89.78691845390085
213.15614155767287,1480.4452947066745,-89.78691845390085
213.15800104066045,1479.9452981652769,-89.78691845390085
213.15986052364804,1479.4453016238792,-89.8589473910545
213.16109143862673,1478.9453031391429,-89.95897517000861
213.16144944777534,1478.4453032673227,-89.95897517000861
213.16180745692395,1477.9453033955026,-90.04543272624761
213.16141098180822,1477.4453037712522,-90.04543272624761
213.16101450669248,1476.9453041470017,-90.05370657624036
213.16054582867878,1476.4453045910657,-90.05370657624036
213.16007715066507,1475.9453050351296,-89.72735774552028
213.16245639365331,1475.4453108100902,-89.72735774552028
213.16483563664156,1474.9453165850507,-89.72735774552028
213.1672148796298,1474.4453223600112,-89.72764156639397
213.16959164539082,1473.945328218157,-89.72764156639397
213.17196841115185,1473.445334076303,-89.70872616673782
213.17451024261072,1472.9453407930337,-89.70872616673782
213.1770520740696,1472.4453475097644,-89.75454611151058
213.17919405289842,1471.945353002953,-89.75454611151058
213.18133603172726,1471.4453584961416,-89.66446314173646
213.18426412628003,1470.9453671006454,-89.54606414344288
213.18822542072894,1470.445383014235,-89.54606414344288
213.19218671517785,1469.9453989278245,-89.54606414344288
213.19614800962677,1469.445414841414,-89.54606414344288
213.20010930407568,1468.9454307550036,-89.8998842964516
213.2009829779422,1468.4454315290839,-89.8998842964516
213.20185665180873,1467.9454323031641,-89.99338541890955
213.20191437488018,1467.4454326335429,-89.99706506633913
213.20193998700472,1466.9454326985838,-89.7510102925974
213.20411282459133,1466.4454375747505,-89.7510102925974
213.20628566217795,1465.9454424509172,-89.7510102925974
213.20845849976456,1465.445447327084,-89.7510102925974
213.21063133735117,1464.9454522032506,-89.76271702673013
213.21270201353775,1464.4454570863436,-89.81926932984959
213.2142791833868,1463.9454596252483,-89.81926932984959
213.21585635323584,1463.445462164153,-89.84159875335804
213.2172386631213,1462.945464075031,-89.79065648734044
213.21906552583835,1462.4454674124809,-89.83153189283975
213.220535684889,1461.945469712696,-89.83153189283975
213.22200584393966,1461.445472012911,-89.83153189283975
213.2234760029903,1460.9454743131262,-89.83153189283975
213.22494616204096,1460.4454766133413,-89.83153189283975
213.22641632109162,1459.9454789135564,-89.75458234826905
213.22855798634043,1459.4454837886142,-89.75458234826905
213.23069965158925,1458.945488663672,-89.80060424523288
213.2324397042903,1458.4454916926675,-89.80105846100255
213.23417579323836,1457.9454947069046,-89.80105846100255
213.23591188218643,1457.4454977211417,-89.69254453418695
213.23859492288466,1456.9455052024468,-89.72688301447471
213.2409783073548,1456.4455112656767,-89.72688301447471
213.24336169182493,1455.9455173289066,-89.72688301447471
213.24574507629507,1455.4455233921365,-89.72688301447471
213.2481284607652,1454.9455294553663,-89.72688301447471
213.25051184523534,1454.4455355185962,-89.81911139624997
213.2520903912275,1453.945538720845,-89.81911139624997
213.2536689372197,1453.4455419230937,-89.83268096095883
213.25512906893778,1452.9455441485175,-89.83268096095883
213.25658920065587,1452.4455463739412,-89.83924521922921
213.2579920477774,1451.9455487497821,-89.84181265854068
213.25937249001424,1451.4455510107798,-89.84181265854068
213.26075293225108,1450.9455532717775,-89.84181265854068
213.26213337448792,1450.4455555327752,-89.84181265854068
213.26351381672475,1449.9455577937729,-89.84181265854068
213.2648942589616,1449.4455600547706,-89.71601991814741
213.26737243753155,1448.945567205558,-89.71601991814741
213.2698506161015,1448.4455743563456,-89.67033291947614
213.27272748056146,1447.9455839643854,-89.67033291947614
213.2756043450214,1447.4455935724252,-89.69497417919742
213.27826618366862,1446.9456008865543,-89.69497417919742
213.28092802231583,1446.4456082006834,-89.69900356882047
213.2835546976046,1445.9456154827324,-89.73329964734941
213.28588208580436,1445.4456215505636,-89.73329964734941
213.28820947400413,1444.9456276183948,-89.73329964734941
213.2905368622039,1444.445633686226,-89.74980710611405
213.29272019874952,1443.9456387732323,-89.74980710611405
213.29490353529513,1443.4456438602385,-89.7645093975268
213.29695857160573,1442.945648348351,-89.67483288511451
213.2997961731529,1442.4456566836238,-89.67483288511451
213.3026337747001,1441.9456650188968,-89.64208600117111
213.3057571414339,1441.445675064474,-89.64208600117111
213.3088805081677,1440.9456851100513,-89.57771662717857
213.31256559207316,1440.4456987372835,-89.80998812158616
213.31422375547243,1439.945701489633,-89.80998812158616
213.3158819188717,1439.4457042419824,-89.75068311719727
213.31805761224757,1438.9457089758662,-89.75068311719727
213.32023330562345,1438.44571370975,-89.78818257356325
213.322081756265,1437.9457173700196,-89.78818257356325
213.32393020690654,1437.4457210302892,-89.7799058295648
213.32585088615212,1436.9457247193247,-89.7799058295648
213.3277715653977,1436.4457284083603,-89.63399761754651
213.3309655169976,1435.9457386097913,-89.63399761754651
213.33415946859748,1435.4457488112223,-89.63399761754651
213.33735342019736,1434.9457590126533,-89.61532299289847
213.34071033514306,1434.4457702816583,-89.61532299289847
213.34406725008876,1433.9457815506632,-89.66135619240411
213.3470224575998,1433.4457902839908,-89.6240213127944
213.3503034661735,1432.9458011837814,-89.6240213127944
213.3535844747472,1432.445812083572,-89.6530586573094
213.35661209054388,1431.9458212619995,-89.6530586573094
213.35963970634054,1431.445830440427,-89.6959982200461
213.3622926098884,1430.945837478523,-89.6959982200461
213.36494551343628,1430.4458445166188,-89.6959982200461
213.36759841698415,1429.9458515547146,-89.68444746757744
213.3703521183901,1429.4458591376656,-89.68444746757744
213.37310581979602,1428.9458667206166,-89.67813401428282
213.37591461373802,1428.4458749456046,-89.64598067671707
213.37900399517957,1427.9458845392253,-89.64598067671707
213.38209337662113,1427.445894132846,-89.68941899326829
213.3848036939237,1426.9459014796566,-89.68941899326829
213.38751401122624,1426.4459088264673,-89.68941899326829
213.3902243285288,1425.945916173278,-89.68941899326829
213.39293464583136,1425.4459235200886,-89.85475328630221
213.39420216116457,1424.9459251267099,-89.85475328630221
213.39546967649778,1424.4459267333311,-89.92528595098011
213.3961216791388,1423.945927350663,-89.92528595098011
213.3967736817798,1423.4459279679947,-89.9129306455957
213.39753350494198,1422.9459285462078,-89.9129306455957
213.39829332810416,1422.445929124421,-89.9129306455957
213.39905315126634,1421.945929702634,-89.9129306455957
213.39981297442853,1421.445930280847,-89.68666315556293
213.40254734060045,1420.9459377576704,-89.67004034680994
213.405426764985,1420.4459462004088,-89.67004034680994
213.40830618936957,1419.9459546431472,-89.64933344074474
213.41136631134032,1419.445964325007,-89.64933344074474
213.41442643331106,1418.945974006867,-89.850427349504
213.41573169942137,1418.4459757175591,-89.79201275385579
213.4175467253782,1417.945979337132,-89.65646860598825
213.42054458422126,1417.4459883493714,-89.65646860598825
213.42354244306432,1416.9459973616108,-89.65993380516159
213.42651006246683,1416.4460062629944,-89.65993380516159
213.42947768186934,1415.946015164378,-89.5971615808945
213.43299308043424,1415.4460276442587,-89.5971615808945
213.43650847899914,1414.9460401241395,-89.77941138733209
213.43843347278528,1414.446043894705,-89.77941138733209
213.4403584665714,1413.9460476652707,-89.77941138733209
213.44228346035754,1413.4460514358364,-89.77941138733209
213.44420845414368,1412.946055206402,-89.77941138733209
213.4461334479298,1412.4460589769676,-89.77941138733209
213.44805844171594,1411.9460627475332,-89.77941138733209
213.44998343550208,1411.4460665180989,-89.77941138733209
213.4519084292882,1410.9460702886645,-89.82229648574655
213.45345918250996,1410.4460726935313,-89.70826108741606
213.4560050727058,1409.946079389893,-89.70826108741606
213.45855096290165,1409.4460860862546,-89.68987636361094
213.46125728739594,1408.94609369922,-89.69984417448045
213.46387662522636,1408.446101304827,-89.69984417448045
213.4664959630568,1407.9461089104338,-89.91448532649875
213.46724221807835,1407.44611014207,-89.91448532649875
213.46798847309992,1406.9461113737061,-89.91448532649875
213.4687347281215,1406.4461126053423,-89.91448532649875
213.46948098314306,1405.9461138369784,-89.78939048303089
213.47131889136915,1405.4461178647102,-89.67911357964068
213.47411913678798,1404.9461261029962,-89.67911357964068
213.4769193822068,1404.4461343412822,-89.68665122122589
213.47965385076452,1403.9461421403748,-89.68665122122589
213.48238831932224,1403.4461499394674,-89.68074130154612
213.48517435721794,1402.94615867318,-89.68074130154612
213.48796039511365,1402.4461674068925,-89.67343070553358
213.490810229188,1401.9461764421658,-89.67343070553358
213.49366006326238,1401.446185477439,-89.67343070553358
213.49650989733675,1400.9461945127123,-89.52850612489067
213.5006244015109,1400.44621261477,-89.52850612489067
213.50473890568503,1399.9462307168278,-89.49267364349208
213.50916609449746,1399.446251558238,-89.49267364349208
213.5135932833099,1398.946272399648,-89.51761476988904
213.51780281614595,1398.446292816077,-89.49862745638566
213.52217806053488,1397.9463120284079,-89.49862745638566
213.52655330492382,1397.4463312407388,-89.50776094821101
213.53084884732039,1396.9463497907716,-89.50776094821101
213.53514438971695,1396.4463683408044,-89.50776094821101
213.5394399321135,1395.9463868908372,-89.91937809191323
213.54014349042916,1395.446387616698,-89.91937809191323
213.5408470487448,1394.946388342559,-89.87856968139464
213.54190672738412,1394.4463894669448,-89.8934442482462
213.54283660120007,1393.9463903319074,-89.8934442482462
213.543766475016,1393.44639119687,-89.92781772340881
213.54439638368967,1392.9463918744625,-89.93156813286433
213.54499356410406,1392.4463923491708,-89.93156813286433
213.54559074451845,1391.946392823879,-89.93156813286433
213.54618792493284,1391.4463932985873,-89.93156813286433
213.54678510534723,1390.9463937732955,-89.58541989583023
213.55040296546838,1390.446407169795,-89.59093421653552
213.55397270515437,1389.9464202458582,-89.59093421653552
213.55754244484035,1389.4464333219214,-89.59263389738007
213.56109735054918,1388.9464465525064,-89.79080156005402
213.56292294707862,1388.4464499395062,-89.79080156005402
213.56474854360806,1387.9464533265061,-89.89961122640162
213.56562460046894,1387.4464540977235,-89.89961122640162
213.5665006573298,1386.946454868941,-89.90711832369924
213.56731120203904,1386.4464558151587,-89.73248541671711
213.5696456986534,1385.9464612739373,-89.73248541671711
213.57198019526777,1385.4464667327159,-89.73248541671711
213.57431469188214,1384.9464721914944,-89.73248541671711
213.5766491884965,1384.446477650273,-89.66842581707354
213.5795427029443,1383.9464860235983,-89.65659726295571
213.58253943921284,1383.4464950042334,-89.65659726295571
213.58553617548137,1382.9465039848685,-89.69162796337788
213.58822721616946,1382.4465112266212,-89.69162796337788
213.59091825685755,1381.9465184683738,-89.69162796337788
213.59360929754564,1381.4465257101265,-86.05289701121097
213.62802703058117,1380.9477116970388,-86.05289701121097
213.6624447636167,1380.4488976839511,-85.9924113785272
213.69738905782492,1379.950120343449,-85.9924113785272
213.73233335203315,1379.451343002947,-85.9924113785272
213.76727764624138,1378.9525656624448,-85.9924113785272
213.8022219404496,1378.4537883219427,-85.64833557661636
213.84016086554755,1377.9552299078798,-85.64833557661636
213.87809979064548,1377.4566714938169,-85.65689426184039
213.91596424214413,1376.9581074167615,-88.69455630455909
213.92735537733734,1376.4582382680717,-88.69455630455909
213.93874651253054,1375.9583691193818,-88.69455630455909
213.95013764772375,1375.458499970692,-88.69455630455909
213.96152878291696,1374.958630822002,-89.46157838385672
213.96622732314574,1374.4586534947423,-89.51675602271297
213.97044437163436,1373.9586713687756,-89.59427712589562
213.97398480930974,1373.4587026492397,-89.59427712589562
213.97752524698512,1372.9587339297038,-89.59427712589562
213.9810656846605,1372.458765210168,-89.59427712589562
213.9846061223359,1371.958796490632,-84.60521600101812
214.0316148715939,1371.4610121906005,-89.3262411286377
214.03749437532417,1370.961048129421,-89.3262411286377
214.04337387905446,1370.4610840682415,-89.3262411286377
214.04925338278474,1369.961120007062,-89.85130799601198
214.05055095906482,1369.4611235341663,-89.85130799601198
214.0518485353449,1368.9611270612706,-89.85130799601198
214.05314611162498,1368.461130588375,-89.85130799601198
214.05444368790506,1367.9611341154794,-89.85130799601198
214.05574126418514,1367.4611376425837,-89.61106895813934
214.05913530159273,1366.9611491841063,-89.61106895813934
214.06252933900032,1366.4611607256288,-89.61106895813934
214.0659233764079,1365.9611722671514,-89.61106895813934
214.0693174138155,1365.461183808674,-89.61106895813934
214.07271145122309,1364.9611953501965,-89.61106895813934
214.07610548863067,1364.461206891719,-89.61106895813934
214.07949952603826,1363.9612184332416,-89.61106895813934
214.08289356344585,1363.4612299747641,-89.59956670142324
214.08638797391575,1362.9612423046162,-89.59956670142324
214.08988238438565,1362.4612546344683,-89.59956670142324
214.09337679485554,1361.9612669643204,-89.63624392299066
214.09655114360726,1361.4612771248158,-89.63624392299066
214.09972549235897,1360.961287285311,-89.63624392299066
214.10289984111068,1360.4612974458064,-89.59523558199805
214.10643204758696,1359.9613099278113,-89.59523558199805
214.10996425406324,1359.4613224098161,-89.67152448323267
214.11283072317894,1358.9613314676521,-89.37455664347878
214.11395876301685,1358.8579978020862,91.80513627518306
201.00695872557117,1774.741997801233,-90.68923929665355
201.00094413840543,1774.2420352499007,-90.68923929665355
200.9949295512397,1773.7420726985683,-90.67275641211434
200.98905877937977,1773.2421072053069,-90.67275641211434
200.98318800751986,1772.7421417120454,-90.67275641211434
200.97731723565994,1772.242176218784,-90.68337494798266
200.97135381270198,1771.742212376456,-90.68337494798266
200.96539038974402,1771.2422485341283,-90.68337494798266
200.95942696678605,1770.7422846918005,-90.68337494798266
200.9534635438281,1770.2423208494727,-90.70196567440532
200.94733790356497,1769.7423594041873,-90.70196567440532
200.94121226330185,1769.2423979589018,-90.70196567440532
200.93508662303873,1768.7424365136164,-90.58963279653621
200.9299412045807,1768.242463724138,-89.84263178339295
200.93095872644335,1767.8719978006557,62.582993048988634
204.51795873051742,1774.7869977997616,-89.32347609658711
204.52386236365692,1774.2870338794562,-89.32347609658711
204.5297659967964,1773.7870699591508,-89.73196857237448
204.5321049993786,1773.287076358321,-89.73196857237448
204.53444400196076,1772.7870827574911,-89.73196857237448
204.53678300454294,1772.2870891566613,-89.77425944423759
204.53875295194018,1771.787094428997,-89.77425944423759
204.54072289933742,1771.2870997013329,-89.77425944423759
204.54269284673467,1770.7871049736686,-89.77425944423759
204.5446627941319,1770.2871102460044,-89.33450280363778
204.55047021035352,1769.7871449905297,-89.33450280363778
204.55627762657514,1769.287179735055,-89.33450280363778
204.56208504279675,1768.7872144795801,-89.31360903743197
204.56807478146345,1768.2872511248117,-89.44403477049256
204.5719587309868,1767.886997800786,-90.51976375993094
202.15895873919362,1501.898997802753,-94.17661531314538
202.12254316605652,1501.400325667175,-94.17661531314538
202.0861275929194,1500.9016535315968,-94.17661531314538
202.0497120197823,1500.4029813960187,-94.17661531314538
202.0132964466452,1499.9043092604406,-94.17661531314538
201.9768808735081,1499.4056371248626,-94.17661531314538
201.940465300371,1498.9069649892845,-94.17661531314538
201.90404972723388,1498.4082928537064,-94.17661531314538
201.86763415409678,1497.9096207181283,-94.17661531314538
201.83121858095967,1497.4109485825502,-94.17661531314538
201.79480300782257,1496.912276446972,-94.17661531314538
201.75838743468546,1496.413604311394,-94.18151993014413
201.72192917396796,1495.9149352877148,-94.18151993014413
201.68547091325047,1495.4162662640356,-94.18151993014413
201.64901265253297,1494.9175972403564,-94.18151993014413
201.61255439181548,1494.4189282166772,-94.18151993014413
201.57609613109798,1493.920259192998,-94.18151993014413
201.5396378703805,1493.4215901693187,-94.18151993014413
201.503179609663,1492.9229211456395,-94.18151993014413
201.4667213489455,1492.4242521219603,-94.18151993014413
201.430263088228,1491.925583098281,-94.1800611052243
201.3938175248204,1491.4269131538424,-94.1800611052243
201.3573719614128,1490.9282432094037,-94.1800611052243
201.3209263980052,1490.429573264965,-94.1800611052243
201.28448083459762,1489.9309033205263,-94.1800611052243
201.24803527119002,1489.4322333760877,-94.1800611052243
201.21158970778242,1488.933563431649,-94.1800611052243
201.17514414437483,1488.4348934872103,-94.1800611052243
201.13869858096723,1487.9362235427716,-94.1800611052243
201.10225301755963,1487.437553598333,-94.1800611052243
201.06580745415204,1486.9388836538942,-94.1800611052243
201.02936189074444,1486.4402137094555,-94.1789120841605
200.99292632723336,1485.9415430268675,-94.1789120841605
200.9564907637223,1485.4428723442795,-94.1789120841605
200.9200552002112,1484.9442016616915,-94.1789120841605
200.88361963670013,1484.4455309791035,-94.1789120841605
200.84718407318906,1483.9468602965155,-94.1789120841605
200.81074850967798,1483.4481896139275,-94.1789120841605
200.7743129461669,1482.9495189313395,-94.1789120841605
200.73787738265582,1482.4508482487515,-94.17127978547515
200.70150824730229,1481.952172724462,-94.17127978547515
200.66513911194875,1481.4534972001723,-94.17127978547515
200.6287699765952,1480.9548216758826,-94.17127978547515
200.59240084124167,1480.456146151593,-94.17127978547515
200.55603170588813,1479.9574706273033,-94.17127978547515
200.5196625705346,1479.4587951030137,-94.17127978547515
200.48329343518105,1478.960119578724,-94.17127978547515
200.44692429982751,1478.4614440544344,-94.17127978547515
200.41055516447398,1477.9627685301448,-94.17127978547515
200.37418602912044,1477.4640930058551,-94.17127978547515
200.3378168937669,1476.9654174815655,-92.87460216009296
200.3127417833157,1476.466046698135,-92.87460216009296
200.28766667286448,1475.9666759147044,-92.87460216009296
200.26259156241326,1475.4673051312739,-92.87460216009296
200.23751645196205,1474.9679343478433,-92.87460216009296
200.21244134151084,1474.4685635644128,-92.87460216009296
200.18736623105963,1473.9691927809822,-92.87460216009296
200.16229112060842,1473.4698219975517,-92.87460216009296
200.1372160101572,1472.970451214121,-92.87460216009296
200.112140899706,1472.4710804306906,-92.87460216009296
200.08706578925478,1471.97170964726,-92.87460216009296
200.06199067880357,1471.4723388638295,-92.87460216009296
200.03691556835236,1470.972968080399,-92.79497449545856
200.01253448895716,1470.4735629115758,-92.79497449545856
199.98815340956196,1469.9741577427526,-92.79497449545856
199.96377233016676,1469.4747525739294,-92.79497449545856
199.93939125077156,1468.9753474051063,-92.79497449545856
199.91501017137637,1468.4759422362831,-92.79497449545856
199.89062909198117,1467.97653706746,-92.79497449545856
199.86624801258597,1467.4771318986368,-92.79497449545856
199.84186693319077,1466.9777267298136,-92.79497449545856
199.81748585379557,1466.4783215609905,-92.79497449545856
199.79310477440038,1465.9789163921673,-92.79497449545856
199.76872369500518,1465.4795112233442,-92.79497449545856
199.74434261560998,1464.980106054521,-92.79497449545856
199.71996153621478,1464.4807008856978,-92.79497449545856
199.69558045681958,1463.9812957168747,-92.79497449545856
199.6711993774244,1463.4818905480515,-92.79497449545856
199.6468182980292,1462.9824853792284,-92.79497449545856
199.622437218634,1462.4830802104052,-92.79497449545856
199.5980561392388,1461.983675041582,-92.79497449545856
199.5736750598436,1461.484269872759,-92.79497449545856
199.5492939804484,1460.9848647039357,-92.79372300916411
199.52492381069794,1460.4854590304205,-92.79372300916411
199.5005536409475,1459.9860533569054,-92.79372300916411
199.47618347119703,1459.4866476833902,-92.79372300916411
199.45181330144658,1458.987242009875,-92.79372300916411
199.42744313169612,1458.4878363363598,-92.79372300916411
199.40307296194567,1457.9884306628446,-92.79372300916411
199.3787027921952,1457.4890249893294,-92.79372300916411
199.35433262244476,1456.9896193158143,-92.79372300916411
199.3299624526943,1456.490213642299,-92.79372300916411
199.30559228294385,1455.9908079687839,-92.79372300916411
199.2812221131934,1455.4914022952687,-92.79372300916411
199.25685194344294,1454.9919966217535,-92.79372300916411
199.23248177369248,1454.4925909482383,-92.79372300916411
199.20811160394203,1453.9931852747231,-92.79372300916411
199.18374143419157,1453.493779601208,-92.79372300916411
199.15937126444112,1452.9943739276928,-92.79372300916411
199.13500109469067,1452.4949682541776,-92.79372300916411
199.1106309249402,1451.9955625806624,-92.79372300916411
199.08626075518976,1451.4961569071472,-92.7989052770482
199.06184541407674,1450.9967534112816,-92.7989052770482
199.03743007296373,1450.497349915416,-92.7989052770482
199.01301473185072,1449.9979464195503,-92.7989052770482
198.9885993907377,1449.4985429236847,-92.7989052770482
198.9641840496247,1448.999139427819,-92.7989052770482
198.93976870851168,1448.4997359319534,-92.7989052770482
198.91535336739867,1448.0003324360878,-92.7989052770482
198.89093802628565,1447.5009289402221,-92.7989052770482
198.86652268517264,1447.0015254443565,-92.7989052770482
198.84210734405963,1446.5021219484909,-92.7989052770482
198.81769200294661,1446.0027184526252,-92.7989052770482
198.7932766618336,1445.5033149567596,-92.7989052770482
198.7688613207206,1445.003911460894,-92.7989052770482
198.74444597960758,1444.5045079650283,-92.7989052770482
198.72003063849456,1444.0051044691627,-89.74038110791015
198.7222962308217,1443.505110077411,-89.74038110791015
198.72456182314886,1443.0051156856593,-89.74038110791015
198.726827415476,1442.5051212939077,-89.74038110791015
198.72909300780316,1442.005126902156,-89.74038110791015
198.7313586001303,1441.5051325104043,-89.65751284702677
198.73434734643843,1441.005141464165,-89.65751284702677
198.73733609274655,1440.5051504179257,-89.65751284702677
198.74032483905467,1440.0051593716864,-89.65751284702677
198.74331358536278,1439.5051683254471,-89.65751284702677
198.7463023316709,1439.0051772792078,-89.65751284702677
198.74929107797902,1438.5051862329685,-89.65751284702677
198.75227982428714,1438.0051951867292,-89.65751284702677
198.75526857059526,1437.50520414049,-89.65751284702677
198.75825731690338,1437.0052130942506,-89.65751284702677
198.7612460632115,1436.5052220480113,-89.67742331168242
198.76406106077047,1436.0052300114305,-89.67742331168242
198.76687605832944,1435.5052379748497,-89.67742331168242
198.76969105588842,1435.005245938269,-89.67742331168242
198.7725060534474,1434.505253901688,-89.67742331168242
198.77532105100636,1434.0052618651073,-89.62220335611676
198.7786179242081,1433.505272822135,-89.62220335611676
198.78191479740985,1433.005283779163,-89.62220335611676
198.7852116706116,1432.5052947361908,-89.65383990035086
198.78823246831325,1432.0053039707423,-89.65383990035086
198.7912532660149,1431.5053132052938,-89.65383990035086
198.79427406371656,1431.0053224398453,-89.74184568881276
198.7965268774475,1430.5053275152493,-89.74184568881276
198.79877969117842,1430.0053325906533,-89.74184568881276
198.80103250490936,1429.5053376660574,-89.74184568881276
198.8032853186403,1429.0053427414614,-89.74184568881276
198.80553813237123,1428.5053478168654,-89.62528753023389
198.80880809158475,1428.005358608884,-89.62528753023389
198.81207805079828,1427.5053694009027,-89.62528753023389
198.8153480100118,1427.0053801929214,-89.74641845803438
198.81756091769955,1426.5053854294208,-89.74641845803438
198.8197738253873,1426.0053906659202,-89.74641845803438
198.82198673307505,1425.5053959024197,-89.74641845803438
198.8241996407628,1425.005401138919,-89.74641845803438
198.82641254845055,1424.5054063754185,-89.64909604330438
198.82947474297748,1424.0054159209144,-89.64909604330438
198.83253693750441,1423.5054254664103,-89.71504592362804
198.83502362051934,1423.0054316819528,-89.71504592362804
198.83751030353426,1422.5054378974953,-89.71504592362804
198.83999698654918,1422.0054441130378,-89.86152208050986
198.84120543293898,1421.5054456776118,-89.86152208050986
198.84241387932877,1421.0054472421857,-89.86152208050986
198.84362232571857,1420.5054488067597,-89.86152208050986
198.84483077210837,1420.0054503713336,-89.86152208050986
198.84603921849816,1419.5054519359076,-89.7587006647786
198.84814494604552,1419.005456410187,-89.7587006647786
198.85025067359288,1418.5054608844664,-89.7587006647786
198.85235640114024,1418.0054653587458,-89.76836643792826
198.8543777794116,1417.5054695388608,-89.76836643792826
198.85639915768297,1417.0054737189757,-89.76836643792826
198.85842053595434,1416.5054778990907,-89.71182276864954
198.8609353453595,1416.0054843725136,-89.71182276864954
198.86345015476468,1415.5054908459365,-89.71182276864954
198.86596496416985,1415.0054973193594,-89.71182276864954
198.86847977357502,1414.5055037927823,-89.71182276864954
198.8709945829802,1414.0055102662052,-89.7614322454967
198.87307647336252,1413.5055146015877,-89.7614322454967
198.87515836374484,1413.0055189369702,-89.7614322454967
198.87724025412717,1412.5055232723528,-89.7614322454967
198.8793221445095,1412.0055276077353,-89.7614322454967
198.88140403489183,1411.5055319431178,-89.7614322454967
198.88348592527416,1411.0055362785004,-89.7614322454967
198.8855678156565,1410.5055406138829,-89.7614322454967
198.88764970603881,1410.0055449492654,-89.7614322454967
198.88973159642114,1409.505549284648,-89.75189332602741
198.89189672871805,1409.0055539990394,-89.75189332602741
198.89406186101496,1408.505558713431,-89.75189332602741
198.89622699331187,1408.0055634278224,-89.75189332602741
198.89839212560878,1407.5055681422139,-89.75189332602741
198.9005572579057,1407.0055728566053,-89.75189332602741
198.9027223902026,1406.5055775709968,-89.7681618422123
198.9047455542743,1406.0055816642114,-89.7681618422123
198.90676871834603,1405.505585757426,-89.7681618422123
198.90879188241775,1405.0055898506405,-89.7681618422123
198.91081504648946,1404.505593943855,-89.7681618422123
198.91283821056118,1404.0055980370696,-89.7681618422123
198.9148613746329,1403.5056021302842,-89.7681618422123
198.9168845387046,1403.0056062234987,-89.7681618422123
198.91890770277632,1402.5056103167133,-89.73291789523994
198.9212384248773,1402.0056158581651,-89.73291789523994
198.92356914697825,1401.505621399617,-89.73291789523994
198.92589986907922,1401.0056269410688,-89.48845038937841
198.9303639180937,1400.505647336727,-89.48845038937841
198.93482796710816,1400.005667732385,-89.48845038937841
198.93929201612264,1399.5056881280432,-89.48845038937841
198.9437560651371,1399.0057085237013,-89.48845038937841
198.94822011415158,1398.5057289193594,-89.67933420581151
198.95101843398345,1398.0057371990595,-89.67933420581151
198.95381675381532,1397.5057454787595,-89.67933420581151
198.95661507364719,1397.0057537584596,-89.87517336619322
198.95770438984766,1396.505755319088,-89.87517336619322
198.95879370604814,1396.0057568797163,-89.87517336619322
198.95988302224862,1395.5057584403446,-89.87517336619322
198.9609723384491,1395.005760000973,-89.87517336619322
198.96206165464957,1394.5057615616013,-89.76332482076319
198.9641270275714,1394.0057662564204,-89.76332482076319
198.96619240049324,1393.5057709512396,-89.76332482076319
198.96825777341508,1393.0057756460587,-89.7392347541056
198.9705333708797,1392.5057809864145,-89.7392347541056
198.97280896834434,1392.0057863267702,-89.7392347541056
198.97508456580897,1391.505791667126,-89.76619090894997
198.97712492711582,1391.0057963841089,-89.76619090894997
198.97916528842268,1390.5058011010917,-89.76619090894997
198.98120564972953,1390.0058058180746,-89.76619090894997
198.98324601103639,1389.5058105350574,-89.76619090894997
198.98528637234324,1389.0058152520403,-89.70537201545623
198.98785747284137,1388.505822323572,-89.70537201545623
198.9904285733395,1388.0058293951035,-89.70537201545623
198.99299967383763,1387.5058364666352,-89.70537201545623
198.99557077433576,1387.0058435381668,-89.70537201545623
198.9981418748339,1386.5058506096984,-89.65241309423718
199.0011751236094,1386.0058599076735,-89.65241309423718
199.00420837238494,1385.5058692056487,-89.65241309423718
199.00724162116046,1385.0058785036238,-89.7222024506292
199.00966585151093,1384.5058846067493,-89.7222024506292
199.0120900818614,1384.0058907098748,-89.7222024506292
199.01451431221187,1383.5058968130004,-89.7222024506292
199.01693854256234,1383.005902916126,-89.7222024506292
199.0193627729128,1382.5059090192515,-89.7222024506292
199.02178700326328,1382.005915122377,-89.61129693332097
199.02517905133675,1381.5059266387916,-89.61129693332097
199.02857109941021,1381.0059381552062,-89.61129693332097
199.03196314748368,1380.5059496716208,-89.61129693332097
199.03535519555714,1380.0059611880354,-89.61129693332097
199.0387472436306,1379.50597270445,-89.72605384609669
199.04113786455912,1379.0059786584882,-89.72605384609669
199.04352848548763,1378.5059846125264,-89.76602249750322
199.04557031699267,1378.0059892020668,-89.80107070344225
199.04730629758058,1377.505992655266,-89.80107070344225
199.04904227816849,1377.0059961084653,-89.80107070344225
199.0507782587564,1376.5059995616646,-89.63718208125239
199.0539444189427,1376.0060099475613,-89.63718208125239
199.05711057912902,1375.506020333458,-89.63718208125239
199.06027673931533,1375.0060307193548,-89.63718208125239
199.06344289950164,1374.5060411052516,-89.63718208125239
199.06660905968795,1374.0060514911484,-89.72658595193721
199.06899503632906,1373.506057599693,-89.72658595193721
199.07138101297016,1373.0060637082374,-89.76467050277012
199.07343464266,1372.5060683670633,-89.78902421591248
199.07527574320943,1372.0060734750512,-89.78902421591248
199.07711684375886,1371.506078583039,-89.78902421591248
199.07895794430829,1371.0060836910268,-89.78902421591248
199.0807990448577,1370.5060887990146,-89.78902421591248
199.08264014540714,1370.0060939070024,-89.78982126432385
199.0844742947878,1369.5060978118054,-89.78982126432385
199.08630844416848,1369.0061017166083,-89.78982126432385
199.08814259354915,1368.5061056214113,-89.78982126432385
199.08997674292982,1368.0061095262142,-89.78982126432385
199.0918108923105,1367.5061134310172,-89.78982126432385
199.09364504169116,1367.0061173358201,-89.59377969098854
199.0971899502473,1366.5061302811766,-89.59377969098854
199.10073485880343,1366.0061432265331,-89.59377969098854
199.10427976735957,1365.5061561718896,-89.59377969098854
199.1078246759157,1365.0061691172461,-89.59377969098854
199.11136958447184,1364.5061820626026,-89.7667482552042
199.11340508256012,1364.0061866371295,-89.7667482552042
199.1154405806484,1363.5061912116564,-89.7667482552042
199.11747607873667,1363.0061957861833,-89.78375325286719
199.1193631824283,1362.5061995315718,-89.78375325286719
199.1212502861199,1362.0062032769604,-89.78375325286719
199.12313738981152,1361.506207022349,-89.78375325286719
199.12502449350313,1361.0062107677375,-89.78375325286719
199.12691159719475,1360.506214513126,-89.78375325286719
199.12879870088636,1360.0062182585145,-89.78375325286719
199.13068580457798,1359.506222003903,-89.78375325286719
199.1325729082696,1359.0062257492916,-89.78375325277231
199.13295874063624,1358.9039978012443,-127.83664970969741
33.72595850791549,1145.9439978003502,-118.76764934112012
33.4853293126896,1145.5057089090872,-118.85562006808165
33.24402762361035,1145.0677902847876,-119.33970052721743
32.999034397701394,1144.631925428623,-119.33970052721743
32.75404117179244,1144.1960605724582,-119.33970052721743
32.50904794588348,1143.7601957162935,-119.4394905341749
32.26329617266492,1143.32475859066,-119.42302646133837
32.017669529535056,1142.8892508587467,-119.42302646133837
31.77204288640519,1142.4537431268334,-119.45675468417056
31.526159983503817,1142.0183801823077,-119.45675468417056
31.280277080602445,1141.583017237782,-119.4531431103864
31.034421531119733,1141.1476386363734,-119.42740555596741
30.788761646866305,1140.7121497566159,-119.42740555596741
30.543101762612878,1140.2766608768584,-119.4675693223018
30.297136342456042,1139.8413437376264,-119.08137877588756
30.054110689800382,1139.4043786840057,-119.08137877588756
29.81108503714472,1138.967413630385,-119.08137877588756
29.56805938448906,1138.5304485767642,-118.9800716510523
29.325806700794715,1138.0930544532714,-118.93604976796959
29.083890141997927,1137.655474314834,-119.01491698762426
28.841371486307025,1137.2182275864466,-119.06538894920136
28.598467789750657,1136.7811947284388,-119.06538894920136
28.35556409319429,1136.344161870431,-119.06538894920136
28.11266039663792,1135.9071290124232,-119.06505453557331
27.869759219771367,1135.4700946807152,-119.06867962782663
27.62683038861701,1135.0330757115314,-119.06534419917205
27.383926996955438,1134.5960425982382,-119.07518886707987
27.140948556902117,1134.1590512992134,-119.07518886707987
26.897970116848796,1133.7220600001885,-119.07518886707987
26.654991676795476,1133.2850687011637,-119.06343456414336
26.412102858581193,1132.8480275053346,-119.05585295385167
26.169272122711618,1132.4109546217474,-119.09765573600713
25.926122314953545,1131.9740585739369,-119.09765573600713
25.682972507195473,1131.5371625261264,-119.0773917108493
25.439977276673403,1131.1001805877133,-119.0773917108493
25.196982046151334,1130.6631986493003,-119.0773917108493
24.953986815629264,1130.2262167108872,-119.04044640530417
24.71127335901849,1129.7890780856471,-119.12072236547255
24.467947674591983,1129.3522799500297,-119.08569246727909
24.22488912299059,1128.9153331921498,-119.08569246727909
23.981830571389196,1128.4783864342699,-119.08569246727909
23.738772019787802,1128.04143967639,-119.02975450295897
23.49614015303746,1127.6042557873109,-119.07115227796885
23.253192638075234,1127.16724761876,-119.07546183154076
23.01021217494292,1126.7302575830718,-119.07546183154076
22.76723171181061,1126.2932675473835,-119.07546183154076
22.524251248678297,1125.8562775116952,-119.0600797182465
22.28138805155993,1125.4192221497156,-119.0600797182465
22.03852485444156,1124.9821667877359,-119.09927449113611
21.79536269820676,1124.5452776005138,-119.09927449113611
21.552200541971956,1124.1083884132918,-119.06843131486171
21.309273643448932,1123.6713684608037,-119.06843131486171
21.06634674492591,1123.2343485083156,-119.06843131486171
20.823419846402885,1122.7973285558276,-119.0833283315336
20.58037929317925,1122.360371713325,-119.09346520278169
20.337261663240383,1121.9234582841698,-118.92504478544875
20.095429163732888,1121.4858317015476,-118.92504478544875
19.853596664225392,1121.0482051189254,-119.0805532827218
19.610577271278203,1120.6112364993476,-119.0805532827218
19.367557878331013,1120.1742678797698,-118.90828029299396
19.1258534811725,1119.7365706371443,-118.90828029299396
18.884149084013984,1119.2988733945188,-118.90828029299396
18.64244468685547,1118.8611761518932,-119.08321562541303
18.399405099089222,1118.4242190217442,-119.08321562541303
18.156365511322974,1117.9872618915952,-119.10322984164074
17.913173194930664,1117.5503894908068,-118.9403035524356
17.671224191918782,1117.1128273903603,-118.9403035524356
17.4292751889069,1116.6752652899138,-118.9403035524356
17.187326185895017,1116.2377031894673,-118.95659767427304
16.945252983618502,1115.8002103248289,-119.01970375923143
16.702697833287175,1115.3629839209239,-119.02754337611232
16.460082828290865,1114.925790650665,-118.93069191650102
16.21820722659254,1114.488187958911,-118.93069191650102
15.976331624894215,1114.0505852671572,-118.93069191650102
15.73445602319589,1113.6129825754033,-118.96322057482828
15.492332183004237,1113.175517570405,-118.97791107415767
15.250096002670148,1112.7381143290718,-118.97791107415767
15.007859822336059,1112.3007110877386,-118.92325570382685
14.766041023586467,1111.8630770184316,-118.92325570382685
14.524222224836876,1111.4254429491245,-118.92325570382685
14.282403426087285,1110.9878088798175,-119.01868397276942
14.039856047779267,1110.5505781407212,-119.00005752345454
13.79745093330257,1110.1132687735135,-119.00005752345454
13.555045818825874,1109.6759594063058,-119.04595545504405
13.31229036406637,1109.238844177988,-119.04595545504405
13.069534909306867,1108.8017289496704,-119.04595545504405
12.826779454547363,1108.3646137213527,-119.04601386396138
12.584023527268982,1107.927498692049,-119.04601386396138
12.341267599990601,1107.4903836627454,-119.0208186561307
12.098703907613753,1107.0531619169435,-118.99145183193633
11.856364658487337,1106.615816470429,-119.07021151669377
11.613424207816138,1106.1788041129553,-119.07021151669377
11.370483757144939,1105.7417917554815,-119.07021151669377
11.12754330647374,1105.3047793980077,-118.99573323705461
10.885171063956705,1104.8674514955787,-118.99573323705461
10.64279882143967,1104.4301235931498,-119.06337038944896
10.399910520953426,1103.9930821760408,-119.06337038944896
10.157022220467184,1103.5560407589319,-119.06337038944896
9.91413391998094,1103.118999341823,-119.05781322327013
9.671288151535123,1102.6819346241796,-119.03941309309471
9.428582686405775,1102.2447918158675,-118.9848630396621
9.186293420762013,1101.807417942495,-118.98944934645921
8.943969143110735,1101.3700634599975,-119.07113217857469
8.701021651556971,1100.9330549725696,-119.07113217857469
8.458074160003207,1100.4960464851417,-119.07113217857469
8.215126668449443,1100.0590379977139,-119.0216682219732
7.9725566008745545,1099.621820042889,-119.0216682219732
7.729986533299666,1099.1846020880644,-119.01903230415583
7.487436477787583,1098.7473727892075,-119.09112683556232
7.244336499175461,1098.310449114237,-119.09112683556232
7.001236520563339,1097.8735254392664,-119.09112683556232
6.758136541951217,1097.4366017642958,-119.02407080808324
6.515548033872278,1096.9993937890015,-119.06153011383907
6.272673735234889,1096.5623445068447,-119.06153011383907
6.0297994365975,1096.125295224688,-119.09238207994197
5.7866898359455945,1095.688376785994,-119.09238207994197
5.543580235293689,1095.2514583473,-119.08473940412189
5.300528917292354,1094.8145074841384,-119.0727381759188
5.057569128763475,1094.3775057208034,-119.03301077755714
4.814912404232814,1093.9403356005525,-119.03597224755507
4.572233392042335,1093.5031785783735,-119.0882205905585
4.329155529392665,1093.0662424891868,-119.0882205905585
4.0860776667429946,1092.6293064000001,-119.09685783191452
3.8429339368294677,1092.1924069545846,-119.06057637596531
3.600066913287719,1091.755353629632,-119.04924697563739
3.357286490196657,1091.3182526045698,-119.0814258542331
3.114260450205961,1090.8812876997652,-119.0814258542331
2.8712344102152656,1090.4443227949605,-119.0814258542331
2.62820837022457,1090.0073578901558,-119.11240068302828
2.384946129490004,1089.570524418758,-118.97427006789725
2.1427377274272885,1089.1331057520672,-119.05949436505946
1.8998789575175579,1088.6960478407123,-119.06033390421581
1.657013903763243,1088.2589937042871,-119.06033390421581
1.414148850008928,1087.821939567862,-119.06427840949964
1.1712535877803134,1087.384901936092,-119.06427840949964
0.9283583255516987,1086.9478643043221,-119.15698295587552
0.6847562548718997,1086.5112202488717,-119.06546611936088
0.4418519331449602,1086.074187652277,-119.06489440105292
0.19895197230164285,1085.6371526319156,-119.01473532883143
-0.04356521746683484,1085.1999052781496,-119.01473532883143
-0.28608240723531253,1084.7626579243836,-119.0464515903446
-0.5288416759338475,1084.3255447461434,-119.0464515903446
-0.7716009446323824,1083.8884315679031,-119.03676414674472
-1.014286233284679,1083.4512774776103,-119.03676414674472
-1.2569715219369755,1083.0141233873176,-119.01110210587544
-1.4994610468246492,1082.5768605438311,-119.02162095802773
-1.7420308611174846,1082.1396421953539,-119.04546960639911
-1.9847826413711687,1081.7025248507834,-119.05815267334914
-2.227631072889608,1081.2654614392925,-119.05815267334914
-2.470479504408047,1080.8283980278015,-118.80142882660203
-2.7113662191911203,1080.390252602379,-118.80142882660203
-2.9522529339741936,1079.9521071769564,-118.94773257563462
-3.1942585245973873,1079.5145767137708,-119.03761723009842
-3.436950359715013,1079.077426169068,-118.84692841097454
-3.6781854522574804,1078.6394712395866,-118.84692841097454
-3.919420544799948,1078.201516310105,-118.84692841097454
-4.1606556373424155,1077.7635613806235,-118.88405723707515
-4.4021750168195695,1077.3257619004528,-118.99718402983314
-4.644557694770754,1076.8884412866244,-118.96870302952713
-4.886723282218952,1076.4509996527522,-118.96870302952713
-5.128888869667151,1076.01355801888,-118.71165341010791
-5.36908971435048,1075.5750339662054,-118.71165341010791
-5.609290559033809,1075.1365099135307,-118.85429726852709
-5.850582148851288,1074.6985856981826,-118.93798174285133
-6.092513221021818,1074.2610141538578,-118.93798174285133
-6.334444293192348,1073.823442609533,-118.68748907517026
-6.574460183397946,1073.3848172677526,-118.68748907517026
-6.814476073603544,1072.9461919259722,-118.74648987997004
-7.0549430028826805,1072.5078149078663,-118.94720649682193
-7.296944499258643,1072.0702823617137,-119.33480725420665
-7.541899822680762,1071.6343977886863,-119.83559444855489
-7.790656294477685,1071.2006695266502,-119.6674693501637
-8.038138511927798,1070.7662140413493,-119.6674693501637
-8.28562072937791,1070.3317585560483,-119.9468974381299
-8.535219299574408,1069.8985143365583,-119.9468974381299
-8.784817869770905,1069.4652701170683,-119.9468974381299
-9.034416439967401,1069.0320258975783,-119.60415026717729
-9.281417971052122,1068.597297894948,-120.64533160816174
-9.536278981104374,1068.1671285944894,-121.00475317777257
-9.79383341597486,1067.738566569275,-121.00475317777257
-10.051387850845344,1067.3100045440606,-121.29311891101332
-10.311096049051343,1066.8827440122382,-121.29311891101332
-10.570804247257342,1066.4554834804158,-121.29311891101332
-10.830512445463341,1066.0282229485933,-121.1403033358856
-11.089079935389861,1065.600271631882,-122.45235451672242
-11.357377868030994,1065.1783543974207,-122.67791435490243
-11.62733479404551,1064.757496515922,-122.67791435490243
-11.897291720060025,1064.3366386344233,-124.27236619494589
-12.178855429590271,1063.9234537407567,-124.27236619494589
-12.460419139120518,1063.5102688470902,-124.27236619494589
-12.741982848650764,1063.0970839534236,-124.85293995298345
-13.02771887190994,1062.686773187038,-124.85293995298345
-13.313454895169116,1062.2764624206523,-124.89305778491766
-13.599478143141823,1061.8663518238382,-124.98688732910804
-13.886172618533806,1061.456710178275,-124.98006017850845
-14.17281828052569,1061.0470343741795,-125.05229332783813
-14.459979957857456,1060.6377206101963,-125.56526318241352
-14.750794594791273,1060.2309942820405,-126.50644270182117
-15.048251125472802,1059.8290993730368,-126.50644270182117
-15.345707656154332,1059.4272044640331,-130.31958049386935
-15.669219538202924,1059.0459965205596,-130.31958049386935
-15.992731420251516,1058.664788577086,-130.31958049386935
-16.31624330230011,1058.2835806336125,-130.31958049386935
-16.6397551843487,1057.902372690139,-130.31958049386935
-16.963267066397293,1057.5211647466654,-130.31958049386935
-17.286778948445885,1057.1399568031918,-130.55758009818553
-17.611871923511785,1056.7600955082987,-131.98453101220534
-17.94633688913109,1056.3884327887633,-131.98453101220534
-18.280801854750393,1056.016770069228,-131.98453101220534
-18.615266820369698,1055.6451073496926,-131.98453101220534
-18.949731785989,1055.2734446301572,-131.98453101220534
-19.284196751608306,1054.9017819106218,-131.98453101220534
-19.61866171722761,1054.5301191910864,-132.09719547720474
-19.953856865450916,1054.1591148648286,-134.68391032222019
-20.305454249735362,1053.803616531347,-134.68391032222019
-20.65705163401981,1053.4481181978654,-134.68391032222019
-21.008649018304254,1053.0926198643838,-134.68391032222019
-21.3602464025887,1052.7371215309022,-134.68391032222019
-21.711843786873146,1052.3816231974206,-134.68391032222019
-22.063441171157592,1052.026124863939,-139.72674848287556
-22.444925308193945,1051.7029088507234,-139.72674848287556
-22.826409445230297,1051.3796928375077,-139.72674848287556
-23.20789358226665,1051.056476824292,-139.72674848287556
-23.589377719303002,1050.7332608110764,-139.72674848287556
-23.970861856339354,1050.4100447978608,-139.72674848287556
-24.352345993375707,1050.0868287846451,-139.9900558528278
-24.735310642812976,1049.7653700070666,-139.9900558528278
-25.118275292250246,1049.443911229488,-149.80063016810203
-25.550413261670656,1049.1924072881523,-149.80063016810203
-25.982551231091065,1048.9409033468164,-149.80063016810203
-26.414689200511475,1048.6893994054806,-149.80063016810203
-26.846827169931885,1048.4378954641447,-149.80063016810203
-27.278965139352294,1048.186391522809,-149.80063016810203
-27.711103108772704,1047.934887581473,-149.80063016810203
-28.143241078193114,1047.6833836401372,-152.82690530703957
-28.588050536643948,1047.4550466119774,-152.82690530703957
-29.032859995094782,1047.2267095838176,-152.82690530703957
-29.477669453545616,1046.9983725556579,-152.82690530703957
-29.92247891199645,1046.770035527498,-152.82690530703957
-30.367288370447284,1046.5416984993383,-157.98452176219783
-30.83081902123388,1046.3542742822565,-157.98452176219783
-31.294349672020473,1046.1668500651747,-157.98452176219783
-31.75788032280707,1045.979425848093,-157.98452176219783
-32.22141097359366,1045.792001631011,-157.98452176219783
-32.68494162438026,1045.6045774139293,-157.98452176219783
-33.14847227516685,1045.4171531968475,-167.75986681948513
-33.63710088679704,1045.3111496349943,-167.75986681948513
-34.12572949842723,1045.2051460731411,-167.75986681948513
-34.614358110057424,1045.099142511288,57.264655353681384
55.58395853766706,1185.406997800339,-118.88915325150543
55.34254128706709,1184.9694754595905,-118.88563350436714
55.10114839111043,1184.5319337154176,-118.88563350436714
54.85975549515376,1184.0943919712447,-118.94883305040018
54.617763804482706,1183.6569064778034,-118.93726682470631
54.375840539860064,1183.2193361610118,-119.0204425721069
54.13327974539402,1182.7821128735682,-119.0204425721069
53.890718950927976,1182.3448895861245,-119.0204425721069
53.64815815646193,1181.9076662986809,-119.02896825874112
53.405532280522834,1181.4704790648177,-119.02896825874112
53.16290640458374,1181.0332918309546,-118.96601196555196
52.92076105109811,1180.595838259842,-118.99681095390319
52.67838084877212,1180.1585153966662,-119.03866737614
52.43568103363441,1179.7213693583137,-119.03866737614
52.1929812184967,1179.2842233199613,-119.03866737614
51.950281403358986,1178.8470772816088,-119.02224538165821
51.70770682929174,1178.4098615859814,-118.95653910934529
51.4656340513892,1177.972368432684,-118.95114693482485
51.223602218161204,1177.534852084878,-119.0562219671314
50.980768457518025,1177.0977803876135,-119.0562219671314
50.737934696874845,1176.660708690349,-119.0562219671314
50.495100936231665,1176.2236369930847,-118.97568155640526
50.25288196316501,1175.7862246631717,-118.97581779767498
50.01066183410444,1175.3488126999432,-119.00492154754757
49.768219985224164,1174.9115246150932,-119.05051372402312
49.525429723692696,1174.4744286433056,-119.05051372402312
49.28263946216123,1174.037332671518,-119.05051372402312
49.03984920062976,1173.6002366997304,-119.0158414395706
48.7973236061714,1173.1629940936125,-119.0158414395706
48.554798011713046,1172.7257514874946,-118.90048611616506
48.31315310648074,1172.288021274627,-119.06008900463554
48.07028984556075,1171.850965964671,-119.06008900463554
47.82742658464076,1171.4139106547152,-119.06008900463554
47.58456332372077,1170.9768553447593,-119.01687368053886
47.3420297379854,1170.5396169026221,-118.94303907135765
47.100060016932616,1170.1020666662905,-118.96521835040903
46.857920741870316,1169.6646097758037,-119.05343179690459
46.61510826449478,1169.227526251124,-119.05343179690459
46.37229578711924,1168.790442726444,-119.05343179690459
46.129483309743705,1168.3533592017643,-119.01060346655602
45.88699780254831,1167.9160946306374,-119.01060346655602
45.64451229535291,1167.4788300595105,-119.72220841296453
45.39661464985693,1167.044610383899,-119.72220841296453
45.14871700436095,1166.6103907082875,-119.72220841295423
45.107958524895366,1166.538997800555,60.9533640989137
82.40795857459307,1233.7009978001006,-118.67655237131065
82.1684066087297,1233.2630217663823,-118.67655237131065
81.92885464286633,1232.825045732664,-118.98032863821423
81.68661756195672,1232.3876844088202,-118.98032863821423
81.44438048104712,1231.9503230849764,-118.98032863821423
81.20214340013752,1231.5129617611326,-119.13973091112607
80.95867391037496,1231.0762463383205,-119.13973091112607
80.7152044206124,1230.6395309155084,-119.13973091112607
80.47173493084983,1230.2028154926963,-119.1165695679605
80.22844148552429,1229.7660007621391,-119.0448934102298
79.98569410125538,1229.3288809765202,-119.0448934102298
79.74294671698647,1228.8917611909012,-119.0448934102298
79.50019933271756,1228.4546414052822,-119.17819813268699
79.25643565273322,1228.018087672987,-119.17819813268699
79.01267197274888,1227.5815339406915,-119.17819813268699
78.76890829276454,1227.1449802083962,-119.06760670506954
78.5259876955621,1226.7079567806454,-119.06760670506954
78.28306709835965,1226.2709333528946,-119.06760670506954
78.04014650115721,1225.8339099251439,-119.0793096222472
77.79713683834098,1225.396936471692,-119.0793096222472
77.55412717552474,1224.9599630182402,-119.07499600306471
77.31115018818775,1224.5229708685085,-119.07499600306471
77.06817320085077,1224.085978718777,-119.07656953168495
76.82518436281919,1223.648993512698,-119.07656953168495
76.58219552478761,1223.2120083066193,-119.07656953168495
76.33920668675603,1222.7750231005405,-119.04285363437752
76.09647487143673,1222.3378946857658,-119.04285363437752
75.85374305611742,1221.9007662709912,-119.059933654947
75.61088099758808,1221.4637103338125,-119.059933654947
75.36801893905874,1221.0266543966338,-119.0742658836377
75.12504780314612,1220.5896596593477,-119.0742658836377
74.88207666723349,1220.1526649220616,-119.0742658836377
74.63910553132087,1219.7156701847755,-119.04625775059722
74.3963477593528,1219.2785562175036,-119.04625775059722
74.15358998738475,1218.8414422502317,-118.40484254413151
73.91639183891016,1218.4028420584589,-118.40484254413
73.74395856278716,1218.0839977990836,48.317479574048285
199.13295874063624,1358.9039978012443,-89.79825520973459
199.13471928969227,1358.404001674825,-89.78008865238316
199.13663837350032,1357.9040053627461,-89.67642653575321
199.13946206964658,1357.4040133370859,-89.58688231376723
199.14306716802753,1356.9040266520772,-89.5635787219182
199.14687562495158,1356.4040412042916,-89.5635787219182
199.15068408187562,1355.904055756506,-89.54961261043098
199.15461440815,1355.4040717992618,-89.54961261043098
199.15854473442437,1354.9040878420176,-89.63375940293453
199.161740763539,1354.4040982534505,-89.68360856947054
199.16450178474406,1353.9041060318914,-89.68360856947054
199.16726280594912,1353.4041138103323,-89.69258705674352
199.1699454750236,1352.9041213921516,-89.69258705674352
199.1726281440981,1352.404128973971,-89.69258705674352
199.1753108131726,1351.9041365557903,-89.67447154056455
199.17815156924541,1351.404144688573,-89.67447154056455
199.18099232531824,1350.9041528213559,-89.67447154056455
199.18383308139107,1350.4041609541387,-89.67447154056455
199.1866738374639,1349.9041690869215,-89.67447154056455
199.18951459353673,1349.4041772197043,-89.69153406277661
199.19220645166922,1348.9041848338343,-89.69153406277661
199.19489830980172,1348.4041924479643,-89.69153406277661
199.1975901679342,1347.9042000620943,-89.69400640617458
199.2002604507819,1347.4042076250546,-89.69400640617458
199.20293073362961,1346.9042151880149,-89.69400640617458
199.20560101647732,1346.4042227509751,-89.93171172502788
199.20619694193613,1345.9042248005103,-89.93171172502788
199.20679286739494,1345.4042268500455,-89.93171172502788
199.20738879285375,1344.9042288995806,-89.93171172502788
199.20798471831256,1344.4042309491158,-89.93171172502788
199.20858064377137,1343.904232998651,-89.82171121334623
199.21013649998667,1343.4042368484909,-89.72758695749214
199.212513743131,1342.904242533002,-89.72758695749214
199.21489098627535,1342.404248217513,-89.77001184318074
199.21689800617412,1341.9042522456696,-90.04022497261045
199.21654697730298,1341.4042526634753,-90.04022497261045
199.21619594843185,1340.904253081281,-90.04022497261045
199.2158449195607,1340.4042534990867,-90.04022497261045
199.21549389068957,1339.9042539168925,-90.04022497261045
199.21514286181844,1339.4042543346982,-89.7783982123625
199.21707669649345,1338.9042583109829,-89.7783982123625
199.21901053116846,1338.4042622872676,-89.7783982123625
199.22094436584348,1337.9042662635522,-89.77194622925937
199.22293450466827,1337.4042703513076,-89.77194622925937
199.22492464349307,1336.9042744390629,-89.77194622925937
199.22691478231786,1336.4042785268182,-89.50308681347515
199.2312511122093,1335.9042974863503,-89.50308681347515
199.23558744210072,1335.4043164458824,-89.50308681347515
199.23992377199215,1334.9043354054145,-89.50308681347515
199.24426010188358,1334.4043543649466,-89.50308681347515
199.248596431775,1333.9043733244787,-89.72967268687162
199.25095547330352,1333.404379007287,-89.72967268687162
199.25331451483203,1332.9043846900952,-89.72967268687162
199.25567355636053,1332.4043903729034,-89.75148754801249
199.25784222464915,1331.9043962683302,-89.75148754801249
199.26001089293777,1331.404402163757,-89.75148754801249
199.2621795612264,1330.9044080591837,-89.75148754801249
199.264348229515,1330.4044139546104,-89.75148754801249
199.26651689780363,1329.9044198500371,-89.73604405657979
199.26882033877882,1329.4044253780464,-89.73604405657979
199.27112377975402,1328.9044309060557,-89.73604405657979
199.27342722072922,1328.404436434065,-89.76450947818734
199.27548225689736,1327.9044407855747,-89.76450947818734
199.2775372930655,1327.4044451370844,-89.76450947818734
199.27959232923365,1326.904449488594,-89.73142333192148
199.281936090273,1326.4044558252208,-89.73142333192148
199.28427985131236,1325.9044621618475,-89.73142333192148
199.28662361235172,1325.4044684984742,-89.73142333192148
199.28896737339107,1324.904474835101,-89.73142333192148
199.29131113443043,1324.4044811717276,-89.75824713816199
199.29342081751997,1323.9044861814095,-89.75824713816199
199.29553050060952,1323.4044911910914,-89.76931965201848
199.29754356093497,1322.9044952514603,-89.73958857759386
199.29981607110244,1322.4045004980544,-89.73958857759386
199.3020885812699,1321.9045057446485,-89.73958857759386
199.30436109143739,1321.4045109912427,-89.71430464460009
199.3068542419195,1320.9045175061367,-89.71430464460009
199.3093473924016,1320.4045240210307,-89.71430464460009
199.31184054288371,1319.9045305359248,-89.71430464460009
199.31433369336582,1319.4045370508188,-89.71430464460009
199.31682684384793,1318.9045435657129,-89.6930410738919
199.31950555277467,1318.404550782976,-89.6930410738919
199.3221842617014,1317.9045580002391,-89.74898968004476
199.3243747313112,1317.4045631757795,-89.8501393069654
199.32568251091436,1316.9045649480438,-89.8501393069654
199.32699029051753,1316.4045667203081,-89.8501393069654
199.3282980701207,1315.9045684925725,-89.8501393069654
199.32960584972386,1315.4045702648368,-89.8501393069654
199.33091362932703,1314.9045720371012,-89.72717943874974
199.33329442838556,1314.4045778051543,-89.72717943874974
199.33567522744409,1313.9045835732074,-89.72717943874974
199.3380560265026,1313.4045893412606,-89.70581046884148
199.3406233031319,1312.9045959442733,-89.70581046884148
199.3431905797612,1312.404602547286,-89.76000734169268
199.3452849046697,1311.9046069338356,-89.77200162997985
199.34727456042913,1311.4046109208664,-89.77200162997985
199.34926421618854,1310.9046149078972,-89.77200162997985
199.35125387194796,1310.404618894928,-89.77200162997985
199.35324352770738,1309.9046228819589,-89.77200162997985
199.3552331834668,1309.4046268689897,-89.71182226163752
199.35774799803926,1308.9046331947445,-89.71182226163752
199.36026281261172,1308.4046395204994,-89.71182226163752
199.3627776271842,1307.9046458462542,-89.72795706500501
199.36515164072512,1307.4046514822978,-89.72795706500501
199.36752565426605,1306.9046571183414,-89.72795706500501
199.36989966780698,1306.404662754385,-89.82319333794476
199.37144259311708,1305.9046656007808,-89.82319333794476
199.37298551842719,1305.4046684471766,-89.82319333794476
199.3745284437373,1304.9046712935724,-89.82319333794476
199.3760713690474,1304.4046741399682,-89.82319333794476
199.3776142943575,1303.904676986364,-89.75300721965
199.37976970620286,1303.4046816557818,-89.75300721965
199.38192511804823,1302.9046863251997,-89.75300721965
199.3840805298936,1302.4046909946176,-89.70761120759299
199.3866320923745,1301.9046975063266,-89.70761120759299
199.3891836548554,1301.4047040180355,-89.70761120759299
199.3917352173363,1300.9047105297445,-89.4469228578634
199.39656165095403,1300.4047338247751,-89.4469228578634
199.40138808457175,1299.9047571198057,-89.4469228578634
199.40621451818947,1299.4047804148363,-89.4469228578634
199.4110409518072,1298.9048037098669,-89.4469228578634
199.41586738542492,1298.4048270048975,-89.66967913596855
199.41874996278932,1297.90483531422,-89.66967913596855
199.42163254015372,1297.4048436235425,-89.66967913596855
199.42451511751813,1296.904851932865,-89.85502768207283
199.42578023567341,1296.404854573152,-89.85502768207283
199.4270453538287,1295.904857213439,-89.85502768207283
199.428310471984,1295.404859853726,-89.85502768207283
199.42957559013928,1294.904862494013,-89.85502768207283
199.43084070829457,1294.4048651343,-89.70589462115501
199.43340724736493,1293.9048723571668,-89.70589462115501
199.43597378643528,1293.4048795800336,-89.69676193491408
199.4386200252684,1292.904886609046,-89.6472218606897
199.4416985758245,1292.4048960902358,-89.6472218606897
199.4447771263806,1291.9049055714256,-89.68480796287116
199.44752768029855,1291.4049134316735,-89.64669166172607
199.45061085040174,1290.9049241128428,-89.64669166172607
199.45369402050494,1290.404934794012,-89.64669166172607
199.45677719060814,1289.9049454751812,-89.64669166172607
199.45986036071133,1289.4049561563504,-89.64669166172607
199.46294353081453,1288.9049668375196,-89.62934384581766
199.46617809221084,1288.4049774830507,-89.62934384581766
199.46941265360715,1287.9049881285819,-89.67869834910292
199.4722165226841,1287.404996360803,-89.59540822959097
199.47574722219326,1286.905008884598,-89.59540822959097
199.47927792170242,1286.405021408393,-89.54021760714521
199.48329023184124,1285.905038142471,-89.54021760714521
199.48730254198006,1285.4050548765492,-89.54021760714521
199.49131485211888,1284.9050716106274,-89.63627068923377
199.4944889597025,1284.4050829657451,-89.63627068923377
199.4976630672861,1283.9050943208629,-89.62193498401409
199.500962282616,1283.4051052643788,-89.6668101869321
199.50386989581557,1282.9051137270098,-89.6668101869321
199.50677750901514,1282.405122189641,-89.62842859376799
199.51002005850637,1281.9051327042578,-89.8523751151265
199.51130832615456,1281.4051347814682,-89.8523751151265
199.51259659380275,1280.9051368586786,-89.8523751151265
199.51388486145095,1280.405138935889,-89.8523751151265
199.51517312909914,1279.9051410130994,-89.8523751151265
199.51646139674733,1279.4051430903098,-89.8523751151265
199.51774966439552,1278.9051451675202,-89.66629585003045
199.52066176553774,1278.4051537279495,-89.66629585003045
199.52357386667995,1277.9051622883787,-89.66629585003045
199.52648596782217,1277.405170848808,-89.65674624747123
199.52948140397837,1276.9051798217372,-89.65674624747123
199.53247684013456,1276.4051887946664,-89.65674624747123
199.53547227629076,1275.9051977675956,-89.73214232975052
199.5378097644923,1275.405203749171,-89.73214232975052
199.54014725269383,1274.9052097307465,-89.73214232975052
199.54248474089536,1274.405215712322,-89.73214232975052
199.5448222290969,1273.9052216938974,-89.73214232975052
199.54715971729843,1273.4052276754728,-89.73214232975052
199.54949720549996,1272.9052336570483,-89.73214232975052
199.5518346937015,1272.4052396386237,-89.73214232975052
199.55417218190303,1271.9052456201991,-89.69822929910852
199.55680561561326,1271.405252607002,-89.69822929910852
199.5594390493235,1270.9052595938049,-89.69822929910852
199.56207248303372,1270.4052665806078,-89.66046570568051
199.56503546075498,1269.905275463926,-89.66046570568051
199.56799843847625,1269.4052843472443,-89.66046570568051
199.57096141619752,1268.9052932305626,-89.65665679122016
199.57395763298769,1268.4053022090166,-89.65665679122016
199.57695384977785,1267.9053111874705,-89.65665679122016
199.57995006656802,1267.4053201659244,-89.64335274583165
199.58306238089608,1266.905329852521,-89.64335274583165
199.58617469522414,1266.4053395391174,-89.64335274583165
199.5892870095522,1265.905349225714,-89.64335274583165
199.59239932388027,1265.4053589123105,-89.64335274583165
199.59551163820834,1264.905368598907,-89.64335274583165
199.5986239525364,1264.4053782855035,-89.64335274583165
199.60173626686446,1263.9053879721,-89.6310840059665
199.6049556422754,1263.4053986042888,-89.71723989309359
199.60742317946585,1262.905404738194,-89.71723989309359
199.6098907166563,1262.405410872099,-89.69953432356147
199.6125127622979,1261.9054177495327,-89.67932576484604
199.61531115815524,1261.4054256070242,-89.67932576484604
199.61810955401256,1260.9054334645157,-89.67932576484604
199.6209079498699,1260.4054413220072,-89.67932576484604
199.62370634572721,1259.9054491794986,-89.67932576484604
199.62650474158454,1259.4054570369901,-89.72056664267257
199.62894324686215,1258.90546321261,-89.72056664267257
199.63138175213976,1258.4054693882297,-89.72056664267257
199.63382025741737,1257.9054755638494,-89.70406990333863
199.63640272304542,1257.405482264231,-89.70406990333863
199.63898518867347,1256.9054889646127,-89.69603854980372
199.6416377385625,1256.4054963251017,-89.69752011530935
199.64427736122127,1255.905503299255,-89.69752011530935
199.64691698388003,1255.4055102734085,-89.69752011530935
199.6495566065388,1254.9055172475619,-89.69752011530935
199.65219622919756,1254.4055242217153,-89.69752011530935
199.65483585185632,1253.9055311958687,-89.69752011530935
199.65747547451508,1253.405538170022,-89.69460338246729
199.66014054960465,1252.905545374218,-89.69460338246729
199.66280562469422,1252.405552578414,-89.69460338246729
199.66547069978378,1251.90555978261,-89.73043445816835
199.6678230937132,1251.4055654268295,-89.73043445816835
199.6701754876426,1250.905571071049,-89.73043445816835
199.67252788157202,1250.4055767152686,-89.72829344435773
199.67489895738663,1249.9055828214928,-89.72829344435773
199.67727003320124,1249.405588927717,-89.72829344435773
199.67964110901585,1248.9055950339412,-89.72829344435773
199.68201218483046,1248.4056011401653,-89.7015442703474
199.68461668827308,1247.9056083759128,-89.74485435811364
199.68684324639275,1247.4056133970296,-89.74485435811364
199.68906980451243,1246.9056184181463,-89.72410540705499
199.69147742748464,1246.4056246802793,-89.69947640697534
199.6940999762012,1245.9056320056611,-89.69947640697534
199.69672252491773,1245.405639331043,-89.69947640697534
199.69934507363428,1244.9056466564248,-89.75006613074812
199.7015261492361,1244.4056518597458,-89.75006613074812
199.7037072248379,1243.9056570630669,-89.69839755770204
199.706339190496,1243.4056639926323,-89.72859829654254
199.70870760796151,1242.905669673399,-89.72859829654254
199.71107602542702,1242.4056753541656,-89.72859829654254
199.71344444289252,1241.9056810349323,-89.61039350162307
199.71684436698945,1241.4056937406815,-89.61039350162307
199.72024429108637,1240.9057064464307,-89.61039350162307
199.7236442151833,1240.40571915218,-89.61039350162307
199.72704413928022,1239.9057318579291,-89.61039350162307
199.73044406337715,1239.4057445636784,-89.67518294249344
199.73327861134499,1238.9057526705362,-89.73384242014588
199.73560126599023,1238.4057580760723,-89.73384242014588
199.73792392063547,1237.9057634816083,-89.76603693435243
199.73996562749574,1237.4057677426397,-89.76603693435243
199.742007334356,1236.905772003671,-89.76603693435243
199.74404904121627,1236.4057762647024,-89.74959716878499
199.7462342111454,1235.9057810500437,-89.80310134659308
199.7479524723302,1235.4057840986475,-89.80310134659308
199.74967073351502,1234.9057871472512,-89.80310134659308
199.75138899469982,1234.405790195855,-89.79423355591844
199.75318464156408,1233.9057934885832,-89.79423355591844
199.75498028842833,1233.4057967813114,-89.79423355591844
199.75677593529258,1232.9058000740397,-89.79423355591844
199.75857158215683,1232.405803366768,-89.77238814452103
199.76055786507857,1231.9058073124108,-89.77238814452103
199.7625441480003,1231.4058112580537,-89.77238814452103
199.76453043092204,1230.9058152036966,-89.73528826385217
199.7668404679365,1230.40582063733,-89.73528826385217
199.76915050495097,1229.9058260709633,-89.73528826385217
199.77146054196544,1229.4058315045966,-89.69980586814386
199.77408021627332,1228.9058386926927,-89.69980586814386
199.7766998905812,1228.4058458807888,-89.69980586814386
199.77931956488908,1227.9058530688849,-89.69501743889504
199.7819810265005,1227.4058602925668,-89.69501743889504
199.7846424881119,1226.9058675162487,-89.69501743889504
199.7873039497233,1226.4058747399306,-89.70571846751912
199.78987202900635,1225.9058813857416,-89.77009351947336
199.7918783343922,1225.4058858492856,-89.77009351947336
199.79388463977807,1224.9058903128296,-89.77009351947336
199.79589094516393,1224.4058947763735,-89.73858349516908
199.79817222593977,1223.9059001282305,-89.73858349516908
199.8004535067156,1223.4059054800875,-89.78280982702665
199.80234884360766,1222.9059091725185,-89.78280982702665
199.80424418049972,1222.4059128649494,-89.78280982702665
199.80613951739178,1221.9059165573804,-89.80256309969552
199.80786247594926,1221.4059195318637,-89.80256309969552
199.80958543450674,1220.905922506347,-89.80256309969552
199.81130839306422,1220.4059254808303,-89.75893548001727
199.81341207163507,1219.905929909717,-89.84017455838107
199.8148068096474,1219.4059319522516,-89.84017455838107
199.81620154765972,1218.9059339947862,-89.84017455838107
199.81759628567204,1218.4059360373208,-89.81149877015125
199.81924126625495,1217.9059387439072,-89.81149877015125
199.82088624683786,1217.4059414504936,-89.81149877015125
199.82253122742077,1216.90594415708,-89.87138895690374
199.82365356931825,1216.4059455228653,-89.87138895690374
199.82477591121574,1215.9059468886505,-89.87138895690374
199.82589825311322,1215.4059482544358,-89.6604716302951
199.82886117909425,1214.9059571440537,-89.6604716302951
199.83182410507527,1214.4059660336716,-89.6604716302951
199.8347870310563,1213.9059749232895,-89.71224629683861
199.83729814463845,1213.4059813562556,-89.71224629683861
199.8398092582206,1212.9059877892216,-89.77782771206633
199.84174807227623,1212.4059915614512,-89.77782771206633
199.84368688633185,1211.9059953336807,-90.09185078041094
199.8428853377003,1211.4059961598505,-90.09185078041094
199.84208378906874,1210.9059969860202,-90.21624520710259
199.84019669812722,1210.4060005487752,-89.91385860490728
199.84094842303932,1209.9060013054338,-89.91385860490728
199.84170014795143,1209.4060020620925,-89.85994871749931
199.84292232378527,1208.9060039443514,-89.85143211719648
199.84421882155914,1208.4060056762014,-89.85143211719648
199.845515319333,1207.9060074080514,-89.86261378628367
199.84671423840302,1207.4060091245392,-89.86261378628367
199.84791315747304,1206.906010841027,-90.14561413548347
199.8466424369069,1206.406012895179,-90.207120473088
199.84483497385236,1205.9060161927368,-90.207120473088
199.8430275107978,1205.4060194902947,-90.22863628944455
199.84103228978688,1204.9060239007472,-90.2290377443746
199.8390335638544,1204.4060279256057,-90.2290377443746
199.83703483792192,1203.9060319504642,-90.35771532808562
199.8339132030718,1203.4060416951797,-90.37517776105018
199.8306391843206,1202.9060526370135,-90.37517776105018
199.8273651655694,1202.4060635788474,-90.37147099416458
199.82412349232004,1201.906074087736,-90.37147099416458
199.82088181907068,1201.4060845966246,-90.37147099416458
199.81764014582131,1200.9060951055133,-90.20280312912425
199.81587035869427,1200.4060983353445,-90.20280312912425
199.81410057156722,1199.9061015651757,-90.20280312912425
199.81233078444018,1199.406104795007,-90.19693638301469
199.81061219368166,1198.9061077508356,-90.90082479982868
199.80275133911198,1198.406169607091,-90.90082479982868
199.7948904845423,1197.9062314633463,-90.90082479982868
199.7870296299726,1197.4062933196017,-90.90082479982868
199.77916877540292,1196.906355175857,-90.81684260487114
199.77204072040934,1196.4064059876127,-90.81684260487114
199.76491266541575,1195.9064567993685,-90.80030360788416
199.75792892774075,1195.4065056971237,-90.80030360788416
199.75094519006575,1194.906554594879,-91.00960372698346
199.74213519341254,1194.4066323308223,-91.00960372698346
199.73332519675932,1193.9067100667655,-91.00960372698346
199.7245152001061,1193.4067878027088,-91.32402498748496
199.71296194753222,1192.906922025972,-91.32402498748496
199.70140869495833,1192.4070562492354,-91.32402498748496
199.68985544238444,1191.9071904724988,-91.1260938143668
199.68002905707306,1191.4072872640218,-91.1260938143668
199.67020267176167,1190.9073840555448,-91.1260938143668
199.6603762864503,1190.4074808470677,-91.33388360754057
199.64873702986688,1189.9076172981438,-91.33388360754057
199.63709777328347,1189.4077537492199,-91.47288381138054
199.62424585316114,1188.9079189591416,-91.47288381138054
199.6113939330388,1188.4080841690634,-91.47288381138054
199.59854201291648,1187.9082493789851,-91.95080652519059
199.5815213445395,1187.4085403728916,-91.97287732133852
199.56430816728198,1186.908837431711,-91.97287732133852
199.54709499002445,1186.4091344905303,-91.64523413521518
199.5327395874674,1185.909340638675,-91.82745377450034
199.5167947667942,1185.4095955121097,-92.49045237177923
199.4950683223559,1184.9100679916455,-92.49045237177923
199.47334187791762,1184.4105404711813,-92.49045237177923
199.45161543347933,1183.9110129507171,112.42248090863559
129.1519586389768,1354.2809978011064,-92.17836883880526
129.1329534697984,1353.7813619095534,-92.17836883880526
129.11394830062,1353.2817260180004,-92.17836883880526
129.0949431314416,1352.7820901264474,-92.17836883880526
129.0759379622632,1352.2824542348944,-92.17836883880526
129.0569327930848,1351.7828183433414,-92.19649664894493
129.0377695364067,1351.283188263865,-92.19649664894493
129.0186062797286,1350.7835581843885,-92.19649664894493
128.9994430230505,1350.283928104912,-93.0191088718334
128.97310851878603,1349.784622097013,-93.0191088718334
128.94677401452157,1349.2853160891138,-93.0191088718334
128.9204395102571,1348.7860100812147,-93.0191088718334
128.89410500599263,1348.2867040733156,-93.0191088718334
128.86777050172816,1347.7873980654165,-93.0191088718334
128.8414359974637,1347.2880920575174,-93.03576371016015
128.81495848681618,1346.7888339199972,-95.09806092119636
128.77052819380242,1346.2908118915316,-95.09806092119636
128.72609790078866,1345.792789863066,-95.09806092119636
128.6816676077749,1345.2947678346004,-95.09806092119636
128.63723731476114,1344.7967458061348,-95.09806092119636
128.59280702174738,1344.2987237776692,-95.09806092119636
128.54837672873361,1343.8007017492037,-95.2573152781762
128.5025623881802,1343.3028055485574,-95.2573152781762
128.45674804762677,1342.8049093479112,-95.2573152781762
128.41093370707335,1342.307013147265,-95.2573152781762
128.36511936651993,1341.8091169466188,-95.2573152781762
128.31930502596651,1341.3112207459726,-95.2573152781762
128.2734906854131,1340.8133245453264,-97.7234691340351
128.20629482524214,1340.3178618074508,-97.7234691340351
128.13909896507118,1339.822399069575,-97.7234691340351
128.07190310490023,1339.3269363316995,-97.87452400740464
128.0034014118345,1338.831653717861,-97.87452400740464
127.93489971876875,1338.3363711040224,-97.87452400740464
127.866398025703,1337.841088490184,-97.88363316354832
127.79782335403854,1337.3458583918227,-97.88363316354832
127.72924868237408,1336.8506282934616,-101.81904206480178
127.6268384894845,1336.3612309450625,-101.81904206480178
127.52442829659492,1335.8718335966635,-101.81904206480178
127.42201810370534,1335.3824362482644,-101.81904206480178
127.31960791081576,1334.8930388998654,-101.81904206480178
127.21719771792618,1334.4036415514663,-101.81904206480178
127.1147875250366,1333.9142442030673,-102.19178144996322
127.00919587628528,1333.4255241027076,-102.19178144996322
126.90360422753395,1332.936804002348,-102.19178144996322
126.79801257878262,1332.4480839019884,-102.19178144996322
126.69242093003129,1331.9593638016288,-102.19178144996322
126.58682928127996,1331.4706437012692,-105.75578262542787
126.45106086230442,1330.9894311072533,-105.75578262542787
126.31529244332887,1330.5082185132374,-105.75578262542787
126.17952402435333,1330.0270059192214,-105.75578262542787
126.04375560537778,1329.5457933252055,-105.75578262542787
125.90798718640224,1329.0645807311896,-105.75578262542787
125.7722187674267,1328.5833681371737,-106.10104249259831
125.63355467014867,1328.1029879078078,-106.10104249259831
125.49489057287064,1327.622607678442,-106.10104249259831
125.35622647559262,1327.142227449076,-106.10104249259831
125.2175623783146,1326.6618472197101,-107.39266618698994
125.06810316678957,1326.1847082796594,-107.39266618698994
124.91864395526454,1325.7075693396087,-107.39266618698994
124.76918474373952,1325.230430399558,-107.67884052032316
124.61734473766,1324.7540454458294,-107.67884052032316
124.4655047315805,1324.277660492101,-107.67884052032316
124.31366472550098,1323.8012755383725,-107.76779406592448
124.16108557727125,1323.325127761366,-107.76779406592448
124.00850642904152,1322.8489799843596,-108.70391109325648
123.84816866211884,1322.3753889113332,-108.70391109325648
123.68783089519616,1321.9017978383067,-108.70391109325648
123.52749312827348,1321.4282067652803,-108.88577695516094
123.36565387385713,1320.9551298067508,-108.88577695516094
123.20381461944078,1320.4820528482214,-108.88577695516094
123.04197536502443,1320.008975889692,-108.94957627390318
122.87961097677805,1319.5360839213422,-108.94957627390318
122.71724658853168,1319.0631919529924,-109.80783094268675
122.54781380145278,1318.5927760243587,-109.80783094268675
122.37838101437387,1318.122360095725,-109.80783094268675
122.20894822729497,1317.6519441670914,-109.80783094268675
122.03951544021606,1317.1815282384578,-109.80783094268675
121.87008265313716,1316.711112309824,-109.80783094268675
121.70064986605826,1316.2406963811904,-109.91774299159962
121.53032152991841,1315.7706244228725,-109.91774299159962
121.35999319377856,1315.3005524645546,-109.91774299159962
121.18966485763872,1314.8304805062367,-111.74646042619587
121.00441610119822,1314.3660674743667,-111.74646042619587
120.81916734475772,1313.9016544424967,-111.74646042619587
120.63391858831721,1313.4372414106267,-111.74646042619587
120.44866983187671,1312.9728283787567,-111.74646042619587
120.26342107543621,1312.5084153468867,-111.74646042619587
120.07817231899571,1312.0440023150168,-111.94073020749018
119.89134902358285,1311.5802177161736,-111.94073020749018
119.70452572816998,1311.1164331173304,-111.94073020749018
119.51770243275712,1310.6526485184872,-111.94073020749018
119.33087913734425,1310.188863919644,-111.94073020749018
119.14405584193139,1309.725079320801,-111.94073020749018
118.95723254651853,1309.2612947219577,-111.9783389501982
118.77010464063267,1308.7976322976192,-111.9783389501982
118.58297673474681,1308.3339698732807,-111.9783389501982
118.39584882886095,1307.8703074489422,-111.9783389501982
118.20872092297509,1307.4066450246037,-111.9783389501982
118.02159301708923,1306.9429826002652,-111.9783389501982
117.83446511120337,1306.4793201759267,-111.97572191028544
117.64735832112046,1306.0156490496452,-111.97572191028544
117.46025153103756,1305.5519779233637,-111.97572191028544
117.27314474095465,1305.0883067970822,-113.67878242634568
117.07234116902146,1304.6304028412148,-113.67878242634568
116.87153759708826,1304.1724988853475,-113.67878242634568
116.67073402515507,1303.7145949294802,-113.67878242634568
116.46993045322188,1303.2566909736129,-113.67878242634568
116.26912688128868,1302.7987870177456,-113.67878242634568
116.06832330935549,1302.3408830618782,-113.8651509175346
115.86603062704614,1301.883633037429,-113.8651509175346
115.6637379447368,1301.4263830129798,-113.8651509175346
115.46144526242745,1300.9691329885306,-113.8651509175346
115.2591525801181,1300.5118829640815,-113.8651509175346
115.05685989780875,1300.0546329396323,-113.8651509175346
114.8545672154994,1299.597382915183,-113.89468663732981
114.65204078600391,1299.1402416030237,-113.89468663732981
114.44951435650842,1298.6831002908643,-113.89468663732981
114.24698792701292,1298.225958978705,-113.89468663732981
114.04446149751743,1297.7688176665456,-113.89468663732981
113.84193506802194,1297.3116763543862,-113.89468663732981
113.63940863852645,1296.8545350422269,-113.89630690775235
113.43686813942907,1296.3973968796288,-113.89630690775235
113.23432764033168,1295.9402587170307,-113.89630690775235
113.0317871412343,1295.4831205544326,-115.62172673021907
112.81557389339173,1295.0322874984345,-115.62172673021907
112.59936064554915,1294.5814544424363,-115.62172673021907
112.38314739770658,1294.1306213864382,-115.62172673021907
112.166934149864,1293.67978833044,-115.62172673021907
111.95072090202143,1293.228955274442,-115.62172673021907
111.73450765417886,1292.7781222184437,-115.65595371314708
111.5180245660631,1292.3274172305569,-115.65595371314708
111.30154147794735,1291.87671224267,-115.65595371314708
111.0850583898316,1291.4260072547831,-115.65595371314708
110.86857530171585,1290.9753022668963,-115.65595371314708
110.6520922136001,1290.5245972790094,-115.65595371314708
110.43560912548435,1290.0738922911225,-115.69948749531947
110.21878388460675,1289.6233524048782,-115.69948749531947
110.00195864372915,1289.172812518634,-116.63923985456478
109.77777338339467,1288.725889666288,-116.63923985456478
109.5535881230602,1288.278966813942,-116.63923985456478
109.32940286272571,1287.832043961596,-116.8346400681677
109.10369454349814,1287.3858878872697,-116.8346400681677
108.87798622427056,1286.9397318129436,-116.8346400681677
108.65227790504298,1286.4935757386174,-116.8233955825407
108.42665715347084,1286.0473753842166,-116.8233955825407
108.2010364018987,1285.6011750298157,-116.8233955825407
107.97541565032657,1285.154974675415,-116.86454669051766
107.74947445721568,1284.7089364252824,-116.86454669051766
107.5235332641048,1284.26289817515,-116.86454669051766
107.29759207099391,1283.8168599250175,-116.85596783245236
107.07172066584451,1283.3707937753074,-116.85596783245236
106.8458492606951,1282.9247276255974,-116.85596783245236
106.6199778555457,1282.4786614758873,-116.85596783245236
106.3941064503963,1282.0325953261772,-117.33288328354867
106.16452673131289,1281.5884184335814,-117.33288328354867
105.93494701222949,1281.1442415409856,-117.33288328354867
105.70536729314608,1280.7000646483898,-117.44585960043185
105.47491217092306,1280.2563412713305,-117.44585960043185
105.24445704870004,1279.8126178942712,-117.44585960043185
105.01400192647702,1279.3688945172119,-117.43814282342872
104.78360656783684,1278.925140104641,-117.43814282342872
104.55321120919666,1278.4813856920703,-117.43814282342872
104.32281585055648,1278.0376312794995,-117.45015485598769
104.09232746406326,1277.5939251789212,-117.45015485598769
103.86183907757004,1277.1502190783428,-117.45015485598769
103.63135069107682,1276.7065129777645,-117.47452144612807
103.40067567369624,1276.262908874068,-117.47452144612807
103.17000065631566,1275.8193047703714,-117.47452144612807
102.93932563893509,1275.375700666675,-117.47452144612807
102.70865062155451,1274.9320965629784,-118.54950631619994
102.4696916864358,1274.49289436268,-118.54950631619994
102.23073275131708,1274.0536921623818,-118.54950631619994
101.99177381619836,1273.6144899620836,-118.54950631619994
101.75281488107964,1273.1752877617853,-118.54950631619994
101.51385594596093,1272.736085561487,-118.54950631619994
101.27489701084221,1272.2968833611887,-118.6768864066258
101.0349645220042,1271.8582176868629,-118.6768864066258
100.7950320331662,1271.419552012537,-118.6768864066258
100.55509954432819,1270.9808863382111,-118.6768864066258
100.31516705549018,1270.5422206638852,-118.6768864066258
100.07523456665217,1270.1035549895594,-118.6768864066258
99.83530207781416,1269.6648893152335,-118.69740519225024
99.59521043929306,1269.2263058124813,-118.69740519225024
99.35511880077195,1268.7877223097291,-118.69740519225024
99.11502716225084,1268.349138806977,-118.69740519225024
98.87493552372973,1267.9105553042248,-118.69740519225024
98.63484388520862,1267.4719718014726,-118.69740519225024
98.39475224668752,1267.0333882987204,-119.02627809897359
98.15214804606262,1266.5961917426455,-119.02627809897359
97.90954384543772,1266.1589951865706,-119.02627809897359
97.66693964481283,1265.7217986304956,-119.08295716065749
97.42390323926622,1265.2848425813843,-119.08295716065749
97.18086683371962,1264.847886532273,-119.08295716065749
96.93783042817302,1264.4109304831616,-119.10657919861382
96.6946125962437,1263.974072339778,-119.10657919861382
96.45139476431439,1263.5372141963946,-119.10657919861382
96.20817693238507,1263.1003560530112,-119.06479186124855
95.96527775411221,1262.6633205987114,-119.06479186124855
95.72237857583934,1262.2262851444116,-119.06479186124855
95.47947939756648,1261.7892496901118,-119.1016057124882
95.23629989737935,1261.3523711725952,-119.1016057124882
94.99312039719223,1260.9154926550787,-119.1016057124882
94.7499408970051,1260.478614137562,-119.1016057124882
94.50676139681798,1260.0417356200455,-119.1016057124882
94.26358189663085,1259.604857102529,-119.10160571242105
94.18795859121019,1259.46899779886,-65.7631479998741
96.18995859479764,1255.0219977991655,59.98118525724773
96.4401004442866,1255.454927812809,59.98118525724773
96.69024229377555,1255.8878578264525,59.98118525724773
96.94038414326451,1256.320787840096,59.98118525724773
97.19052599275346,1256.7537178537395,60.06471113128068
97.44003677727721,1257.1870126316257,60.06471113128068
97.68954756180096,1257.620307409512,60.06471113128068
97.93905834632471,1258.0536021873982,60.07364581204836
98.18850156181907,1258.4869358717838,60.07364581204836
98.43794477731342,1258.9202695561694,60.07364581204836
98.68738799280777,1259.353603240555,60.5036951611602
98.93357130043955,1259.7887962486002,60.5036951611602
99.17975460807133,1260.2239892566454,60.5036951611602
99.42593791570312,1260.6591822646906,60.5036951611602
99.6721212233349,1261.0943752727358,60.5036951611602
99.91830453096668,1261.529568280781,60.78168664976008
100.16237281933911,1261.9659494814894,60.78168664976008
100.40644110771154,1262.4023306821978,60.78168664976008
100.65050939608398,1262.8387118829062,60.78168664976008
100.89457768445641,1263.2750930836146,60.78168664976008
101.13864597282884,1263.711474284323,60.78168664976008
101.38271426120127,1264.1478554850314,61.12256009034552
101.62418241394062,1264.5856816563062,61.12256009034552
101.86565056667996,1265.023507827581,61.12256009034552
102.1071187194193,1265.4613339988557,61.12256009034552
102.34858687215865,1265.8991601701305,61.12256009034552
102.59005502489799,1266.3369863414052,61.762981481413576
102.8266149041018,1266.7774850271705,61.762981481413576
103.06317478330561,1267.2179837129358,61.762981481413576
103.29973466250942,1267.6584823987012,61.762981481413576
103.53629454171323,1268.0989810844665,61.762981481413576
103.77285442091704,1268.5394797702318,61.762981481413576
104.00941430012085,1268.979978455997,61.82976128644397
104.24546061153148,1269.4207525709073,61.82976128644397
104.48150692294212,1269.8615266858176,61.82976128644397
104.71755323435275,1270.3023008007278,61.82976128644397
104.95359954576338,1270.743074915638,61.82976128644397
105.18964585717401,1271.1838490305483,61.82976128644397
105.42569216858465,1271.6246231454586,61.85013128307619
105.66158189528267,1272.0654814062523,61.85013128307619
105.89747162198069,1272.506339667046,61.85013128307619
106.1333613486787,1272.9471979278396,61.85013128307619
106.36925107537672,1273.3880561886333,61.85013128307619
106.60514080207474,1273.828914449427,61.85013128305553
106.82295860990416,1274.235997798387,61.90417118772028
107.05843235190673,1274.6770782101812,61.90417118772028
107.2939060939093,1275.1181586219755,62.407099810383734
107.52549920249226,1275.561289112466,62.407099810383734
107.75709231107521,1276.0044196029567,62.407099810383734
107.98868541965817,1276.4475500934473,62.407099810383734
108.22027852824112,1276.8906805839379,62.407099810383734
108.45187163682408,1277.3338110744285,62.407099810383734
108.68346474540704,1277.776941564919,62.583789984458534
108.91369015714008,1278.220784022711,62.583789984458534
109.14391556887313,1278.664626480503,62.583789984458534
109.37414098060617,1279.1084689382951,62.583789984458534
109.60436639233922,1279.5523113960871,62.583789984458534
109.83459180407226,1279.9961538538792,63.03869918350244
110.06128544404498,1280.441809050212,63.03869918350244
110.2879790840177,1280.8874642465448,63.03869918350244
110.51467272399043,1281.3331194428777,63.11526896586308
110.7407700796133,1281.77907618585,63.11526896586308
110.96686743523617,1282.2250329288224,63.11526896586308
111.19296479085904,1282.6709896717948,63.09374898659821
111.41922965093579,1283.1168615047766,63.09374898659821
111.64549451101254,1283.5627333377583,63.09374898659821
111.8717593710893,1284.00860517074,63.8034165001096
112.0924853569411,1284.4572471344197,63.8034165001096
112.3132113427929,1284.9058890980994,63.8034165001096
112.5339373286447,1285.354531061779,63.787379017783636
112.75478865240359,1285.8031107551335,63.787379017783636
112.97563997616248,1286.251690448488,63.787379017783636
113.19649129992138,1286.7002701418426,64.3327695414398
113.41306312662687,1287.1509325899165,64.3327695414398
113.62963495333236,1287.6015950379904,64.41164300600558
113.84558615521053,1288.052555114518,64.41164300600558
114.0615373570887,1288.5035151910458,64.41164300600558
114.27748855896687,1288.9544752675736,64.41164300600558
114.49343976084504,1289.4054353441013,64.41164300600558
114.7093909627232,1289.856395420629,64.41164300600558
114.92534216460137,1290.3073554971568,64.40856570958053
115.1413175185968,1290.7583038321936,64.40856570958053
115.35729287259221,1291.2092521672305,64.40856570958053
115.57326822658763,1291.6602005022673,64.40856570958053
115.78924358058305,1292.1111488373042,64.40856570958053
116.00521893457847,1292.562097172341,64.40856570958053
116.22119428857388,1293.013045507378,64.85536244003141
116.43364660811028,1293.4656643596056,64.85536244003141
116.64609892764668,1293.9182832118333,64.85536244003141
116.85855124718307,1294.370902064061,64.85536244003141
117.07100356671947,1294.8235209162888,64.85536244003141
117.28345588625587,1295.2761397685165,64.85536244003141
117.49590820579226,1295.7287586207442,64.88237037467943
117.70814706170916,1296.1814773850258,64.88237037467943
117.92038591762605,1296.6341961493074,64.88237037467943
118.13262477354294,1297.086914913589,65.56332058238318
118.33946844201967,1297.5421244135869,65.56332058238318
118.54631211049639,1297.9973339135847,65.56332058238318
118.75315577897311,1298.4525434135826,65.64586306299128
118.95934340962515,1298.9080503588661,65.64586306299128
119.16553104027719,1299.3635573041497,65.64586306299128
119.37171867092923,1299.8190642494333,66.4420413460975
119.57155668703695,1300.2773917947766,66.4420413460975
119.77139470314467,1300.7357193401199,66.4420413460975
119.97123271925238,1301.1940468854632,66.4420413460975
120.1710707353601,1301.6523744308065,67.12936361113506
120.36539575650761,1302.113064701941,67.12936361113506
120.55972077765512,1302.5737549730757,67.12936361113506
120.75404579880262,1303.0344452442102,67.12936361113506
120.94837081995013,1303.4951355153448,67.12936361113506
121.14269584109763,1303.9558257864794,67.10926086765612
121.33718264575884,1304.4164482230592,67.10926086765612
121.53166945042005,1304.877070659639,67.10926086765612
121.72615625508126,1305.3376930962188,67.10926086765612
121.92064305974247,1305.7983155327986,67.10926086765612
122.11512986440368,1306.2589379693784,67.10926086765612
122.3096166690649,1306.7195604059582,67.44966801551232
122.50136349769264,1307.1813304421673,67.44966801551232
122.69311032632038,1307.6431004783765,67.44966801551232
122.88485715494812,1308.1048705145856,68.82925386606749
123.06543129441798,1308.5711243867897,68.82925386606749
123.24600543388783,1309.0373782589938,68.82925386606749
123.42657957335769,1309.503632131198,68.82925386606749
123.60715371282754,1309.969886003402,68.82925386606749
123.7877278522974,1310.4361398756062,68.82925386606749
123.96830199176725,1310.9023937478103,68.90630490938345
124.14824897089068,1311.3688900809777,68.90630490938345
124.3281959500141,1311.8353864141452,68.90630490938345
124.50814292913753,1312.3018827473127,68.90630490938345
124.68808990826096,1312.7683790804801,68.90630490938345
124.86803688738439,1313.2348754136476,68.90630490938345
125.04798386650782,1313.701371746815,68.99546041846794
125.22720473402796,1314.1681475253042,68.99546041846794
125.40642560154811,1314.6349233037934,70.73370577561708
125.57140461222184,1315.1069193441758,70.73370577561708
125.73638362289557,1315.5789153845583,70.73370577561708
125.9013626335693,1316.0509114249408,70.73370577561708
126.06634164424304,1316.5229074653232,70.73370577561708
126.23132065491677,1316.9949035057057,70.73370577561708
126.3962996655905,1317.4668995460881,70.82699167786156
126.56051001780008,1317.9391636811183,70.82699167786156
126.72472037000966,1318.4114278161485,70.82699167786156
126.88893072221924,1318.8836919511787,70.82699167786156
127.05314107442882,1319.3559560862088,70.82699167786156
127.2173514266384,1319.828220221239,72.06961316617362
127.37128195885816,1320.3039355616738,72.06961316617362
127.52521249107792,1320.7796509021086,72.06961316617362
127.67914302329768,1321.2553662425435,72.06961316617362
127.83307355551744,1321.7310815829783,72.45875347528387
127.98376970080972,1322.20783169759,72.45875347528387
128.134465846102,1322.684581812202,72.45875347528387
128.28516199139426,1323.1613319268138,73.13336749578626
128.43023445252243,1323.6398232862157,73.13336749578626
128.5753069136506,1324.1183146456176,73.13336749578626
128.72037937477876,1324.5968060050195,73.10931712933707
128.8656526436988,1325.0752363280121,73.10931712933707
129.01092591261886,1325.5536666510047,73.10931712933707
129.1561991815389,1326.0320969739973,74.19132280041411
129.29241208541407,1326.5131850649504,74.19132280041411
129.42862498928923,1326.9942731559036,74.19132280041411
129.5648378931644,1327.4753612468567,74.337660297945
129.69982166352008,1327.9567958178106,74.337660297945
129.83480543387577,1328.4382303887646,74.337660297945
129.96978920423146,1328.9196649597186,74.59163874058031
130.10263751543948,1329.401692946138,74.59163874058031
130.2354858266475,1329.8837209325573,74.59163874058031
130.36833413785553,1330.3657489189766,75.8910669156394
130.49021658528432,1330.8506632869683,75.8910669156394
130.6120990327131,1331.33557765496,75.8910669156394
130.7339814801419,1331.8204920229516,76.14660968948218
130.85369979850236,1332.3059444580279,76.14660968948218
130.97341811686283,1332.791396893104,76.14660968948218
131.0931364352233,1333.2768493281803,76.14660968948218
131.21285475358377,1333.7623017632566,77.06537387830066
131.32477369641447,1334.2496120327266,80.35008274327497
131.40858750382847,1334.7425369579535,80.35008274327497
131.49240131124247,1335.2354618831803,80.35008274327497
131.57621511865648,1335.728386808407,80.35008274327497
131.66002892607048,1336.221311733634,80.35008274327497
131.74384273348448,1336.7142366588607,80.35008274327497
131.8276565408985,1337.2071615840875,82.12061840639716
131.89620058268736,1337.7024409787641,82.12061840639716
131.96474462447622,1338.1977203734407,82.12061840639716
132.0332886662651,1338.6929997681173,82.43163617464543
132.09914318683593,1339.1886438855704,82.43163617464543
132.16499770740677,1339.6842880030235,82.43163617464543
132.2308522279776,1340.1799321204767,83.87382817885505
132.2842113193385,1340.6770764184976,83.87382817885505
132.3375704106994,1341.1742207165184,83.87382817885505
132.39092950206032,1341.6713650145393,84.12235930974977
132.44213163469067,1342.1687360181472,84.12235930974977
132.49333376732102,1342.6661070217551,84.12235930974977
132.54453589995137,1343.163478025363,84.72470815426603
132.59050642789202,1343.6613595517829,84.72470815426603
132.63647695583268,1344.1592410782027,86.01479558720024
132.67122638735475,1344.6580320524238,86.01479558720024
132.70597581887682,1345.1568230266448,86.01479558720024
132.7407252503989,1345.6556140008659,86.29804675689238
132.77300841407896,1346.1545707072614,86.29804675689238
132.80529157775902,1346.653527413657,86.29804675689238
132.83757474143908,1347.1524841200526,86.29804675689238
132.86985790511915,1347.6514408264482,86.80786226957537
132.89770014335477,1348.1506648592847,86.80786226957537
132.9255423815904,1348.6498888921212,86.80786226957537
132.953384619826,1349.1491129249578,86.80786226957537
132.98122685806163,1349.6483369577943,87.26407341108333
133.0050932314673,1350.1477666540518,87.26407341108333
133.02895960487297,1350.6471963503093,87.26407341108333
133.05282597827863,1351.1466260465668,87.35860205614415
133.0758683527106,1351.6460946613822,87.35860205614415
133.09891072714254,1352.1455632761977,87.35860205614415
133.1219531015745,1352.645031891013,87.99594883643377
133.13943814243066,1353.1447249552955,87.99594883643377
133.15692318328684,1353.6444180195779,87.99594883643377
133.174408224143,1354.1441110838603,87.9959488362888
133.17695864423877,1354.2169978013262,-104.6979693058459
111.54395861621015,1271.7449978003278,62.85725292260858
111.7720628897905,1272.1899337520827,62.85725292260858
112.00016716337086,1272.6348697038375,62.85725292260858
112.22827143695122,1273.0798056555923,62.80636995610966
112.45677075666129,1273.5245388571816,62.80636995610966
112.68527007637135,1273.969272058771,62.80636995610966
112.91376939608142,1274.4140052603602,62.625748003786086
113.14366959938218,1274.858015965777,62.625748003786086
113.37356980268294,1275.3020266711937,62.625748003786086
113.6034700059837,1275.7460373766105,62.625748003786086
113.83337020928445,1276.1900480820273,62.06851323287209
114.06757784544163,1276.6318021209008,62.06851323287209
114.30178548159881,1277.0735561597744,62.06851323287209
114.535993117756,1277.515310198648,62.06851323287209
114.77020075391317,1277.9570642375215,62.06851323287209
115.00440839007035,1278.398818276395,62.06851323287209
115.23861602622753,1278.8405723152687,62.08575519662889
115.47269006066881,1279.282395578633,62.08575519662889
115.70676409511009,1279.7242188419973,62.08575519662889
115.94083812955137,1280.1660421053616,62.08575519662889
116.17491216399264,1280.607865368726,62.08575519662889
116.40898619843392,1281.0496886320902,62.08575519662889
116.6430602328752,1281.4915118954546,62.0308390060784
116.87755771245872,1281.9331107523478,62.0308390060784
117.11205519204225,1282.374709609241,62.0308390060784
117.34655267162577,1282.8163084661344,62.0308390060784
117.5810501512093,1283.2579073230277,62.0308390060784
117.81554763079282,1283.699506179921,62.0308390060784
118.05004511037635,1284.1411050368142,62.194001946929845
118.28328469777057,1284.5833710473623,62.194001946929845
118.51652428516479,1285.0256370579104,62.194001946929845
118.74976387255901,1285.4679030684586,62.194001946929845
118.98300345995324,1285.9101690790067,62.194001946929845
119.21624304734746,1286.3524350895548,62.194001946929845
119.44948263474168,1286.7947011001029,62.52881891559877
119.68013352814899,1287.2383219955411,62.52881891559877
119.91078442155629,1287.6819428909794,62.52881891559877
120.14143531496359,1288.1255637864176,62.52881891559877
120.37208620837089,1288.5691846818559,62.52881891559877
120.60273710177819,1289.012805577294,62.52881891559877
120.83338799518549,1289.4564264727323,62.38708613580723
121.06513587672771,1289.8994760389248,62.38708613580723
121.29688375826993,1290.3425256051173,62.38708613580723
121.52863163981215,1290.7855751713098,62.38708613580723
121.76037952135437,1291.2286247375023,62.97390586242516
121.9875772567641,1291.6740238168518,62.97390586242516
122.21477499217383,1292.1194228962013,62.97390586242516
122.44197272758356,1292.5648219755508,62.97390586242516
122.66917046299329,1293.0102210549003,62.97390586242516
122.89636819840302,1293.4556201342498,62.97390586242516
123.12356593381276,1293.9010192135993,63.361998490965846
123.3477409129913,1294.3479456718158,63.361998490965846
123.57191589216984,1294.7948721300322,63.361998490965846
123.79609087134838,1295.2417985882487,63.361998490965846
124.02026585052693,1295.6887250464652,63.361998490965846
124.24444082970547,1296.1356515046816,63.361998490965846
124.46861580888401,1296.582577962898,63.419365868449624
124.69234283274784,1297.0297279365043,63.419365868449624
124.91606985661167,1297.4768779101105,63.419365868449624
125.1397968804755,1297.9240278837167,63.419365868449624
125.36352390433933,1298.371177857323,63.004220081699586
125.59048626753497,1298.8166976944492,63.004220081699586
125.81744863073061,1299.2622175315755,63.004220081699586
126.04441099392625,1299.7077373687018,64.01336983746232
126.26348917420285,1300.157180353369,64.01336983746232
126.48256735447944,1300.6066233380363,64.01336983746232
126.70164553475604,1301.0560663227036,64.01336983746232
126.92072371503264,1301.5055093073709,64.03670489620937
127.13961906160046,1301.955041953339,64.03670489620937
127.35851440816828,1302.4045745993074,64.03670489620937
127.5774097547361,1302.8541072452756,64.03670489620937
127.79630510130391,1303.3036398912438,64.03670489620937
128.01520044787173,1303.753172537212,64.88525804103092
128.22741665161914,1304.2059023491852,64.88525804103092
128.43963285536654,1304.6586321611583,64.88525804103092
128.65184905911394,1305.1113619731314,64.88525804103092
128.86406526286135,1305.5640917851044,64.85370608103918
129.07653074629332,1306.0167046642296,64.85370608103918
129.28899622972529,1306.4693175433547,64.85370608103918
129.50146171315725,1306.9219304224798,64.85370608103918
129.71392719658922,1307.374543301605,67.47335334663522
129.90548298787405,1307.8363922476065,67.47335334663522
130.09703877915888,1308.298241193608,67.47335334663522
130.2885945704437,1308.7600901396095,67.47335334663522
130.48015036172853,1309.221939085611,67.47335334663522
130.67170615301336,1309.6837880316125,67.52353205440993
130.8628573626164,1310.145804492999,67.52353205440993
131.05400857221946,1310.6078209543857,67.52353205440993
131.2451597818225,1311.0698374157723,67.52353205440993
131.43631099142556,1311.531853877159,67.52353205440993
131.6274622010286,1311.9938703385455,67.52353205440993
131.81861341063166,1312.4558867999322,68.7670437806605
131.99969358144574,1312.9219440599072,68.7670437806605
132.18077375225982,1313.3880013198823,68.7670437806605
132.3618539230739,1313.8540585798573,68.7670437806605
132.542934093888,1314.3201158398324,68.8920213994862
132.7229972660208,1314.786567049383,68.8920213994862
132.9030604381536,1315.2530182589335,68.8920213994862
133.0831236102864,1315.719469468484,68.8920213994862
133.2631867824192,1316.1859206780346,68.88523206424827
133.4433052292859,1316.6523505559855,68.88523206424827
133.62342367615258,1317.1187804339365,68.88523206424827
133.80354212301927,1317.5852103118875,68.88523206424827
133.98366056988596,1318.0516401898385,71.5249670330926
134.14210600816887,1318.525870341377,71.5249670330926
134.30055144645178,1319.0001004929154,71.5249670330926
134.4589968847347,1319.4743306444539,71.5249670330926
134.6174423230176,1319.9485607959923,71.5249670330926
134.7758877613005,1320.4227909475308,71.93016081318927
134.9309753557975,1320.8981292297015,71.93016081318927
135.0860629502945,1321.3734675118721,71.93016081318927
135.24115054479148,1321.8488057940428,71.93016081318927
135.39623813928847,1322.3241440762135,71.93016081318927
135.55132573378546,1322.7994823583842,73.1934709071923
135.69589616838914,1323.2781256086955,73.1934709071923
135.84046660299282,1323.7567688590068,73.1934709071923
135.9850370375965,1324.235412109318,73.1934709071923
136.12960747220018,1324.7140553596294,73.1934709071923
136.27417790680386,1325.1926986099406,73.36158625591555
136.41734331010684,1325.6717640194995,73.36158625591555
136.56050871340983,1326.1508294290584,73.36158625591555
136.70367411671282,1326.6298948386172,73.36158625591555
136.8468395200158,1327.1089602481761,73.36158625591555
136.9900049233188,1327.588025657735,76.34330859160474
137.10805676490384,1328.0738895415877,76.34330859160474
137.22610860648888,1328.5597534254405,76.34330859160474
137.34416044807392,1329.0456173092932,76.34330859160474
137.46221228965896,1329.531481193146,77.0251332160162
137.57447408286032,1330.0187154480898,77.0251332160162
137.68673587606168,1330.5059497030336,77.0251332160162
137.79899766926303,1330.9931839579774,77.0251332160162
137.9112594624644,1331.4804182129212,78.25044202548219
138.01307649076193,1331.9699413947626,78.25044202548219
138.11489351905948,1332.459464576604,78.25044202548219
138.21671054735702,1332.9489877584454,78.34236387818761
138.3177419978506,1333.4386732425041,78.34236387818761
138.41877344834415,1333.928358726563,78.34236387818761
138.51980489883772,1334.4180442106217,81.90084324314968
138.59024816125736,1334.9130565965363,81.90084324314968
138.660691423677,1335.408068982451,81.90084324314968
138.73113468609665,1335.9030813683655,81.90084324314968
138.8015779485163,1336.3980937542801,81.90084324314968
138.87202121093594,1336.8931061401947,81.90084324314968
138.94246447335559,1337.3881185261093,82.35914175692815
139.00894596545356,1337.8836781974603,82.35914175692815
139.07542745755154,1338.3792378688113,82.35914175692815
139.14190894964952,1338.8747975401623,82.35914175692815
139.2083904417475,1339.3703572115132,82.35914175692815
139.27487193384547,1339.8659168828642,84.55785748651222
139.32229218664418,1340.3636628925492,84.55785748651222
139.36971243944288,1340.8614089022342,84.55785748651222
139.41713269224158,1341.3591549119192,84.55785748651222
139.46455294504028,1341.8569009216042,84.81664608341006
139.50972454684768,1342.354856047873,84.81664608341006
139.55489614865508,1342.8528111741418,84.81664608341006
139.60006775046247,1343.3507663004107,84.81664608341006
139.64523935226987,1343.8487214266795,84.81664608341006
139.69041095407727,1344.3466765529483,84.89914119454409
139.7348655257764,1344.844695953897,84.89914119454409
139.77932009747553,1345.3427153548455,84.89914119454409
139.82377466917467,1345.840734755794,84.89914119454409
139.8682292408738,1346.3387541567427,87.24100064501204
139.89229666202073,1346.838172779627,87.24100064501204
139.91636408316765,1347.3375914025114,87.24100064501204
139.94043150431457,1347.8370100253958,87.24100064501204
139.9644989254615,1348.3364286482802,87.24100064501204
139.98856634660842,1348.8358472711645,87.4886421815575
140.01047497392653,1349.335365059174,87.4886421815575
140.03238360124465,1349.8348828471833,87.4886421815575
140.05429222856276,1350.3344006351927,87.4886421815575
140.07620085588087,1350.833918423202,87.4886421815575
140.09810948319898,1351.3334362112114,87.51232433335059
140.11981164137956,1351.832962993111,87.51232433335059
140.14151379956013,1352.3324897750108,87.51232433335059
140.1632159577407,1352.8320165569105,87.51232433335059
140.18491811592128,1353.3315433388102,87.51232433335059
140.20662027410185,1353.83107012071,87.51232433338603
140.21495865558973,1354.0229978007264,95.64892512875907
129.47695863398258,1462.582997801248,-89.66406760406305
129.4798901797518,1462.083006501266,-89.66406760406305
129.48282172552103,1461.583015201284,-89.66406760406305
129.48575327129026,1461.083023901302,-89.76853307428723
129.4877731953285,1460.5830280925538,-89.76853307428723
129.4897931193667,1460.0830322838056,-89.76853307428723
129.49181304340493,1459.5830364750573,-89.80818989295243
129.49348689923147,1459.0830392769196,-89.80818989295243
129.495160755058,1458.583042078782,-89.80818989295243
129.49683461088455,1458.0830448806444,-89.80911909240504
129.4985003576095,1457.5830477610518,-89.80911909240504
129.50016610433443,1457.0830506414593,-89.80911909240504
129.50183185105936,1456.5830535218668,-89.77710521185126
129.50377696993712,1456.0830573530143,-89.77710521185126
129.50572208881488,1455.5830611841618,-89.77710521185126
129.50766720769263,1455.0830650153093,-89.77710521185126
129.5096123265704,1454.5830688464569,-89.70163910048069
129.5122160036659,1454.083075849384,-89.70163910048069
129.51481968076143,1453.583082852311,-89.70163910048069
129.51742335785696,1453.083089855238,-89.70163910048069
129.52002703495248,1452.5830968581652,-89.70163910048069
129.522630712048,1452.0831038610922,-89.70163910048069
129.52523438914352,1451.5831108640193,-89.67609533047138
129.52806097487087,1451.0831189757012,-89.67609533047138
129.53088756059822,1450.583127087383,-89.67609533047138
129.53371414632556,1450.0831351990648,-89.67609533047138
129.5365407320529,1449.5831433107467,-89.67609533047138
129.53936731778026,1449.0831514224285,-89.67609533047138
129.5421939035076,1448.5831595341103,-89.71544897783812
129.54467706893706,1448.0831657961255,-89.71544897783812
129.54716023436652,1447.5831720581407,-89.71544897783812
129.54964339979597,1447.0831783201559,-89.72868799673707
129.55201103480078,1446.5831839312666,-89.72868799673707
129.5543786698056,1446.0831895423773,-89.72868799673707
129.55674630481042,1445.583195153488,-89.70271362260641
129.55934060622167,1445.0832018842366,-89.70271362260641
129.56193490763292,1444.583208614985,-89.70271362260641
129.56452920904417,1444.0832153457336,-89.69639710982084
129.5671786316717,1443.5832223652403,-89.69639710982084
129.56982805429925,1443.083229384747,-89.69639710982084
129.5724774769268,1442.5832364042537,-89.71733045983476
129.57494422400566,1442.0832424891323,-89.71733045983476
129.57741097108453,1441.583248574011,-89.71733045983476
129.5798777181634,1441.0832546588895,-89.71733045983476
129.58234446524227,1440.583260743768,-89.71733045983476
129.58481121232114,1440.0832668286466,-89.74728892884433
129.58701652520153,1439.5832717132241,-89.74728892884433
129.58922183808193,1439.0832765978016,-89.74728892884433
129.59142715096232,1438.583281482379,-89.74728892884433
129.5936324638427,1438.0832863669566,-89.74728892884433
129.5958377767231,1437.583291251534,-89.74728892884433
129.5980430896035,1437.0832961361116,-89.75101451113181
129.60021589093276,1436.5833008841853,-89.75101451113181
129.60238869226202,1436.083305632259,-89.75101451113181
129.6045614935913,1435.5833103803327,-89.75101451113181
129.60673429492056,1435.0833151284064,-89.75101451113181
129.60890709624982,1434.5833198764801,-89.75101451113181
129.6110798975791,1434.0833246245538,-89.75148620126416
129.61324858267142,1433.5833293554538,-89.75148620126416
129.61541726776375,1433.0833340863537,-89.75148620126416
129.61758595285607,1432.5833388172537,-89.75148620126416
129.6197546379484,1432.0833435481536,-89.75148620126416
129.62192332304073,1431.5833482790536,-89.75148620126416
129.62409200813306,1431.0833530099535,-89.73696353590235
129.62638742623938,1430.5833582803,-89.73696353590235
129.6286828443457,1430.0833635506465,-89.73696353590235
129.630978262452,1429.583368820993,-89.70407946237644
129.63356064482366,1429.0833754898047,-89.70407946237644
129.63614302719532,1428.5833821586164,-89.70407946237644
129.63872540956697,1428.083388827428,-89.71216607411986
129.6412372237495,1427.5833951575967,-89.71216607411986
129.64374903793203,1427.0834014877653,-89.71216607411986
129.64626085211455,1426.583407817934,-89.71216607411986
129.64877266629708,1426.0834141481025,-89.71216607411986
129.6512844804796,1425.5834204782711,-89.71216607411986
129.65379629466213,1425.0834268084398,-89.70816381411827
129.6563430348084,1424.5834332947086,-89.70816381411827
129.65888977495467,1424.0834397809774,-89.70816381411827
129.66143651510095,1423.5834462672462,-89.70816381411827
129.66398325524722,1423.083452753515,-89.70816381411827
129.6665299953935,1422.583459239784,-89.70816381411827
129.66907673553976,1422.0834657260527,-89.71267997905008
129.6715840652173,1421.5834720127984,-89.71267997905008
129.67409139489484,1421.0834782995441,-89.71267997905008
129.6765987245724,1420.5834845862898,-89.71267997905008
129.67910605424993,1420.0834908730355,-89.71267997905008
129.68161338392747,1419.5834971597812,-89.71267997905008
129.684120713605,1419.083503446527,-89.74709403575311
129.6863277273252,1418.5835083174602,-89.74709403575311
129.68853474104537,1418.0835131883935,-89.74709403575311
129.69074175476555,1417.5835180593267,-89.74709403575311
129.69294876848573,1417.08352293026,-89.74709403575311
129.69515578220592,1416.5835278011932,-89.74709403575311
129.6973627959261,1416.0835326721265,-89.7510000861932
129.69953572325278,1415.5835373937618,-89.7510000861932
129.70170865057946,1415.0835421153972,-89.7510000861932
129.70388157790615,1414.5835468370326,-89.7510000861932
129.70605450523283,1414.083551558668,-89.7510000861932
129.7082274325595,1413.5835562803034,-89.7510000861932
129.7104003598862,1413.0835610019387,-89.7400026061603
129.7126692565164,1412.5835663410498,-89.7400026061603
129.7149381531466,1412.083571680161,-89.7400026061603
129.7172070497768,1411.583577019272,-89.7400026061603
129.719475946407,1411.0835823583832,-89.7400026061603
129.7217448430372,1410.5835876974943,-89.7400026061603
129.72401373966738,1410.0835930366054,-89.7322950403379
129.72634989650987,1409.5835987387939,-89.7322950403379
129.72868605335236,1409.0836044409823,-89.7322950403379
129.73102221019485,1408.5836101431707,-89.7322950403379
129.73335836703734,1408.0836158453592,-89.7322950403379
129.73569452387983,1407.5836215475476,-89.7322950403379
129.73803068072232,1407.083627249736,-89.7313224576625
129.74037532540967,1406.583632872866,-89.7313224576625
129.74271997009703,1406.083638495996,-89.7313224576625
129.74506461478438,1405.583644119126,-89.7313224576625
129.74740925947174,1405.0836497422558,-89.7313224576625
129.7497539041591,1404.5836553653858,-89.7313224576625
129.75209854884645,1404.0836609885157,-89.73120376328367
129.75444422881083,1403.5836667263172,-89.73120376328367
129.7567899087752,1403.0836724641188,-89.73120376328367
129.75913558873958,1402.5836782019203,-89.73120376328367
129.76148126870396,1402.0836839397218,-89.73120376328367
129.76382694866834,1401.5836896775234,-89.73120376328367
129.76617262863272,1401.0836954153249,-89.68250997931692
129.76894323730187,1400.583703137421,-89.72299086550262
129.77136058860356,1400.0837089827835,-89.72299086550262
129.77377793990524,1399.583714828146,-89.72299086550262
129.77619529120693,1399.0837206735084,-89.76159137013326
129.77827579298116,1398.5837250020813,-89.76159137013326
129.7803562947554,1398.0837293306543,-89.76159137013326
129.78243679652962,1397.5837336592272,-89.73844069611596
129.78471932379819,1397.0837389402666,-89.73844069611596
129.78700185106675,1396.583744221306,-89.73844069611596
129.7892843783353,1396.0837495023454,-89.73390739152315
129.7916064660418,1395.5837548972065,-89.73390739152315
129.7939285537483,1395.0837602920676,-89.73390739152315
129.79625064145478,1394.5837656869287,-89.7328748053527
129.79858174009019,1394.0837711210854,-89.7328748053527
129.8009128387256,1393.5837765552421,-89.7328748053527
129.803243937361,1393.0837819893989,-89.73281457126006
129.8055755612943,1392.5837874984932,-89.73281457126006
129.80790718522758,1392.0837930075875,-89.73281457126006
129.81023880916086,1391.5837985166818,-89.76344481635404
129.81230313669312,1391.0838027809723,-89.76344481635404
129.81436746422537,1390.5838070452628,-89.76344481635404
129.81643179175762,1390.0838113095533,-89.73885748830835
129.8187106818392,1389.5838165799933,-89.73885748830835
129.8209895719208,1389.0838218504332,-89.73885748830835
129.82326846200237,1388.5838271208731,-89.7800049437706
129.82518827630963,1388.083830809216,-89.7800049437706
129.8271080906169,1387.5838344975587,-89.7800049437706
129.82902790492415,1387.0838381859014,-89.7800049437706
129.8309477192314,1386.5838418742442,-89.78933843931823
129.83278608401008,1386.0838452538408,-89.78933843931823
129.83462444878876,1385.5838486334374,-89.78933843931823
129.83646281356744,1385.083852013034,-89.78933843939076
129.83695863938192,1384.948997802101,-59.70465575577484
133.90095864445902,1377.9929977981374,90.35542832408885
133.8978569766474,1378.4929866381485,90.35542832408885
133.89475530883578,1378.9929754781597,90.35542832408885
133.89165364102416,1379.4929643181708,90.35542832408885
133.88855197321254,1379.992953158182,90.35530301752452
133.88545139635426,1380.4929424126856,90.35530301752452
133.88235081949597,1380.9929316671892,90.35530301752452
133.87925024263768,1381.4929209216928,90.35530301752452
133.8761496657794,1381.9929101761963,90.35530301752452
133.8730490889211,1382.4928994307,90.22198285734014
133.87111193432997,1382.9928940173327,90.22198285734014
133.86917477973884,1383.4928886039654,90.22198285734014
133.8672376251477,1383.9928831905981,90.21132663404258
133.86539345850588,1384.492879258919,90.21132663404258
133.86354929186405,1384.9928753272397,90.21132663404258
133.86170512522222,1385.4928713955605,90.21132663404258
133.85986095858038,1385.9928674638813,90.21132663404258
133.85801679193855,1386.4928635322021,90.21132663404258
133.85617262529672,1386.992859600523,90.22584552880788
133.85420175817114,1387.4928552569922,90.22584552880788
133.85223089104556,1387.9928509134616,90.22584552880788
133.85026002392,1388.4928465699309,90.22845518066951
133.84826638343657,1388.992842148421,90.22845518066951
133.84627274295315,1389.4928377269111,90.22845518066951
133.84427910246973,1389.9928333054013,90.2635880035267
133.84197887157018,1390.4928279595892,90.2635880035267
133.83967864067063,1390.9928226137772,90.2635880035267
133.83737840977108,1391.4928172679652,90.2635880035267
133.83507817887153,1391.9928119221531,90.2635880035267
133.83277794797198,1392.492806576341,90.2635880035267
133.83047771707243,1392.992801230529,90.26708275043163
133.82814698931656,1393.4927956934298,90.26708275043163
133.8258162615607,1393.9927901563306,90.26708275043163
133.82348553380484,1394.4927846192313,90.26708275043163
133.82115480604898,1394.992779082132,90.26708275043163
133.81882407829312,1395.4927735450328,90.26708275043163
133.81649335053726,1395.9927680079336,90.26742946292258
133.81415959684352,1396.492762528313,90.26742946292258
133.8118258431498,1396.9927570486925,90.26742946292258
133.80949208945606,1397.492751569072,90.26742946292258
133.80715833576232,1397.9927460894514,90.26742946292258
133.8048245820686,1398.492740609831,90.26742946292258
133.80249082837486,1398.9927351302103,90.24557106398466
133.80034782326356,1399.4927305063125,90.24557106398466
133.79820481815227,1399.9927258824146,90.24557106398466
133.79606181304098,1400.4927212585167,90.24557106398466
133.79391880792969,1400.9927166346188,90.24557106398466
133.7917758028184,1401.4927120107209,90.24557106398466
133.7896327977071,1401.992707386823,90.28543311121794
133.7871419343577,1402.4927011542648,90.28543311121794
133.78465107100828,1402.9926949217065,90.28543311121794
133.78216020765888,1403.4926886891483,90.28543311121794
133.77966934430947,1403.99268245659,90.28543311121794
133.77717848096006,1404.4926762240318,90.28543311121794
133.77468761761065,1404.9926699914736,90.28734122197929
133.77218010306217,1405.4926636757616,90.28734122197929
133.76967258851369,1405.9926573600496,90.28734122197929
133.7671650739652,1406.4926510443377,90.28734122197929
133.76465755941672,1406.9926447286257,90.28734122197929
133.76215004486824,1407.4926384129137,90.28734122197929
133.75964253031975,1407.9926320972017,90.44410525160549
133.7557670227185,1408.4926166871417,90.44410525160549
133.75189151511722,1408.9926012770816,90.44410525160549
133.74801600751596,1409.4925858670215,90.45716851885543
133.74402650292643,1409.9925698224333,90.45716851885543
133.7400369983369,1410.4925537778452,90.45716851885543
133.73604749374738,1410.992537733257,90.4419283228035
133.732958642242,1411.3929977989756,-78.08873350863732
140.81795865576714,1377.8049978008494,82.20236459091004
140.88579339962064,1378.3003555474513,82.20236459091004
140.95362814347413,1378.7957132940533,82.20236459091004
141.02146288732763,1379.2910710406552,82.22869722849263
141.08906967946984,1379.7864578413237,82.22869722849263
141.15667647161206,1380.2818446419922,82.22869722849263
141.22428326375427,1380.7772314426606,82.22869722849263
141.2918900558965,1381.2726182433291,83.04544299099439
141.3524303182811,1381.7689330876349,83.04544299099439
141.41297058066573,1382.2652479319406,83.04544299099439
141.47351084305035,1382.7615627762464,83.16010771112494
141.5330579915816,1383.2580000366338,83.16010771112494
141.59260514011282,1383.7544372970212,83.16010771112494
141.65215228864406,1384.2508745574087,83.18481623020553
141.71148521221494,1384.747336335353,83.18481623020553
141.77081813578582,1385.2437981132975,83.18481623020553
141.8301510593567,1385.740259891242,83.15316553092268
141.88975836535224,1386.2366899965332,83.15316553092268
141.94936567134778,1386.7331201018244,83.15316553092268
142.00897297734332,1387.2295502071156,83.2319967223421
142.06789730615287,1387.7260626903508,83.2319967223421
142.12682163496243,1388.222575173586,83.2319967223421
142.18574596377198,1388.719087656821,83.2319967223421
142.24467029258153,1389.2156001400563,83.1908769664689
142.30395130611385,1389.7120732659926,83.1908769664689
142.36323231964616,1390.2085463919288,83.1908769664689
142.42251333317847,1390.7050195178651,83.1878041245809
142.48182094630477,1391.201489239644,83.1878041245809
142.54112855943106,1391.6979589614227,83.1878041245809
142.60043617255735,1392.1944286832015,83.149661968761
142.66007432174558,1392.6908591985532,83.149661968761
142.7197124709338,1393.1872897139049,83.149661968761
142.77935062012205,1393.6837202292566,83.149661968761
142.83898876931028,1394.1801507446082,83.149661968761
142.8986269184985,1394.67658125996,83.149661968761
142.95826506768674,1395.1730117753116,83.06760741666271
143.01861409849903,1395.6693563224342,83.06760741666271
143.07896312931132,1396.1657008695568,83.06760741666271
143.1393121601236,1396.6620454166793,82.96123623072246
143.20058257211213,1397.1582771372537,82.96123623072246
143.26185298410064,1397.654508857828,82.96123623072246
143.32312339608916,1398.1507405784023,82.96123623072246
143.38439380807768,1398.6469722989766,82.96123623072246
143.4456642200662,1399.143204019551,82.96123623072246
143.5069346320547,1399.6394357401252,83.11444175340746
143.56687793425544,1400.1358295358148,83.11444175340746
143.62682123645618,1400.6322233315043,83.11444175340746
143.68676453865692,1401.1286171271938,83.11444175340746
143.74670784085765,1401.6250109228833,83.11444175340746
143.8066511430584,1402.1214047185729,83.11444175340746
143.86659444525912,1402.6177985142624,86.04526310434727
143.9010786383766,1403.116607937213,86.04526310434727
143.93556283149405,1403.6154173601637,86.04526310434727
143.97004702461152,1404.1142267831144,86.04526310434727
144.00453121772898,1404.613036206065,86.04526310434727
144.03901541084645,1405.1118456290158,89.26744659313022
144.04540792624323,1405.611801252101,89.26744659313022
144.05180044164,1406.1117568751863,89.26744659313022
144.0581929570368,1406.6117124982716,89.26744659313022
144.06458547243358,1407.1116681213568,89.26744659313022
144.07097798783036,1407.611623744442,89.26744659313022
144.07737050322714,1408.1115793675274,89.65263241998281
144.0804017641815,1408.6115578955744,89.65263241998281
144.08343302513583,1409.1115364236214,89.65263241998281
144.08646428609018,1409.6115149516684,89.66399438379351
144.08939638515164,1410.1114916406143,89.66399438379351
144.0923284842131,1410.6114683295602,89.66399438379351
144.09526058327458,1411.1114450185062,89.66399438376553
144.0969586573192,1411.4009977998212,-179.9557732349621
133.732958642242,1411.3929977989756,90.46256134184124
133.72892207933035,1411.8929812022081,90.46256134184124
133.72488551641868,1412.3929646054407,90.46256134184124
133.72084895350702,1412.8929480086733,90.46256134184124
133.71681239059535,1413.392931411906,90.46256134184124
133.71277582768369,1413.8929148151385,90.46021957563788
133.7087596994818,1414.3928984303093,90.46021957563788
133.7047435712799,1414.89288204548,90.46021957563788
133.700727443078,1415.3928656606508,90.46021957563788
133.6967113148761,1415.8928492758216,90.46021957563788
133.6926951866742,1416.3928328909924,90.46021957563788
133.6886790584723,1416.8928165061632,90.21122649040366
133.68683576423348,1417.392812986818,90.21122649040366
133.68499246999465,1417.8928094674727,90.21122649040366
133.68314917575583,1418.3928059481275,90.21122649040366
133.681305881517,1418.8928024287823,90.21122649040366
133.67946258727818,1419.392798909437,90.21122649040366
133.67761929303936,1419.8927953900918,90.06627413181806
133.6770409425103,1420.392794842461,90.06627413181806
133.67646259198125,1420.89279429483,90.06627413181806
133.6758842414522,1421.3927937471992,90.06627413181806
133.67530589092314,1421.8927931995684,90.0623295335006
133.67495864228113,1422.2119977991097,-46.049572091163014
144.0969586573192,1411.4009977998212,90.15309454021987
144.09562265708655,1411.900995987063,90.15309454021987
144.0942866568539,1412.4009941743047,90.15309454021987
144.09295065662127,1412.9009923615465,90.15309454021987
144.09161465638863,1413.4009905487883,90.15309454021987
144.090278656156,1413.90098873603,90.13670737096015
144.08908566048694,1414.400987284915,90.13670737096015
144.0878926648179,1414.9009858337997,90.13670737096015
144.08669966914886,1415.4009843826846,90.13670737096015
144.0855066734798,1415.9009829315694,90.13670737096015
144.08431367781077,1416.4009814804542,90.13670737096015
144.08312068214173,1416.900980029339,90.13434250594362
144.08194832375443,1417.4009786269608,90.13434250594362
144.08077596536714,1417.9009772245824,90.13434250594362
144.07960360697984,1418.4009758222041,90.13434250594362
144.07843124859255,1418.9009744198258,90.13434250594362
144.07725889020526,1419.4009730174475,90.13434250594362
144.07608653181796,1419.9009716150692,90.13121998239899
144.07494142245332,1420.400970302502,90.13121998239899
144.07379631308868,1420.9009689899347,90.13121998239899
144.07265120372404,1421.4009676773674,90.13121998239899
144.0715060943594,1421.9009663648,90.13121998238216
144.0709586586454,1422.1399978031404,179.6031906568308
133.67495864228113,1422.2119977991097,90.03807030372613
133.67462641623194,1422.7119976887354,90.03807030372613
133.67429419018276,1423.2119975783612,90.03807030372613
133.67396196413358,1423.711997467987,90.07601444109135
133.673298613336,1424.2119969180103,90.07601444109135
133.6726352625384,1424.7119963680336,90.07601444109135
133.6719719117408,1425.211995818057,90.59228830407753
133.6668033144241,1425.7119689924862,90.59228830407753
133.6616347171074,1426.2119421669154,90.59228830407753
133.6564661197907,1426.7119153413446,90.59228830407753
133.651297522474,1427.2118885157738,90.59228830407753
133.6461289251573,1427.711861690203,90.59228830407753
133.64096032784062,1428.2118348646322,90.59224004073377
133.6357921509151,1428.7118081172616,90.59224004073377
133.6306239739896,1429.211781369891,90.59224004073377
133.6254557970641,1429.7117546225204,90.59224004073377
133.62028762013858,1430.2117278751498,90.59224004073377
133.61511944321308,1430.7117011277792,90.59224004080185
133.61395864299266,1430.8239977983758,-51.03413514280909
140.61895865172846,1422.1629977999255,89.8857892743974
140.6199553098537,1422.662987868799,89.8857892743974
140.62095196797895,1423.1629779376726,89.8857892743974
140.6219486261042,1423.6629680065462,89.88571355828101
140.62294594866705,1424.1629599305268,89.88571355828101
140.6239432712299,1424.6629518545074,89.88571355828101
140.62494059379276,1425.162943778488,89.8975614246958
140.6258345385262,1425.6629429791465,89.8975614246958
140.62672848325963,1426.162942179805,89.8975614246958
140.62762242799306,1426.6629413804635,90.10201331325737
140.62673219453995,1427.1629404895748,90.10201331325737
140.62584196108685,1427.662939598686,90.10201331325737
140.62495172763374,1428.1629387077974,90.10201331325737
140.62406149418064,1428.6629378169087,90.10201331325737
140.62317126072753,1429.16293692602,90.10201331325737
140.62228102727443,1429.6629360351312,90.0766818968026
140.62161187424329,1430.1629187330068,90.07668189680949
140.62095865246374,1430.6509978007525,-67.93444437629869
144.0709586586454,1422.1399978031404,89.65354448297663
144.0739820349629,1422.6399886622526,89.65354448297663
144.07700541128042,1423.1399795213647,89.6739688876698
144.07985055354118,1423.6399713259243,89.6739688876698
144.08269569580193,1424.139963130484,89.6739688876698
144.08554083806268,1424.6399549350435,89.6739688876698
144.08838598032344,1425.1399467396031,89.6739688876698
144.0912311225842,1425.6399385441628,89.6739688876698
144.09407626484494,1426.1399303487224,89.74425648806076
144.09630804040637,1426.639925325361,89.74425648806076
144.0985398159678,1427.1399203019996,89.74425648806076
144.10077159152922,1427.6399152786382,89.74425648806076
144.10300336709065,1428.1399102552768,89.74425648806076
144.10523514265208,1428.6399052319155,90.34002942300057
144.1022680236274,1429.139866088507,90.34002942300057
144.09930090460273,1429.6398269450985,90.34002942300057
144.09633378557805,1430.13978780169,90.34002942302904
144.09395865822444,1430.539997802116,178.4477080455779
133.61395864299266,1430.8239977983758,90.73016750439784
133.6075869044605,1431.3239570000094,90.73016750439784
133.60121516592835,1431.823916201643,90.73016750439784
133.5948434273962,1432.3238754032766,90.73016750439784
133.58847168886405,1432.8238346049102,90.73016750439784
133.5820999503319,1433.3237938065438,90.73016750439784
133.57572821179974,1433.8237530081774,90.70579465771823
133.5695691479865,1434.3237150136272,90.70579465771823
133.56341008417326,1434.823677019077,90.70579465771823
133.55725102036,1435.3236390245268,90.70579465771823
133.55109195654677,1435.8236010299765,90.70579465771823
133.54493289273353,1436.3235630354263,90.35724951325015
133.54181532299492,1436.823553285707,90.35724951325015
133.53869775325632,1437.3235435359877,90.35724951325015
133.5355801835177,1437.8235337862684,90.35724951325015
133.5324626137791,1438.323524036549,90.35724951325015
133.5293450440405,1438.8235142868298,90.35724951325015
133.5262274743019,1439.3235045371105,90.32869138757223
133.5233591165677,1439.8234963094426,90.32869138757223
133.5204907588335,1440.3234880817747,90.32869138757223
133.5176224010993,1440.8234798541068,90.32869138757223
133.5147540433651,1441.323471626439,90.32869138757223
133.5118856856309,1441.823463398771,90.32869138757223
133.5090173278967,1442.3234551711032,90.32675235217128
133.506165891161,1442.8234470403452,90.32675235217128
133.50331445442532,1443.3234389095871,90.32675235217128
133.50046301768964,1443.823430778829,90.32675235217128
133.49761158095396,1444.323422648071,90.32675235217128
133.49476014421828,1444.823414517313,90.32675235217128
133.4919087074826,1445.323406386555,90.34483536758005
133.48889947681494,1445.823396095445,90.34483536758005
133.48589024614728,1446.3233858043352,90.34483536758005
133.48288101547962,1446.8233755132253,90.34483536758005
133.47987178481196,1447.3233652221154,90.34483536758005
133.4768625541443,1447.8233549310055,90.34483536758005
133.47385332347665,1448.3233446398956,90.32749672660795
133.47099540107058,1448.8233347022442,90.32749672660795
133.46813747866452,1449.3233247645928,90.32749672660795
133.46527955625845,1449.8233148269414,90.32749672660795
133.4624216338524,1450.32330488929,90.32749672660795
133.45956371144632,1450.8232949516387,90.32749672660795
133.45670578904026,1451.3232850139873,90.34518593436437
133.45369350011742,1451.823274546088,90.34518593436437
133.4506812111946,1452.3232640781887,90.34518593436437
133.44766892227176,1452.8232536102894,90.34518593436437
133.44465663334893,1453.32324314239,90.34518593436437
133.4416443444261,1453.8232326744908,90.34518593436437
133.43863205550326,1454.3232222065915,90.3273026660155
133.43577582663943,1454.8232122650102,90.3273026660155
133.4329195977756,1455.3232023234289,90.3273026660155
133.43006336891176,1455.8231923818475,90.3273026660155
133.42720714004793,1456.3231824402662,90.3273026660155
133.4243509111841,1456.823172498685,90.3273026660155
133.42149468232026,1457.3231625571036,90.34336051570445
133.4184991958316,1457.823006513961,90.34336051570445
133.41550370934294,1458.3228504708184,90.34336051570445
133.41250822285429,1458.8226944276757,90.34336051570445
133.40951273636563,1459.3225383845331,90.34336051557496
133.40895864157937,1459.4149978002533,-75.92439343425025
140.62095865246374,1430.6509978007525,90.21016241132085
140.61912464837337,1431.150993123706,90.21016241132085
140.617290644283,1431.6509884466595,90.21016241132085
140.61545664019263,1432.150983769613,90.21016241132085
140.61362263610226,1432.6509790925666,90.16464873525622
140.61218580696107,1433.1509769755407,90.16464873525622
140.61074897781987,1433.650974858515,90.18940979949157
140.60909606983262,1434.150971726968,90.18940979949157
140.60744316184537,1434.650968595421,90.18940979949157
140.60579025385812,1435.1509654638742,90.18940979949157
140.60413734587087,1435.6509623323273,90.18940979949157
140.60248443788362,1436.1509592007803,90.18940979949157
140.60083152989637,1436.6509560692334,90.22651974544814
140.59885477761497,1437.1509520962861,90.22651974544814
140.59687802533358,1437.6509481233388,90.22651974544814
140.5949012730522,1438.1509441503915,90.22651974544814
140.5929245207708,1438.6509401774442,90.22651974544814
140.5909477684894,1439.150936204497,90.22651974544814
140.588971016208,1439.6509322315496,90.2297486737575
140.5869660862984,1440.1509281813512,90.2297486737575
140.58496115638877,1440.6509241311528,90.2297486737575
140.58295622647915,1441.1509200809544,90.2297486737575
140.58095129656954,1441.650916030756,90.2297486737575
140.57894636665992,1442.1509119805576,90.2297486737575
140.5769414367503,1442.6509079303592,90.2339695722481
140.57489967329207,1443.1509036244418,90.2339695722481
140.57285790983383,1443.6508993185244,90.2886272466301
140.57033917439503,1444.150892618962,90.2886272466301
140.56782043895623,1444.6508859193996,90.2886272466301
140.56530170351743,1445.1508792198372,90.27240768123694
140.5629245090106,1445.6508731459933,90.27240768123694
140.56054731450376,1446.1508670721494,90.27240768123694
140.55817011999693,1446.6508609983055,90.2975727812961
140.55557332155263,1447.1508538158148,90.2975727812961
140.55297652310833,1447.6508466333241,90.2975727812961
140.55037972466403,1448.1508394508335,90.30367745365082
140.54772965583845,1448.6508315822775,90.30367745365082
140.54507958701288,1449.1508237137216,90.30367745365082
140.5424295181873,1449.6508158451657,90.30512475006334
140.5397668178275,1450.1508082268515,90.30512475006334
140.53710411746772,1450.6508006085373,90.30512475006334
140.53444141710793,1451.1507929902232,90.30531266393959
140.53177707656982,1451.650785427989,90.30531266393959
140.52911273603172,1452.1507778657547,90.30531266393959
140.52644839549362,1452.6507703035204,90.27638796963112
140.52403646697007,1453.1507640375378,90.27638796963112
140.52162453844653,1453.6507577715552,90.27638796963112
140.519212609923,1454.1507515055725,90.29864244504842
140.51660647707047,1454.650744267911,90.29864244504842
140.51400034421795,1455.1507370302495,90.29864244504842
140.51139421136543,1455.650729792588,90.30377365641118
140.50874330089573,1456.1507223213018,90.30377365641118
140.50609239042603,1456.6507148500157,90.30377365641118
140.50344147995634,1457.1507073787295,90.30514613374551
140.50077859254577,1457.650699843124,90.30514613374551
140.4981157051352,1458.1506923075183,90.30514613374551
140.49545281772464,1458.6506847719127,90.17679387705506
140.4939101833486,1459.1506237971678,90.17679387706463
140.49295865063323,1459.4589978004806,-82.90205216045831
144.09395865822444,1430.539997802116,89.91750074481503
144.09467855202854,1431.0399641118117,89.91750074481503
144.09539844583264,1431.5399304215075,90.13458817652955
144.09422394451735,1432.0399286112563,90.13458817652955
144.09304944320206,1432.539926801005,90.13458817652955
144.09187494188677,1433.039924990754,90.17934603571832
144.090309855515,1433.5399223865436,90.17934603571832
144.0887447691432,1434.0399197823333,90.17934603571832
144.08717968277142,1434.539917178123,90.22040277459695
144.0852563122968,1435.039913002904,90.22040277459695
144.08333294182216,1435.5399088276852,90.22040277459695
144.08140957134754,1436.0399046524662,90.22040277459695
144.0794862008729,1436.5399004772473,90.2454550079737
144.07734420859356,1437.0398958433213,90.2454550079737
144.0752022163142,1437.5398912093954,90.2454550079737
144.07306022403486,1438.0398865754694,90.2454550079737
144.0709182317555,1438.5398819415434,90.2454550079737
144.06877623947616,1439.0398773076174,90.2454550079737
144.06663424719682,1439.5398726736914,90.26524084698688
144.06431959255679,1440.0398672862548,90.26524084698688
144.06200493791675,1440.5398618988181,90.26524084698688
144.05969028327672,1441.0398565113815,90.26524084698688
144.0573756286367,1441.5398511239448,90.26524084698688
144.05506097399666,1442.0398457365081,90.26524084698688
144.05274631935663,1442.5398403490715,90.2676087977973
144.05041100099766,1443.0398347958558,90.2676087977973
144.04807568263868,1443.53982924264,90.2676087977973
144.0457403642797,1444.0398236894243,90.2676087977973
144.04340504592074,1444.5398181362086,90.2676087977973
144.04106972756176,1445.039812582993,90.2676087977973
144.0387344092028,1445.5398070297772,90.25097391675892
144.03654425562013,1446.0398022317179,90.25097391675892
144.03435410203747,1446.5397974336586,90.25097391675892
144.0321639484548,1447.0397926355993,90.25097391675892
144.02997379487215,1447.53978783754,90.25097391675892
144.0277836412895,1448.0397830394807,90.25097391675892
144.02559348770683,1448.5397782414213,90.23200565829588
144.02356886192945,1449.0397741422794,90.23200565829588
144.02154423615207,1449.5397700431374,90.23200565829588
144.0195196103747,1450.0397659439955,90.23200565829588
144.0174949845973,1450.5397618448535,90.23200565829588
144.01547035881993,1451.0397577457115,90.23200565829588
144.01344573304254,1451.5397536465696,90.22983116165469
144.01144008317397,1452.0397496239218,90.22983116165469
144.0094344333054,1452.539745601274,90.22983116165469
144.0074287834368,1453.0397415786263,90.22983116165469
144.00542313356823,1453.5397375559785,90.22983116165469
144.00341748369965,1454.0397335333307,90.22983116165469
144.00141183383107,1454.539729510683,90.28153501637017
143.99895498871308,1455.0397231706993,90.24064041992912
143.99685501109218,1455.5397187546262,90.24064041992912
143.99475503347128,1456.039714338553,90.24064041992912
143.99265505585038,1456.53970992248,90.24064041992912
143.99055507822948,1457.0397055064068,90.24064041992912
143.98845510060858,1457.5397010903337,90.24986302710968
143.9862746412697,1458.0396963357025,90.24986302710968
143.9840941819308,1458.5396915810713,90.24986302710968
143.9819137225919,1459.0396868264402,90.2498630271033
143.9799586563022,1459.4879978001118,98.0851259820872
129.9679586320999,1558.1249977992848,-94.11669791272249
129.9320645888066,1557.6262881420603,-94.1650476393264
129.89574969797673,1557.127608701034,-94.1650476393264
129.85943480714684,1556.6289292600077,-94.09818678760733
129.82370186779792,1556.1302077379094,-94.18795426668966
129.78718760659865,1555.6315428116236,-94.18795426668966
129.75067334539938,1555.1328778853378,-94.18795426668966
129.7141590842001,1554.634212959052,-94.24989415527433
129.6771057655027,1554.1355878689785,-94.24989415527433
129.64005244680527,1553.636962778905,-94.24989415527433
129.60299912810785,1553.1383376888314,-93.78692317762416
129.56997604489413,1552.6394294078946,-93.78692317762416
129.5369529616804,1552.1405211269578,-93.78692317762416
129.5039298784667,1551.641612846021,-93.69815048606503
129.47167983564998,1551.1426540711086,-93.69815048606503
129.43942979283327,1550.6436952961963,-93.69815048606503
129.40717975001655,1550.144736521284,-94.50972043305657
129.36786566771798,1549.6462849010422,-92.70529365577917
129.34426629802442,1549.1468421447555,-92.70529365577917
129.32066692833087,1548.6473993884688,-92.70529365577917
129.2970675586373,1548.147956632182,-92.56346795225419
129.27470461049893,1547.6484584894063,-92.56346795225419
129.25234166236055,1547.1489603466305,-92.56346795225419
129.22997871422217,1546.6494622038547,-90.00174229161374
129.22996350986148,1546.149462266547,-92.07003611848067
129.2119029701256,1545.6497886542766,-92.07003611848067
129.19384243038974,1545.150115042006,-90.0548689695041
129.1933636085555,1544.6501154593311,-90.0548689695041
129.19288478672127,1544.1501158766562,-90.0548689695041
129.19240596488703,1543.6501162939812,-91.76187108777138
129.17703316719553,1543.150352837129,-91.76187108777138
129.16166036950403,1542.6505893802769,-91.76187108777138
129.14628757181254,1542.1508259234247,-89.98044140932396
129.14645825265336,1541.6508261225645,-89.98044140932396
129.14662893349418,1541.1508263217042,-89.98044140932396
129.146799614335,1540.650826520844,-91.74446566990775
129.13157863655192,1540.1510584214823,-91.74446566990775
129.11635765876883,1539.6512903221205,-91.74446566990775
129.10113668098575,1539.1515222227588,-89.97603984245043
129.10134577272822,1538.6515224355364,-89.97603984245043
129.1015548644707,1538.151522648314,-89.97603984245043
129.10176395621318,1537.6515228610917,-89.98862446451183
129.10186322646712,1537.151522969819,-91.73423731895758
129.08673147186437,1536.6517523308357,-91.73423731895758
129.07159971726162,1536.1519816918524,-91.73423731895758
129.05646796265887,1535.652211052869,-90.42001968221089
129.052802642016,1535.152225813179,-90.42001968221089
129.0491373213731,1534.652240573489,-90.42001968221089
129.04547200073023,1534.152255333799,-91.83889022091986
129.02942743080905,1533.6525134428925,-91.83889022091986
129.01338286088787,1533.152771551986,-91.83889022091986
128.9973382909667,1532.6530296610795,-90.41630424473595
128.99370538957885,1532.1530437575573,-90.41630424473595
128.990072488191,1531.653057854035,-90.41630424473595
128.98643958680316,1531.1530719505129,-90.02333191707923
128.98623597768744,1530.6530726441374,-90.02333191707923
128.98603236857173,1530.153073337762,-89.76393486505921
128.9880924190602,1529.6530777296725,-89.76393486505921
128.99015246954866,1529.153082121583,-89.76393486505921
128.99221252003713,1528.6530865134937,-89.94048810808047
128.99273185759864,1528.153088298736,-89.94048810808047
128.99325119516016,1527.6530900839784,-89.94048810808047
128.99377053272167,1527.1530918692208,-89.46773023758617
128.99841539480212,1526.6531135564474,-89.70621060698164
129.00097917910568,1526.1531202405708,-89.70621060698164
129.00354296340925,1525.6531269246943,-89.70621060698164
129.0061067477128,1525.1531336088178,-89.31735739101484
129.0120637873323,1524.6531690975028,-89.31735739101484
129.01802082695178,1524.1532045861877,-89.31735739101484
129.02397786657127,1523.6532400748727,-89.6911884039472
129.02667274258783,1523.1532474292276,-89.6911884039472
129.0293676186044,1522.6532547835825,-89.6911884039472
129.03206249462096,1522.1532621379374,-89.3158885351801
129.03803235151622,1521.6532977793145,-89.3158885351801
129.04400220841148,1521.1533334206915,-89.3158885351801
129.04997206530675,1520.6533690620686,-89.55009070902952
129.05389788580123,1520.1534275698136,-89.5500907090163
129.05595863127382,1519.8909978005104,84.34359461582095
132.84095863607945,1558.1059978012927,-88.82285522549144
132.85123042980808,1557.60610379248,-89.83716883878175
132.85265139764795,1557.1061058789885,-90.47219101065333
132.84853080404355,1556.6061233036633,-90.47219101065333
132.84441021043915,1556.106140728338,-90.47219101065333
132.84028961683475,1555.6061581530128,-90.54442485070022
132.83553868964782,1555.106181188698,-90.54442485070022
132.8307877624609,1554.6062042243832,-90.54442485070022
132.82603683527395,1554.1062272600684,-90.5336050298416
132.82138032145645,1553.6062490731554,-90.5336050298416
132.81672380763894,1553.1062708862423,-90.50152068632727
132.81234727303786,1552.6062903986003,-90.50152068632727
132.80797073843678,1552.1063099109583,-90.50152068632727
132.8035942038357,1551.6063294233163,-90.53870849706767
132.79889315796618,1551.106351880719,-90.53870849706767
132.79419211209665,1550.606374338122,-90.53870849706767
132.78949106622713,1550.1063967955247,-90.53870849706767
132.7847900203576,1549.6064192529275,-89.41626964842933
132.78988393733232,1549.1064455149642,-89.41626964842933
132.79497785430704,1548.606471777001,-89.41626964842933
132.80007177128175,1548.1064980390377,-89.4068311462409
132.80524804710615,1547.6065254584394,-89.4068311462409
132.81042432293054,1547.106552877841,-89.4068311462409
132.81560059875494,1546.6065802972428,-89.36157592953028
132.82117178447038,1546.1066113386119,-89.40371302145552
132.82637526912345,1545.6066390830626,-89.40371302145552
132.8315787537765,1545.1066668275134,-89.39882992720577
132.83682485126576,1544.6066948091561,-89.39882992720577
132.842070948755,1544.1067227907988,-89.39882992720577
132.84731704624426,1543.6067507724415,-89.38058364489173
132.8527223652759,1543.1067802770594,-89.38058364489173
132.85812768430753,1542.6068097816774,-89.38058364489173
132.86353300333917,1542.1068392862953,-89.38058364489173
132.8689383223708,1541.6068687909133,-89.35968217743229
132.87452602330973,1541.1069008982315,-89.35968217743229
132.88011372424864,1540.6069330055498,-89.35968217743229
132.88570142518756,1540.106965112868,-89.39041860619325
132.89102092090343,1539.6069938918386,-89.39041860619325
132.8963404166193,1539.107022670809,-89.39041860619325
132.90165991233516,1538.6070514497796,-89.39466340949382
132.90694236861896,1538.1070797085115,-89.39466340949382
132.91222482490275,1537.6071079672433,-89.39466340949382
132.91750728118654,1537.1071362259752,-89.39466340949382
132.92278973747034,1536.607164484707,-89.39466340949382
132.92807219375413,1536.1071927434389,-89.35649953433983
132.93368767458776,1535.6072244597558,-89.86338543654959
132.93487985707475,1535.1072272871165,-89.86338543654959
132.93607203956174,1534.6072301144773,-89.86338543654959
132.93726422204873,1534.107232941838,-89.75388221732754
132.93941199731523,1533.6072377773703,-89.75388221732754
132.94155977258174,1533.1072426129026,-89.75388221732754
132.94370754784825,1532.607247448435,-89.95998206425236
132.94405676919484,1532.107248994032,-89.95998206425236
132.94440599054144,1531.6072505396291,-89.95998206425236
132.94475521188804,1531.1072520852263,-89.76958960644656
132.94676591556606,1530.6072563523908,-89.76958960644656
132.9487766192441,1530.1072606195553,-89.76958960644656
132.9507873229221,1529.6072648867198,-89.93054802493963
132.9513934038656,1529.1072666783539,-89.93054802493963
132.9519994848091,1528.607268469988,-89.93054802493963
132.9526055657526,1528.107270261622,-89.76480540914237
132.95465801906664,1527.6072746979687,-89.76480540914237
132.95671047238068,1527.1072791343154,-89.76480540914237
132.9587629256947,1526.607283570662,-89.46891714771404
132.96339743122485,1526.1073050812693,-89.69160098633547
132.96608870681314,1525.6073124200595,-89.69160098633547
132.96877998240143,1525.1073197588498,-89.69160098633547
132.97147125798972,1524.60732709764,-89.33920567271602
132.97723764724867,1524.1073604585324,-89.33920567271602
132.98300403650762,1523.6073938194247,-89.33920567271602
132.98877042576657,1523.107427180317,-89.6713997628838
132.99163798744246,1522.6074355139003,-89.6713997628838
132.99450554911834,1522.1074438474836,-89.6713997628838
132.99737311079423,1521.607452181067,-89.51370892275534
133.00161639654925,1521.107511839664,-89.51370892275534
133.00585968230428,1520.6075714982612,-89.51370892275534
133.0101029680593,1520.1076311568584,-89.51370892278456
133.01195863710018,1519.8889977987856,87.78294479917719
134.49095863749972,1558.0919978013262,-83.79323624088629
134.54501684628076,1557.5949300619093,-83.79323624088629
134.5990750550618,1557.0978623224923,-83.79323624088629
134.65313326384285,1556.6007945830754,-83.79323624088629
134.7071914726239,1556.1037268436585,-83.79323624088629
134.76124968140493,1555.6066591042415,-83.79145311840058
134.81532339372075,1555.1095927336232,-83.79145311840058
134.86939710603656,1554.612526363005,-83.79145311840058
134.92347081835237,1554.1154599923866,-83.79145311840058
134.97754453066818,1553.6183936217683,-83.79145311840058
135.031618242984,1553.12132725115,-83.79145311840058
135.0856919552998,1552.6242608805317,-83.79299202533429
135.1397523214073,1552.127193016229,-83.79299202533429
135.19381268751476,1551.6301251519264,-83.79299202533429
135.24787305362224,1551.1330572876238,-83.79299202533429
135.30193341972972,1550.6359894233212,-83.79299202533429
135.3559937858372,1550.1389215590186,-83.79299202533429
135.41005415194468,1549.641853694716,-83.80971865860263
135.46396937127724,1549.144770374242,-83.80971865860263
135.5178845906098,1548.6476870537679,-83.80971865860263
135.57179980994238,1548.1506037332938,-83.80971865860263
135.62571502927494,1547.6535204128197,-83.80971865860263
135.6796302486075,1547.1564370923456,-83.80971865860263
135.73354546794008,1546.6593537718716,-83.71575060448822
135.788275895526,1546.1623591925159,-84.4114077528779
135.83696822633453,1545.664736215054,-84.4114077528779
135.88566055714307,1545.1671132375923,-84.4114077528779
135.9343528879516,1544.6694902601305,-84.4114077528779
135.98304521876014,1544.1718672826687,-84.4114077528779
136.03173754956867,1543.674244305207,-84.4114077528779
136.0804298803772,1543.1766213277451,-84.41707776013685
136.12907298324046,1542.6789933580526,-84.41707776013685
136.17771608610371,1542.18136538836,-84.41707776013685
136.22635918896697,1541.6837374186675,-84.41707776013685
136.27500229183022,1541.186109448975,-84.41707776013685
136.32364539469347,1540.6884814792825,-84.41707776013685
136.37228849755672,1540.19085350959,-84.391697288639
136.4211519913565,1539.6932475429787,-84.391697288639
136.4700154851563,1539.1956415763675,-89.7524117504676
136.47217609151198,1538.6956467055736,-89.7524117504676
136.47433669786767,1538.1956518347797,-89.7524117504676
136.47649730422336,1537.6956569639858,-89.7524117504676
136.47865791057905,1537.195662093192,-89.7524117504676
136.48081851693473,1536.695667222398,-89.7524117504676
136.48297912329042,1536.1956723516041,-90.12493291979382
136.4818888802381,1535.6956742194484,-90.12493291979382
136.48079863718579,1535.1956760872927,-90.12493291979382
136.47970839413347,1534.695677955137,-90.12493291979382
136.47861815108115,1534.1956798229812,-90.12493291979382
136.47752790802883,1533.6956816908255,-90.12493291979382
136.47643766497652,1533.1956835586698,-90.16905060290209
136.47496242366503,1532.695686195836,-90.16905060290209
136.47348718235355,1532.1956888330024,-90.16905060290209
136.47201194104207,1531.6956914701686,-90.16905060290209
136.4705366997306,1531.195694107335,-90.16905060290209
136.4690614584191,1530.6956967445012,-90.16905060290209
136.46758621710762,1530.1956993816675,-90.15420101127788
136.46624056225892,1529.695701640261,-90.15420101127788
136.4648949074102,1529.1957038988544,-90.15420101127788
136.4635492525615,1528.6957061574478,-90.15420101127788
136.4622035977128,1528.1957084160413,-90.15420101127788
136.4608579428641,1527.6957106746347,-90.15420101127788
136.4595122880154,1527.1957129332282,-90.17117909100595
136.45801847219832,1526.695715611543,-90.17117909100595
136.45652465638125,1526.1957182898577,-90.17117909100595
136.45503084056418,1525.6957209681725,-90.17117909100595
136.4535370247471,1525.1957236464873,-90.17117909100595
136.45204320893004,1524.695726324802,-90.17117909100595
136.45054939311296,1524.1957290031169,-90.15426325150123
136.4492031957443,1523.6957314956787,-90.15426325150123
136.44785699837564,1523.1957339882406,-90.15426325150123
136.44651080100698,1522.6957364808025,-90.15426325150123
136.44516460363832,1522.1957389733643,-90.15426325150123
136.44381840626966,1521.6957414659262,-90.15426325150123
136.442472208901,1521.195743958488,-90.1539382071929
136.4411288469173,1520.6957460162841,-90.1539382071929
136.43978548493362,1520.1957480740803,-90.15393820718998
136.4389586414909,1519.8879977990873,-23.49237439355611
143.8839586537797,1516.6519977990538,89.82531831604226
143.8854815149548,1517.1514963486406,90.09469609411913
143.88465518272767,1517.6514674025723,90.09469609411913
143.88382885050055,1518.151438456504,90.09469609411913
143.88300251827343,1518.6514095104355,90.09469609411913
143.8821761860463,1519.1513805643672,90.20122369609442
143.8804201862407,1519.6513761711637,90.20122369609442
143.87866418643512,1520.1513717779603,90.14825118338047
143.87737045297467,1520.6513698217157,90.14825118338047
143.87607671951423,1521.151367865471,90.20868610976139
143.87425559446376,1521.6513643341896,90.20868610976139
143.8724344694133,1522.1513608029081,90.17261595574169
143.87092811484388,1522.651358023812,90.17261595574169
143.86942176027446,1523.151355244716,90.18975958083327
143.86776580073615,1523.6513518470779,90.18975958083327
143.86610984119784,1524.1513484494399,90.21036090460662
143.8642741001246,1524.6513450784148,90.21036090460662
143.86243835905134,1525.1513417073897,90.18947048285459
143.86078492200318,1525.6513384234936,90.18947048285459
143.85913148495501,1526.1513351395974,90.21270271656097
143.85727531080943,1526.6513308977105,90.17519655963042
143.8557464392975,1527.1513270861435,90.17519655963042
143.85421756778555,1527.6513232745765,90.18696920498638
143.85258596496453,1528.1513180393106,90.20473367910373
143.85079933373845,1528.651313904996,90.20473367910373
143.84901270251237,1529.1513097706813,90.20473367910373
143.8472260712863,1529.6513056363667,90.1610442493657
143.8458207047504,1530.1513008826644,90.18587755159903
143.84419862579296,1530.6512964520603,90.18587755159903
143.84257654683552,1531.1512920214561,90.17271710160203
143.841069312753,1531.651288196028,90.18593257192619
143.8394467500309,1532.1512848812233,90.18593257192619
143.8378241873088,1532.6512815664187,90.1968086243919
143.8361067203582,1533.1512760204555,90.1968086243919
143.8343892534076,1533.6512704744923,90.1968086243919
143.832671786457,1534.1512649285291,90.18151226470604
143.8310877982119,1534.651261652038,90.18151226470604
143.8295038099668,1535.151258375547,90.23764136099793
143.8274300086971,1535.6512528986323,90.16393478002362
143.82599941717206,1536.1512482803726,90.24239591235883
143.8238841228865,1536.651243147218,90.18454261063313
143.82227369059194,1537.1512396210908,90.18454261063313
143.82066325829737,1537.6512360949635,90.16616666819972
143.81921318297123,1538.1512338630444,90.17887610522855
143.81765219738077,1538.6512313083354,90.17887610522855
143.8160912117903,1539.1512287536264,90.20443018738962
143.8143072265716,1539.651225311388,90.20443018738962
143.8125232413529,1540.1512218691498,90.20443018738962
143.81073925613418,1540.6512184269116,90.19764109035442
143.80901451585873,1541.151215398233,90.19764109035442
143.80728977558329,1541.6512123695545,90.19764109035442
143.80556503530784,1542.151209340876,90.20023661544927
143.80381764476397,1542.651206284496,90.17324916929172
143.80230576285408,1543.151203998225,90.51699438934098
143.79779419770853,1543.6511835563942,90.51699438934098
143.79328263256298,1544.1511631145636,90.51699438934098
143.78877106741743,1544.651142672733,89.9819623973075
143.7889284749158,1545.1511417677207,89.90160172187062
143.78978716142092,1545.6511410079004,89.77816681437034
143.79172301306357,1546.1511364182063,89.77522258921336
143.79368455724148,1546.6511316167825,89.83398992667061
143.79513326637812,1547.1511295104624,89.77355005252906
143.79710940769303,1547.6511250670198,89.82368071861524
143.7986480811727,1548.151122670506,89.79468991291546
143.80043974446733,1548.6511190767965,91.01040206659765
143.79162278941476,1549.151040801641,91.01040206659765
143.7828058343622,1549.6509625264857,91.92715271145124
143.76599142881764,1550.1506796147262,91.92715271145124
143.7491770232731,1550.6503967029666,91.92715271145124
143.73236261772854,1551.150113791207,91.9510254275724
143.71533999919234,1551.6498239354823,91.96886780923352
143.69816176985944,1552.1495286886523,91.96886780923352
143.68098354052654,1552.6492334418222,91.96886780923352
143.66380531119364,1553.148938194992,91.96824730022986
143.64663249640603,1553.6486430533007,91.96824730022986
143.6294596816184,1554.1483479116093,91.96824730022986
143.6122868668308,1554.648052769918,93.77361339167742
143.57937973568562,1555.146967874911,93.77361339167742
143.54647260454044,1555.6458829799042,95.16707589773482
143.5014424889547,1556.1438507774856,95.16707589773482
143.45641237336895,1556.641818575067,95.16707589773482
143.4113822577832,1557.1397863726484,95.1787949076045
143.36625036898238,1557.6377440907393,95.18019691468737
143.32110631166256,1558.1357005243763,95.1811788865031
143.27595372506914,1558.633656128909,95.2310169670927
143.2303679037832,1559.1315734800855,95.2310169670927
143.18478208249724,1559.629490831262,95.2310169670927
143.13919626121128,1560.1274081824386,95.21241449357238
143.09377218414147,1560.6253394222801,95.1825429329048
143.0486077366602,1561.1232940181073,95.1825429329048
143.0034432891789,1561.6212486139345,95.20030893706976
142.958124342803,1562.1191902545254,95.20030893706976
142.91280539642707,1562.6171318951162,95.23134944612951
142.86721673262264,1563.1150484703653,95.23134944612951
142.8216280688182,1563.6129650456144,95.19118011200402
142.7763884312185,1564.1109142072428,95.19118011200402
142.7311487936188,1564.6088633688712,95.18581476858365
142.68595578493807,1565.1068167722563,95.18581476858365
142.64076277625736,1565.6047701756413,95.24317475030155
142.59507127892505,1566.1026780858717,95.1937404554384
142.54980938911365,1566.600625232997,95.22413843889011
142.50428347032516,1567.0985466783425,95.22413843889011
142.45875755153668,1567.596468123688,95.22413843889011
142.4132316327482,1568.0943895690336,95.75260134475434
142.36311501631815,1568.5918715421572,95.85243272875611
142.31213169229193,1569.0892652260668,95.87695102395325
142.26093551891051,1569.5866371139302,94.63162836217786
142.22056109521282,1570.0850024553154,94.44754945511337
142.18178802668785,1570.5834948120073,94.36823544514436
142.14370512709036,1571.0820393993656,94.33757023621261
142.1058890717161,1571.5806041222718,94.29862385637786
142.06841194601668,1572.0791940985434,94.31572784000831
142.03078635375323,1572.577767945396,94.30104141773887
141.9932883442042,1573.076354294593,94.30533913342695
141.95575278330182,1573.5749398600146,94.30533913342695
141.91821722239945,1574.0735254254362,94.30533913342695
141.88068166149708,1574.5721109908577,94.30533913366993
141.87895864871098,1574.5949978022836,-91.44131695762724
140.42195864772657,1516.6879978021607,89.854023798329
140.42323193407196,1517.1877626612059,89.854023798329
140.42450522041736,1517.687527520251,89.854023798329
140.42577850676275,1518.1872923792962,90.21530998377239
140.42389958103445,1518.687287807346,90.21530998377239
140.42202065530614,1519.1872832353956,90.21530998377239
140.42014172957784,1519.6872786634453,90.21570650092254
140.41825933969994,1520.1872751187368,90.21570650092254
140.41637694982205,1520.6872715740283,90.22613318927476
140.41440357337524,1521.1872669753157,90.22977279689658
140.41239843285064,1521.6872629498544,90.22977279689658
140.41039329232603,1522.187258924393,90.20865333384161
140.40857245319125,1522.6872554233014,90.20865333384161
140.40675161405647,1523.1872519222097,90.20925171118826
140.40492555250796,1523.687248572649,90.22813103885298
140.40293473925954,1524.1872445167835,90.22813103885298
140.4009439260111,1524.687240460918,90.22813103885298
140.39895311276268,1525.1872364050525,90.19609054103928
140.39724190337483,1525.6872334598133,90.2620851475139
140.39495478697938,1526.1872282286586,90.20839004190472
140.39313624480906,1526.6872249215362,90.1935047822682
140.39144760023476,1527.1872220700036,90.20983289113092
140.38961647343558,1527.6872169360488,90.20983289113092
140.3877853466364,1528.187211802094,90.16513752819577
140.3863442615991,1528.6872063389299,90.18132332258894
140.38476191984535,1529.187203803553,90.18132332258894
140.38317957809159,1529.6872012681763,90.2095088208374
140.38135127720648,1530.1871967198917,90.2095088208374
140.37952297632137,1530.6871921716072,90.1671869253226
140.37806400540103,1531.1871872445215,90.19141993477253
140.37639355533918,1531.6871841881602,90.19141993477253
140.37472310527733,1532.187181131799,90.22518552349294
140.37275799598967,1532.6871772549516,90.20000424399358
140.37101263925717,1533.187172486751,90.20000424399358
140.36926728252467,1533.6871677185504,90.20000424399358
140.36752192579218,1534.1871629503498,90.2202409387118
140.36559996874644,1534.687158479789,90.18266247307879
140.36400594069164,1535.1871559286576,90.18266247307879
140.36241191263684,1535.687153377526,90.15831752265828
140.36103033442566,1536.1871510895817,90.18101385076574
140.3594506932683,1536.6871485757454,90.18101385076574
140.3578710521109,1537.187146061909,90.18101385076574
140.35629141095353,1537.6871435480728,90.1970911013902
140.35457147003478,1538.1871405863478,90.18574903654388
140.3529505067404,1538.6871379584368,90.18574903654388
140.351329543446,1539.1871353305257,90.18943959991319
140.3496763743118,1539.687132528046,90.18943959991319
140.34802320517758,1540.1871297255664,90.18943959991319
140.34637003604337,1540.6871269230867,90.19103943186275
140.34470290560023,1541.1871241403296,90.19103943186275
140.3430357751571,1541.6871213575726,90.19103943186275
140.34136864471395,1542.1871185748155,90.21364193065314
140.33950427196635,1542.6871149682452,90.21364193065314
140.33763989921874,1543.1871113616749,90.1652073113843
140.33619819553905,1543.6871092524384,90.18620793613597
140.33457322761512,1544.1871066103704,90.18620793613597
140.3329482596912,1544.6871039683024,90.18620793613597
140.33132329176726,1545.1871013262344,90.20620364461125
140.32952383048496,1545.6870977832932,90.18395440843783
140.32791852828404,1546.187095177771,90.18395440843783
140.32631322608313,1546.6870925722487,90.189639161863
140.32465831522666,1547.187089832134,90.189639161863
140.32300340437018,1547.6870870920193,90.189639161863
140.3213484935137,1548.1870843519046,90.1697257668462
140.31986735931093,1548.687082036776,90.1697257668462
140.31838622510816,1549.1870797216475,90.19032936772432
140.3167252914933,1549.6870768438912,90.19032936772432
140.31506435787844,1550.187073966135,90.19032936772432
140.31340342426358,1550.6870710883786,90.1874471885793
140.31176764189343,1551.1870684067844,90.1874471885793
140.31013185952327,1551.6870657251902,90.1874471885793
140.3084960771531,1552.187063043596,90.19503922307888
140.30679404213606,1552.6870601459432,90.19503922307888
140.30509200711901,1553.1870572482903,90.1795383479092
140.3035252428416,1553.6870545347624,90.19215919833744
140.30184834069235,1554.187051705882,90.19215919833744
140.3001714385431,1554.6870488770014,90.19215919833744
140.29849453639383,1555.187046048121,90.16511749822193
140.29705361755782,1555.6870435666328,90.16466420749823
140.29561665621986,1556.187040466787,91.43505322562119
140.28309479270854,1556.686882484932,91.43505322562119
140.27057292919721,1557.1867245030771,91.70232414735035
140.25571953450674,1557.6865038167434,91.70232414735035
140.24086613981626,1558.1862831304097,91.73913824409479
140.22569162607783,1558.6860528081822,91.71328966970997
140.21074261026172,1559.1858283138145,91.71328966970997
140.1957935944456,1559.6856038194467,91.71328966970997
140.1808445786295,1560.1853793250789,91.75237169247073
140.16555463484588,1560.685145485525,91.74479954141799
140.1503307396997,1561.1849136647902,91.74479954141799
140.13510684455355,1561.6846818440554,91.66958128993838
140.12053906107485,1562.1844695786806,91.7595741901008
140.10518633077095,1562.6842325887592,91.7595741901008
140.08983360046705,1563.1839955988378,91.71019949264911
140.0749115413339,1563.6837718468003,91.71019949264911
140.05998948220076,1564.1835480947627,91.72174812788349
140.0449666631814,1564.6833221377651,91.7366429874408
140.0298139250325,1565.1830921334463,91.7366429874408
140.0146611868836,1565.6828621291274,91.75364658094286
139.9993601309004,1566.182627684859,91.75364658094286
139.98405907491724,1566.6823932405905,91.6890305195742
139.96932166445322,1567.182175097065,91.6890305195742
139.9545842539892,1567.6819569535396,91.73000796392657
139.93948938418225,1568.1817289200287,91.73000796392657
139.9243945143753,1568.6815008865178,91.73000796392657
139.90929964456836,1569.181272853007,91.7785183500419
139.89378167754114,1569.6810306610537,91.74027452937658
139.87859725698877,1570.1807998872084,91.74027452937658
139.8634128364364,1570.6805691133632,91.72878112445046
139.84832866469117,1571.1803415107383,91.71573164740843
139.83335833808155,1571.6801167159506,91.66469262770671
139.81883323748582,1572.179904338949,91.813596869803
139.80300928740076,1572.679653071587,91.6650992539322
139.78848060101132,1573.1794419268358,91.7530126740549
139.77318506617075,1573.6792079179752,91.74551567071947
139.75795493592773,1574.1789755324573,91.74551567071339
139.7479586462141,1574.5069978004321,91.73570469404665
139.73281411091602,1575.006767434983,91.73570469404665
139.71766957561795,1575.5065370695338,92.40668421813419
139.69667346928372,1576.006096037855,92.67980406805557
139.67329629249343,1576.505549246426,92.67980406805557
139.64991911570314,1577.0050024549969,92.71722628348145
139.6262157306163,1577.5044402884803,91.84610614625987
139.61010820271326,1578.0041807686746,91.76244708480147
139.59473039221177,1578.5039437026285,91.76244708480147
139.57935258171028,1579.0037066365824,91.80057384447511
139.5636421974566,1579.5034597419055,91.80057384447511
139.54793181320292,1580.0032128472287,91.80057384447511
139.53222142894924,1580.502965952552,91.74906187431627
139.5169603779541,1581.0027322533883,91.74906187431627
139.50169932695894,1581.5024985542248,91.80864816664206
139.4859185303734,1582.0022489823207,91.76646595309691
139.47050565184384,1582.5020112725995,91.7652469847261
139.45510340519536,1583.0017739091986,91.7652469847261
139.43970115854688,1583.5015365457978,91.78529166074945
139.4241240780177,1584.0012936052467,91.78529166074945
139.40854699748854,1584.5010506646956,91.78529166074945
139.39296991695937,1585.0008077241446,91.76939023819313
139.37753152871574,1585.5005693133899,91.76939023819313
139.3620931404721,1586.0003309026351,91.76939023819313
139.34665475222846,1586.5000924918804,91.80655953939818
139.3308921716024,1586.9998435476775,91.80655953939818
139.3151295909763,1587.4995946034746,91.80655953939818
139.29936701035024,1587.9993456592717,91.75685756683598
139.28403793821383,1588.4991106233363,91.75685756683598
139.26870886607742,1588.9988755874008,91.75685756683598
139.253379793941,1589.4986405514653,91.80086398286683
139.2376668861208,1589.9983933508329,91.76085737236761
139.2223029296597,1590.4981571096055,91.76279877632608
139.20692206310014,1590.9979195730896,91.76279877632608
139.19154119654058,1591.4976820365737,91.76279877632608
139.17616032998103,1591.9974445000578,91.7908755932151
139.16053454817109,1592.4971999119855,91.7908755932151
139.14490876636114,1592.9969553239132,91.7908755932151
139.1292829845512,1593.496710735841,91.78680920325536
139.11369267349346,1593.9964671873822,91.78680920325536
139.09810236243572,1594.4962236389235,91.78680920325536
139.082512051378,1594.9959800904649,91.77977287285088
139.06698311872287,1595.4957383038895,91.77977287285088
139.05145418606776,1595.9954965173142,91.76930293815572
139.03601656784417,1596.4952578533985,91.79821413046982
139.02032678932255,1596.9950108568762,91.79821413049149
139.01495864294702,1597.1659978004172,-92.47639526743384
129.83695863938192,1384.948997802101,-91.27939305773094
129.8257947621147,1384.4491226997745,-91.27939305773094
129.81463088484747,1383.949247597448,-91.27939305773094
129.80346700758025,1383.4493724951215,-91.27939305773094
129.79230313031303,1382.949497392795,-91.27939305773094
129.7811392530458,1382.4496222904684,-91.27939305773094
129.76997537577859,1381.9497471881418,-91.27939307649734
129.75881150268333,1381.4498722799544,-91.27939307649734
129.74764762958807,1380.949997371767,-91.27939307649734
129.73648375649282,1380.4501224635796,-91.27939307649734
129.72531988339756,1379.9502475553923,-91.27939307649734
129.7141560103023,1379.4503726472049,-91.27939307649734
129.70299213720705,1378.9504977390175,-91.2793930559109
129.69182825995756,1378.4506226367737,-91.2793930559109
129.68066438270807,1377.95074753453,-91.2793930559109
129.6695005054586,1377.4508724322861,-91.2793930559109
129.6583366282091,1376.9509973300424,-91.2793930559109
129.6471727509596,1376.4511222277986,-91.2793930559109
129.63600887371013,1375.9512471255548,-91.27896721399976
129.6248487160277,1375.4513721339974,-91.27896721399976
129.6136885583453,1374.95149714244,-91.27896721399976
129.6025284006629,1374.4516221508827,-91.27896721399976
129.59136824298048,1373.9517471593254,-91.27896721399976
129.58020808529807,1373.451872167768,-91.27896721399976
129.56904792761566,1372.9519971762106,-91.27939248693498
129.55788405533326,1372.452122073994,-91.27939248693498
129.54672018305087,1371.9522469717772,-91.27939248693498
129.53555631076847,1371.4523718695605,-91.27939248693498
129.52439243848607,1370.9524967673437,-91.27939248693498
129.51322856620368,1370.452621665127,-91.27939248693498
129.50206469392128,1369.9527465629103,-91.27939302858454
129.49090082123746,1369.452871654419,-91.27939302858454
129.47973694855364,1368.9529967459275,-91.27939302858454
129.4685730758698,1368.4531218374361,-91.27939302858454
129.457409203186,1367.9532469289447,-91.27939302858454
129.44624533050217,1367.4533720204533,-91.27939302858454
129.43508145781834,1366.953497111962,-91.27939309657255
129.42391758021904,1366.4536220099471,-91.27939309657255
129.41275370261974,1365.9537469079323,-91.27939309657255
129.40158982502044,1365.4538718059175,-91.27939309657255
129.39042594742114,1364.9539967039027,-91.27939309657255
129.37926206982183,1364.454121601888,-91.27939309657255
129.36809819222253,1363.954246499873,-91.27939302897349
129.35693431520622,1363.4543713975415,-91.27939302897349
129.3457704381899,1362.95449629521,-91.27939302897349
129.3346065611736,1362.4546211928784,-91.27939302897349
129.32344268415727,1361.954746090547,-91.27939302897349
129.31227880714096,1361.4548709882154,-91.27939302897349
129.30111493012464,1360.9549958858838,-91.27939309211462
129.28995105688284,1360.4551209772387,-91.27939309211462
129.27878718364104,1359.9552460685936,-91.27939309211462
129.26762331039924,1359.4553711599485,-91.27939309211462
129.25645943715745,1358.9554962513034,-91.27939309211462
129.24529556391565,1358.4556213426583,-91.27939309211462
129.23413169067385,1357.9557464340132,-91.2793930280869
129.2229678136748,1357.455871332109,-91.2793930280869
129.21180393667578,1356.9559962302046,-91.2793930280869
129.20064005967674,1356.4561211283003,-91.2793930280869
129.1894761826777,1355.956246026396,-91.2793930280869
129.17831230567867,1355.4563709244917,-91.2793930280869
129.16714842867964,1354.9564958225874,-91.28818170561715
129.15590788217014,1354.4566227449416,-91.28818170563223
129.1519586389768,1354.2809978011064,-0.9109617098140624
133.17695864423877,1354.2169978013262,88.255003743407
133.19218424757958,1354.7167656764568,88.255003743407
133.20740985092038,1355.2165335515874,88.255003743407
133.2226354542612,1355.716301426718,88.255003743407
133.237861057602,1356.2160693018486,88.255003743407
133.2530866609428,1356.7158371769792,88.2555054445723
133.2683078881514,1357.215605185556,88.2555054445723
133.28352911536,1357.7153731941326,88.2555054445723
133.2987503425686,1358.2151412027092,88.2555054445723
133.3139715697772,1358.7149092112859,88.2555054445723
133.3291927969858,1359.2146772198626,88.2555054445723
133.3444140241944,1359.7144452284392,88.25507291910087
133.35963902415267,1360.214213122248,88.25507291910087
133.37486402411093,1360.713981016057,88.25507291910087
133.3900890240692,1361.213748909866,88.25507291910087
133.40531402402746,1361.7135168036748,88.25507291910087
133.42053902398573,1362.2132846974837,88.25507291910087
133.435764023944,1362.7130525912926,88.25501311277984
133.45098954049058,1363.2128203025272,88.25501311277984
133.46621505703718,1363.712588013762,88.25501311277984
133.48144057358377,1364.2123557249965,88.25501311277984
133.49666609013036,1364.7121234362312,88.25501311277984
133.51189160667695,1365.2118911474658,88.25501311277984
133.52711712322355,1365.7116588587005,88.25500498787007
133.54234271512223,1366.2114267148881,88.25500498787007
133.55756830702092,1366.7111945710758,88.25500498787007
133.5727938989196,1367.2109624272634,88.25500498787007
133.58801949081828,1367.710730283451,88.25500498787007
133.60324508271697,1368.2104981396387,88.25500498787007
133.61847067461565,1368.7102659958264,88.25551225683196
133.6336918423292,1369.2100340037682,88.25551225683196
133.64891301004275,1369.70980201171,88.25551225683196
133.6641341777563,1370.209570019652,88.25551225683196
133.67935534546984,1370.7093380275937,88.25551225683196
133.6945765131834,1371.2091060355356,88.25551225683196
133.70979768089694,1371.7088740434774,88.25506800278568
133.72502272372037,1372.2086419353936,88.25506800278568
133.7402477665438,1372.7084098273099,88.25506800278568
133.75547280936723,1373.2081777192261,88.25506800278568
133.77069785219066,1373.7079456111423,88.25506800278568
133.7859228950141,1374.2077135030586,88.25506800278568
133.80114793783753,1374.7074813949748,88.25994660504142
133.81633042596195,1375.2072505626538,88.25994660504142
133.83151291408637,1375.7070197303328,88.25994660504142
133.8466954022108,1376.2067888980118,88.25994660504142
133.86187789033522,1376.7065580656908,88.25994660504142
133.87706037845965,1377.2063272333698,88.25994660504142
133.89224286658407,1377.7060964010489,88.25994660501586
133.90095864445902,1377.9929977981374,-75.242789682715
140.21495865558973,1354.0229978007264,88.54299178258785
140.22767200942315,1354.522833345895,88.54299178258785
140.24038536325656,1355.0226688910634,88.54299178258785
140.25309871708998,1355.5225044362319,88.54299178258785
140.2658120709234,1356.0223399814004,88.54299178258785
140.27852542475682,1356.5221755265688,88.54257277724088
140.29124243385775,1357.022010977142,88.54257277724088
140.30395944295867,1357.521846427715,88.54257277724088
140.3166764520596,1358.021681878288,88.54257277724088
140.32939346116052,1358.5215173288611,88.54257277724088
140.34211047026145,1359.0213527794342,88.54257277724088
140.35482747936237,1359.5211882300073,88.55946001932006
140.36739716745797,1360.0210274084022,88.55946001932006
140.37996685555356,1360.5208665867972,88.55946001932006
140.39253654364916,1361.0207057651921,88.55946001932006
140.40510623174475,1361.520544943587,88.55946001932006
140.41767591984035,1362.020384121982,88.55946001932006
140.43024560793594,1362.520223300377,88.54521268856298
140.44293958707271,1363.0200593379311,88.54521268856298
140.45563356620949,1363.5198953754852,88.54521268856298
140.46832754534626,1364.0197314130394,88.54521268856298
140.48102152448303,1364.5195674505935,88.54521268856298
140.4937155036198,1365.0194034881476,88.54521268856298
140.50640948275657,1365.5192395257018,88.54286206129933
140.51912396820796,1366.0190750404556,88.54286206129933
140.53183845365936,1366.5189105552095,88.54286206129933
140.54455293911076,1367.0187460699633,88.54286206129933
140.55726742456216,1367.5185815847171,88.54286206129933
140.56998191001355,1368.018417099471,88.54286206129933
140.58269639546495,1368.5182526142248,88.54297503126577
140.59540989545144,1369.0180881563954,88.54297503126577
140.60812339543793,1369.517923698566,88.54297503126577
140.62083689542442,1370.0177592407365,88.54297503126577
140.6335503954109,1370.517594782907,88.54297503126577
140.6462638953974,1371.0174303250776,88.54297503126577
140.65897739538389,1371.5172658672482,88.55973342473375
140.6715447100903,1372.0171055731844,88.55973342473375
140.68411202479672,1372.5169452791206,88.55973342473375
140.69667933950313,1373.0167849850568,88.55973342473375
140.70924665420955,1373.516624690993,88.55973342473375
140.72181396891597,1374.0164643969292,88.55973342473375
140.73438128362238,1374.5163041028654,88.54422435900297
140.74708388108706,1375.0161397779764,88.54422435900297
140.75978647855175,1375.5159754530873,88.54422435900297
140.77248907601643,1376.0158111281983,88.54422435900297
140.7851916734811,1376.5156468033092,88.54422435900297
140.7978942709458,1377.0154824784202,88.54422435900297
140.81059686841047,1377.515318153531,88.54422435906216
140.81795865576714,1377.8049978008494,-114.92859373841988
-24.27404157264391,1022.6089978003874,83.14964512353349
-24.214403326330796,1023.1054278917597,83.14964512353349
-24.154765080017683,1023.601857983132,83.14964512353349
-24.09512683370457,1024.0982880745044,83.14964512353349
-24.035488587391455,1024.5947181658767,83.14964512353349
-23.975850341078342,1025.091148257249,83.14964512353349
-23.91621209476523,1025.5875783486213,83.18742145019539
-23.856901146773282,1026.0840478331643,88.19043481399503
-23.841112338107166,1026.5837984382524,88.19043481399503
-23.82532352944105,1027.0835490433406,88.19043481399585
-23.809534720774934,1027.583299648429,88.19043481399585
-23.793745912108818,1028.0830502535173,88.19043481399503
-23.777957103442702,1028.5828008586054,88.19043481399503
-23.762168294776586,1029.0825514636936,88.19043481399585
-23.74637948611047,1029.582302068782,104.10774910743808
-23.868248924039563,1030.067207062147,104.10774910743808
-23.990118361968655,1030.552112055512,104.10774910743808
-24.111987799897747,1031.037017048877,104.10774910743808
-24.23385723782684,1031.521922042242,104.10774910743808
-24.355726675755932,1032.006827035607,104.10774910743808
-24.477596113685024,1032.4917320289721,118.13403008922279
-24.71333709314166,1032.9326052319814,118.13403008922279
-24.949078072598297,1033.3734784349906,118.13403008922279
-25.184819052054934,1033.8143516379998,118.13403008922279
-25.42056003151157,1034.255224841009,118.13403008922279
-25.656301010968207,1034.6960980440183,118.13403008922279
-25.892041990424843,1035.1369712470275,118.54122802884939
-26.130909381268452,1035.5761563320054,118.54122802884939
-26.36977677211206,1036.0153414169833,118.54122802884939
-26.60864416295567,1036.4545265019613,124.48811868748462
-26.891722094462864,1036.8665904783452,124.48811868749937
-27.174800025970058,1037.278654454729,124.48811868749937
-27.45787795747725,1037.6907184311126,124.48811868748462
-27.740955888984445,1038.1027824074965,124.48811868748462
-28.02403382049164,1038.5148463838805,124.48811868749937
-28.307111751998832,1038.9269103602642,137.87622207204345
-28.677951096854997,1039.2622690750518,137.87622207206277
-29.048790441711162,1039.5976277898392,137.87622207206277
-29.419629786567327,1039.9329865046266,137.87622207204345
-29.790469131423492,1040.2683452194142,137.87622207204345
-30.161308476279657,1040.6037039342018,137.87622207206277
-30.532147821135823,1040.9390626489892,138.64334439615914
-30.90744140476994,1041.269424205795,138.64334439613958
-31.28273498840406,1041.5997857626012,150.86707474510527
-31.719437978623034,1041.8431803313642,150.86707474510527
-32.15614096884201,1042.0865749001273,150.86707474510527
-32.592843959060986,1042.3299694688903,150.86707474510527
-33.02954694927996,1042.5733640376534,150.86707474510527
-33.46624993949894,1042.8167586064164,150.86707474510527
-33.90295292971791,1043.0601531751795,151.76482088540504
-34.343416024612395,1043.2966757228562,151.76482088540504
-34.78387911950688,1043.533198270533,168.17903009844682
-35.27326330492474,1043.6356228964878,-83.68469086297125
-31.65490379315338,1010.9410273927399,39.2892916804971
-31.26792450705193,1011.2576455099227,39.2892916804971
-30.88094522095048,1011.5742636271054,39.2892916804971
-30.49396593484903,1011.8908817442882,39.2892916804971
-30.10698664874758,1012.207499861471,39.2892916804971
-29.72000736264613,1012.5241179786537,39.282365062705026
-29.332989802684438,1012.8406893107123,39.282365062705026
-28.945972242722746,1013.1572606427708,39.282365062705026
-28.558954682761055,1013.4738319748293,39.282365062705026
-28.171937122799363,1013.7904033068878,39.282365062705026
-27.784919562837672,1014.1069746389463,39.282365062705026
-27.39790200287598,1014.4235459710048,61.75062309053266
-27.16124695913271,1014.8639939137528,61.75062309053266
-26.924591915389442,1015.3044418565007,61.75062309053266
-26.687936871646173,1015.7448897992487,61.75062309053266
-26.451281827902903,1016.1853377419966,61.75062309053266
-26.214626784159634,1016.6257856847445,61.75062309053266
-25.977971740416365,1017.0662336274925,63.823282403678434
-25.757401134775137,1017.5149524792549,63.823282403678434
-25.53683052913391,1017.9636713310174,74.73050466661988
-25.405158545142,1018.4459918132583,74.73050466661988
-25.273486561150094,1018.9283122954992,74.73050466661988
-25.141814577158186,1019.41063277774,74.73050466661988
-25.01014259316628,1019.8929532599809,74.73050466661988
-24.87847060917437,1020.3752737422218,74.73050466661988
-24.746798625182464,1020.8575942244627,74.92463905934973
-24.61676223472955,1021.3403558447825,74.92463905934973
-24.486725844276634,1021.8231174651023,74.92463905934973
-24.35668945382372,1022.3058790854221,74.9246390593646
-24.275041572691407,1022.6089977989905,72.83786950403329
208.0389587364043,1774.8539977995679,-62.914325165488215
208.26661908870267,1774.4088360433832,-62.914325165488215
208.49427944100103,1773.9636742871985,-62.914325165488215
208.72193979329938,1773.5185125310138,-62.914325165488215
208.94960014559774,1773.0733507748291,-62.914325165488215
209.1772604978961,1772.6281890186444,-62.914325165488215
209.40492085019446,1772.1830272624597,-62.905639726942184
209.63264846624713,1771.7379004434908,-62.905639726942184
209.8603760822998,1771.292773624522,-62.905639726942184
210.08810369835248,1770.847646805553,-62.905639726942184
210.31583131440516,1770.4025199865841,-62.905639726942184
210.54355893045783,1769.9573931676152,-62.905639726942184
210.7712865465105,1769.5122663486463,-62.932939982739114
210.9988021750121,1769.0670308143303,-62.932939982739114
211.22631780351367,1768.6217952800143,-62.932939982739114
211.45383343201524,1768.1765597456983,-62.93293998274498
211.5859587424784,1767.9179978016764,-113.02588993453163
139.01495864294702,1597.1659978004172,91.55281855426426
139.00140940428696,1597.665814156874,91.55281855426426
138.9878601656269,1598.1656305133306,91.55281855426426
138.97431092696684,1598.6654468697873,91.55281855426426
138.96076168830677,1599.165263226244,91.55281855426426
138.9472124496467,1599.6650795827006,91.55281852550867
138.93366321049507,1600.1648959665515,91.55281852550867
138.92011397134343,1600.6647123504024,91.55281852550867
138.90656473219178,1601.1645287342533,91.55281852550867
138.89301549304014,1601.6643451181042,91.55281852550867
138.8794662538885,1602.164161501955,91.55281852550867
138.86591701473685,1602.663977885806,91.55237091951734
138.85237168082335,1603.1637943543465,91.55237091951734
138.83882634690985,1603.663610822887,91.55237091951734
138.82528101299636,1604.1634272914275,91.55237091951734
138.81173567908286,1604.663243759968,91.55237091951734
138.79819034516936,1605.1630602285086,91.55237091951734
138.78464501125586,1605.6628766970491,91.55275790606179
138.7710963016351,1606.1626930686487,91.55275790606179
138.75754759201436,1606.6625094402482,91.55275790606179
138.7439988823936,1607.1623258118477,91.55275790606179
138.73045017277286,1607.6621421834473,91.55275790606179
138.7169014631521,1608.1619585550468,91.55275790606179
138.70335275353136,1608.6617749266463,91.53619206727717
138.6899485556164,1609.1615951939773,91.53619206727717
138.67654435770146,1609.6614154613083,91.53619206727717
138.6631401597865,1610.1612357286392,91.53619206727717
138.64973596187156,1610.6610559959702,91.53619206727717
138.6363317639566,1611.1608762633011,91.53619206727717
138.62292756604165,1611.660696530632,91.55065789571316
138.60939717502515,1612.160513425153,91.55065789571316
138.59586678400865,1612.6603303196741,91.55065789571316
138.58233639299215,1613.1601472141951,91.55065789571316
138.56880600197564,1613.6599641087162,91.55065789571316
138.55527561095914,1614.1597810032372,91.55065789571316
138.54174521994264,1614.6595978977582,91.55928743470699
138.52813955075362,1615.159412710919,91.55928743470699
138.5145338815646,1615.6592275240798,91.55928743470699
138.50092821237558,1616.1590423372406,91.55928743470699
138.48732254318656,1616.6588571504014,91.55928743470699
138.47371687399755,1617.1586719635623,91.55928743476419
138.47095864079893,1617.2599977999926,-93.20886684391952
133.01195863710018,1519.8889977987856,-93.52733706199301
132.98119628244797,1519.3899454669083,-93.52733706199301
132.95043392779576,1518.890893135031,-93.52733706199301
132.91967157314355,1518.3918408031539,-93.52733706199301
132.88890921849134,1517.8927884712766,-93.52733706199301
132.85814686383912,1517.3937361393994,-93.52834993324429
132.82737570005963,1516.894684563617,-93.52834993324429
132.79660453628014,1516.3956329878345,-93.52834993324429
132.76583337250065,1515.896581412052,-93.52834993324429
132.73506220872116,1515.3975298362695,-93.52834993324429
132.70429104494167,1514.898478260487,-93.52834993324429
132.67351988116218,1514.3994266847046,-93.5274772798513
132.64275630683346,1513.9003744546496,-93.5274772798513
132.61199273250475,1513.4013222245947,-93.5274772798513
132.58122915817603,1512.9022699945397,-93.5274772798513
132.5504655838473,1512.4032177644847,-93.5274772798513
132.5197020095186,1511.9041655344297,-93.5274772798513
132.48893843518988,1511.4051133043747,-93.52735613960903
132.45817592780293,1510.9060612006656,-93.52735613960903
132.42741342041597,1510.4070090969565,-93.52735613960903
132.39665091302902,1509.9079569932474,-93.52735613960903
132.36588840564207,1509.4089048895382,-93.52735613960903
132.33512589825511,1508.9098527858291,-93.52735613960903
132.30436339086816,1508.41080068212,-93.5439041005418
132.27345673846207,1507.9117572922667,-93.5439041005418
132.24255008605599,1507.4127139024133,-93.5439041005418
132.2116434336499,1506.91367051256,-93.5439041005418
132.1807367812438,1506.4146271227066,-93.5439041005418
132.14983012883772,1505.9155837328533,-93.5439041005418
132.11892347643163,1505.416540343,-93.53053867231665
132.08813324896892,1504.917489949796,-93.53053867231665
132.0573430215062,1504.418439556592,-93.53053867231665
132.02655279404348,1503.919389163388,-93.53053867231665
131.99576256658077,1503.420338770184,-93.53053867231665
131.96497233911805,1502.9212883769799,-93.53053867231665
131.93418211165533,1502.4222379837759,-93.5277494201169
131.903416166885,1501.923185898681,-93.5277494201169
131.87265022211466,1501.424133813586,-93.5277494201169
131.84188427734432,1500.925081728491,-93.5277494201169
131.81111833257398,1500.426029643396,-93.5277494201169
131.78035238780365,1499.9269775583011,-93.5277494201169
131.7495864430333,1499.4279254732062,-93.52738918216164
131.7188236345812,1498.928873172108,-93.52738918216164
131.68806082612912,1498.42982087101,-93.52738918216164
131.65729801767702,1497.9307685699118,-93.52738918216164
131.62653520922493,1497.4317162688137,-93.52738918216164
131.59577240077283,1496.9326639677156,-93.52738918216164
131.56500959232073,1496.4336116666175,-93.52734354551126
131.5342471945902,1495.9345595555062,-93.52734354551126
131.50348479685965,1495.435507444395,-93.52734354551126
131.4727223991291,1494.9364553332837,-93.52734354551126
131.44196000139857,1494.4374032221724,-93.52734354551126
131.41119760366803,1493.9383511110611,-93.52734354551126
131.3804352059375,1493.4392989999499,-93.5283735334774
131.34966382499488,1492.9402472486659,-93.5283735334774
131.31889244405227,1492.4411954973818,-93.5283735334774
131.28812106310966,1491.9421437460978,-93.5283735334774
131.25734968216705,1491.4430919948138,-93.5283735334774
131.22657830122444,1490.9440402435298,-93.5283735334774
131.19580692028183,1490.4449884922458,-93.52746034609268
131.1650435054778,1489.9459364482504,-93.52746034609268
131.13428009067377,1489.4468844042551,-93.52746034609268
131.10351667586974,1488.9478323602598,-93.52746034609268
131.0727532610657,1488.4487803162644,-93.52746034609268
131.04198984626169,1487.949728272269,-93.52746034609268
131.01122643145766,1487.4506762282738,-93.52735144807166
130.9804639529284,1486.951623927274,-93.52735144807166
130.94970147439915,1486.4525716262744,-93.52735144807166
130.9189389958699,1485.9535193252748,-93.52735144807166
130.88817651734064,1485.4544670242751,-93.52735144807166
130.85741403881138,1484.9554147232755,-93.52735144807166
130.82665156028213,1484.4563624222758,-93.54532849268989
130.79573251367026,1483.9573199973445,-93.54532849268989
130.7648134670584,1483.4582775724132,-93.54532849268989
130.73389442044652,1482.9592351474819,-93.54532849268989
130.70297537383465,1482.4601927225506,-93.54532849268989
130.67205632722278,1481.9611502976193,-93.54532849268989
130.6411372806109,1481.462107872688,-93.52934087381487
130.61035747393214,1480.9630566391622,-93.52934087381487
130.57957766725337,1480.4640054056365,-93.52934087381487
130.5487978605746,1479.9649541721108,-93.52934087381487
130.51801805389584,1479.465902938585,-93.52934087381487
130.48723824721708,1478.9668517050593,-93.52934087381487
130.4564584405383,1478.4678004715336,-93.52755527608336
130.4256941853423,1477.9687482588301,-93.52755527608336
130.3949299301463,1477.4696960461267,-93.52755527608336
130.3641656749503,1476.9706438334233,-93.52755527608336
130.3334014197543,1476.47159162072,-93.52755527608336
130.3026371645583,1475.9725394080165,-93.52755527608336
130.2718729093623,1475.473487195313,-93.52736029898766
130.241110365993,1474.9744350978324,-93.52736029898766
130.2103478226237,1474.4753830003517,-93.52736029898766
130.1795852792544,1473.976330902871,-93.52736029898766
130.14882273588512,1473.4772788053904,-93.52736029898766
130.11806019251583,1472.9782267079097,-93.52736029898766
130.08729764914654,1472.479174610429,-93.5283960367503
130.05652607200398,1471.98012286808,-93.5283960367503
130.02575449486142,1471.4810711257308,-93.5283960367503
129.99498291771886,1470.9820193833816,-93.5283960367503
129.9642113405763,1470.4829676410325,-93.5283960367503
129.93343976343374,1469.9839158986833,-93.5283960367503
129.90266818629118,1469.4848641563342,-93.52744419643378
129.8719049123681,1468.9858121071684,-93.52744419643378
129.84114163844504,1468.4867600580026,-93.52744419643378
129.81037836452197,1467.9877080088368,-93.52744419643378
129.7796150905989,1467.488655959671,-93.52744419643378
129.74885181667582,1466.9896039105051,-93.52744419643378
129.71808854275275,1466.4905518613393,-93.52734764468009
129.68732609716756,1465.9914995553145,-93.52734764468009
129.65656365158236,1465.4924472492896,-93.52734764468009
129.62580120599716,1464.9933949432648,-93.52734764468009
129.59503876041197,1464.49434263724,-93.52734764468009
129.56427631482677,1463.995290331215,-93.52734764468009
129.53351386924157,1463.4962380251902,-93.54369346904163
129.5026090601017,1462.9971946618205,-93.54369346904689
129.47695863398258,1462.582997801248,-15.832674004283122
140.49295865063323,1459.4589978004806,90.07664981232689
140.49228975503468,1459.958997353059,90.07664981232689
140.49162085943613,1460.4589969056374,90.07664981232689
140.49095196383757,1460.9589964582158,90.07664981232689
140.49028306823902,1461.4589960107942,90.07664981232689
140.48961417264047,1461.9589955633726,90.06018555659641
140.48908895467468,1462.4589952875185,90.06018555659641
140.4885637367089,1462.9589950116645,90.06018555659641
140.4880385187431,1463.4589947358104,90.06018555659641
140.48751330077732,1463.9589944599563,90.06018555659641
140.48698808281154,1464.4589941841023,90.06018555659641
140.48646286484575,1464.9589939082482,90.07437235157332
140.4858138438243,1465.4589934870198,90.07437235157332
140.48516482280286,1465.9589930657914,90.07437235157332
140.4845158017814,1466.458992644563,90.07437235157332
140.48386678075997,1466.9589922233347,90.07437235157332
140.48321775973852,1467.4589918021063,90.07437235157332
140.48256873871708,1467.958991380878,90.07636251262704
140.48190235027914,1468.4589909368042,90.07636251262704
140.4812359618412,1468.9589904927304,90.07636251262704
140.48056957340327,1469.4589900486567,90.07636251262704
140.47990318496534,1469.958989604583,90.07636251262704
140.4792367965274,1470.4589891605092,90.07636251262704
140.47857040808947,1470.9589887164354,90.07661159656824
140.47790184598603,1471.45898826946,90.07661159656824
140.47723328388258,1471.9589878224845,90.07661159656824
140.47656472177914,1472.458987375509,90.07661159656824
140.4758961596757,1472.9589869285335,90.07661159656824
140.47522759757226,1473.458986481558,90.07661159656824
140.47455903546881,1473.9589860345825,90.05998432911392
140.47403557354312,1474.45898576057,90.05998432911392
140.47351211161742,1474.9589854865574,90.05998432911392
140.47298864969173,1475.4589852125448,90.05998432911392
140.47246518776603,1475.9589849385322,90.05998432911392
140.47194172584034,1476.4589846645197,90.05998432911392
140.47141826391464,1476.958984390507,90.07451616024849
140.47076798792682,1477.458983967648,90.07451616024849
140.470117711939,1477.958983544789,90.07451616024849
140.46946743595117,1478.4589831219298,90.07451616024849
140.46881715996335,1478.9589826990707,90.07451616024849
140.46816688397553,1479.4589822762116,90.07451616024849
140.4675166079877,1479.9589818533525,90.07638210543124
140.46685004857045,1480.458981409051,90.07638210543124
140.4661834891532,1480.9589809647493,90.07638210543124
140.46551692973594,1481.4589805204478,90.07638210543124
140.4648503703187,1481.9589800761462,90.07638210543124
140.46418381090143,1482.4589796318446,90.07638210543124
140.46351725148418,1482.958979187543,90.05980981782075
140.46299531245597,1483.4589789151225,90.05980981782075
140.46247337342777,1483.958978642702,90.05980981782075
140.46195143439957,1484.4589783702816,90.05980981782075
140.46142949537136,1484.958978097861,90.05980981782075
140.46090755634316,1485.4589778254406,90.05980981782075
140.46038561731496,1485.95897755302,90.07462339312413
140.4597344055727,1486.458977107328,90.07462339312413
140.45908319383045,1486.9589766616361,90.07462339312413
140.4584319820882,1487.4589762159442,90.07462339312413
140.45778077034595,1487.9589757702522,90.07462339312413
140.4571295586037,1488.4589753245602,90.07462339312413
140.45647834686145,1488.9589748788683,90.07643380501132
140.45581133628104,1489.4589744336652,90.07643380501132
140.45514432570064,1489.958973988462,90.07643380501132
140.45447731512024,1490.458973543259,90.07643380501132
140.45381030453984,1490.9589730980558,90.07643380501132
140.45314329395944,1491.4589726528527,90.07643380501132
140.45247628337904,1491.9589722076496,90.07662500393806
140.45180760427434,1492.4589717605138,90.07662500393806
140.45113892516963,1492.958971313378,90.07662500393806
140.45047024606492,1493.4589708662422,90.07662500393806
140.44980156696022,1493.9589704191064,90.07662500393806
140.4491328878555,1494.4589699719706,90.07662500393806
140.4484642087508,1494.9589695248349,90.05963539492011
140.44794379184873,1495.458969254001,90.05963539492011
140.44742337494665,1495.958968983167,90.05963539492011
140.44690295804457,1496.4589687123332,90.05963539492011
140.4463825411425,1496.9589684414993,90.05963539492011
140.44586212424042,1497.4589681706655,90.05963539492011
140.44534170733834,1497.9589678998316,90.07478508238279
140.44468908456417,1498.458967473915,90.07478508238279
140.44403646179,1498.9589670479984,90.07478508238279
140.44338383901584,1499.4589666220818,90.07478508238279
140.44273121624167,1499.9589661961652,90.07478508238279
140.4420785934675,1500.4589657702486,90.07478508238279
140.44142597069333,1500.958965344332,90.07645041350665
140.4407588151762,1501.4589648992353,90.07645041350665
140.44009165965906,1501.9589644541386,90.07645041350665
140.43942450414193,1502.458964009042,90.07645041350665
140.4387573486248,1502.9589635639452,90.07645041350665
140.43809019310766,1503.4589631188485,90.07645041350665
140.43742303759052,1503.9589626737518,90.0594645571652
140.4369041115283,1504.4589624044675,90.0594645571652
140.43638518546607,1504.9589621351831,90.0594645571652
140.43586625940384,1505.4589618658988,90.0594645571652
140.4353473333416,1505.9589615966145,90.0594645571652
140.43482840727938,1506.4589613273301,90.0594645571652
140.43430948121716,1506.9589610580458,90.07490426897806
140.43365581834462,1507.4589606307704,90.07490426897806
140.43300215547208,1507.958960203495,90.07490426897806
140.43234849259954,1508.4589597762197,90.07490426897806
140.431694829727,1508.9589593489443,90.07490426897806
140.43104116685447,1509.458958921669,90.07490426897806
140.43038750398193,1509.9589584943935,90.07647725655389
140.42972011421523,1510.4589580489842,90.07647725655389
140.42905272444852,1510.9589576035748,90.07647725655389
140.42838533468182,1511.4589571581655,90.07647725655389
140.42771794491512,1511.9589567127562,90.07647725655389
140.4270505551484,1512.4589562673468,90.07647725655389
140.4263831653817,1512.9589558219375,90.05933105382834
140.42586540435525,1513.458955553861,90.05933105382834
140.4253476433288,1513.9589552857844,90.05933105382834
140.42482988230233,1514.458955017708,90.05933105382834
140.42431212127588,1514.9589547496314,90.05933105382834
140.42379436024942,1515.4589544815549,90.05933105382834
140.42327659922296,1515.9589542134784,90.10357813614503
140.42237270996088,1516.458953396462,90.1035781361506
140.42195864772657,1516.6879978021607,-86.44062813725004
143.9799586563022,1459.4879978001118,90.09581224434598
143.9791225371281,1459.987997101016,90.09581224434598
143.978286417954,1460.48799640192,90.09581224434598
143.9774502987799,1460.9879957028243,90.09581224434598
143.9766141796058,1461.4879950037284,90.09581224434598
143.9757780604317,1461.9879943046326,90.0958398113489
143.97494170069047,1462.4879936051345,90.0958398113489
143.97410534094922,1462.9879929056365,90.0958398113489
143.97326898120798,1463.4879922061384,90.0958398113489
143.97243262146674,1463.9879915066404,90.0958398113489
143.9715962617255,1464.4879908071423,90.0958398113489
143.97075990198425,1464.9879901076442,90.09581605283886
143.96992374957483,1465.487989408493,90.09581605283886
143.9690875971654,1465.9879887093416,90.09581605283886
143.968251444756,1466.4879880101903,90.09581605283886
143.96741529234657,1466.987987311039,90.09581605283886
143.96657913993715,1467.4879866118877,90.09581605283886
143.96574298752773,1467.9879859127363,90.09581276466712
143.96490686381298,1468.487985213633,90.09581276466712
143.96407074009824,1468.9879845145297,90.09581276466712
143.9632346163835,1469.4879838154263,90.09581276466712
143.96239849266874,1469.987983116323,90.09581276466712
143.961562368954,1470.4879824172197,90.09581276466712
143.96072624523924,1470.9879817181163,90.09584009352679
143.95988988307067,1471.4879809976092,90.09584009352679
143.9590535209021,1471.987980277102,90.09584009352679
143.95821715873353,1472.4879795565948,90.09584009352679
143.95738079656496,1472.9879788360877,90.09584009352679
143.9565444343964,1473.4879781155805,90.09584009352679
143.95570807222782,1473.9879773950734,90.09581591618286
143.95487192101155,1474.4879766955673,90.09581591618286
143.95403576979527,1474.9879759960613,90.09581591618286
143.953199618579,1475.4879752965553,90.09581591618286
143.95236346736272,1475.9879745970493,90.09581591618286
143.95152731614644,1476.4879738975433,90.09581591618286
143.95069116493016,1476.9879731980373,90.09581272045266
143.94985504160127,1477.4879724989287,90.09581272045266
143.94901891827237,1477.9879717998201,90.09581272045266
143.94818279494348,1478.4879711007115,90.09581272045266
143.94734667161458,1478.987970401603,90.09581272045266
143.9465105482857,1479.4879697024944,90.09581272045266
143.9456744249568,1479.9879690033858,90.09584033973417
143.94483806060452,1480.4879683038798,90.09584033973417
143.94400169625226,1480.9879676043738,90.09584033973417
143.9431653319,1481.4879669048678,90.09584033973417
143.94232896754772,1481.9879662053618,90.09584033973417
143.94149260319546,1482.4879655058558,90.09584033973417
143.9406562388432,1482.9879648063497,90.09581569019039
143.93982008959847,1483.4879641072037,90.09581569019039
143.93898394035375,1483.9879634080576,90.09581569019039
143.93814779110903,1484.4879627089115,90.09581569019039
143.9373116418643,1484.9879620097654,90.09581569019039
143.9364754926196,1485.4879613106193,90.09581569019039
143.93563934337487,1485.9879606114732,90.09581266710364
143.93480322051153,1486.4879599123713,90.09581266710364
143.93396709764818,1486.9879592132693,90.09581266710364
143.93313097478483,1487.4879585141673,90.09581266710364
143.93229485192148,1487.9879578150653,90.09581266710364
143.93145872905814,1488.4879571159634,90.09581266710364
143.9306226061948,1488.9879564168614,90.09584059024125
143.92978623965644,1489.487955717352,90.09584059024125
143.92894987311809,1489.9879550178425,90.09584059024125
143.92811350657973,1490.487954318333,90.09584059024125
143.92727714004138,1490.9879536188237,90.09584059024125
143.92644077350303,1491.4879529193142,90.09584059024125
143.92560440696468,1491.9879522198048,90.09581549352617
143.92476825943618,1492.4879515206617,90.09581549352617
143.92393211190767,1492.9879508215186,90.09581549352617
143.92309596437917,1493.4879501223754,90.09581549352617
143.92225981685067,1493.9879494232323,90.09581549352617
143.92142366932217,1494.4879487240892,90.09581549352617
143.92058752179366,1494.987948024946,90.09581262029559
143.9197513993388,1495.4879473258447,90.09581262029559
143.91891527688392,1495.9879466267435,90.09581262029559
143.91807915442905,1496.4879459276422,90.09581262029559
143.91724303197418,1496.9879452285409,90.09581262029559
143.9164069095193,1497.4879445294396,90.09581262029559
143.91557078706444,1497.9879438303383,90.09584084592036
143.91473441829487,1498.487943130825,90.09584084592036
143.9138980495253,1498.9879424313117,90.09584084592036
143.91306168075573,1499.4879417317984,90.09584084592036
143.91222531198616,1499.987941032285,90.09584084592036
143.9113889432166,1500.4879403327718,90.09584084592036
143.91055257444702,1500.9879396332585,90.0958152922443
143.9097164287125,1501.487938911715,90.0958152922443
143.90888028297798,1501.9879381901715,90.0958152922443
143.90804413724345,1502.487937468628,90.0958152922443
143.90720799150893,1502.9879367470844,90.0958152922443
143.9063718457744,1503.4879360255409,90.0958152922443
143.90553570003988,1503.9879353039973,90.09581257482323
143.90469957798223,1504.4879346046569,90.09581257482323
143.90386345592458,1504.9879339053164,90.09581257482323
143.90302733386693,1505.4879332059759,90.09581257482323
143.90219121180928,1505.9879325066354,90.09581257482323
143.90135508975163,1506.487931807295,90.09581257482323
143.90051896769398,1506.9879311079544,90.09584111048471
143.89968259661566,1507.487930408435,90.09584111048471
143.89884622553734,1507.9879297089155,90.09584111048471
143.89800985445902,1508.487929009396,90.09584111048471
143.8971734833807,1508.9879283098767,90.09584111048471
143.89633711230238,1509.4879276103572,90.09584111048471
143.89550074122405,1509.9879269108378,90.09581508116452
143.89466459729408,1510.4879262117006,90.09581508116452
143.8938284533641,1510.9879255125634,90.09581508116452
143.89299230943413,1511.4879248134262,90.09581508116452
143.89215616550416,1511.987924114289,90.09581508116452
143.8913200215742,1512.4879234151517,90.09581508116452
143.89048387764421,1512.9879227160145,90.09581249085362
143.88964775631894,1513.4879220169153,90.09581249085362
143.88881163499366,1513.987921317816,90.09581249085362
143.88797551366838,1514.4879206187168,90.09581249085362
143.8871393923431,1514.9879199196175,90.09581249085362
143.88630327101782,1515.4879192205183,90.09581249085362
143.88546714969254,1515.987918521419,90.13015057609336
143.8843313726312,1516.487917231428,90.1301505761142
143.8839586537797,1516.6519977990538,-100.93659166304562
94.18795859121019,1259.46899779886,-114.55820347853812
93.98014988835394,1259.0142280296172,-114.55820347853812
93.77234118549768,1258.5594582603744,-114.55820347853812
93.56453248264143,1258.1046884911316,-114.55820347853812
93.35672377978517,1257.6499187218888,-114.55820347853812
93.14891507692892,1257.195148952646,-114.57319104487829
92.94098742142535,1256.7404335580563,-114.57319104487829
92.73305976592178,1256.2857181634668,-114.57319104487829
92.52513211041821,1255.8310027688772,-114.57319104487829
92.31720445491464,1255.3762873742876,-114.57319104487829
92.10927679941108,1254.921571979698,-114.57319104487829
91.90134914390751,1254.4668565851084,-114.56714079245045
91.6934695147155,1254.0121192554761,-114.56714079245045
91.4855898855235,1253.5573819258439,-114.56714079245045
91.27771025633149,1253.1026445962116,-114.56714079245045
91.06983062713948,1252.6479072665793,-114.56714079245045
90.86195099794747,1252.193169936947,-114.56714079245045
90.65407136875547,1251.7384326073147,-114.57449664696672
90.4461333518376,1251.2837219512444,-114.57449664696672
90.23819533491974,1250.829011295174,-114.57449664696672
90.03025731800187,1250.3743006391037,-114.57449664696672
89.82231930108401,1249.9195899830333,-114.57449664696672
89.61438128416614,1249.464879326963,-114.57449664696672
89.40644326724828,1249.0101686708927,-114.56034914380265
89.19861753390217,1248.555406684187,-114.56034914380265
88.99079180055605,1248.1006446974811,-114.56034914380265
88.78296606720994,1247.6458827107754,-114.56034914380265
88.57514033386383,1247.1911207240696,-114.56034914380265
88.36731460051772,1246.7363587373638,-114.56034914380265
88.1594888671716,1246.281596750658,-114.57367162671126
87.951557397643,1245.8268831001267,-114.57367162671126
87.7436259281144,1245.3721694495953,-114.57367162671126
87.5356944585858,1244.9174557990639,-114.57367162671126
87.32776298905719,1244.4627421485325,-114.57367162671126
87.11983151952859,1244.008028498001,-114.57367162671126
86.91190004999999,1243.5533148474697,-114.56711848921195
86.70402058917102,1243.0985774179946,-114.56711848921195
86.49614112834206,1242.6438399885196,-114.56711848921195
86.2882616675131,1242.1891025590446,-114.56711848921195
86.08038220668413,1241.7343651295696,-114.56711848921195
85.87250274585517,1241.2796277000946,-114.56711848921195
85.66462328502621,1240.8248902706196,-114.5745949372075
85.45668449685195,1240.3701799904957,-114.5745949372075
85.24874570867769,1239.9154697103718,-114.5745949372075
85.04080692050343,1239.460759430248,-114.5745949372075
84.83286813232917,1239.006049150124,-114.5745949372075
84.6249293441549,1238.55133887,-114.5745949372075
84.41699055598065,1238.0966285898762,-114.5601659525679
84.20916627676718,1237.6418659389683,-114.5601659525679
84.00134199755371,1237.1871032880604,-114.5601659525679
83.79351771834024,1236.7323406371524,-114.5601659525679
83.58569343912677,1236.2775779862445,-114.5601659525679
83.3778691599133,1235.8228153353366,-114.5601659525679
83.17004488069983,1235.3680526844287,-114.56728711742537
82.96216408153202,1234.9133158667823,-114.56728711742537
82.75428328236421,1234.458579049136,-114.56728711742537
82.5464024831964,1234.0038422314897,-114.56728711746617
82.40795857459307,1233.7009978001006,-119.02063916982407
73.74395856278716,1218.0839977990836,-119.06389421080954
73.50106623113209,1217.6469585385782,-119.06389421080954
73.25817389947701,1217.209919278073,-119.06389421080954
73.01528156782194,1216.7728800175676,-119.06389421080954
72.77238923616687,1216.3358407570622,-119.06389421080954
72.5294969045118,1215.8988014965569,-119.0575176523807
72.28665321330777,1215.4617352067994,-119.0575176523807
72.04380952210374,1215.024668917042,-119.0575176523807
71.80096583089971,1214.5876026272845,-119.0575176523807
71.55812213969568,1214.150536337527,-119.0575176523807
71.31527844849165,1213.7134700477695,-119.0575176523807
71.07243475728762,1213.276403758012,-119.06299935113283
70.82954925144952,1212.8393607040073,-119.06299935113283
70.58666374561142,1212.4023176500025,-119.06299935113283
70.34377823977331,1211.9652745959977,-119.06299935113283
70.10089273393521,1211.528231541993,-119.06299935113283
69.85800722809711,1211.0911884879881,-119.06299935113283
69.615121722259,1210.6541454339833,-119.07177152069448
69.37216931658872,1210.2171395896985,-119.07177152069448
69.12921691091844,1209.7801337454137,-119.07177152069448
68.88626450524816,1209.3431279011288,-119.07177152069448
68.64331209957788,1208.906122056844,-119.07177152069448
68.4003596939076,1208.4691162125591,-119.07177152069448
68.15740728823732,1208.0321103682743,-119.06497911285267
67.91450668142829,1207.595075707383,-119.06497911285267
67.67160607461926,1207.158041046492,-119.06497911285267
67.42870546781023,1206.7210063856007,-119.06497911285267
67.1858048610012,1206.2839717247095,-119.06497911285267
66.94290425419217,1205.8469370638184,-119.06497911285267
66.70000364738314,1205.4099024029272,-119.04960232574625
66.45722033855702,1204.9728025688526,-119.04960232574625
66.2144370297309,1204.535702734778,-119.04960232574625
65.97165372090478,1204.0986029007033,-119.04960232574625
65.72887041207866,1203.6615030666287,-119.04960232574625
65.48608710325254,1203.224403232554,-119.04960232574625
65.24330379442642,1202.7873033984795,-119.07000023043605
65.00036488881267,1202.3502900255273,-119.07000023043605
64.75742598319891,1201.9132766525752,-119.07000023043605
64.51448707758516,1201.476263279623,-119.07000023043605
64.2715481719714,1201.0392499066709,-119.07000023043605
64.02860926635765,1200.6022365337187,-119.07000023043605
63.78567036074389,1200.1652231607666,-119.06471093260542
63.54277179934411,1199.7281873626105,-119.06471093260542
63.299873237944325,1199.2911515644544,-119.06471093260542
63.05697467654454,1198.8541157662983,-119.06471093260542
62.81407611514476,1198.4170799681422,-119.06471093260542
62.571177553744974,1197.980044169986,-119.06471093260542
62.32827899234519,1197.54300837183,-119.05755663839773
62.085435003746284,1197.1059422473118,-119.05755663839773
61.84259101514738,1196.6688761227936,-119.05755663839773
61.59974702654847,1196.2318099982754,-119.05755663839773
61.356903037949564,1195.7947438737572,-119.05755663839773
61.11405904935066,1195.357677749239,-119.05755663839773
60.87121506075175,1194.9206116247208,-119.06306412758782
60.62832907102165,1194.4835688636892,-119.06306412758782
60.385443081291555,1194.0465261026577,-119.06306412758782
60.14255709156146,1193.6094833416262,-119.06306412758782
59.89967110183136,1193.1724405805946,-119.06306412758782
59.65678511210126,1192.735397819563,-119.06306412758782
59.41389912237116,1192.2983550585316,-119.06378652727139
59.17100761227414,1191.8613153418366,-119.06378652727139
58.928116102177114,1191.4242756251417,-119.06378652727139
58.68522459208009,1190.9872359084468,-119.06378652727139
58.442333081983065,1190.5501961917519,-119.06378652727139
58.19944157188604,1190.113156475057,-119.06378652727139
57.95655006178902,1189.676116758362,-119.07198089040818
57.713596049191324,1189.2391117838401,-119.07198089040818
57.47064203659363,1188.8021068093183,-119.07198089040818
57.22768802399594,1188.3651018347964,-119.07198089040818
56.984734011398245,1187.9280968602745,-119.07198089040818
56.74177999880055,1187.4910918857527,-119.07198089040818
56.49882598620286,1187.0540869112308,-119.0497644521456
56.25604144053932,1186.616987764141,-119.0497644521456
56.01325689487578,1186.1798886170511,-119.0497644521456
55.77047234921224,1185.7427894699613,-119.04976445215479
55.58395853766706,1185.406997800339,-119.04016362896066
45.107958524895366,1166.538997800555,-118.93745024666171
44.866031283462576,1166.101423599005,-118.93745024666171
44.624104042029785,1165.6638493974551,-118.93745024666171
44.382176800596994,1165.2262751959051,-118.93745024666171
44.140249559164204,1164.7887009943552,-118.93745024666171
43.89832231773141,1164.3511267928052,-118.92949794209109
43.65645581120657,1163.9135190173527,-118.92949794209109
43.414589304681726,1163.4759112419001,-118.92949794209109
43.17272279815688,1163.0383034664476,-118.92949794209109
42.93085629163204,1162.600695690995,-118.92949794209109
42.688989785107196,1162.1630879155425,-118.92949794209109
42.44712327858235,1161.72548014009,-118.93633891973403
42.205204524470105,1161.2879012460323,-118.93633891973403
41.96328577035786,1160.8503223519747,-118.93633891973403
41.72136701624561,1160.412743457917,-118.93633891973403
41.47944826213336,1159.9751645638594,-118.93633891973403
41.23752950802111,1159.5375856698017,-118.93633891973403
40.99561075390886,1159.100006775744,-118.92931297624685
40.75374566013545,1158.6623982195524,-118.92931297624685
40.51188056636204,1158.2247896633608,-118.92931297624685
40.270015472588625,1157.787181107169,-118.92931297624685
40.02815037881521,1157.3495725509774,-118.92931297624685
39.7862852850418,1156.9119639947858,-118.92931297624685
39.54442019126839,1156.474355438594,-118.93634104049433
39.30250142096463,1156.0367765535002,-118.93634104049433
39.060582650660876,1155.5991976684063,-118.93634104049433
38.81866388035712,1155.1616187833124,-118.93634104049433
38.576745110053366,1154.7240398982185,-118.93634104049433
38.33482633974961,1154.2864610131246,-118.93634104049433
38.092907569445856,1153.8488821280307,-118.95180131825798
37.85087073482828,1153.4113685364582,-118.95180131825798
37.6088339002107,1152.9738549448857,-118.95180131825798
37.36679706559312,1152.5363413533132,-118.95180131825798
37.12476023097554,1152.0988277617407,-118.95180131825798
36.88272339635796,1151.6613141701682,-118.95180131825798
36.64068656174038,1151.2238005785957,-118.93132272641795
36.3988061181816,1150.7862005064353,-118.93132272641795
36.15692567462281,1150.3486004342749,-118.93132272641795
35.91504523106403,1149.9110003621145,-118.93132272641795
35.67316478750524,1149.473400289954,-118.93132272641795
35.43128434394646,1149.0358002177936,-118.93132272641795
35.189403900387674,1148.5982001456332,-118.87098825154335
34.947984612255254,1148.1603459940168,-118.87098825154335
34.706565324122835,1147.7224918424004,-118.87098825154335
34.465146035990415,1147.284637690784,-118.87098825154335
34.223726747857995,1146.8467835391675,-118.87098825154335
33.982307459725575,1146.408929387551,-118.87098825154335
33.740888171593156,1145.9710752359347,-118.87098825244365
33.72595850791549,1145.9439978003502,-118.87098825244365
