x,y,yaw_deg
-81.57744390628068,-357.23262344300747,147.54852375666715
-81.99936456895557,-356.964332413071,147.54852375666715
-82.42128523163046,-356.69604138313457,143.8684606174924
-82.82511480143482,-356.40122315936134,143.8684606174924
-83.22894437123918,-356.1064049355881,139.29125659273632
-83.6079577483818,-355.7803013596499,134.29803206334077
-83.95715267960223,-355.42244342956064,134.29803206334077
-84.30634761082266,-355.0645854994714,129.6161344850269
-84.6251670931429,-354.6794198363869,124.55519895206476
-84.90876241510621,-354.26763652109776,124.55519895206476
-85.19235773706951,-353.8558532058086,119.8794768863657
-85.44143772430743,-353.4223305618445,114.79232665553651
-85.65109821096475,-352.96842405634817,114.79232665553651
-85.86075869762206,-352.51451755085185,110.13353435337966
-86.0328620873032,-352.0450744760459,106.1922185021029
-86.17229214938826,-351.56490965517116,106.1922185021029
-86.31172221147331,-351.08474483429643,103.19125649075053
-86.42582331171606,-350.59793816954834,103.19125649075053
-86.53992441195881,-350.11113150480026,95.55107808698105
-86.58829095160584,-349.61347638546033,91.6224008993229
-86.60244717564382,-349.1136769218225,91.6224008993229
-86.6166033996818,-348.6138774581847,84.18135645980597
-86.56591339128087,-348.11645357354865,80.13039700457442
-86.48021019245427,-347.6238535185065,75.84899709307345
-86.3579713803379,-347.1390274025565,70.79729661415486
-86.19351758322469,-346.66685215980533,70.79729661415408
-86.06730411481112,-346.3044715025462,61.05847095414657
-85.82535195438494,-345.8669257919999,61.05847095414657
-85.58339979395876,-345.4293800814536,61.05847095414657
-85.34144763353258,-344.99183437090727,61.05847095414657
-85.0994954731064,-344.55428866036095,61.05847095414657
-84.85754331268022,-344.11674294981464,61.05847095414657
-84.61559115225404,-343.6791972392683,60.49505332041742
-84.36934227196635,-343.2440414808968,60.49505332041742
-84.12309339167865,-342.80888572252525,60.49505332041742
-83.87684451139096,-342.3737299641537,60.49505332041742
-83.63059563110326,-341.9385742057822,60.49505332041742
-83.38434675081557,-341.50341844741064,61.331663591407526
-83.14448033006452,-341.0647180808773,61.331663591407526
-82.90461390931348,-340.62601771434396,61.331663591407526
-82.66474748856244,-340.1873173478106,61.331663591407526
-82.4248810678114,-339.7486169812773,61.331663591407526
-82.18501464706036,-339.30991661474394,60.82535578104835
-81.94127851790746,-338.8733486087101,60.82535578104835
-81.69754238875457,-338.43678060267627,60.82535578104835
-81.45380625960168,-338.0002125966424,60.82535578104835
-81.21007013044878,-337.5636445906086,60.82535578104835
-80.96633400129589,-337.12707658457475,60.88686833760845
-80.72306627061695,-336.6902463660722,60.88686833760845
-80.47979853993802,-336.2534161475696,60.88686833760845
-80.23653080925908,-335.81658592906706,60.88686833760845
-79.99326307858014,-335.3797557105645,60.88686833760845
-79.7499953479012,-334.94292549206193,60.88686833760845
-79.50672761722227,-334.50609527355937,60.757388663067665
-79.26247337180325,-334.0698159759103,60.757388663067665
-79.01821912638424,-333.6335366782612,60.757388663067665
-78.77396488096522,-333.1972573806121,60.757388663067665
-78.52971063554621,-332.760978082963,60.757388663067665
-78.2854563901272,-332.3246987853139,61.07578331260078
-78.04363033050339,-331.88706891532075,61.07578331260078
-77.80180427087959,-331.4494390453276,61.07578331260078
-77.55997821125578,-331.01180917533446,61.07578331260078
-77.31815215163198,-330.5741793053413,61.07578331260078
-77.07632609200817,-330.1365494353482,61.07578331260078
-76.83450003238437,-329.698919565355,61.00188022487277
-76.59210975030881,-329.26160207677054,61.00188022487277
-76.34971946823325,-328.82428458818606,61.00188022487277
-76.10732918615768,-328.3869670996016,60.970335509301826
-76.08175275061512,-328.34088227525353,60.663283320759575
-75.83678220199864,-327.90500462178966,60.663283320759575
-75.59181165338217,-327.4691269683258,60.663283320759575
-75.34684110476569,-327.0332493148619,60.663283320759575
-75.10187055614921,-326.59737166139803,60.925566326784754
-74.85889820056865,-326.1603777436729,60.925566326784754
-74.61592584498808,-325.72338382594774,60.925566326784754
-74.37295348940752,-325.2863899082226,60.925566326784754
-74.12998113382696,-324.84939599049744,60.925566326784754
-73.8870087782464,-324.4124020727723,60.925566326784754
-73.64403642266583,-323.97540815504715,60.925566326784754
-73.40106406708527,-323.538414237322,60.925566326784754
-73.15809171150471,-323.10142031959685,60.925566326784754
-72.91511935592415,-322.6644264018717,60.925566326784754
-72.67214700034359,-322.22743248414656,60.925566326784754
-72.42917464476302,-321.7904385664214,60.925566326784754
-72.18620228918246,-321.35344464869627,60.925566326784754
-71.9432299336019,-320.9164507309711,60.94369953602293
-71.7003971393053,-320.4793821834644,60.94369953602293
-71.45756434500869,-320.04231363595767,60.94369953602293
-71.21473155071209,-319.60524508845094,60.94369953602293
-70.97189875641548,-319.1681765409442,60.94369953602293
-70.72906596211888,-318.7311079934375,60.94369953602293
-70.48623316782228,-318.29403944593076,60.94369953602293
-70.24340037352567,-317.85697089842404,60.94369953602293
-70.00056757922907,-317.4199023509173,60.94369953602293
-69.75773478493247,-316.9828338034106,60.94369953602293
-69.51490199063586,-316.54576525590386,60.94461703968363
-69.27207466751886,-316.108690069852,60.94461703968363
-69.02924734440187,-315.67161488380015,60.94461703968363
-68.78642002128487,-315.2345396977483,60.94461703968363
-68.54359269816787,-314.79746451169643,60.94461703968363
-68.30076537505087,-314.3603893256446,60.94461703968363
-68.05793805193387,-313.9233141395927,60.94461703968363
-67.81511072881688,-313.48623895354086,60.94461703968363
-67.57228340569988,-313.049163767489,60.94461703968363
-67.32945608258288,-312.61208858143715,60.94461703968363
-67.08662875946588,-312.1750133953853,60.94461703968363
-66.84380143634888,-311.73793820933344,60.94461703968363
-66.60097411323189,-311.3008630232816,60.94466760841592
-66.35814744950183,-310.86378811542886,60.94466760841592
-66.11532078577177,-310.42671320757614,60.94466760841592
-65.87249412204172,-309.9896382997234,60.94466760841592
-65.62966745831166,-309.5525633918707,60.94466760841592
-65.3868407945816,-309.115488484018,60.94466760841592
-65.14401413085155,-308.67841357616527,60.94466760841592
-64.90118746712149,-308.24133866831255,60.94466760841592
-64.65836080339143,-307.80426376045983,60.94466760841592
-64.41553413966137,-307.3671888526071,60.94466760841592
-64.17270747593132,-306.9301139447544,60.94466760841522
-63.929880812201255,-306.4930390369017,60.94466760841522
-63.68705414847119,-306.05596412904896,60.94466760841522
-63.44422748474113,-305.61888922119624,60.94466760841522
-63.20140082101106,-305.1818143133435,60.9446697045901
-62.95857404744025,-304.74473917011755,60.9446697045901
-62.71574727386944,-304.3076640268916,60.9446697045901
-62.47292050029863,-303.8705888836656,60.9446697045901
-62.230093726727816,-303.43351374043965,60.9446697045901
-61.987266953157004,-302.9964385972137,60.9446697045901
-61.74444017958619,-302.5593634539877,60.9446697045901
-61.50161340601538,-302.12228831076175,60.9446697045901
-61.25878663244457,-301.6852131675358,60.9446697045901
-61.01595985887376,-301.2481380243098,60.9446697045901
-60.773133085302945,-300.81106288108384,60.9446697045901
-60.53030631173213,-300.3739877378579,60.9446697045901
-60.28747953816132,-299.9369125946319,60.94467007632614
-60.04465413256419,-299.4998399070054,60.94467007632614
-59.80182872696706,-299.06276721937894,60.94467007632614
-59.55900332136993,-298.62569453175246,60.94467007632614
-59.3161779157728,-298.188621844126,60.94467007632614
-59.07335251017567,-297.7515491564995,60.94467007632614
-58.830527104578536,-297.314476468873,60.94467007632614
-58.587701698981405,-296.8774037812465,60.94467007632614
-58.344876293384274,-296.44033109362005,60.94467007632614
-58.10205088778714,-296.00325840599356,60.94467007625302
-58.057311867014505,-295.92273057159036,60.94466934031746
-57.81448660430619,-295.4856581543812,60.94466934031746
-57.571661341597874,-295.04858573717206,60.94466934031746
-57.32883607888956,-294.6115133199629,60.94466934031746
-57.08601081618124,-294.17444090275376,61.07738425277244
-56.844197841398476,-293.7368058262491,61.07738425277244
-56.60238486661571,-293.29917074974446,61.07738425277244
-56.36057189183294,-292.8615356732398,61.07738425277244
-56.11875891705017,-292.42390059673517,61.07738425277244
-55.876945942267405,-291.9862655202305,61.07738425277244
-55.63513296748464,-291.54863044372587,60.852501476025694
-55.39160318213492,-291.1119460738364,60.852501476025694
-55.14807339678521,-290.67526170394694,60.852501476025694
-54.90454361143549,-290.2385773340575,60.852501476025694
-54.66101382608578,-289.801892964168,60.852501476025694
-54.41748404073606,-289.36520859427856,60.91286793053788
-54.17441463678326,-288.92826817044727,60.91286793053788
-53.93134523283046,-288.491327746616,60.91286793053788
-53.68827582887766,-288.0543873227847,60.91286793053788
-53.445206424924855,-287.6174468989534,60.91286793053788
-53.20213702097205,-287.1805064751221,61.134658562397306
-52.96076075177873,-286.74262828723107,61.134658562397306
-52.719384482585404,-286.30475009934,61.134658562397306
-52.47800821339208,-285.866871911449,61.134658562397306
-52.236631944198756,-285.42899372355794,61.134658562397306
-51.99525567500543,-284.9911155356669,61.134658562397306
-51.75387940581211,-284.55323734777585,60.50870588809745
-51.50773468553225,-284.11802374387446,60.50870588809745
-51.26158996525239,-283.68281013997307,60.50870588809745
-51.01544524497253,-283.2475965360717,60.50870588809745
-50.769300524692675,-282.8123829321703,60.62445657390643
-50.524035101006476,-282.3766721714269,60.62445657390643
-50.27876967732028,-281.9409614106835,60.62445657390643
-50.03350425363408,-281.5052506499401,60.62445657390643
-49.78823882994788,-281.0695398891967,60.928302659817675
-49.74829865928041,-280.997698076535,61.49307551354212
-49.50966623652816,-280.558318468146,61.49307551354212
-49.271033813775915,-280.118938859757,60.39360815234287
-49.0240148648511,-279.6842197990254,60.39360815234287
-48.77699591592628,-279.2495007382938,60.39360815234287
-48.52997696700146,-278.8147816775622,60.39360815234287
-48.28295801807664,-278.3800626168306,60.39360815234287
-48.03593906915182,-277.94534355609903,60.39360815234287
-47.788920120227004,-277.51062449536744,60.39360815234287
-47.541901171302186,-277.07590543463584,60.39360815234287
-47.29488222237737,-276.64118637390425,60.39360815234287
-47.04786327345255,-276.20646731317265,60.39360815234287
-46.80084432452773,-275.77174825244106,60.39360815234287
-46.55382537560291,-275.33702919170946,60.39360815234287
-46.306806426678094,-274.90231013097787,60.39360815234287
-46.059787477753275,-274.46759107024627,60.39360815234287
-45.81276852882846,-274.0328720095147,60.362965332062316
-45.56551820509594,-273.59828702906975,60.362965332062316
-45.318267881363425,-273.1637020486248,60.362965332062316
-45.07101755763091,-272.7291170681799,60.362965332062316
-44.823767233898394,-272.294532087735,60.362965332062316
-44.57651691016588,-271.85994710729005,60.362965332062316
-44.32926658643336,-271.42536212684513,60.362965332062316
-44.08201626270085,-270.9907771464002,60.362965332062316
-43.83476593896833,-270.5561921659553,60.362965332062316
-43.587515615235816,-270.12160718551036,60.362965332062316
-43.3402652915033,-269.68702220506543,60.362965332062316
-43.093014967770785,-269.2524372246205,60.36221591363318
-42.845757391281936,-268.8178527214047,60.36221591363318
-42.59849981479309,-268.38326821818885,60.36221591363318
-42.35124223830424,-267.948683714973,60.36221591363318
-42.10398466181539,-267.5140992117572,60.36221591363318
-41.85672708532654,-267.07951470854135,60.36221591363318
-41.60946950883769,-266.6449302053255,60.36221591363318
-41.36221193234884,-266.2103457021097,60.36221591363318
-41.11495435585999,-265.77576119889386,60.36221591363318
-40.867696779371144,-265.34117669567803,60.36221591363318
-40.620439202882295,-264.9065921924622,60.36221591363318
-40.373181626393446,-264.47200768924637,60.36221591363318
-40.1259240499046,-264.03742318603054,60.36221591363318
-39.87866647341575,-263.6028386828147,60.36216306966001
-39.63140931998972,-263.16825585570973,60.36216306966001
-39.384152166563695,-262.73367302860476,60.36216306966001
-39.13689501313767,-262.2990902014998,60.36216306966001
-38.88963785971164,-261.8645073743948,60.36216306966001
-38.642380706285614,-261.42992454728983,60.36216306966001
-38.39512355285959,-260.99534172018485,60.36216306966001
-38.14786639943356,-260.5607588930799,60.36216306966001
-37.900609246007534,-260.1261760659749,60.36216306966001
-37.65335209258151,-259.6915932388699,60.36216306966001
-37.40609493915548,-259.25701041176495,60.36216306966001
-37.15883778572945,-258.82242758466,60.36216306966001
-36.911580632303426,-258.387844757555,60.36216306966001
-36.6643234788774,-257.95326193045,60.36216306966001
-36.41706632545137,-257.51867910334505,60.36216306966001
-36.169809172025346,-257.0840962762401,60.36216306966001
-35.92255201859932,-256.6495134491351,60.36216306966001
-35.67529486517329,-256.2149306220301,60.362163069676235
-35.459126197965816,-255.83498937776312,61.141524749677906
-35.21780289193602,-255.39708315109056,61.141524749677906
-34.97647958590622,-254.959176924418,61.141524749677906
-34.73515627987642,-254.52127069774542,61.141524749677906
-34.49383297384662,-254.08336447107285,61.141524749677906
-34.252509667816824,-253.6454582444003,61.141524749677906
-34.011186361787026,-253.20755201772772,61.141524749677906
-33.76986305575723,-252.76964579105515,61.541029360156344
-33.53159862166873,-252.33006691746522,61.541029360156344
-33.29333418758023,-251.89048804387528,61.541029360156344
-33.05506975349173,-251.45090917028534,61.541029360156344
-32.81680531940323,-251.0113302966954,61.541029360156344
-32.57854088531473,-250.57175142310547,61.541029360156344
-32.34027645122623,-250.13217254951553,61.541029360156344
-32.10201201713773,-249.6925936759256,61.541029360156344
-31.863747583049232,-249.25301480233566,61.541029360156344
-31.625483148960733,-248.81343592874572,61.54102936004931
-31.61211201059632,-248.78876724513248,61.10625430643385
-5.174963281722739,-200.88559674285352,63.84295181067544
-4.954547109712829,-200.43680296475105,63.84295181067544
-4.734130937702918,-199.98800918664858,63.84295181067544
-4.513714765693008,-199.5392154085461,63.84295181067544
-4.293298593683097,-199.09042163044364,63.84295181067544
-4.072882421673187,-198.64162785234117,63.8429518106754
-3.852466249663276,-198.1928340742387,66.47212996064238
-3.652868748713019,-197.73440118646567,66.47212996064238
-3.453271247762762,-197.27596829869265,66.47212996064238
-3.2536737468125048,-196.81753541091962,66.47212996064238
-3.0540762458622477,-196.3591025231466,66.47212996064238
-2.8544787449119906,-195.90066963537356,66.47212996064238
-2.6548812439617335,-195.44223674760053,68.64347329474367
-2.472796364364974,-194.97657116143122,68.64347329474367
-2.2907114847682144,-194.51090557526192,68.64347329474367
-2.108626605171455,-194.0452399890926,68.64347329474367
-1.9265417255746953,-193.5795744029233,68.64347329474367
-1.7444568459779357,-193.113908816754,68.64347329474367
-1.5623719663811761,-192.64824323058468,68.64347329474367
-1.3802870867844166,-192.18257764441537,68.64347329474367
-1.198202207187657,-191.71691205824607,68.64347329474367
-1.0161173275908975,-191.25124647207676,68.64347329474367
-0.8340324479941379,-190.78558088590745,70.81125973477428
-0.6696919222803823,-190.3133603964838,70.81125973477428
-0.5053513965666268,-189.84113990706015,70.81125973477428
-0.3410108708528712,-189.3689194176365,70.8112597347743
-0.17667034513911564,-188.89669892821286,70.8112597347743
-0.0123298194253601,-188.4244784387892,70.8112597347743
0.15201070628839544,-187.95225794936556,73.75743278532259
0.29186293148712006,-187.47221490527025,73.75743278532259
0.4317151566858447,-186.99217186117494,73.75743278532259
0.5715673818845693,-186.51212881707963,73.75743278532259
0.711419607083294,-186.03208577298432,73.75743278532259
0.8512718322820186,-185.552042728889,73.75743278532259
0.9911240574807433,-185.0719996847937,73.7574327853226
1.1309762826794678,-184.59195664069838,73.75743278532259
1.2708285078781925,-184.11191359660307,73.75743278532259
1.410680733076917,-183.63187055250776,73.75743278532259
1.5505329582756417,-183.15182750841245,73.75743278532259
1.6903851834743664,-182.67178446431714,76.22085786658147
1.8094749833153718,-182.18617457474411,76.22085786658147
1.9285647831563772,-181.7005646851711,76.22085786658144
2.047654582997383,-181.21495479559806,76.22085786658144
2.1667443828383885,-180.72934490602503,76.22085786658144
2.285834182679394,-180.243735016452,76.22085786658144
2.4049239825204,-179.75812512687898,77.75043485864703
2.511009009398836,-179.2695092324927,77.75043485864703
2.617094036277272,-178.78089333810644,77.75043485864703
2.7231790631557082,-178.29227744372017,77.75043485864703
2.8292640900341444,-177.8036615493339,77.75043485864703
2.9353491169125805,-177.31504565494762,77.75043485864703
3.0414341437910166,-176.82642976056135,77.75043485864703
3.1475191706694527,-176.33781386617508,77.75043485864703
3.253604197547889,-175.8491979717888,77.75043485864703
3.359689224426325,-175.36058207740254,77.75043485864703
3.465774251304761,-174.87196618301627,80.2262594046053
3.550653179109677,-174.37922328199627,80.2262594046053
3.6355321069145927,-173.88648038097628,80.2262594046053
3.7204110347195085,-173.3937374799563,80.2262594046053
3.8052899625244243,-172.9009945789363,80.2262594046053
3.89016889032934,-172.4082516779163,80.2262594046053
3.975047818134256,-171.9155087768963,80.2262594046053
4.059926745939172,-171.4227658758763,82.51883870099945
4.125026828001256,-170.9270221529856,82.51883870099945
4.1901269100633405,-170.43127843009486,82.51883870099945
4.255226992125425,-169.93553470720414,82.51883870099945
4.320327074187509,-169.43979098431342,82.51883870099945
4.385427156249594,-168.9440472614227,82.51883870099945
4.450527238311678,-168.44830353853197,82.51883870099945
4.5156273203737625,-167.95255981564125,82.51883870099945
4.580727402435847,-167.45681609275053,82.51883870099945
4.645827484497931,-166.9610723698598,84.88449180858406
4.690409430017742,-166.46306388590503,84.88449180858406
4.734991375537553,-165.96505540195025,84.88449180858406
4.779573321057364,-165.46704691799548,84.88449180858406
4.824155266577175,-164.9690384340407,84.88449180858406
4.868737212096986,-164.47102995008592,84.88449180858406
4.9133191576167965,-163.97302146613114,87.14449913707736
4.938227771593717,-163.47364264338373,87.14449913707736
4.963136385570638,-162.9742638206363,87.14449913707736
4.988044999547559,-162.4748849978889,87.14449913707736
5.01295361352448,-161.97550617514148,87.14449913707736
5.0378622275014004,-161.47612735239406,87.14449913707736
5.062770841478321,-160.97674852964664,87.14449913707736
5.087679455455242,-160.47736970689922,87.14449913707736
5.112588069432163,-159.9779908841518,87.14449913707736
5.137496683409084,-159.4786120614044,87.14449913707736
5.162405297386004,-158.97923323865697,87.93015249952003
5.180464023476158,-158.47956423519855,87.93015249952003
5.198522749566311,-157.97989523174013,87.93015249952003
5.216581475656464,-157.4802262282817,87.93015249952003
5.234640201746617,-156.9805572248233,87.93015249952003
5.252698927836771,-156.48088822136486,87.93015249952003
5.270757653926924,-155.98121921790644,88.8361992732869
5.276562387647573,-155.6954821543768,90.41610630064069
5.272931279283547,-155.1955052825647,90.41610630064069
5.2693001709195215,-154.69552841075262,90.41610630064069
5.265669062555496,-154.19555153894052,90.41610630064069
5.26203795419147,-153.69557466712843,90.41610630064069
5.258406845827444,-153.19559779531633,90.41610630064069
5.254775737463419,-152.69562092350424,90.41610630064069
5.251144629099393,-152.19564405169214,90.41610630064069
5.247513520735367,-151.69566717988005,90.41610630064069
5.243882412371342,-151.19569030806795,90.41610630064069
5.240251304007316,-150.69571343625586,90.41610630064069
5.23662019564329,-150.19573656444376,90.41610630064069
5.232989087279265,-149.69575969263167,88.86287659479214
5.242911639174802,-149.1958617069889,88.86287659479214
5.25283419107034,-148.69596372134612,88.86287659479214
5.262756742965878,-148.19606573570334,88.86287659479214
5.272679294861415,-147.69616775006057,88.86287659479214
5.282601846756953,-147.1962697644178,88.86287659479214
5.292524398652491,-146.69637177877502,88.86287659479214
5.3024469505480285,-146.19647379313224,88.86287659479214
5.312369502443566,-145.69657580748947,88.86287659479214
5.322292054339104,-145.1966778218467,88.86287659479214
5.332214606234642,-144.69677983620392,87.84456043353607
5.351019389156941,-144.19714793143754,87.84456043353607
5.369824172079241,-143.69751602667117,87.84456043353607
5.388628955001541,-143.1978841219048,87.84456043353607
5.40743373792384,-142.69825221713842,87.84456043353607
5.42623852084614,-142.19862031237204,87.84456043353607
5.44504330376844,-141.69898840760567,87.84456043353607
5.4638480866907395,-141.1993565028393,87.7530938637179
5.483450914856738,-140.69974351100092,87.7530938637179
5.503053743022737,-140.20013051916254,87.7530938637179
5.522656571188736,-139.70051752732417,87.7530938637179
5.542259399354735,-139.2009045354858,87.7530938637179
5.5618622275207334,-138.70129154364741,87.7530938637179
5.581465055686732,-138.20167855180904,87.7530938637179
5.601067883852731,-137.70206555997066,87.7530938637179
5.62067071201873,-137.2024525681323,86.66977849321488
5.649712829840454,-136.70335167595042,86.66977849321488
5.678754947662179,-136.20425078376854,86.66977849321488
5.707797065483903,-135.70514989158667,86.66977849321488
5.736839183305627,-135.2060489994048,86.66977849321488
5.765881301127352,-134.70694810722293,86.66977849321488
5.794923418949076,-134.20784721504106,86.66977849321488
5.8239655367708005,-133.70874632285918,86.66977849321488
5.853007654592525,-133.2096454306773,86.66977849321488
5.882049772414249,-132.71054453849544,86.66977849321488
5.911091890235974,-132.21144364631357,86.66977849321488
5.940134008057698,-131.7123427541317,86.66977849321488
5.9691761258794225,-131.21324186194983,86.66977849321488
5.998218243701147,-130.71414096976795,86.66977849321488
6.027260361522871,-130.21504007758608,86.66977849321488
6.056302479344596,-129.7159391854042,84.81266125648789
6.101508254109011,-129.21799225668917,84.81266125648789
6.1467140288734265,-128.72004532797413,84.81266125648789
6.191919803637842,-128.2220983992591,84.81266125648789
6.2371255784022575,-127.72415147054406,84.81266125648789
6.282331353166673,-127.22620454182902,84.81266125648789
6.327537127931088,-126.72825761311398,84.81266125648789
6.372742902695504,-126.23031068439894,84.8126612564888
6.401220717525575,-125.91662420285866,84.7276182841545
6.447165628716794,-125.41874390321267,84.7276182841545
6.493110539908013,-124.92086360356669,84.7276182841545
6.539055451099232,-124.4229833039207,84.7276182841545
6.585000362290451,-123.92510300427472,84.7276182841545
6.63094527348167,-123.42722270462873,84.7276182841545
6.676890184672889,-122.92934240498275,83.51239817932709
6.733384277468307,-122.43254436153735,83.51239817932709
6.789878370263725,-121.93574631809196,83.51239817932709
6.846372463059144,-121.43894827464656,83.51239817932709
6.902866555854562,-120.94215023120117,83.51239817932709
6.95936064864998,-120.44535218775577,83.51239817932709
7.0158547414453984,-119.94855414431038,83.51239817932709
7.072348834240817,-119.45175610086498,83.51239817932709
7.128842927036235,-118.95495805741959,83.51239817932709
7.185337019831653,-118.4581600139742,83.51239817932709
7.241831112627072,-117.9613619705288,83.76144701266243
7.296164885288348,-117.4643262603687,83.76144701266243
7.350498657949624,-116.96729055020859,83.76144701266243
7.4048324306109,-116.47025484004848,83.76144701266243
7.459166203272176,-115.97321912988838,83.76144701266243
7.513499975933452,-115.47618341972827,83.76144701266243
7.567833748594728,-114.97914770956817,83.3740035334189
7.62552758997492,-114.4824881969128,83.3740035334189
7.683221431355113,-113.98582868425743,83.3740035334189
7.740915272735306,-113.48916917160206,83.3740035334189
7.798609114115498,-112.99250965894669,83.3740035334189
7.856302955495691,-112.49585014629132,83.3740035334189
7.9139967968758835,-111.99919063363595,83.3740035334189
7.971690638256076,-111.50253112098058,83.3740035334189
8.029384479636269,-111.00587160832521,83.3740035334189
8.087078321016461,-110.50921209566984,83.3740035334189
8.144772162396654,-110.01255258301447,83.96598380552926
8.197331605536792,-109.51532275575111,83.96598380552926
8.24989104867693,-109.01809292848776,83.96598380552926
8.30245049181707,-108.5208631012244,83.96598380552926
8.355009934957208,-108.02363327396105,83.96598380552926
8.407569378097346,-107.5264034466977,83.96598380552926
8.460128821237484,-107.02917361943435,85.09189148211951
8.502907773982175,-106.53100713638061,85.09189148211951
8.545686726726865,-106.03284065332687,85.09189148211951
8.588465679471556,-105.53467417027314,85.09189148211951
8.631244632216246,-105.0365076872194,85.09189148211951
8.674023584960937,-104.53834120416566,85.09189148211951
8.716802537705627,-104.04017472111192,85.09189148211951
8.759581490450318,-103.54200823805819,85.09189148211951
8.802360443195008,-103.04384175500445,85.09189148211951
8.845139395939698,-102.54567527195071,85.09189148211951
8.887918348684389,-102.04750878889698,87.92180211914565
8.90605005675752,-101.5478380244399,87.92180211914565
8.924181764830651,-101.04816725998282,87.92180211914565
8.942313472903782,-100.54849649552574,87.92180211914565
8.960445180976913,-100.04882573106866,87.92180211914565
8.978576889050045,-99.54915496661158,87.92180211914565
8.996708597123176,-99.0494842021545,89.55987599760766
9.00054936221637,-98.54949942431426,89.55987599760766
9.004390127309565,-98.04951464647402,89.55987599760766
9.008230892402759,-97.54952986863378,89.55987599760766
9.012071657495953,-97.04954509079354,89.55987599760766
9.015912422589148,-96.5495603129533,90.54534261788079
9.011153502468872,-96.04958507704949,90.54534261788079
9.006394582348596,-95.54960984114567,90.54534261788079
9.00163566222832,-95.04963460524185,90.54534261788079
8.996876742108045,-94.54965936933803,90.54534261788079
8.992117821987769,-94.04968413343421,90.54534261788079
8.987358901867493,-93.5497088975304,90.54534261788079
8.982599981747217,-93.04973366162658,90.55251600991443
8.977778444823608,-92.54975692181674,90.55251600991443
8.972956907899999,-92.0497801820069,90.55251600991443
8.96813537097639,-91.54980344219706,90.55251600991443
8.96331383405278,-91.04982670238722,90.55251600991443
8.95849229712917,-90.54984996257738,90.55251600991443
8.953670760205561,-90.04987322276754,90.55251600991443
8.948849223281952,-89.5498964829577,90.55251600991443
8.944027686358343,-89.04991974314787,90.55251600991443
8.939206149434733,-88.54994300333803,90.55251600991443
8.934384612511124,-88.04996626352819,90.56412258314303
8.929461831024792,-87.5499942771122,90.56412258314269
8.927170342067257,-87.31726400274783,90.56575593138093
8.922233319659606,-86.81729336505579,90.56575593138093
8.917296297251955,-86.31732272736375,90.56575593138093
8.912359274844304,-85.8173520896717,90.56575593138093
8.907422252436653,-85.31738145197966,90.56575593138093
8.902485230029002,-84.81741081428761,90.56575593138093
8.897548207621352,-84.31744017659557,90.38920060212314
8.894151817762808,-83.81745171226946,90.38920060212314
8.890755427904264,-83.31746324794335,90.38920060212314
8.88735903804572,-82.81747478361724,90.38920060212314
8.883962648187175,-82.31748631929113,90.38920060212314
8.880566258328631,-81.81749785496503,90.38920060212314
8.877169868470087,-81.31750939063892,90.38920060212314
8.873773478611543,-80.81752092631281,90.38920060212314
8.870377088753,-80.3175324619867,90.38920060212314
8.866980698894455,-79.8175439976606,90.38920060212314
8.863584309035911,-79.31755553333448,90.38920060212314
8.860187919177367,-78.81756706900838,90.38920060212314
8.856791529318823,-78.31757860468227,90.38920060212314
8.853395139460279,-77.81759014035616,90.38920060212314
8.849998749601735,-77.31760167603005,90.38920060212314
8.84660235974319,-76.81761321170394,90.38920060212314
8.843205969884647,-76.31762474737783,90.34005459525126
8.840238453019639,-75.81763386952213,90.34005459525126
8.837270936154631,-75.31764299166642,90.34005459525126
8.834303419289624,-74.81765211381071,90.34005459525126
8.831335902424616,-74.317661235955,90.34005459525126
8.828368385559608,-73.81767035809929,90.34005459525126
8.8254008686946,-73.31767948024358,90.34005459525126
8.822433351829593,-72.81768860238788,90.34005459525126
8.819465834964586,-72.31769772453217,90.34005459525126
8.816498318099578,-71.81770684667646,90.34005459525126
8.81353080123457,-71.31771596882075,90.38716193570008
8.81015220179132,-70.81772739918868,90.38716193570008
8.80677360234807,-70.31773882955662,90.38716193570008
8.80339500290482,-69.81775025992455,90.38716193570008
8.80001640346157,-69.31776169029249,90.38716193570008
8.796637804018319,-68.81777312066042,90.38716193570008
8.793259204575069,-68.31778455102835,90.38716193570008
8.789880605131819,-67.81779598139629,90.38716193570008
8.786502005688568,-67.31780741176422,90.38716193570008
8.783123406245318,-66.81781884213216,90.38716193570008
8.779744806802068,-66.31783027250009,90.38716193570008
8.776366207358818,-65.81784170286802,90.38716193570008
8.772987607915567,-65.31785313323596,90.38716193570008
8.769609008472317,-64.81786456360389,90.38716193570008
8.766230409029067,-64.31787599397182,90.38716193570009
8.762851809585817,-63.817887424339766,90.38716193570009
8.759473210142566,-63.31789885470771,90.17422724440546
8.757952794579076,-62.817901700489706,90.17422724440546
8.756432379015585,-62.317904546271706,90.17422724440546
8.754911963452095,-61.817907392053705,90.17422724440546
8.753391547888604,-61.317910237835704,90.17422724440546
8.751871132325114,-60.817913083617704,90.17422724440546
8.750350716761623,-60.3179159293997,90.3534531235489
8.747266277208785,-59.81792564790192,90.3534531235489
8.744181837655947,-59.31793536640414,90.3534531235489
8.74109739810311,-58.81794508490636,90.3534531235489
8.738012958550271,-58.31795480340858,90.3534531235489
8.734928518997433,-57.8179645219108,90.3534531235489
8.731844079444596,-57.31797424041302,90.3534531235489
8.728759639891758,-56.81798395891524,90.3534531235489
8.72567520033892,-56.31799367741746,90.3534531235489
8.722590760786082,-55.81800339591968,90.3534531235489
8.719506321233244,-55.3180131144219,90.37049461995011
8.71627317506499,-54.81802461776614,90.37049461995011
8.713040028896735,-54.31803612111038,90.37049461995011
8.709806882728481,-53.81804762445462,90.37049461995011
8.706573736560227,-53.31805912779886,90.37049461995011
8.703340590391972,-52.8180706311431,90.37049461995011
8.700107444223718,-52.31808213448734,90.34118748620291
8.69749285816215,-51.87901862291619,90.28281553377651
8.695024837934316,-51.37902489035959,90.28281553377651
8.692556817706482,-50.879031157802984,90.28281553377651
8.690088797478648,-50.37903742524638,90.28281553377651
8.687620777250814,-49.87904369268978,90.28281553377651
8.68515275702298,-49.37904996013317,90.28281553377651
8.682684736795146,-48.87905622757657,90.28281553377651
8.680216716567312,-48.379062495019966,90.28281553377651
8.677748696339478,-47.87906876246336,90.28281553377651
8.675280676111644,-47.37907502990676,90.90368570430692
8.667394900769388,-46.87913995657666,90.90368570430692
8.659509125427132,-46.37920488324656,90.90368570430692
8.651623350084876,-45.87926980991646,90.90368570430692
8.64373757474262,-45.37933473658636,90.90368570430692
8.635851799400363,-44.87939966325626,90.90368570430692
8.627966024058107,-44.37946458992616,90.90368570430692
8.620080248715851,-43.87952951659606,90.36910690236097
8.616859414766495,-43.379572355804285,90.36910690236097
8.613638580817138,-42.87961519501251,90.36910690236097
8.610417746867782,-42.37965803422074,90.36910690236097
8.607196912918425,-41.879700873428966,90.36910690236097
8.603976078969069,-41.37974371263719,90.36910690236097
8.600755245019712,-40.87978655184542,90.07300905717382
8.600118147860092,-40.37980805544662,90.07300905717382
8.599481050700472,-39.87982955904781,90.07300905717382
8.598843953540852,-39.37985106264901,90.07300905717382
8.598206856381232,-38.87987256625021,90.07300905717382
8.597569759221612,-38.3798940698514,90.07300905717382
8.596932662061992,-37.8799155734526,89.98626925513247
8.596942468546331,-37.838994985446334,89.43277552679783
8.601892286019337,-37.339026456773894,89.43277552679783
8.606842103492344,-36.839057928101454,89.43277552679783
8.61179192096535,-36.339089399429014,89.43277552679783
8.616741738438357,-35.839120870756574,89.43277552679783
8.621691555911363,-35.339152342084134,89.43277552679783
8.62664137338437,-34.839183813411694,89.43277552679783
8.631591190857376,-34.339215284739254,89.43277552679783
8.636541008330383,-33.839246756066814,89.43277552679783
8.64149082580339,-33.339278227394374,89.43277552679783
8.646440643276396,-32.839309698721934,89.43277552679783
8.651390460749402,-32.339341170049494,89.43277552679783
8.656340278222409,-31.839372641377054,89.43277552679783
8.661290095695415,-31.339404112704614,89.43277552679783
8.666239913168422,-30.839435584032174,89.43277564471428
8.671189712418705,-30.339468792049317,89.43277564471428
8.676139511668989,-29.83950200006646,89.43277564471428
8.681089310919273,-29.339535208083603,89.43277564471428
8.686039110169556,-28.839568416100747,89.43277564471428
8.69098890941984,-28.33960162411789,89.43277564471428
8.695938708670123,-27.839634832135033,89.43277564471428
8.700888507920407,-27.339668040152176,89.43277564471428
8.70583830717069,-26.83970124816932,89.43277564471428
8.710788106420974,-26.339734456186463,89.43277564471428
8.715737905671258,-25.839767664203606,89.43277564471428
8.720687704921541,-25.33980087222075,89.43277564471428
8.725637504171825,-24.839834080237893,89.43277564471428
8.730587303422109,-24.339867288255036,89.43277564471428
8.735537102672392,-23.83990049627218,89.43277564471428
8.740486901922676,-23.339933704289322,89.43277562567442
8.745436786717375,-22.83995828846347,89.43277562567442
8.750386671512075,-22.33998287263762,89.43277562567442
8.755336556306775,-21.84000745681177,89.43277562567442
8.760286441101474,-21.340032040985918,89.43277562567442
8.765236325896174,-20.840056625160067,89.43277562567442
8.770186210690873,-20.340081209334215,89.43277562567442
8.775136095485573,-19.840105793508364,89.43277562567442
8.780085980280273,-19.340130377682513,89.43277562567442
8.785035865074972,-18.840154961856662,89.43277562567442
8.789985749869672,-18.34017954603081,89.43277562567442
8.794935634664371,-17.84020413020496,89.43277562567442
8.799885519459071,-17.34022871437911,89.43277562567442
8.80483540425377,-16.840253298553257,89.43277562567442
8.80978528904847,-16.340277882727406,89.43277562567442
8.81473517384317,-15.840302466901557,89.43277565402313
8.81968472730365,-15.340360493324239,89.43277565402313
8.824634280764132,-14.84041851974692,89.43277565402313
8.829583834224612,-14.340476546169603,89.43277565402313
8.834533387685093,-13.840534572592285,89.43277565402313
8.839482941145574,-13.340592599014967,89.43277565402313
8.844432494606055,-12.840650625437648,89.43277565402313
8.849382048066536,-12.34070865186033,89.43277565402313
8.854331601527017,-11.840766678283012,89.43277565402313
8.859281154987498,-11.340824704705694,89.43277565402313
8.864230708447979,-10.840882731128376,89.43277565402313
8.86918026190846,-10.340940757551058,89.43277565402313
8.87412981536894,-9.84099878397374,89.43277565402313
8.879079368829421,-9.341056810396422,89.43277565402313
8.884028922289902,-8.841114836819104,89.43277577489012
8.888978699018105,-8.341150204987535,89.43277577489012
8.893928475746309,-7.8411855731559665,89.43277577489012
8.898878252474512,-7.341220941324398,89.43277577489012
8.903828029202716,-6.841256309492829,89.43277577489012
8.908777805930919,-6.3412916776612605,89.43277577489012
8.913727582659122,-5.841327045829692,89.43277577489012
8.918677359387326,-5.341362413998123,89.43277577489012
8.92362713611553,-4.841397782166554,89.43277577489012
8.928576912843733,-4.341433150334986,89.43277577489012
8.933526689571936,-3.8414685185034174,89.43277577489012
8.93847646630014,-3.341503886671849,89.43277577489012
8.943426243028343,-2.841539254840281,89.43277577489012
8.948376019756546,-2.3415746230087127,89.4327757748933
8.949868922238238,-2.190780257806182,89.92688766575722
8.950506821770785,-1.6908792286673855,89.92688766575722
8.951144721303333,-1.190978199528589,89.92688766575722
8.95178262083588,-0.6910771703897927,89.92688766575722
8.952420520368428,-0.1911761412509962,90.05416157330428
8.951947873422506,0.3088216520657727,90.05416157330428
8.951475226476585,0.8088194453825417,90.05416157330428
8.951002579530664,1.3088172386993107,90.05416157330428
8.950529932584743,1.8088150320160796,90.05416157330428
8.950057285638822,2.3088128253328484,90.05416157330428
8.949584638692901,2.808810618649617,90.16031924710828
8.948185591373708,3.3088085850540945,90.16031924710828
8.946786544054515,3.808806551458572,90.16031924710828
8.945387496735322,4.30880451786305,90.16031924710828
8.943988449416128,4.808802484267527,90.16031924710828
8.942589402096935,5.308800450672005,90.16031924710828
8.941190354777742,5.808798417076483,90.16031924710828
8.939791307458549,6.308796383480961,90.16031924710828
8.938392260139356,6.808794349885439,90.16031924710828
8.936993212820163,7.308792316289916,90.36562632692832
8.933802543052394,7.808782105182113,90.36562632692832
8.930611873284626,8.308771894074308,90.36562632692832
8.927421203516857,8.808761682966503,90.36562632692832
8.924230533749089,9.308751471858699,90.36562632692832
8.92103986398132,9.808741260750894,90.36562632692832
8.917849194213552,10.30873104964309,90.36562632692832
8.914658524445784,10.808720838535285,90.20447679375401
8.912874131626788,11.308717643060978,90.20447679375401
8.911089738807792,11.808714447586672,90.20447679375401
8.909305345988797,12.308711252112365,90.20447679375361
8.909071208676323,12.374317830894142,91.06617466022232
7.88004593225196,67.6673220875673,92.93510560103117
7.854443525618769,68.16666577383897,92.93510560103117
7.8288411189855776,68.66600946011064,92.93510560103117
7.803238712352386,69.16535314638232,92.93510560103117
7.777636305719195,69.66469683265399,92.93510560103117
7.752033899086004,70.16404051892566,92.93510560103117
7.726431492452813,70.66338420519733,92.93510560103117
7.700829085819621,71.162727891469,92.93510560103117
7.67522667918643,71.66207157774068,92.59103804819921
7.652623327100679,72.16156008543436,92.59103804819921
7.630019975014928,72.66104859312804,92.59103804819921
7.607416622929177,73.16053710082173,92.59103804819921
7.584813270843426,73.66002560851541,92.59103804819921
7.5622099187576755,74.1595141162091,92.59103804819921
7.5396065666719245,74.65900262390278,92.46043896129196
7.518141825348846,75.15854073005099,92.46043896129196
7.496677084025768,75.6580788361992,92.46043896129196
7.475212342702689,76.1576169423474,92.46043896129196
7.453747601379611,76.65715504849561,92.46043896129196
7.4322828600565325,77.15669315464382,92.46043896129196
7.410818118733454,77.65623126079203,92.46043896129196
7.389353377410376,78.15576936694023,92.46043896129196
7.367888636087297,78.65530747308844,92.46043896129196
7.346423894764219,79.15484557923665,92.46043896129196
7.3249591534411405,79.65438368538486,92.35488927649067
7.304414682028776,80.15396072568996,92.35488927649067
7.283870210616412,80.65353776599505,92.35488927649067
7.263325739204047,81.15311480630015,92.35488927649067
7.242781267791683,81.65269184660525,92.35488927649067
7.222236796379319,82.15226888691035,92.35488927649067
7.201692324966954,82.65184592721545,91.84601531523461
7.1855859143440775,83.15157634795099,91.84601531523461
7.169479503721201,83.65130676868654,91.84601531523461
7.153373093098324,84.15103718942208,91.84601531523461
7.137266682475447,84.65076761015763,91.84601531523461
7.12116027185257,85.15049803089317,91.84601531523461
7.105053861229694,85.65022845162872,91.84601531523461
7.088947450606817,86.14995887236427,91.84601531523461
7.07284103998394,86.64968929309981,91.84601531523461
7.056734629361063,87.14941971383536,90.33363661504202
7.053823127066566,87.64940952465874,90.33363661504202
7.050911624772068,88.14939933548212,90.33363661504202
7.04800012247757,88.6493891463055,90.33363661504202
7.045088620183073,89.14937895712887,90.33363661504202
7.042177117888575,89.64936876795225,90.51564810722925
7.037677335073819,90.14934462286816,90.5156481072291
7.035643406910822,90.3753366349265,90.91178879452211
7.027687070828227,90.87526161536101,90.91178879452211
7.019730734745632,91.37518659579553,90.91178879452211
7.011774398663038,91.87511157623004,90.91178879452211
7.003818062580443,92.37503655666455,90.91178879452211
6.995861726497848,92.87496153709907,90.91178879452211
6.9879053904152535,93.37488651753358,90.91178879452211
6.979949054332659,93.8748114979681,90.91178879452211
6.971992718250064,94.37473647840261,90.91178879452211
6.964036382167469,94.87466145883712,90.91178858026
6.95608038773827,95.37456508946262,90.91178858026
6.948124393309071,95.87446872008812,90.91178858026
6.940168398879871,96.37437235071361,90.91178858026
6.932212404450672,96.87427598133911,90.91178858026
6.9242564100214725,97.3741796119646,90.91178858026
6.916300415592273,97.8740832425901,90.91178858026
6.908344421163074,98.3739868732156,90.91178858026
6.900388426733874,98.8738905038411,90.91178858026
6.892432432304675,99.37379413446659,90.91178858026
6.884476437875476,99.87369776509209,90.91178858026
6.876520443446276,100.37360139571759,90.91178858026
6.868564449017077,100.87350502634308,90.91178857344664
6.860608122074422,101.37342955371649,90.91178857344664
6.8526517951317665,101.8733540810899,90.91178857344664
6.844695468189111,102.37327860846331,90.91178857344664
6.836739141246456,102.87320313583672,90.91178857344664
6.828782814303801,103.37312766321013,90.91178857344664
6.8208264873611455,103.87305219058354,90.91178857344664
6.81287016041849,104.37297671795694,90.91178857344664
6.804913833475835,104.87290124533035,90.91178857344664
6.79695750653318,105.37282577270376,90.91178857344664
6.7890011795905245,105.87275030007717,90.91178857344664
6.781044852647869,106.37267482745058,90.91178857344664
6.773088525705214,106.87259935482399,90.91178857344664
6.765132198762559,107.3725238821974,90.91178857344664
6.7571758718199035,107.87244840957081,90.91178857344664
6.749219544877248,108.37237293694422,90.91178857344664
6.741263217934593,108.87229746431763,90.91178856601657
6.733306699067874,109.37223405504223,90.91178856601657
6.725350180201154,109.87217064576683,90.91178856601657
6.717393661334435,110.37210723649143,90.91178856601657
6.709437142467715,110.87204382721603,90.91178856601657
6.701480623600996,111.37198041794063,90.91178856601657
6.693524104734276,111.87191700866524,90.91178856601657
6.685567585867557,112.37185359938984,90.91178856601657
6.6776110670008375,112.87179019011444,90.91178856601657
6.669654548134118,113.37172678083904,90.91178856601657
6.661698029267399,113.87166337156364,90.91178856601657
6.653741510400679,114.37159996228824,90.91178856601657
6.64578499153396,114.87153655301285,90.91178856601586
6.642407545819879,115.08375356951728,90.91178856591348
6.634451031084,115.58368990074291,90.91178856591348
6.626494516348121,116.08362623196854,93.18148843107925
6.598745369187298,116.5828499952025,93.18148843107925
6.570996222026475,117.08207375843645,93.18148843107925
6.5432470748656515,117.58129752167041,93.18148843107925
6.515497927704828,118.08052128490436,94.59456826835627
6.475446679323277,118.57890250927805,94.59456826835627
6.4353954309417265,119.07728373365174,94.59456826835627
6.395344182560176,119.57566495802543,95.05608272601587
6.351279656097159,120.07370951551334,95.05608272601587
6.307215129634142,120.57175407300126,95.05608272601587
6.263150603171125,121.06979863048917,95.05608272601587
6.219086076708108,121.56784318797709,95.7870859704228
6.1686707527125995,122.06528797139926,95.7870859704228
6.118255428717091,122.56273275482143,96.42686830363729
6.062288495766868,123.05958576557539,96.42686830363729
6.0063215628166455,123.55643877632936,96.9691387335539
5.945654601821116,124.0527413785377,96.9691387335539
5.884987640825586,124.54904398074605,97.66482212514353
5.818298883767485,125.04457582986235,97.66482212514353
5.751610126709385,125.54010767897866,98.12581527280605
5.680936487521818,126.03508769495531,98.12581527280605
5.6102628483342505,126.53006771093196,99.24540688417748
5.529931158431438,127.02357214292265,99.24540688417748
5.449599468528626,127.51707657491333,99.24540688417723
5.369267778625813,128.01058100690403,99.75696663847577
5.2845332165162855,128.50334811804953,99.75696663847577
5.199798654406758,128.99611522919503,100.72437548817446
5.106756423010736,129.48738163666798,100.72437548817446
5.013714191614714,129.97864804414093,100.72437548817446
4.920671960218692,130.46991445161387,100.72437548817446
4.82762972882267,130.96118085908682,102.64614728069954
4.718165164529767,131.44905108427605,103.42534142071396
4.602076101527435,131.93538771520554,103.42534142071396
4.485987038525103,132.42172434613502,103.42534142071396
4.369897975522771,132.9080609770645,104.04922773587373
4.2485203258249005,133.39310439074725,104.04922773587373
4.12714267612703,133.87814780443,104.25664069149575
4.004009867106049,134.36274897336403,104.25664069149575
3.880877058085068,134.84735014229807,104.25664069149575
3.7577442490640873,135.3319513112321,104.32922405414892
3.633997719642219,135.8163957816989,104.32922405414892
3.510251190220351,136.3008402521657,105.12777403015853
3.3797650174739684,136.78351310553214,105.12777403015853
3.249278844727586,137.26618595889857,105.12777403015853
3.1187926719812036,137.748858812265,106.27580396059572
2.978661996950365,138.22882066540197,107.89628335624624
2.825014590404708,138.704627716877,107.89628335624624
2.671367183859051,139.18043476835206,107.89628335624624
2.517719777313394,139.6562418198271,110.11367285019621
2.3457780462825735,140.12574748439906,110.43305572361058
2.171221804037798,140.59428751186735,110.43305572361056
1.9966655617930231,141.06282753933564,110.43305572361056
1.822109319548248,141.53136756680394,110.68357471296159
1.6455060737659621,141.99914000549734,110.68357471296159
1.4689028279836762,142.46691244419074,111.52298974824245
1.2854656055480644,142.93204756133034,111.52298974824245
1.1020283831124527,143.39718267846993,111.52298974824245
0.9185911606768409,143.86231779560953,112.46453107883414
0.7275354550561002,144.32437589828564,112.46453107883414
0.5364797494353595,144.78643400096175,113.52504084465606
0.33690484860948877,145.24487682897197,113.52504084465606
0.1373299477836181,145.7033196569822,114.17197864797687
-0.06740843451474288,146.15947975033285,114.17197864797687
-0.2721468168131038,146.6156398436835,114.74229121290121
-0.48141557301247884,147.06973955102015,114.74229121290121
-0.6906843292118539,147.5238392583568,114.74229121290121
-0.8999530854112289,147.97793896569343,114.74229121290121
-1.1092218416106039,148.43203867303006,115.19911072273729
-1.3221044592355904,148.8844554900309,115.19911072273726
-1.5349870768605767,149.3368723070317,116.49718547003343
-1.7580640022848366,149.78435044651098,116.49718547003343
-1.9811409277090966,150.23182858599026,116.4971854700334
-2.2042178531333563,150.67930672546953,117.9565228412805
-2.438618558305055,151.12095849857755,117.9565228412805
-2.673019263476754,151.56261027168557,118.84752399205959
-2.914259431525258,152.0005636430856,118.84752399205959
-3.1554995995737625,152.43851701448563,118.84752399205959
-3.396739767622267,152.87647038588565,118.84752399205959
-3.637979935670771,153.31442375728568,119.41293104832114
-3.8835301092212577,153.7499752401703,119.41293104832118
-4.129080282771745,154.18552672305492,119.87142707259855
-4.378107918184764,154.61909925868972,119.87142707259855
-4.627135553597783,155.0526717943245,119.87142707259855
-4.876163189010802,155.4862443299593,120.57789632859334
-5.130517681479676,155.91671321802036,120.57789632859334
-5.3848721739485494,156.34718210608142,122.4437579526324
-5.65310773265977,156.76914105823707,122.4437579526324
-5.92134329137099,157.19110001039272,122.4437579526324
-6.18957885008221,157.61305896254837,123.06989894926534
-6.462409583355361,158.0320614732995,123.06989894926534
-6.735240316628513,158.45106398405065,123.06989894926534
-7.008071049901664,158.8700664948018,123.06989894926534
-7.280901783174816,159.28906900555293,124.42654579338084
-7.563576396751459,159.70149483242423,124.42654579338084
-7.846251010328102,160.11392065929553,124.42654579338094
-8.128925623904745,160.52634648616683,124.42654579338094
-8.41160023748139,160.93877231303813,124.42654579338094
-8.694274851058033,161.35119813990943,125.50836064844368
-8.984685610833472,161.7582133677701,125.50836064844368
-9.27509637060891,162.1652285956308,125.50836064844368
-9.565507130384349,162.57224382349148,125.50836064844368
-9.855917890159787,162.97925905135216,126.94768431784216
-10.156460645682204,163.37885136452581,126.94768431784216
-10.45700340120462,163.77844367769947,126.94768431784216
-10.757546156727036,164.17803599087313,126.94768431784216
-11.058088912249453,164.57762830404678,128.26736305848718
-11.367754395991131,164.97019235111105,128.26736305848718
-11.67741987973281,165.36275639817532,128.26736305848718
-11.987085363474488,165.7553204452396,129.46228996333377
-12.304870348042956,166.14134181885393,129.46228996333377
-12.622655332611423,166.52736319246827,129.46228996333377
-12.94044031717989,166.9133845660826,129.46228996333377
-13.258225301748357,167.29940593969695,130.43878901670928
-13.582542931541626,167.67995558879363,130.43878901670928
-13.906860561334895,168.0605052378903,130.43878901670928
-14.231178191128164,168.441054886987,131.34219685390534
-14.561455508451774,168.81644373482868,131.34219685390534
-14.891732825775383,169.19183258267037,131.34219685390534
-15.222010143098993,169.56722143051206,131.34219685390534
-15.552287460422603,169.94261027835375,132.2130254019058
-15.888231899922891,170.31293615607228,132.21302540190592
-16.22417633942318,170.6832620337908,133.7234451536512
-16.5697653799028,171.04460416774236,133.7234451536512
-16.91535442038242,171.40594630169392,133.7234451536512
-17.26094346086204,171.76728843564547,134.89611290890005
-17.61385516296771,172.12148224291832,134.89611290890005
-17.966766865073378,172.47567605019117,134.89611290890005
-18.319678567179047,172.82986985746402,135.8297912572826
-18.678314379384993,173.17826531010047,135.8297912572826
-19.03695019159094,173.52666076273692,135.8297912572826
-19.395586003796886,173.87505621537338,136.51185138265032
-19.758341982519543,174.21915620793845,136.51185138265032
-20.1210979612422,174.56325620050353,137.44073673559498
-20.48938478026082,174.901430347947,137.44073673559498
-20.857671599279442,175.2396044953905,137.44073673559498
-21.225958418298063,175.57777864283398,138.13901084331314
-21.59833989366321,175.91144005274649,138.13901084331314
-21.970721369028354,176.245101462659,139.54191867922722
-22.35116077824051,176.56954634412335,139.54191867922722
-22.731600187452663,176.8939912255877,139.54191867922722
-23.112039596664818,177.21843610705207,139.54191867922722
-23.492479005876973,177.54288098851643,140.85783479473514
-23.88026933746717,177.85850378940822,140.85783479473514
-24.268059669057365,178.1741265903,140.85783479473514
-24.65585000064756,178.4897493911918,141.81753394212402
-25.048873024065198,178.79883330565875,141.81753394212402
-25.441896047482835,179.1079172201257,141.81753394212402
-25.834919070900472,179.41700113459265,141.81753394212402
-26.22794209431811,179.7260850490596,142.4761694368018
-26.624491938910285,180.03063057573073,142.4761694368018
-27.02104178350246,180.33517610240185,142.4761694368018
-27.417591628094637,180.63972162907297,143.7840686291942
-27.820989614561462,180.93513660914937,143.7840686291942
-28.224387601028287,181.23055158922577,143.7840686291942
-28.62778558749511,181.52596656930217,143.7840686291942
-29.031183573961936,181.82138154937857,145.27634618424565
-29.442138015390025,182.10619096882547,145.27634618424565
-29.853092456818114,182.39100038827237,145.83624058821582
-30.26681034713645,182.6717803966273,145.83624058821582
-30.680528237454784,182.95256040498222,145.83624058821582
-31.09424612777312,183.23334041333715,146.3338091115394
-31.51038622196021,183.51051672203752,146.3338091115394
-31.926526316147303,183.7876930307379,146.3338091115394
-32.342666410334395,184.06486933943827,147.64341950596926
-32.765033108487216,184.33246262976286,147.64341950596926
-33.18739980664004,184.60005592008744,147.64341950596926
-33.60976650479286,184.86764921041203,148.39387623705827
-34.035601967126574,185.1296876777789,148.39387623705827
-34.46143742946029,185.39172614514575,148.39387623705827
-34.887272891794005,185.65376461251262,149.01496193899533
-35.31592377473775,185.91117172292343,149.01496193899533
-35.74457465768149,186.16857883333424,149.01496193899533
-36.17322554062523,186.42598594374505,149.5909748087589
-36.60444251083501,186.6790707515941,149.5909748087589
-37.03565948104478,186.93215555944317,150.9680308827546
-37.47283372704596,187.1748041773894,150.9680308827546
-37.910007973047136,187.41745279533563,150.9680308827546
-38.347182219048314,187.66010141328186,152.53595435383005
-38.79083116956423,187.89069671155292,152.98344840050194
-39.236268598546104,188.11782052643687,152.98344840050194
-39.68170602752798,188.34494434132083,152.98344840050194
-40.127143456509856,188.57206815620478,153.3848998454082
-40.57416153713636,188.79606550864935,153.3848998454082
-41.02117961776287,189.02006286109392,154.305566972883
-41.471739189590416,189.2368486250697,154.305566972883
-41.92229876141796,189.4536343890455,154.305566972883
-42.37285833324551,189.6704201530213,155.46288097033042
-42.827704488159135,189.8780614642696,155.46288097033042
-43.28255064307276,190.0857027755179,156.74041801148573
-43.74191271729695,190.28315130700346,156.74041801148573
-44.201274791521136,190.48059983848904,157.60226936585426
-44.66355219533092,190.67111541481154,157.60226936585426
-45.12582959914071,190.86163099113404,158.55245402930623
-45.591204564531104,191.04445508563447,158.55245402930623
-46.0565795299215,191.2272791801349,158.96354326954727
-46.52325545639236,191.40676006358373,158.96354326954727
-46.989931382863226,191.58624094703256,159.63822792738674
-47.45868842774866,191.7602142050039,159.63822792738674
-47.9274454726341,191.93418746297525,159.63822792738674
-48.396202517519534,192.1081607209466,160.11789718699342
-48.86639899669761,192.27820336992207,160.11789718699342
-49.33659547587569,192.44824601889755,160.11789718699342
-49.80679195505377,192.61828866787303,160.3920123988428
-50.277796001342786,192.78607965662525,160.3920123988428
-50.7488000476318,192.95387064537746,160.3920123988428
-51.21980409392082,193.12166163412968,160.5193746710039
-51.691179629101356,193.28840510244544,160.5193746710039
-52.16255516428189,193.4551485707612,160.67275348165185
-52.63437325301131,193.62062884246012,160.67275348165185
-53.10619134174073,193.78610911415905,160.67275348165185
-53.57800943047015,193.95158938585797,160.67275348165185
-54.049827519199575,194.1170696575569,160.78020602117732
-54.5219529194504,194.2816640237337,160.78020602117732
-54.994078319701224,194.4462583899105,160.78020602117732
-55.46620371995205,194.6108527560873,160.50931238155445
-55.9375448865291,194.77767720761477,160.50931238155445
-56.40888605310616,194.94450165914225,160.50931238155445
-56.88022721968321,195.11132611066972,160.50931238155445
-57.35156838626027,195.2781505621972,160.2312492417498
-57.82209384898222,195.44726032088053,160.2312492417498
-58.29261931170417,195.61637007956386,160.2312492417498
-58.763144774426124,195.7854798382472,160.1121712197263
-59.23331737578491,195.95556698682267,160.1121712197263
-59.70348997714369,196.12565413539815,160.1121712197263
-60.17366257850247,196.29574128397363,160.1121712197263
-60.643835179861256,196.4658284325491,160.03892766150514
-61.113789608723486,196.63651635263741,160.03892766150514
-61.58374403758572,196.80720427272573,159.3542650411944
-62.05162549558873,196.98349571927056,159.3542650411944
-62.519506953591744,197.1597871658154,159.3542650411944
-62.98738841159476,197.33607861236024,159.3542650411944
-63.45526986959777,197.51237005890508,158.31586075031313
-63.91988001376176,197.69711192511377,158.31586075031313
-64.38449015792575,197.88185379132247,157.09354219210732
-64.8450544335561,198.07646493404556,157.09354219210732
-65.30561870918645,198.27107607676865,155.6747487773081
-65.76122400661292,198.47703153284868,154.1933967354124
-66.21135523689267,198.69469747562584,154.1933967354124
-66.66148646717242,198.912363418403,154.1933967354124
-67.11161769745217,199.13002936118016,152.67056957455836
-67.55580749010322,199.35958182916016,151.0221970154577
-67.99321043576292,199.60181676750105,151.0221970154577
-68.43061338142262,199.84405170584193,151.0221970154577
-68.86801632708232,200.08628664418282,149.5695696404908
-69.2991380284533,200.3395321284935,149.5695696404908
-69.73025972982428,200.59277761280416,149.5695696404908
-70.16138143119527,200.84602309711482,147.08553679217994
-70.58112079235792,201.11771499121278,147.08553679217994
-71.00086015352058,201.38940688531073,147.08553679217994
-71.42059951468323,201.6610987794087,145.03158972236446
-71.83032950820466,201.9476582790973,145.03158972236446
-72.24005950172608,202.23421777878593,143.84157658112912
-72.64375256573683,202.52922682081655,143.84157658112912
-73.04744562974759,202.82423586284716,143.84157658112912
-73.45113869375834,203.11924490487777,142.72305584979537
-73.84899732417695,203.4220790288788,142.72305584979537
-74.24685595459556,203.72491315287985,141.6746776462092
-74.63910711331349,204.03497603411233,141.6746776462092
-75.03135827203141,204.34503891534482,141.6746776462092
-75.42360943074934,204.6551017965773,140.78926435690596
-75.81102233081425,204.97118894187702,140.78926435690596
-76.19843523087917,205.28727608717674,139.1285017477241
-76.57652474509342,205.6144584335417,139.1285017477241
-76.95461425930768,205.94164077990666,139.1285017477241
-77.33270377352193,206.26882312627163,137.8847431460338
-77.70360241941295,206.60413521133896,137.8847431460338
-78.07450106530396,206.93944729640629,136.53695147358872
-78.43741012720355,207.28339059091434,136.53695147358872
-78.80031918910313,207.6273338854224,136.53695147358872
-79.16322825100272,207.97127717993044,136.53695147358872
-79.5261373129023,208.3152204744385,134.95875022775368
-79.87943597598944,208.66902821486755,134.95875022775368
-80.23273463907657,209.0228359552966,133.38814244063164
-80.5762031942215,209.38619437069494,133.38814244063164
-80.91967174936644,209.74955278609326,133.38814244063164
-81.26314030451138,210.11291120149158,133.38814244063164
-81.60660885965632,210.4762696168899,131.62406318316238
-81.93872892199501,210.85002915951952,131.62406318316238
-82.2708489843337,211.22378870214914,130.3551369225545
-82.59461063830368,211.60481141987293,130.3551369225545
-82.91837229227366,211.98583413759673,130.3551369225545
-83.24213394624364,212.36685685532052,129.2015168685636
-83.55815880732806,212.75432067414187,129.2015168685636
-83.87418366841247,213.1417844929632,127.65693810442507
-84.1796497630229,213.537625939958,127.65693810442507
-84.48511585763332,213.93346738695277,127.65693810442507
-84.79058195224374,214.32930883394755,127.65693810442507
-85.09604804685416,214.72515028094233,125.92588344813828
-85.38941691113185,215.13003826356032,125.92588344813828
-85.68278577540953,215.53492624617832,124.60617831190815
-85.96675162331942,215.94646322797362,124.60617831190815
-86.25071747122932,216.35800020976893,124.60617831190815
-86.53468331913922,216.76953719156424,123.24352920055728
-86.80878215320516,217.18771038098583,123.24352920055728
-87.0828809872711,217.60588357040743,121.51091660452214
-87.34421071042865,218.0321525940634,121.51091660452214
-87.60554043358621,218.45842161771938,121.51091660452214
-87.86687015674377,218.88469064137536,120.1305180335108
-88.11785491866736,219.3171310423836,120.1305180335108
-88.36883968059095,219.74957144339186,118.70763441833579
-88.60900780472892,220.1881087651947,118.70763441833579
-88.84917592886688,220.62664608699754,118.70763441833579
-89.08934405300485,221.06518340880038,117.33967616682001
-89.31897280999375,221.5093260755162,117.33967616682001
-89.54860156698265,221.95346874223205,116.08814678387648
-89.76847571405902,222.40252283524126,116.08814678387648
-89.98834986113539,222.85157692825047,116.08814678387648
-90.20822400821176,223.30063102125968,115.30446486407848
-90.42193663134645,223.75265239902845,115.30446486407848
-90.63564925448115,224.20467377679722,115.30446486407848
-90.84936187761585,224.656695154566,113.36146518600023
-91.04762603135188,225.11570331312657,113.36146518600023
-91.24589018508792,225.57471147168715,113.36146518600023
-91.44415433882395,226.03371963024773,111.85848165524116
-91.63031101634321,226.49777029446034,111.85848165524116
-91.81646769386248,226.96182095867294,110.51847480520179
-91.99172186074009,227.4300991570736,110.51847480520179
-92.1669760276177,227.89837735547428,110.51847480520179
-92.3422301944953,228.36665555387495,109.1355747876577
-92.50613230181793,228.83902784844943,109.1355747876577
-92.67003440914056,229.31140014302392,108.11588326484993
-92.82550435917925,229.78661490539693,108.11588326484993
-92.98097430921794,230.26182966776994,108.11588326484993
-93.13644425925663,230.73704443014296,107.36331121179593
-93.28565906488095,231.21426011041524,106.1780673786083
-93.42497073826178,231.69446007204485,106.1780673786083
-93.56428241164261,232.17466003367446,106.1780673786083
-93.70359408502344,232.65485999530407,104.94811351057962
-93.83256609501375,233.13793955352784,104.94811351057962
-93.96153810500405,233.62101911175162,103.72690072081922
-94.0801851442365,234.10673763129435,103.72690072081922
-94.19883218346894,234.59245615083708,103.72690072081922
-94.31747922270138,235.0781746703798,102.65450461132835
-94.42701489162681,235.56602867242125,102.65450461132835
-94.53655056055224,236.0538826744627,101.13536512521523
-94.63311433614778,236.54446932021955,101.13536512521523
-94.72967811174333,237.0350559659764,101.13536512521523
-94.82624188733887,237.52564261173325,99.56805088234428
-94.90935133973773,238.018687027719,99.56805088234428
-94.99246079213658,238.51173144370478,98.48663798677144
-95.06625016159747,239.0062565347163,98.48663798677144
-95.14003953105835,239.50078162572783,97.94111011855638
-95.20911710263668,239.99598668875208,97.94111011855638
-95.27819467421502,240.49119175177634,96.4969818616942
-95.33477001656965,240.98797982163632,96.4969818616942
-95.39134535892428,241.4847678914963,96.4969818616942
-95.44792070127892,241.98155596135626,95.02873733157917
-95.4917482364673,242.47962960742765,95.02873733157917
-95.53557577165569,242.97770325349904,93.65233030529252
-95.56742672091404,243.47668672811722,93.65233030529252
-95.5992776701724,243.9756702027354,93.65233030529252
-95.63112861943075,244.47465367735356,93.65233030529252
-95.66297956868911,244.97363715197173,92.48663149135908
-95.68467270159773,245.47316613129982,92.48663149135908
-95.70636583450636,245.9726951106279,91.84787186704244
-95.72248875704035,246.47243490250355,91.84787186704244
-95.73861167957435,246.9721746943792,91.84787186704244
-95.75473460210834,247.47191448625483,91.24570320557083
-95.76560455277333,247.97179612599416,91.24570320557083
-95.77647450343831,248.4716777657335,91.24570320557083
-95.78734445410329,248.97155940547282,90.54927996433788
-95.7921377525071,249.47153641671812,90.54927996433788
-95.79693105091091,249.97151342796343,90.54927996433788
-95.80172434931472,250.47149043920874,90.17419821187652
-95.80324451217197,250.97148780763519,90.17419821187652
-95.80476467502922,251.47148517606163,90.18773081789897
-95.8064029287466,251.97148133508048,90.18773081789897
-95.808041182464,252.47147749409933,90.18773081789897
-95.80967943618138,252.97147365311818,90.18773081789897
-95.81131768989877,253.47146981213703,90.27244437191689
-95.81369519352498,253.97146141014187,90.27244437191689
-95.81607269715118,254.4714530081467,90.26956265261568
-95.81842506525923,254.97144723471308,90.26956265261568
-95.82077743336728,255.47144146127945,90.26956265261568
-95.82312980147533,255.97143568784583,90.26001767086196
-95.8253988735978,256.4714300270474,90.26001767086196
-95.82766794572028,256.971424366249,90.26001767086196
-95.82993701784275,257.47141870545056,90.18627872744236
-95.83156260350903,257.9714160536606,90.18627872744236
-95.8331881891753,258.4714134018707,90.18627872744236
-95.83481377484158,258.97141075008074,90.13169266200843
-95.83596300626742,259.4714081943272,90.13169266200843
-95.83711223769326,259.97140563857363,90.1847112795598
-95.83872413945288,260.4714013512668,90.1847112795598
-95.8403360412125,260.97139706396,90.1847112795598
-95.84194794297211,261.4713927766532,90.1847112795598
-95.84355984473173,261.9713884893464,90.26079462357639
-95.84583569097514,262.47138148096724,90.26079462357639
-95.84811153721854,262.9713744725881,90.21980149609239
-95.8500296596905,263.4713700825164,90.21980149609239
-95.85194778216247,263.9713656924447,90.21980149609239
-95.85386590463443,264.471361302373,90.21980149609239
-95.8557840271064,264.9713569123013,90.13737016895068
-95.85698280682726,265.47135547449784,90.13737016895068
-95.85818158654813,265.9713540366944,90.23893098431812
-95.8602666456068,266.47134943050287,90.23893098431812
-95.86235170466547,266.97134482431136,90.23893098431812
-95.86443676372414,267.47134021811985,90.32503870189207
-95.86727324206792,267.9713314296102,90.32503870189207
-95.8701097204117,268.4713226411005,90.32503870189207
-95.87294619875549,268.97131385259087,90.53438991311407
-95.87760955752118,269.4712915305975,90.53438991311407
-95.88227291628688,269.97126920860416,90.53438991311407
-95.88693627505258,270.4712468866108,90.61115938046416
-95.89226954178731,270.9712180811405,90.61115938046416
-95.89760280852205,271.47118927567016,90.61115938046416
-95.90293607525679,271.97116047019983,89.90369616558976
-95.90209566695746,272.471159287158,89.90369616558976
-95.90125525865814,272.97115810411617,89.90369616558976
-95.90041485035881,273.47115692107434,89.90369616558976
-95.89957444205949,273.9711557380325,89.90369616558976
-95.89873403376016,274.4711545549907,89.90369616558976
-95.89789362546084,274.97115337194884,89.90369616558976
-95.89705321716151,275.471152188907,89.90369616558976
-95.89621280886219,275.9711510058652,89.90369616558976
-95.89537240056286,276.47114982282335,89.90369616558976
-95.89453199226354,276.9711486397815,89.90369616558976
-95.89369158396421,277.4711474567397,89.90369616558976
-95.89285117566489,277.97114627369785,89.20953441461799
-95.88595331650086,278.4710961134233,89.20953441461799
-95.87905545733683,278.97104595314875,89.20953441461799
-95.8721575981728,279.4709957928742,89.20953441461799
-95.86525973900878,279.97094563259964,89.20953441461799
-95.85836187984475,280.4708954723251,89.20953441461799
-95.85146402068072,280.9708453120505,90.34323525712959
-95.85445924666878,281.4708281993736,90.34323525712959
-95.85745447265684,281.9708110866967,90.34323525712959
-95.8604496986449,282.4707939740198,90.34323525712959
-95.86344492463296,282.97077686134287,90.34323525712959
-95.86644015062102,283.47075974866596,90.34323525712959
-95.86943537660908,283.97074263598904,90.14765224589709
-95.87072386489221,284.4707335213487,90.14765224589709
-95.87201235317535,284.9707244067083,90.14765224589709
-95.87330084145849,285.47071529206795,90.14765224589709
-95.87458932974162,285.9707061774276,91.49926384320914
-95.88767128359123,286.4705312513243,91.49926384320914
-95.90075323744084,286.970356325221,91.49926384320914
-95.91383519129045,287.47018139911773,91.01915623533655
-95.92272847352604,287.97009866309,91.01915623533655
-95.93162175576163,288.4700159270623,91.01915623533655
-95.94051503799722,288.9699331910346,91.01915623533655
-95.9494083202328,289.4698504550069,89.99437218925395
-95.94935923295178,289.9695996733999,89.99437218925395
-95.94931014567075,290.4693488917929,89.99437218925395
-95.94926105838972,290.9690981101859,89.99437218925848
-95.9492371865199,291.2121335370466,88.99478863399811
-95.94046551329622,291.7120565444089,88.99478863399811
-95.93169384007254,292.21197955177115,88.99478863399811
-95.92292216684886,292.7119025591334,88.99478863399811
-95.91415049362519,293.2118255664957,88.99478863399811
-95.90537882040151,293.71174857385796,88.99478863399811
-95.89660714717783,294.21167158122023,88.99478863399811
-95.88783547395415,294.7115945885825,88.99478863399811
-95.87906380073048,295.21151759594477,88.99478863399811
-95.8702921275068,295.71144060330704,88.99478863399811
-95.86152045428312,296.2113636106693,88.99478863399811
-95.85274878105945,296.7112866180316,88.99478863399811
-95.84397710783577,297.21120962539385,88.99478863399811
-95.83520543461209,297.7111326327561,88.99478863399811
-95.82643376138842,298.2110556401184,86.06101291324723
-95.79208668567453,298.7098745181522,86.06101291324723
-95.75773960996065,299.20869339618605,86.06101291324723
-95.72339253424677,299.7075122742199,86.06101291324723
-95.68904545853289,300.2063311522537,86.06101291324723
-95.654698382819,300.70515003028754,82.57874705231389
-95.59011668644465,301.2009615387051,82.57874705231389
-95.52553499007028,301.69677304712263,82.57874705231389
-95.46095329369592,302.1925845555402,82.57874705231389
-95.39637159732156,302.6883960639577,82.57874705231389
-95.3317899009472,303.18420757237527,81.07177212897675
-95.25419134881469,303.6781493324769,81.07177212897675
-95.17659279668217,304.1720910925785,78.71194357268561
-95.07872257322843,304.6624156293399,78.71194357268561
-94.9808523497747,305.15274016610124,77.3226242295134
-94.87112187108337,305.64055075361944,77.3226242295134
-94.76139139239206,306.12836134113763,77.3226242295134
-94.65166091370074,306.61617192865583,74.91592655996155
-94.52154297907506,307.09894395682267,74.91592655996155
-94.39142504444939,307.5817159849895,74.91592655996155
-94.26130710982372,308.06448801315634,72.7648425964305
-94.11316007844256,308.5420362144002,72.7648425964305
-93.9650130470614,309.01958441564403,72.7648425964305
-93.81686601568025,309.4971326168879,72.7648425964305
-93.66871898429909,309.97468081813173,70.68838462354397
-93.5033663816467,310.44654704860534,70.68838462354397
-93.33801377899431,310.91841327907895,70.68838462354397
-93.17266117634192,311.39027950955256,69.07889886670723
-92.9941209229809,311.85731403493736,69.07889886670723
-92.81558066961988,312.32434856032216,67.33652805259588
-92.6229244103978,312.78573418471746,67.33652805259588
-92.43026815117572,313.24711980911275,67.33652805259588
-92.23761189195365,313.70850543350804,67.33652805259588
-92.04495563273157,314.1698910579033,64.81737704357661
-91.83220323102582,314.6223690803213,64.81737704357661
-91.61945082932006,315.0748471027392,64.81737704357661
-91.4066984276143,315.5273251251572,64.81737704357661
-91.19394602590855,315.9798031475751,61.17678300707347
-90.95289242407286,316.4178574625553,61.17678300707347
-90.71183882223717,316.8559117775354,61.17678300707347
-90.47078522040148,317.2939660925156,57.77266764468326
-90.20415213285831,317.7169246534565,57.77266764468326
-89.93751904531514,318.1398832143974,57.77266764468326
-89.67088595777197,318.5628417753383,57.77266764468326
-89.4042528702288,318.9858003362792,57.77266764468326
-89.13761978268563,319.40875889722014,57.77266764468326
-88.87098669514246,319.83171745816105,57.77266764468326
-88.6043536075993,320.25467601910196,57.77266764468326
-88.33772052005612,320.6776345800429,57.77266764468326
-88.07108743251295,321.1005931409838,53.77816510836357
-87.7756405548926,321.50394749149245,53.77816510836357
-87.48019367727225,321.9073018420011,53.77816510836357
-87.1847467996519,322.3106561925098,53.77816510836357
-86.88929992203155,322.71401054301845,50.814526151391405
-86.5733952533162,323.10154849548036,50.814526151391405
-86.25749058460086,323.48908644794227,50.814526151391405
-85.94158591588551,323.8766244004042,50.814526151391405
-85.62568124717016,324.2641623528661,50.814526151391405
-85.30977657845482,324.651700305328,50.814526151391405
-84.99387190973947,325.0392382577899,47.02954855405225
-84.65306827130475,325.405083502654,47.02954855405225
-84.31226463287003,325.7709287475181,47.02954855405225
-83.9714609944353,326.1367739923822,47.02954855405225
-83.63065735600058,326.5026192372463,47.02954855405225
-83.28985371756586,326.86846448211037,43.31604883162068
-82.92606539438191,327.211473694398,43.31604883162068
-82.56227707119795,327.5544829066857,43.31604883162068
-82.198488748014,327.89749211897333,43.31604883162068
-81.83470042483005,328.240501331261,43.31604883162068
-81.47091210164609,328.58351054354864,43.31604883162068
-81.10712377846214,328.9265197558363,43.31604883162068
-80.74333545527819,329.26952896812395,39.31805941043033
-80.35651861124227,329.58633854176816,39.31805941043033
-79.96970176720635,329.90314811541236,39.31805941043033
-79.58288492317043,330.21995768905657,39.31805941043033
-79.1960680791345,330.5367672627008,39.31805941043033
-78.80925123509859,330.853576836345,35.805131819928135
-78.40374627896394,331.14609145020813,35.805131819928135
-77.99824132282929,331.4386060640713,35.805131819928135
-77.59273636669464,331.7311206779344,35.805131819928135
-77.18723141055999,332.0236352917976,35.805131819928135
-76.78172645442534,332.3161499056607,32.31986663395643
-76.35918867107682,332.5834723106823,32.31986663395643
-75.9366508877283,332.85079471570384,32.31986663395643
-75.51411310437979,333.1181171207254,32.31986663395643
-75.09157532103127,333.38543952574696,32.31986663395643
-74.66903753768275,333.6527619307685,29.002494134600543
-74.23174460472572,333.8951822468739,29.002494134600543
-73.79445167176868,334.1376025629793,29.002494134600543
-73.35715873881165,334.38002287908466,29.002494134600543
-72.91986580585461,334.62244319519004,26.130415714793287
-72.47097421816193,334.84264847816956,26.130415714793287
-72.02208263046924,335.0628537611491,26.130415714793287
-71.57319104277656,335.2830590441286,23.670276602868064
-71.11525564862137,335.48379535176616,23.670276602868064
-70.65732025446619,335.6845316594037,23.670276602868064
-70.199384860311,335.8852679670413,23.670276602868064
-69.74144946615581,336.0860042746788,21.86905711560429
-69.27744040731872,336.27224369708364,21.86905711560429
-68.81343134848163,336.45848311948845,21.86905711560429
-68.34942228964454,336.64472254189326,19.24005468592359
-67.87735154847319,336.8094850961713,19.24005468592359
-67.40528080730184,336.9742476504493,19.24005468592359
-66.93321006613048,337.1390102047273,19.24005468592359
-66.46113932495913,337.3037727590053,19.24005468592359
-65.98906858378778,337.4685353132833,19.24005468592359
-65.51699784261643,337.63329786756134,16.31850390884334
-65.03714501262766,337.7737848926347,16.31850390884334
-64.55729218263889,337.91427191770805,16.31850390884334
-64.07743935265012,338.0547589427814,16.318503908843113
-63.59758652266134,338.19524596785476,16.318503908843113
-63.11773369267256,338.3357329929281,16.318503908843113
-62.63788086268378,338.47622001800147,11.690287282433301
-62.14825229296907,338.57753066238035,11.690287282433301
-61.65862372325436,338.67884130675924,11.690287282433301
-61.16899515353965,338.7801519511381,11.690287282433301
-60.67936658382494,338.881462595517,11.690287282433301
-60.189738014110226,338.9827732398959,11.690287282433301
-59.700109444395515,339.0840838842748,11.690287282433301
-59.210480874680805,339.18539452865366,8.593186342886899
-58.71609396521036,339.2601033824854,8.593186342886899
-58.22170705573992,339.33481223631713,8.593186342886899
-57.72732014626948,339.40952109014887,8.593186342886899
-57.232933236799035,339.4842299439806,8.593186342886899
-56.73854632732859,339.55893879781235,7.937891932071628
-56.24333715485308,339.62798858673864,7.937891932070343
-56.2141239962657,339.6320619410835,5.73548383924
-55.71662958022659,339.68202967728473,5.622303330810345
-55.21903624225679,339.7310146967622,5.622303330810345
-54.721442904286995,339.7799997162397,5.518033735281906
-54.22376048302949,339.82807918460196,5.518033735281906
-53.72607806177198,339.87615865296425,5.243287321360847
-53.22817039865766,339.92185111411465,5.243287321360847
-52.73026273554334,339.96754357526504,5.243287321360847
-52.23235507242902,340.01323603641544,5.0849313997883145
-51.7343229367561,340.0575521993996,5.0849313997883145
-51.23629080108318,340.10186836238375,5.0849313997883145
-50.73825866541026,340.1461845253679,4.818560419610713
-50.24002612182722,340.1881848211557,4.818560419610713
-49.741793578244184,340.23018511694346,4.818560419610713
-49.24356103466115,340.27218541273123,4.514915616316392
-48.74511511234776,340.3115445227149,4.514915616316392
-48.246669190034375,340.35090363269853,4.383839770287795
-47.748132402043524,340.38912250655284,4.383839770287795
-47.24959561405267,340.42734138040714,4.383839770287795
-46.75105882606182,340.46556025426145,4.354497628780053
-46.25250215464785,340.5035238426128,4.354497628780053
-45.75394548323388,340.5414874309642,4.354497628780053
-45.255388811819905,340.57945101931557,4.47456649114231
-44.756913390388945,340.61845925052614,4.47456649114231
-44.258437968957985,340.6574674817367,4.47456649114231
-43.759962547527024,340.6964757129473,4.47456649114231
-43.261487126096064,340.73548394415786,4.738982951285878
-42.763205168464445,340.7767915104393,4.458129387124716
-42.26471883906172,340.81565671618046,4.458129387124716
-41.766232509659,340.8545219219216,4.458129387124716
-41.267746180256275,340.8933871276628,4.458129387124716
-40.76925985085355,340.93225233340394,4.22311290550034
-40.27061801433151,340.96907254193826,4.22311290550034
-39.77197617780947,341.0058927504726,4.22311290550034
-39.27333434128743,341.0427129590069,4.15116377909632
-38.77464664457073,341.0789069708041,4.15116377909632
-38.27595894785403,341.1151009826013,4.15116377909632
-37.77727125113733,341.1512949943985,4.15116377909632
-37.27858355442063,341.1874890061957,4.064575316641371
-36.779841340059235,341.22292936091753,4.064575316641371
-36.28109912569784,341.2583697156394,3.8493305457047717
-35.782227893324894,341.29193614435417,3.8493305457047717
-35.283356660951945,341.32550257306895,3.8493305457047717
-34.784485428578996,341.3590690017837,3.680897066097546
-34.28552060645707,341.39116855791883,3.680897066097546
-33.78655578433514,341.42326811405394,4.214093330937865
-33.28790914936659,341.46000975223143,4.214093330937865
-32.78926251439804,341.4967513904089,4.214093330937865
-32.29061587942949,341.5334930285864,4.214093330937835
-31.791969244460933,341.5702346667639,4.214093330937835
-31.293322609492378,341.6069763049414,4.214093330937835
-30.794675974523823,341.6437179431189,6.626687442405498
-30.29801785653911,341.7014176929203,6.626687442405498
-29.8013597385544,341.75911744272173,6.626687442405498
-29.304701620569688,341.81681719252316,6.626687442405498
-28.808043502584976,341.8745169423246,8.916491604124989
-28.31408742933616,341.95201406897417,8.916491604124989
-27.82013135608734,342.02951119562374,8.916491604124989
-27.326175282838523,342.1070083222733,8.916491604124989
-26.832219209589706,342.1845054489229,12.911471946429929
-26.34486258046341,342.2962277209291,12.911471946429929
-25.857505951337114,342.4079499929353,12.911471946429929
-25.370149322210818,342.5196722649415,12.911471946429929
-24.88279269308452,342.6313945369477,12.911471946429929
-24.395436063958226,342.7431168089539,12.911471946429929
-23.90807943483193,342.8548390809601,12.911471946429929
-23.420722805705633,342.9665613529663,12.911471946429929
-22.933366176579337,343.0782836249725,12.911471946429929
-22.44600954745304,343.19000589697873,12.911471946429929
-21.958652918326745,343.30172816898494,12.911471946429929
-21.47129628920045,343.41345044099114,12.911471946429929
-20.983939660074153,343.52517271299735,12.911471946429929
-20.496583030947857,343.63689498500355,12.911471946429929
-20.00922640182156,343.74861725700976,12.911471946429929
-19.521869772695265,343.86033952901596,12.911471946429929
-19.03451314356897,343.97206180102216,12.911471946429929
-18.547156514442673,344.08378407302837,12.911471946429929
-18.059799885316377,344.1955063450346,12.911471946429929
-17.57244325619008,344.3072286170408,12.911471946429929
-17.085086627063784,344.418950889047,12.911471946429929
-16.59772999793749,344.5306731610532,12.911471946429929
-16.110373368811192,344.6423954330594,12.911471946429929
-15.623016739684896,344.7541177050656,12.911471946429929
-15.1356601105586,344.8658399770718,12.911471946429929
-14.648303481432304,344.977562249078,12.911471946429929
-14.160946852306008,345.0892845210842,12.911471946429929
-13.673590223179712,345.2010067930904,12.911471946429929
-13.186233594053416,345.3127290650966,12.911471946429929
-12.69887696492712,345.4244513371028,12.911471946429929
-12.211520335800824,345.536173609109,12.911471946429929
-11.724163706674528,345.64789588111523,12.911471946315013
-11.338825026643462,345.73623142484576,1.7846665851404415
-10.83906760259803,345.75180305927677,1.052008859791699
-10.339152228122039,345.76098304627806,1.052008859791699
-9.839236853646048,345.77016303327935,0.5651808750968168
-9.33926152824298,345.77509508342246,0.5651808750968168
-8.839286202839913,345.78002713356557,0.5651808750968168
-8.339310877436846,345.7849591837087,0.5651808750968158
-7.839335552033778,345.7898912338518,0.017105148508241703
-7.339335640158799,345.7900405044102,0.017105148508241703
-6.83933572828382,345.79018977496855,0.017105148508241703
-6.339335816408841,345.79033904552693,0.017105148508241703
-5.839335904533862,345.7904883160853,-0.412271201694119
-5.339350686734056,345.7868906154195,-0.412271201694119
-4.83936546893425,345.7832929147537,-0.412271201694119
-4.339380251134443,345.7796952140879,-0.4122712016941187
-3.8393950333346365,345.7760975134221,-0.5125361160071573
-3.339415506323678,345.77162485587945,-0.5125361160071569
-2.839435979312719,345.7671521983368,-0.5125361160071569
-2.33945645230176,345.7626795407942,-0.5125361160071571
-1.839476925290801,345.75820688325155,-0.5125361160071571
-1.3394973982798422,345.7537342257089,-0.5125361160071571
-0.8395178712688833,345.7492615681663,-0.5125361160071571
-0.3395383442579245,345.74478891062364,-1.068026160256507
0.1603746353716523,345.73546916676446,-1.068026160256507
0.6602876150012291,345.7261494229053,-1.0680261602565069
1.160200594630806,345.7168296790461,-1.0680261602565073
1.6601135742603828,345.7075099351869,-1.0680261602565073
2.1600265538899595,345.69819019132774,-1.0680261602565073
2.659939533519536,345.68887044746856,-2.5879921500974077
3.159429487824567,345.66629363759296,-2.5879921500974077
3.6589194421295974,345.64371682771736,-2.5879921500974077
4.158409396434628,345.62114001784175,-2.5879921500974055
4.657899350739659,345.59856320796615,-3.7577087905068067
5.15682423741855,345.5657945270006,-3.7577087905068067
5.655749124097441,345.53302584603506,-3.7577087905068067
6.154674010776332,345.5002571650695,-3.7577087905068067
6.653598897455223,345.46748848410397,-5.455558575276758
7.151333977491239,345.4199516652401,-5.455558575276758
7.649069057527256,345.3724148463762,-5.455558575276758
8.146804137563272,345.32487802751234,-6.773972329493103
8.643313732891142,345.26590158608934,-6.773972329493103
9.139823328219013,345.20692514466634,-6.773972329493103
9.636332923546883,345.14794870324334,-8.297727832725933
10.131098653479928,345.07579022738713,-8.297727832725933
10.625864383412972,345.0036317515309,-8.297727832725933
11.120630113346017,344.9314732756747,-10.022088160506078
11.613000001168182,344.84445945103056,-10.022088160506078
12.105369888990346,344.7574456263864,-10.022088160506078
12.59773977681251,344.67043180174227,-11.710199164692462
13.087333122429163,344.56895100104435,-11.710199164692462
13.576926468045816,344.46747020034644,-11.710199164692462
14.066519813662469,344.3659893996485,-13.843937659892584
14.551995349727656,344.24635034563886,-13.843937659892584
15.037470885792844,344.1267112916292,-13.843937659892584
15.522946421858032,344.0070722376195,-15.526898703980399
16.004698623378733,343.8732269332031,-15.526898703980342
16.486450824899435,343.7393816287867,-15.526898703980342
16.968203026420138,343.6055363243703,-15.526898703980342
17.44995522794084,343.4716910199539,-17.959572833401765
17.925590944095504,343.317518555512,-17.959572833401765
18.401226660250167,343.1633460910701,-17.959572833401765
18.87686237640483,343.0091736266282,-19.628440518615243
19.347806527785657,342.84121450264075,-19.628440518615243
19.818750679166484,342.6732553786533,-19.628440518615243
20.28969483054731,342.5052962546659,-19.628440518615243
20.76063898192814,342.33733713067846,-21.804507254267797
21.2248658488167,342.1516172684468,-21.804507254267797
21.689092715705264,341.9658974062151,-21.804507254267797
22.153319582593827,341.7801775439834,-21.804507254267797
22.61754644948239,341.59445768175175,-24.291165189337907
23.07327674417297,341.38877215595465,-24.291165189337907
23.529007038863547,341.18308663015756,-24.291165189337907
23.984737333554126,340.97740110436047,-26.62623716883298
24.43171019864148,340.75331770160454,-26.62623716883298
24.878683063728833,340.5292342988486,-26.62623716883298
25.325655928816186,340.3051508960927,-26.62623716883298
25.77262879390354,340.0810674933368,-28.57881610024078
26.211706189032885,339.84188528068347,-28.57881610024078
26.65078358416223,339.60270306803017,-28.57881610024078
27.089860979291576,339.36352085537686,-28.57881610024078
27.52893837442092,339.12433864272356,-30.461109856168633
27.95992481103251,338.87086211215586,-30.461109856168633
28.3909112476441,338.61738558158817,-30.461109856168633
28.821897684255692,338.36390905102047,-30.461109856168633
29.252884120867282,338.1104325204528,-31.69028125037184
29.678333042020537,337.8477695947831,-31.69028125037184
30.10378196317379,337.5851066691134,-31.69028125037184
30.529230884327045,337.32244374344367,-33.55594206149167
30.945903383416073,337.0460687979552,-33.55594206149167
31.3625758825051,336.7696938524667,-33.55594206149167
31.77924838159413,336.4933189069782,-33.55594206149144
32.19592088068316,336.2169439614897,-35.67715792048002
32.6020788118503,335.9253353416499,-35.67715792048002
33.008236743017434,335.6337267218101,-35.67715792048002
33.41439467418457,335.3421181019703,-37.52903648719608
33.810916754680775,335.03753661596085,-37.52903648719608
34.20743883517698,334.7329551299514,-37.52903648719608
34.603960915673184,334.42837364394194,-39.33239850023315
34.99070146382945,334.1114648135157,-39.33239850023315
35.37744201198572,333.7945559830894,-39.33239850023315
35.76418256014199,333.47764715266317,-39.33239850023315
36.15092310829826,333.1607383222369,-41.129580489185656
36.52753246753829,332.831858483716,-41.129580489185656
36.90414182677833,332.5029786451951,-41.129580489185656
37.280751186018364,332.17409880667424,-41.129580489185656
37.6573605452584,331.84521896815335,-43.20264729083521
38.021825363013605,331.50293203212004,-43.20264729083521
38.38629018076881,331.16064509608674,-43.20264729083521
38.750754998524016,330.81835816005344,-43.20264729083521
39.11521981627922,330.47607122402013,-45.36422227983637
39.46651631921035,330.12027978878956,-45.36422227983637
39.81781282214148,329.764488353559,-45.36422227983637
40.169109325072604,329.4086969183284,-47.91593215137702
40.504216978717785,329.03761854925284,-47.91593215137702
40.83932463236297,328.66654018017726,-47.91593215137702
41.17443228600815,328.2954618111017,-47.91593215137702
41.50953993965333,327.9243834420261,-49.45551541619619
41.83455878914516,327.54443300280025,-49.45551541619619
42.159577638636996,327.1644825635744,-49.45551541619619
42.48459648812883,326.7845321243485,-49.45551541619619
42.80961533762066,326.40458168512265,-49.45551541619619
43.134634187112496,326.0246312458968,-49.45551541619619
43.45965303660433,325.6446808066709,-52.11697123537874
43.76667850702066,325.2500481276649,-52.11697123537874
44.073703977436985,324.8554154486589,-52.11697123537874
44.38072944785331,324.4607827696529,-53.67606992160243
44.676904138191006,324.05794253100623,-53.67606992160243
44.9730788285287,323.6551022923596,-53.67606992160243
45.26925351886639,323.2522620537129,-53.67606992160243
45.565428209204086,322.84942181506625,-53.67606992160243
45.86160289954178,322.4465815764196,-55.54652585496803
46.14447076369153,322.03428945571096,-55.54652585496803
46.42733862784128,321.62199733500233,-55.54652585496803
46.71020649199103,321.2097052142937,-55.54652585496803
46.99307435614078,320.7974130935851,-57.47060088307847
47.261940487342606,320.3758552961531,-57.47060088307847
47.53080661854443,319.9542974987211,-57.47060088307847
47.79967274974626,319.5327397012891,-57.47060088307847
48.06853888094808,319.1111819038571,-58.97768468570747
48.326224607537036,318.682698939678,-58.97768468570747
48.58391033412599,318.25421597549894,-58.97768468570747
48.84159606071494,317.82573301131987,-60.067624094622694
49.09108474425926,317.39242567302466,-60.067624094622694
49.340573427803584,316.95911833472945,-60.067624094622694
49.590062111347905,316.52581099643425,-60.067624094622694
49.839550794892226,316.09250365813904,-61.4693340248859
50.0783650704314,315.6532233205938,-61.4693340248859
50.31717934597058,315.2139429830485,-61.4693340248859
50.55599362150976,314.77466264550327,-61.4693340248859
50.79480789704893,314.335382307958,-61.4693340248859
51.03362217258811,313.89610197041276,-61.4693340248859
51.27243644812729,313.4568216328675,-64.1305667342071
51.490597358087285,313.0069262938025,-64.1305667342071
51.70875826804728,312.5570309547375,-64.1305667342071
51.92691917800728,312.1071356156725,-64.1305667342071
52.14508008796728,311.6572402766075,-64.1305667342071
52.36324099792728,311.20734493754253,-64.1305667342071
52.581401907887276,310.75744959847754,-64.1305667342071
52.799562817847274,310.30755425941254,-64.1305667342071
53.01772372780727,309.85765892034755,-64.1305667342071
53.23588463776727,309.40776358128255,-66.7674648138369
53.433115203407965,308.9483109124716,-66.7674648138369
53.63034576904866,308.4888582436606,-66.7674648138369
53.827576334689354,308.02940557484965,-66.7674648138369
54.02480690033005,307.5699529060387,-66.7674648138369
54.22203746597074,307.1105002372277,-66.7674648138369
54.41926803161144,306.65104756841674,-66.7674648138369
54.61649859725213,306.1915948996058,-70.28415466859781
54.785174455767105,305.7209116922795,-70.28415466859781
54.95385031428208,305.25022848495325,-70.28415466859781
55.12252617279705,304.779545277627,-70.28415466859781
55.291202031312025,304.30886207030073,-70.28415466859781
55.459877889827,303.8381788629745,-70.28415466859781
55.62855374834197,303.3674956556482,-70.28415466859781
55.797229606856945,302.89681244832195,-73.85171220724811
55.93629145916277,302.4165408951052,-73.85171220724811
56.07535331146859,301.9362693418884,-73.85171220724811
56.21441516377441,301.45599778867165,-73.85171220724811
56.353477016080234,300.9757262354549,-73.85171220724811
56.492538868386056,300.4954546822381,-73.85171220724811
56.63160072069188,300.01518312902135,-73.85171220724811
56.7706625729977,299.5349115758046,-73.85171220724811
56.90972442530352,299.0546400225878,-73.85171220724811
57.048786277609345,298.57436846937105,-73.85171220724811
57.18784812991517,298.0940969161543,-74.7204562845854
57.31961243014619,297.6117712371611,-74.7204562845854
57.451376730377206,297.12944555816796,-74.7204562845854
57.583141030608225,296.6471198791748,-74.7204562845854
57.714905330839244,296.16479420018163,-74.7204562845854
57.84666963107026,295.68246852118847,-74.7204562845854
57.97843393130128,295.2001428421953,-76.58198151679778
58.094459788788775,294.7137957632885,-76.58198151679778
58.21048564627627,294.22744868438167,-76.58198151679778
58.32651150376376,293.74110160547485,-76.58198151679778
58.442537361251254,293.25475452656804,-76.58198151679778
58.55856321873875,292.7684074476612,-76.58198151679778
58.67458907622624,292.2820603687544,-76.58198151679778
58.790614933713734,291.7957132898476,-76.58198151679778
58.90664079120123,291.30936621094077,-78.15091342310718
59.009307994822336,290.82002074011746,-78.15091342310718
59.111975198443446,290.33067526929415,-78.15091342310718
59.214642402064555,289.84132979847084,-78.15091342310718
59.317309605685665,289.35198432764753,-78.15091342310718
59.419976809306775,288.8626388568242,-78.15091342310718
59.522644012927884,288.3732933860009,-78.15091342310718
59.625311216548994,287.8839479151776,-78.15091342310718
59.7279784201701,287.3946024443543,-78.15091342310718
59.83064562379121,286.905256973531,-81.09667630668547
59.90802932633169,286.4112824604974,-81.09667630668547
59.98541302887217,285.91730794746377,-81.09667630668547
60.062796731412654,285.42333343443016,-81.09667630668547
60.140180433953134,284.92935892139656,-81.09667630668547
60.217564136493614,284.43538440836295,-81.09667630668547
60.294947839034094,283.94140989532934,-81.09667630668547
60.372331541574574,283.44743538229574,-81.09667630668547
60.449715244115055,282.95346086926213,-82.46101352707161
60.515315597179686,282.4577832514814,-82.46101352707161
60.58091595024432,281.9621056337006,-82.46101352707161
60.64651630330895,281.46642801591986,-82.46101352707161
60.71211665637358,280.9707503981391,-82.46101352707161
60.77771700943821,280.47507278035835,-82.46101352707161
60.843317362502845,279.9793951625776,-82.46101352707161
60.908917715567476,279.48371754479683,-84.18737234893798
60.95955513106109,278.9862919219348,-84.18737234893798
61.0101925465547,278.4888662990728,-84.18737234893798
61.06082996204831,277.9914406762108,-84.67973559169424
61.107191332959154,277.4935947381737,-84.67973559169424
61.15355270387,276.99574880013665,-84.67973559169424
61.19991407478084,276.4979028620996,-84.67973559169424
61.24627544569169,276.0000569240625,-84.67973559169424
61.29263681660253,275.50221098602543,-84.67973559169424
61.338998187513376,275.00436504798836,-85.11023545169037
61.38161764355441,274.50618489662907,-85.11023545169037
61.42423709959544,274.0080047452698,-85.11023545169037
61.46685655563647,273.5098245939105,-85.11023545169037
61.5094760116775,273.0116444425512,-85.11023545169037
61.55209546771853,272.5134642911919,-85.11023545169037
61.59471492375956,272.0152841398326,-86.32704369822248
61.62674549630712,271.5163122333715,-86.32704369822248
61.658776068854685,271.01734032691036,-86.32704369822248
61.69080664140225,270.51836842044924,-86.32704369822248
61.72283721394981,270.0193965139881,-86.32704369822248
61.75486778649737,269.520424607527,-87.2701645412289
61.7786810823227,269.0209920189833,-87.2701645412289
61.802494378148026,268.5215594304396,-87.2701645412289
61.82630767397335,268.0221268418959,-87.2701645412289
61.85012096979868,267.5226942533522,-87.2701645412289
61.87393426562401,267.0232616648085,-88.74653567814504
61.884871929882195,266.5233814467905,-88.74653567814504
61.89580959414038,266.0235012287725,-88.74653567814504
61.90674725839857,265.5236210107545,-88.74653567814504
61.917684922656754,265.0237407927365,-88.74653567814504
61.92862258691494,264.52386057471847,-88.74653567814504
61.93956025117313,264.02398035670046,-88.74653567814504
61.95049791543131,263.52410013868246,-88.74653567814504
61.9614355796895,263.02421992066445,-89.01308091829472
61.97004764392434,262.5242943026619,-89.01308091829472
61.97865970815918,262.0243686846593,-89.01308091829472
61.98727177239402,261.5244430666567,-89.01308091829472
61.995883836628856,261.02451744865414,-89.01308091829472
62.004495900863695,260.52459183065156,-89.01308091829472
62.013107965098534,260.024666212649,-89.01308091829472
62.02172002933337,259.5247405946464,-89.01308091829472
62.03033209356821,259.0248149766438,-89.01308091829472
62.03894415780305,258.52488935864125,-89.01308091829472
62.04755622203789,258.02496374063867,-89.01308091829472
62.05616828627273,257.5250381226361,-89.01308091829472
62.06478035050757,257.0251125046335,-89.01308091829472
62.07339241474241,256.52518688663093,-89.01308091825692
62.073913682601415,256.4949275725521,-88.35276953248443
66.88496106746607,89.19790052389726,-89.42010225947664
66.89002153765585,88.69792671202468,-89.42010225947664
66.89508200784564,88.1979529001521,-89.42010225947664
66.90014247803543,87.69797908827952,-89.42010225947664
66.90520294822522,87.19800527640695,-89.42010225947664
66.91026341841501,86.69803146453437,-89.42010225947664
66.9153238886048,86.19805765266179,-89.42010225947664
66.92038435879459,85.69808384078921,-89.42010225947664
66.92544482898438,85.19811002891663,-89.42010225947664
66.93050529917417,84.69813621704405,-89.42010225947664
66.93556576936396,84.19816240517147,-89.42010225947664
66.94062623955375,83.6981885932989,-89.42010225947664
66.94568670974354,83.19821478142632,-89.42010225947664
66.95074717993333,82.69824096955374,-89.42010225947664
66.95580765012312,82.19826715768116,-89.42010225947664
66.96086812031291,81.69829334580858,-89.42010225947664
66.9659285905027,81.198319533936,-89.42010225947664
66.97098906069249,80.69834572206342,-89.42010225947664
66.97604953088228,80.19837191019084,-89.42010225947664
66.98111000107207,79.69839809831826,-89.42010225947664
66.98617047126186,79.19842428644569,-89.81834723534747
66.9877556851606,78.69842770297339,-89.81834723534747
66.98934089905933,78.1984311195011,-89.81834723534747
66.99092611295806,77.6984345360288,-89.81834723534747
66.9925113268568,77.1984379525565,-89.81834723534747
66.99409654075554,76.69844136908421,-89.81834723534747
66.99568175465427,76.19844478561191,-89.81834723534747
66.997266968553,75.69844820213962,-89.81834723534747
66.99885218245174,75.19845161866732,-89.81834723534747
67.00043739635048,74.69845503519502,-89.4948984107386
67.00484505904026,74.1984884288619,-89.4948984107386
67.00925272173005,73.69852182252879,-89.4948984107386
67.01366038441984,73.19855521619567,-89.4948984107386
67.01806804710962,72.69858860986255,-89.4948984107386
67.02247570979941,72.19862200352944,-89.4948984107386
67.0268833724892,71.69865539719632,-89.4948984107386
67.03129103517898,71.1986887908632,-89.63127724475983
67.03450872103149,70.69869991995412,-89.63127724475983
67.03772640688399,70.19871104904504,-89.63127724475983
67.0409440927365,69.69872217813597,-89.63127724475983
67.044161778589,69.19873330722689,-89.63127724475983
67.0473794644415,68.69874443631781,-89.63127724475983
67.05059715029401,68.19875556540873,-89.63127724475983
67.05381483614651,67.69876669449965,-89.63127724475983
67.05703252199902,67.19877782359058,-89.63127724475983
67.06025020785152,66.6987889526815,-89.63127724475983
67.06346789370403,66.19880008177242,-89.63127724475983
67.06668557955653,65.69881121086334,-89.63127724475983
67.06990326540904,65.19882233995426,-89.63127724475983
67.07312095126154,64.69883346904518,-89.63127724475983
67.07633863711405,64.1988445981361,-89.63127724475983
67.07955632296655,63.69885572722703,-89.63127724475983
67.08277400881906,63.19886685631795,-89.63127724475983
67.08599169467156,62.69887798540887,-89.63127724475983
67.08920938052407,62.19888911449979,-89.63127724475983
67.09242706637657,61.698900243590714,-89.63127724475983
67.09564475222908,61.198911372681636,-89.63127724475983
67.09886243808158,60.69892250177256,-89.63127724475983
67.10208012393409,60.19893363086348,-89.63127724475983
67.10529780978659,59.6989447599544,-89.63127724475983
67.1085154956391,59.19895588904532,-89.63127724475983
67.1117331814916,58.698967018136244,-89.78423149235533
67.11361611244716,58.19897057264259,-89.78423149235533
67.11549904340272,57.69897412714893,-89.78423149235533
67.11738197435828,57.19897768165527,-89.78423149235533
67.11926490531384,56.698981236161615,-89.78423149235533
67.1211478362694,56.19898479066796,-89.78423149235533
67.12303076722496,55.6989883451743,-89.78423149235533
67.12491369818052,55.19899189968064,-89.78423149235533
67.12679662913608,54.698995454186985,-89.78423149235533
67.12867956009164,54.19899900869333,-89.78423149235533
67.1305624910472,53.69900256319967,-89.78423149235533
67.13244542200276,53.19900611770601,-89.78423149235533
67.13432835295832,52.699009672212355,-89.78423149235533
67.13621128391388,52.1990132267187,-89.78423149235533
67.13809421486944,51.69901678122504,-89.78423149235533
67.139977145825,51.19902033573138,-89.78423149235533
67.14186007678056,50.699023890237726,-89.64147669609662
67.14498875311746,50.19903516438474,-89.64147669609662
67.14811742945436,49.69904643853175,-89.64147669609662
67.15124610579126,49.199057712678766,-89.64147669609662
67.15437478212816,48.69906898682578,-89.64147669609662
67.15750345846506,48.19908026097279,-89.64147669609662
67.16063213480196,47.699091535119805,-89.64147669609662
67.16376081113886,47.19910280926682,-89.64147669609662
67.16688948747576,46.69911408341383,-89.64147669609662
67.17001816381266,46.199125357560845,-89.64147669609662
67.17314684014956,45.69913663170786,-89.64147669609662
67.17627551648646,45.19914790585487,-89.64147669609662
67.17940419282336,44.699159180001885,-89.64147669609662
67.18253286916026,44.1991704541489,-89.64147669609662
67.18566154549715,43.69918172829591,-89.64147669609662
67.18879022183405,43.199193002442925,-89.64147669609662
67.19191889817095,42.69920427658994,-89.64147669609662
67.19504757450785,42.19921555073695,-89.64147669609662
67.19817625084475,41.699226824883965,-89.64147669609662
67.20130492718165,41.19923809903098,-89.64147669609662
67.20443360351855,40.69924937317799,-89.64147669609662
67.20756227985545,40.199260647325005,-89.64147669609662
67.21069095619235,39.69927192147202,-89.64147669609662
67.21381963252925,39.19928319561903,-89.80851309085158
67.21549066787861,38.69928600576638,-89.80851309085158
67.21716170322797,38.19928881591373,-89.80851309085158
67.21883273857733,37.69929162606108,-89.80851309085158
67.2205037739267,37.19929443620843,-89.80851309085158
67.22217480927605,36.69929724635578,-89.80851309085158
67.22384584462542,36.199300056503134,-89.80851309085158
67.22551687997478,35.699302866650484,-89.80851309085158
67.22718791532414,35.199305676797835,-89.80851309085158
67.2288589506735,34.699308486945185,-89.80851309085158
67.23052998602286,34.199311297092535,-89.80851309085158
67.23220102137222,33.699314107239886,-89.80851309085158
67.23387205672158,33.199316917387236,-89.80851309085158
67.23554309207094,32.699319727534586,-89.80851309085158
67.2372141274203,32.19932253768194,-89.80851309085158
67.23888516276966,31.69932534782929,-89.80851309085158
67.24055619811902,31.199328157976645,-89.80851309085158
67.24222723346838,30.699330968124,-89.6565798533085
67.24522410530925,30.19934267791206,-89.6565798533085
67.24822097715011,29.699354387700122,-89.6565798533085
67.25121784899098,29.199366097488184,-89.6565798533085
67.25421472083184,28.699377807276246,-89.6565798533085
67.2572115926727,28.199389517064308,-89.6565798533085
67.26020846451357,27.69940122685237,-89.6565798533085
67.26320533635443,27.19941293664043,-89.6565798533085
67.2662022081953,26.699424646428493,-89.6565798533085
67.26919908003616,26.199436356216555,-89.6565798533085
67.27219595187702,25.699448066004617,-89.6565798533085
67.27519282371789,25.19945977579268,-89.6565798533085
67.27818969555875,24.69947148558074,-89.6565798533085
67.28118656739962,24.199483195368803,-89.6565798533085
67.28418343924048,23.699494905156865,-89.6565798533085
67.28718031108134,23.199506614944926,-89.6565798533085
67.2901771829222,22.69951832473299,-89.6565798533085
67.29317405476307,22.19953003452105,-89.6565798533085
67.29617092660393,21.699541744309112,-89.6565798533085
67.2991677984448,21.199553454097174,-89.6565798533085
67.30216467028566,20.699565163885236,-89.6565798533085
67.30516154212653,20.199576873673298,-89.6565798533085
67.30815841396739,19.69958858346136,-89.6565798533085
67.31115528580825,19.19960029324942,-89.65555779320599
67.31416108532603,18.69961060452905,-89.65555779320599
67.31716688484381,18.199620915808676,-89.65555779320599
67.3201726843616,17.699631227088304,-89.65555779320599
67.32317848387937,17.19964153836793,-89.65555779320599
67.32618428339715,16.69965184964756,-89.65555779320599
67.32919008291493,16.199662160927186,-89.65555779320599
67.33219588243271,15.699672472206814,-89.65555779320599
67.3352016819505,15.199682783486441,-89.65555779320599
67.33820748146827,14.699693094766069,-89.65555779320599
67.34121328098605,14.199703406045696,-89.65555779320599
67.34421908050383,13.699713717325324,-89.65555779320599
67.34722488002161,13.199724028604951,-89.65555779320599
67.3502306795394,12.699734339884579,-89.65555779320599
67.35323647905717,12.199744651164206,-89.65555779320599
67.35624227857495,11.699754962443834,-89.65555779320599
67.35924807809273,11.199765273723461,-89.65555779320599
67.36225387761051,10.699775585003088,-90.29748510535889
67.35965784326704,10.19978256994551,-90.29748510535889
67.35706180892358,9.699789554887932,-90.29748510535889
67.3544657745801,9.199796539830354,-90.29748510535889
67.35186974023664,8.699803524772776,-90.29748510535889
67.34927370589317,8.199810509715197,-90.29748510535889
67.3466776715497,7.699817494657619,-90.29748510535889
67.34408163720623,7.199824479600041,-90.29748510535889
67.34148560286276,6.699831464542463,-90.29748510535308
67.34110108809546,6.6257743942551315,-91.22241482928654
64.1509195251856,-142.87846954679117,-89.79686867054309
64.15269215514616,-143.37846031690813,-89.79686867054309
64.15446478510671,-143.8784510870251,-89.79686867054309
64.15623741506727,-144.37844185714206,-89.79686867054309
64.15801004502782,-144.87843262725903,-89.79686867054309
64.15978267498838,-145.378423397376,-89.79686867054309
64.16155530494893,-145.87841416749296,-89.95272672879533
64.16196784058198,-146.3784122574592,-89.95272672879533
64.16238037621503,-146.87841034742542,-89.95272672879533
64.16279291184807,-147.37840843739164,-89.95220715901542
64.16320998287576,-147.8784080944293,-89.95220715901542
64.16362705390344,-148.37840775146694,-89.95220715901542
64.16404412493112,-148.8784074085046,-89.95220715901542
64.16446119595881,-149.37840706554223,-89.95220715901542
64.16487826698649,-149.87840672257988,-90.22500637961146
64.16291473282843,-150.3783998429494,-90.22500637961146
64.16095119867036,-150.8783929633189,-90.22500637961146
64.1589876645123,-151.3783860836884,-90.22500637961146
64.15702413035423,-151.87837920405792,-90.19181372825385
64.15535024881181,-152.37837464423598,-90.19181372825385
64.1536763672694,-152.87837008441403,-90.19181372825385
64.15200248572698,-153.37836552459208,-90.19181372825385
64.15032860418457,-153.87836096477014,-90.19181372825385
64.14865472264215,-154.3783564049482,-90.19181372825385
64.14698084109973,-154.87835184512625,-89.82108875124513
64.14854213368535,-155.37834938925036,-89.82108875124513
64.15010342627097,-155.87834693337447,-89.82108875124513
64.1516647188566,-156.3783444774986,-89.82108875124513
64.15322601144221,-156.8783420216227,-89.82108875124513
64.15478730402783,-157.3783395657468,-89.82108875124513
64.15634859661346,-157.87833710987093,-89.82108875124513
64.15790988919908,-158.37833465399504,-89.96591640541872
64.15820732365103,-158.87833287829554,-89.96591640541872
64.15850475810298,-159.37833110259604,-89.96591640541872
64.15880219255493,-159.87832932689653,-89.96591640541872
64.15909962700688,-160.37832755119703,-89.96591640541872
64.15939706145883,-160.87832577549753,-89.96591640541872
64.15969449591078,-161.37832399979803,-89.97560406575589
64.1599073887651,-161.87831966226847,-89.97560406575589
64.16012028161943,-162.3783153247389,-89.97560406575589
64.16033317447375,-162.87831098720935,-89.97560406575589
64.16054606732807,-163.37830664967979,-89.97560406575589
64.16075896018239,-163.87830231215023,-89.97560406575589
64.16097185303671,-164.37829797462066,-89.66624744849904
64.16388437050118,-164.87828837251976,-89.66624744849904
64.16679688796565,-165.37827877041886,-89.66624744849904
64.16970940543011,-165.87826916831796,-89.66624744849904
64.17262192289458,-166.37825956621705,-89.66624744849904
64.17553444035904,-166.87824996411615,-89.66624744849904
64.17844695782351,-167.37824036201525,-89.66624744849904
64.18135947528798,-167.87823075991435,-89.95651508412534
64.18173895251283,-168.37823032973063,-89.95651508412534
64.18211842973768,-168.8782298995469,-89.95651508412534
64.18249790696254,-169.3782294693632,-89.95651508412534
64.18287738418739,-169.87822903917947,-89.95651508412534
64.18325686141225,-170.37822860899576,-89.95651508412534
64.1836363386371,-170.87822817881204,-89.97473857474753
64.1838567861199,-171.37822805705574,-89.97473857474753
64.18407723360271,-171.87822793529944,-89.97473857474753
64.18429768108551,-172.37822781354313,-89.97473857474753
64.18451812856831,-172.87822769178683,-89.97473857474753
64.18473857605112,-173.37822757003053,-89.97473857474753
64.18495902353392,-173.87822744827423,-89.83260860336911
64.18641978462,-174.37822451306116,-89.83260860336911
64.18788054570608,-174.87822157784808,-89.83260860336911
64.18934130679216,-175.378218642635,-89.83260860336911
64.19080206787824,-175.87821570742193,-89.83260860336911
64.19226282896432,-176.37821277220885,-89.83260860336911
64.1937235900504,-176.87820983699578,-89.83260860336911
64.19518435113648,-177.3782069017827,-89.83260860336911
64.19664511222255,-177.87820396656963,-89.51141475788778
64.20090875851294,-178.37818430854315,-89.51141475788778
64.20517240480332,-178.87816465051668,-89.51141475788778
64.2094360510937,-179.3781449924902,-89.51141475788778
64.21369969738409,-179.87812533446373,-89.51141475788778
64.21796334367447,-180.37810567643726,-89.51141475788778
64.22222698996485,-180.87808601841078,-89.51141475788778
64.22649063625524,-181.3780663603843,-89.95318569892785
64.22689916754379,-181.8780655676445,-89.95318569892785
64.22730769883235,-182.37806477490471,-89.95318569892785
64.2277162301209,-182.87806398216492,-89.95318569892785
64.22812476140946,-183.37806318942512,-89.95318569892785
64.22853329269802,-183.87806239668532,-89.95318569892785
64.22894182398657,-184.37806160394553,-89.95318569892785
64.22935035527513,-184.87806081120573,-89.95318569892785
64.22975888656369,-185.37806001846593,-89.83213048886165
64.231223822277,-185.87805786138492,-89.83213048886165
64.23268875799032,-186.3780557043039,-89.83213048886165
64.23415369370363,-186.8780535472229,-89.83213048886165
64.23561862941695,-187.37805139014188,-89.83213048886165
64.23708356513026,-187.87804923306086,-89.83213048886165
64.23854850084358,-188.37804707597985,-89.83213048886165
64.2400134365569,-188.87804491889884,-89.83213048886165
64.24147837227021,-189.37804276181782,-89.8167658124387
64.24307738849555,-189.87803989645838,-89.8167658124387
64.24467640472089,-190.37803703109893,-89.8167658124387
64.24627542094623,-190.87803416573948,-89.8167658124387
64.24787443717157,-191.37803130038003,-89.8167658124387
64.24947345339692,-191.87802843502058,-89.8167658124387
64.25107246962226,-192.37802556966113,-89.8167658124387
64.2526714858476,-192.87802270430169,-89.97277515193282
64.25290906734813,-193.37802241826068,-89.97277515193282
64.25314664884866,-193.87802213221968,-89.97277515193282
64.25338423034918,-194.37802184617868,-89.97277515193282
64.25362181184971,-194.87802156013768,-89.97277515193282
64.25385939335024,-195.37802127409668,-89.97277515193282
64.25409697485077,-195.87802098805568,-89.97277515193282
64.2543345563513,-196.37802070201468,-89.97277515193282
64.25457213785182,-196.87802041597368,-89.97277515193282
64.25480971935235,-197.37802012993268,-89.97277515193282
64.25504730085288,-197.87801984389168,-89.97585280340374
64.25525802481589,-198.37801962480418,-89.97585280340374
64.2554687487789,-198.87801940571669,-89.97585280340374
64.2556794727419,-199.3780191866292,-89.97585280340374
64.25589019670491,-199.8780189675417,-89.97585280340374
64.25610092066792,-200.3780187484542,-89.97585280340374
64.25631164463093,-200.8780185293667,-89.97585280340374
64.25652236859393,-201.3780183102792,-89.97585280340374
64.25673309255694,-201.8780180911917,-89.97585280340374
64.25694381651995,-202.3780178721042,-89.97591301320104
64.25715401512164,-202.87801781512505,-89.97591301320104
64.25736421372333,-203.3780177581459,-89.97591301320104
64.25757441232503,-203.87801770116673,-89.97591301320104
64.25778461092672,-204.37801764418757,-89.97591301320104
64.25799480952841,-204.8780175872084,-89.97591301320104
64.2582050081301,-205.37801753022924,-89.97591301320104
64.2584152067318,-205.87801747325008,-89.97591301320104
64.25862540533349,-206.37801741627092,-89.97591301320104
64.25883560393518,-206.87801735929176,-89.97591301320104
64.25904580253687,-207.3780173023126,-89.97591301320104
64.25925600113857,-207.87801724533344,-89.53524281770912
64.26331172791566,-208.37800076244542,-89.53524281770912
64.26736745469276,-208.8779842795574,-89.53524281770912
64.27142318146986,-209.3779677966694,-89.53524281770912
64.27547890824695,-209.87795131378138,-89.53524281770912
64.27953463502405,-210.37793483089337,-89.53524281770912
64.28359036180115,-210.87791834800535,-89.53524281770912
64.28764608857824,-211.37790186511734,-89.53524281770912
64.29170181535534,-211.87788538222932,-89.53524281770912
64.29575754213243,-212.3778688993413,-89.53524281770912
64.29981326890953,-212.8778524164533,-89.60948270176577
64.30322114126062,-213.3778396901044,-89.60948270176577
64.30662901361171,-213.8778269637555,-89.60948270176577
64.3100368859628,-214.3778142374066,-89.60948270176577
64.31344475831389,-214.8778015110577,-89.60948270176577
64.31685263066498,-215.3777887847088,-89.60948270176577
64.32026050301607,-215.8777760583599,-89.60948270176577
64.32366837536716,-216.377763332011,-89.60948270176577
64.32707624771825,-216.8777506056621,-89.71959783982764
64.32952320831801,-217.37774459862786,-89.71959783982764
64.33197016891776,-217.8777385915936,-89.71959783982764
64.33441712951752,-218.37773258455937,-89.71959783982764
64.33686409011727,-218.87772657752512,-89.71959783982764
64.33931105071703,-219.37772057049088,-89.71959783982764
64.34175801131678,-219.87771456345664,-89.71959783982764
64.34420497191654,-220.3777085564224,-89.71959783982764
64.3466519325163,-220.87770254938815,-89.71959783982764
64.34909889311605,-221.3776965423539,-89.01940137725741
64.35765575244314,-221.87761979756482,-89.01940137725741
64.36621261177022,-222.37754305277574,-89.01940137725741
64.37476947109731,-222.87746630798665,-89.01940137725741
64.3833263304244,-223.37738956319757,-89.01940137725741
64.39188318975148,-223.87731281840848,-89.01940137725741
64.40044004907857,-224.3772360736194,-89.01940137725741
64.40899690840565,-224.87715932883032,-89.24821820131257
64.41555725387646,-225.37711628073342,-89.24821820131257
64.42211759934726,-225.87707323263652,-89.24821820131257
64.42867794481806,-226.37703018453962,-89.24821820131257
64.43523829028886,-226.87698713644272,-89.24821820131257
64.44179863575967,-227.37694408834582,-89.24821820131257
64.44835898123047,-227.87690104024892,-89.24821820131257
64.45491932670127,-228.37685799215203,-89.24821820131257
64.46147967217208,-228.87681494405513,-89.67537815911304
64.46431251426803,-229.3768064385937,-89.67537815911304
64.46714535636399,-229.87679793313225,-89.67537815911304
64.46997819845994,-230.37678942767081,-89.67537815911304
64.4728110405559,-230.87678092220938,-89.67537815911304
64.47564388265185,-231.37677241674794,-89.67537815911304
64.47847672474781,-231.8767639112865,-89.67537815911304
64.48130956684376,-232.37675540582507,-89.67537815911304
64.48414240893972,-232.87674690036363,-89.6884533776018
64.48686113042527,-233.37673541054076,-89.6884533776018
64.48957985191082,-233.8767239207179,-89.6884533776018
64.49229857339637,-234.37671243089503,-89.6884533776018
64.49501729488192,-234.87670094107216,-89.6884533776018
64.49773601636747,-235.3766894512493,-89.6884533776018
64.50045473785302,-235.87667796142642,-89.6884533776018
64.50317345933857,-236.37666647160356,-89.6884533776018
64.50589218082412,-236.8766549817807,-89.66789265575498
64.5087903477735,-237.37664655897547,-89.66789265575498
64.51168851472288,-237.87663813617024,-89.66789265575498
64.51458668167226,-238.37662971336502,-89.66789265575498
64.51748484862163,-238.8766212905598,-89.66789265575498
64.52038301557101,-239.37661286775457,-89.66789265575498
64.52328118252039,-239.87660444494935,-89.66789265575498
64.52617934946977,-240.37659602214413,-89.66789265575498
64.52907751641915,-240.8765875993389,-89.13082751882156
64.53666218129965,-241.37652974001398,-89.13082751882156
64.54424684618014,-241.87647188068905,-89.13082751882156
64.55183151106064,-242.37641402136413,-89.13082751882156
64.55941617594114,-242.8763561620392,-89.13082751882156
64.56700084082163,-243.37629830271428,-89.13082751882156
64.57458550570213,-243.87624044338935,-89.13082751882156
64.58217017058263,-244.37618258406442,-89.13082751882156
64.58975483546313,-244.8761247247395,-89.13082751882156
64.59733950034362,-245.37606686541457,-89.13082751882156
64.60492416522412,-245.87600900608965,-89.13082751882156
64.61250883010462,-246.37595114676472,-89.13082751882156
64.62009349498511,-246.8758932874398,-89.95920454067229
64.62044950062354,-247.3758905286445,-89.95920454067229
64.62080550626196,-247.87588776984921,-89.95920454067229
64.62116151190038,-248.37588501105392,-89.95920454067229
64.6215175175388,-248.87588225225863,-89.95920454067229
64.62187352317723,-249.37587949346334,-89.95920454067229
64.62222952881565,-249.87587673466805,-89.95920454067229
64.62258553445407,-250.37587397587276,-89.95920454067229
64.6229415400925,-250.87587121707747,-89.95920454067229
64.62329754573092,-251.37586845828218,-89.95920454067229
64.62365355136934,-251.8758656994869,-89.60971011184785
64.62705941496469,-252.37584942249867,-89.60971011184785
64.63046527856004,-252.87583314551046,-89.60971011184785
64.63387114215539,-253.37581686852224,-89.60971011184785
64.63727700575073,-253.87580059153402,-89.60971011184785
64.64068286934608,-254.3757843145458,-89.60971011184785
64.64408873294143,-254.87576803755758,-89.60971011184785
64.64749459653677,-255.37575176056936,-89.60971011184785
64.65090046013212,-255.87573548358114,-89.60971011184785
64.65430632372747,-256.3757192065929,-89.7500693249824
64.65648737276638,-256.8757143041085,-89.7500693249824
64.65866842180529,-257.3757094016241,-89.7500693249824
64.6608494708442,-257.87570449913966,-89.7500693249824
64.66303051988311,-258.37569959665524,-89.7500693249824
64.66521156892202,-258.8756946941708,-89.7500693249824
64.66739261796093,-259.3756897916864,-89.7500693249824
64.66957366699984,-259.875684889202,-89.7500693249824
64.67175471603875,-260.37567998671756,-89.7500693249824
64.67393576507766,-260.87567508423314,-89.7500693249824
64.67611681411657,-261.3756701817487,-89.95842064499274
64.67647966204973,-261.87566955696786,-89.95842064499274
64.67684250998289,-262.375668932187,-89.95842064499274
64.67720535791605,-262.87566830740616,-89.95842064499274
64.67756820584921,-263.3756676826253,-89.95842064499274
64.67793105378237,-263.87566705784445,-89.95842064499274
64.67829390171553,-264.3756664330636,-89.95842064499274
64.6786567496487,-264.87566580828275,-89.95842064499274
64.67901959758186,-265.3756651835019,-89.95842064499274
64.67938244551502,-265.87566455872104,-89.95842064499274
64.67974529344818,-266.3756639339402,-90.09446673055328
64.67892091762121,-266.8756623200551,-90.09446673055328
64.67809654179425,-267.37566070617,-90.09446673055328
64.67727216596728,-267.8756590922849,-90.09446673055328
64.67644779014032,-268.3756574783998,-90.09446673055328
64.67562341431335,-268.87565586451467,-90.09446673055328
64.67479903848638,-269.37565425062957,-90.09446673055328
64.67397466265942,-269.87565263674446,-90.09446673055328
64.67315028683245,-270.37565102285936,-90.09446673055328
64.67232591100549,-270.87564940897425,-89.47496594741787
64.6769076333148,-271.3756284142409,-89.47496594741787
64.68148935562411,-271.87560741950756,-89.47496594741787
64.68607107793342,-272.3755864247742,-89.47496594741787
64.69065280024273,-272.87556543004087,-89.47496594741787
64.69523452255204,-273.3755444353075,-89.47496594741787
64.69981624486135,-273.87552344057417,-89.47496594741787
64.70439796717066,-274.3755024458408,-89.47496594741787
64.70897968947997,-274.8754814511075,-89.47496594741787
64.71356141178929,-275.3754604563741,-89.97554387346405
64.71377483161037,-275.8754600884381,-89.97554387346405
64.71398825143145,-276.3754597205021,-89.97554387346405
64.71420167125252,-276.87545935256605,-89.97554387346405
64.7144150910736,-277.37545898463003,-89.97554387346405
64.71462851089468,-277.875458616694,-89.97554387346405
64.71484193071576,-278.375458248758,-89.97554387346405
64.71505535053684,-278.87545788082195,-89.97554387346405
64.71526877035792,-279.37545751288593,-89.76381292983164
64.71732988531981,-279.8754532129393,-89.76381292983164
64.7193910002817,-280.3754489129927,-89.76381292983164
64.7214521152436,-280.87544461304606,-89.76381292983164
64.72351323020548,-281.37544031309943,-89.76381292983164
64.72557434516737,-281.8754360131528,-89.76381292983164
64.72763546012926,-282.3754317132062,-89.76381292983164
64.72969657509115,-282.87542741325956,-89.76381292983164
64.73175769005304,-283.37542311331293,-89.76381292983164
64.73381880501493,-283.8754188133663,-89.76381292983164
64.73587991997682,-284.3754145134197,-89.8263705141257
64.73739510322795,-284.87540643181075,-89.8263705141257
64.73891028647908,-285.3753983502018,-89.8263705141257
64.74042546973021,-285.87539026859287,-89.8263705141257
64.74194065298134,-286.3753821869839,-89.8263705141257
64.74345583623247,-286.875374105375,-89.8263705141257
64.7449710194836,-287.37536602376605,-89.8263705141257
64.74648620273473,-287.8753579421571,-89.8263705141257
64.74800138598586,-288.37534986054817,-89.57331781039132
64.75172485512638,-288.87533586488155,-89.57331781039132
64.75544832426691,-289.37532186921493,-89.57331781039132
64.75917179340743,-289.8753078735483,-89.57331781039132
64.76289526254796,-290.3752938778817,-89.57331781039132
64.76661873168848,-290.87527988221507,-89.57331781039132
64.770342200829,-291.37526588654845,-89.57331781039132
64.77406566996953,-291.8752518908818,-89.57331781039132
64.77778913911006,-292.3752378952152,-89.57331781039132
64.78151260825058,-292.8752238995486,-89.57331781039132
64.7852360773911,-293.37520990388197,-89.57331781039132
64.78895954653163,-293.87519590821535,-89.84133680776024
64.79034414231504,-294.3751939910589,-89.84133680776024
64.79172873809844,-294.87519207390244,-89.84133680776024
64.79311333388185,-295.375190156746,-89.84133680776024
64.79449792966525,-295.87518823958953,-89.84133680776024
64.79588252544866,-296.3751863224331,-89.84133680776024
64.79726712123207,-296.8751844052766,-89.84133680776024
64.79865171701547,-297.3751824881202,-89.84133680776024
64.80003631279888,-297.8751805709637,-89.84133680776024
64.80142090858229,-298.37517865380727,-89.84133680776024
64.8028055043657,-298.8751767366508,-89.86980849103686
64.80394163860025,-299.3751754315311,-89.86980849103686
64.8050777728348,-299.87517412641137,-89.86980849103686
64.80621390706936,-300.37517282129164,-89.86980849103686
64.80735004130392,-300.8751715161719,-89.86980849103686
64.80848617553848,-301.3751702110522,-89.86980849103686
64.80962230977303,-301.87516890593247,-89.86980849103686
64.81075844400759,-302.37516760081274,-89.86980849103686
64.81189457824215,-302.875166295693,-89.97105242848876
64.81214719342071,-303.37516617774565,-89.97105242848876
64.81239980859928,-303.8751660597983,-89.97105242848876
64.81265242377785,-304.3751659418509,-89.97105242848876
64.81290503895642,-304.87516582390356,-89.97105242848876
64.81315765413498,-305.3751657059562,-89.97105242848876
64.81341026931355,-305.8751655880088,-89.97105242848876
64.81366288449212,-306.37516547006146,-89.97105242848876
64.81391549967068,-306.8751653521141,-90.09483114755957
64.81308794483463,-307.37516305692736,-90.09483114755957
64.81226038999858,-307.87516076174063,-90.09483114755957
64.81143283516253,-308.3751584665539,-90.09483114755957
64.81060528032648,-308.87515617136717,-90.09483114755957
64.80977772549043,-309.37515387618043,-90.09483114755957
64.80895017065438,-309.8751515809937,-90.09483114755957
64.80812261581833,-310.37514928580697,-90.09483114755957
64.80729506098228,-310.87514699062024,-90.09483114755957
64.80646750614623,-311.3751446954335,-90.08588417403223
64.80571802955444,-311.8751415094639,-90.08588417403223
64.80496855296265,-312.3751383234943,-90.08588417403223
64.80421907637086,-312.8751351375247,-90.08588417403223
64.80346959977906,-313.3751319515551,-90.08588417403223
64.80272012318727,-313.8751287655855,-90.08588417403223
64.80197064659548,-314.3751255796159,-90.08588417403223
64.80122117000369,-314.8751223936463,-90.08588417403223
64.8004716934119,-315.3751192076767,-90.08588417403223
64.7997222168201,-315.8751160217071,-90.61703339275888
64.79433769120985,-316.37508679956005,-90.61703339275888
64.7889531655996,-316.87505757741303,-90.61703339275888
64.78356863998934,-317.375028355266,-90.61703339275888
64.77818411437909,-317.874999133119,-90.61703339275888
64.77279958876883,-318.37496991097197,-90.61703339275888
64.76741506315858,-318.87494068882495,-90.61703339275888
64.76203053754833,-319.37491146667793,-91.83090172680947
64.74605569883477,-319.87465389180835,-91.83090172680947
64.7300808601212,-320.37439631693877,-91.83090172680947
64.71410602140764,-320.8741387420692,-91.83090172680947
64.69813118269408,-321.3738811671996,-92.04603748464642
64.68027994131643,-321.87356213521025,-92.04603748464642
64.66242869993877,-322.3732431032209,-92.04603748464642
64.64457745856112,-322.8729240712315,-92.04603748464642
64.62672621718346,-323.37260503924216,-92.04603748464642
64.6088749758058,-323.8722860072528,-92.04603748464642
64.59102373442815,-324.37196697526343,-93.24401906431342
64.56272945261563,-324.8711657271361,-93.24401906431342
64.5344351708031,-325.37036447900874,-93.24401906431342
64.50614088899059,-325.8695632308814,-93.24401906431342
64.47784660717807,-326.36876198275405,-93.24401906431342
64.44955232536554,-326.8679607346267,-93.70151245874132
64.4172730252664,-327.36691730235873,-93.70151245874132
64.38499372516725,-327.86587387009075,-93.70151245874132
64.3527144250681,-328.3648304378228,-93.70151245874132
64.32043512496895,-328.8637870055548,-93.70151245874132
64.2881558248698,-329.3627435732868,-93.70151245874132
64.25587652477066,-329.86170014101884,-93.09408325220451
64.2288886835982,-330.360971129494,-93.09408325220451
64.20190084242574,-330.8602421179691,-93.09408325220451
64.17491300125329,-331.35951310644424,-93.09408325220451
64.14792516008083,-331.8587840949194,-93.09408325220451
64.12093731890837,-332.3580550833945,-93.09408325220451
64.09394947773592,-332.85732607186964,-93.09408325220451
64.06696163656346,-333.35659706034477,-95.92717911354517
64.0153296006039,-333.85392256102097,-95.92717911354517
63.96369756464435,-334.35124806169716,-95.92717911354517
63.91206552868479,-334.84857356237336,-95.92717911354517
63.860433492725235,-335.34589906304956,-95.92717911354517
63.80880145676568,-335.84322456372576,-95.92717911354517
63.75716942080612,-336.34055006440195,-95.92717911354517
63.705537384846565,-336.83787556507815,-95.92717911354517
63.65390534888701,-337.33520106575435,-98.13666725177477
63.58313798983174,-337.8301674811103,-98.13666725177477
63.51237063077647,-338.3251338964663,-98.13666725177477
63.441603271721206,-338.8201003118223,-98.13666725177477
63.37083591266594,-339.31506672717825,-98.13666725177477
63.30006855361067,-339.8100331425342,-98.13666725177477
63.229301194555404,-340.3049995578902,-98.13666725177477
63.15853383550014,-340.7999659732462,-98.13666725177477
63.08776647644487,-341.29493238860215,-101.14939897570879
62.991082696292565,-341.7854945795535,-101.14939897570879
62.89439891614026,-342.2760567705048,-101.14939897570879
62.79771513598796,-342.7666189614561,-101.14939897570879
62.70103135583565,-343.25718115240744,-101.14939897570879
62.60434757568335,-343.74774334335876,-101.14939897570879
62.507663795531045,-344.2383055343101,-101.14939897570879
62.41098001537874,-344.7288677252614,-101.67065640178481
62.30983753690569,-345.2185290328582,-101.67065640178481
62.20869505843264,-345.708190340455,-101.67065640178481
62.10755257995959,-346.1978516480518,-101.67065640178481
62.00641010148654,-346.68751295564863,-101.67065640178481
61.905267623013486,-347.17717426324543,-101.67065640178481
61.804125144540436,-347.66683557084224,-101.67065640178481
61.702982666067385,-348.15649687843904,-101.67065640178481
61.601840187594334,-348.64615818603585,-101.67065640178481
61.50069770912128,-349.13581949363265,-103.41411761702585
61.38470400581998,-349.622178487797,-103.41411761702585
61.26871030251867,-350.1085374819613,-103.41411761702585
61.152716599217364,-350.59489647612565,-103.41411761702585
61.03672289591606,-351.08125547029,-103.41411761702585
60.92072919261475,-351.5676144644543,-103.41411761702585
60.804735489313444,-352.05397345861866,-103.41411761702585
60.68874178601214,-352.540332452783,-103.41411761702585
60.57274808271083,-353.0266914469473,-103.41411761702585
60.456754379409524,-353.51305044111166,-103.41411761702585
60.34076067610822,-353.999409435276,-105.90386309536848
60.20374915977171,-354.4802690465477,-105.90386309536848
60.066737643435204,-354.96112865781936,-105.90386309536848
59.9297261270987,-355.44198826909104,-105.90386309536848
59.79271461076219,-355.9228478803627,-105.90386309536848
59.65570309442568,-356.4037074916344,-107.5935598428454
59.50457182904776,-356.88031947289045,-107.5935598428454
59.35344056366984,-357.3569314541465,-107.5935598428454
59.20230929829192,-357.83354343540253,-107.5935598428454
59.051178032914,-358.3101554166586,-107.5935598428454
58.90004676753608,-358.7867673979146,-107.5935598428454
58.74891550215816,-359.26337937917066,-109.0103320492081
58.58604765347638,-359.736105015476,-109.0103320492081
58.42317980479459,-360.2088306517814,-109.0103320492081
58.26031195611281,-360.68155628808677,-110.3930480621776
58.08608279592392,-361.1502184262202,-110.3930480621776
57.911853635735035,-361.6188805643536,-110.3930480621776
57.73762447554615,-362.08754270248704,-110.3930480621776
57.56339531535726,-362.55620484062047,-110.3930480621776
57.389166155168375,-363.0248669787539,-111.51554727832772
57.205789320293654,-363.49002600335103,-111.51554727832772
57.02241248541893,-363.9551850279482,-111.51554727832772
56.83903565054421,-364.4203440525453,-111.51554727832772
56.65565881566949,-364.88550307714246,-112.61317938224418
56.46340500319902,-365.3470639177286,-112.61317938224418
56.27115119072855,-365.8086247583147,-112.61317938224418
56.078897378258084,-366.2701855989008,-114.0963193466148
55.87476150733486,-366.72661571522826,-114.0963193466148
55.670625636411636,-367.1830458315557,-114.0963193466148
55.46648976548841,-367.63947594788317,-115.15762004450823
55.253934885411134,-368.0920466674273,-115.15762004450823
55.041380005333856,-368.5446173869715,-115.15762004450823
54.82882512525658,-368.99718810651564,-115.15762004450823
54.6162702451793,-369.4497588260598,-116.91561606177034
54.389931368818104,-369.89559591767954,-116.91561606177034
54.16359249245691,-370.3414330092993,-117.78817779078342
53.930490812869856,-370.78377089225023,-117.78817779078342
53.697389133282805,-371.22610877520117,-117.78817779078342
53.46428745369575,-371.6684466581521,-117.78817779078342
53.2311857741087,-372.11078454110304,-117.78817779078342
52.99808409452165,-372.553122424054,-119.20859176462416
52.75408884261665,-372.9895468360045,-119.20859176462416
52.510093590711655,-373.425971247955,-119.20859176462416
52.26609833880666,-373.8623956599055,-121.18025751862172
52.00723229421998,-374.290166884755,-121.18025751862172
51.74836624963331,-374.7179381096046,-121.18025751862172
51.48950020504663,-375.1457093344541,-121.18025751862172
51.23063416045996,-375.5734805593037,-121.18025751862172
50.97176811587328,-376.0012517841532,-121.18025751862172
50.71290207128661,-376.4290230090028,-121.18025751862172
50.45403602669993,-376.8567942338523,-121.18025751862172
50.195169982113256,-377.2845654587019,-123.05948139180516
49.92241542319401,-377.70361758949963,-123.05948139180516
49.649660864274765,-378.1226697202974,-123.05948139180516
49.37690630535552,-378.54172185109513,-125.09958987016184
49.089407574445644,-378.95079739199514,-125.09958987016184
48.80190884353577,-379.35987293289514,-126.44688391806898
48.50487037901686,-379.7620766443018,-126.44688391806898
48.207831914497945,-380.1642803557085,-126.44688391806898
47.91079344997903,-380.5664840671152,-128.0784826163707
47.60242338632748,-380.96006730454883,-128.0784826163707
47.29405332267593,-381.35365054198246,-129.3974507290671
46.97670559061342,-381.7400310428393,-129.39745072906769
46.659357858550905,-382.1264115436961,-129.39745072906769
46.34201012648839,-382.51279204455295,-129.69539370556964
46.022657147264596,-382.89751749702714,-129.69539370556964
45.7033041680408,-383.2822429495013,-129.69539370556964
45.38395118881701,-383.6669684019755,-129.69539370556964
45.064598209593214,-384.0516938544497,-132.25408259262147
44.728389244404916,-384.4217780713514,-132.25408259262147
44.39218027921662,-384.7918622882531,-133.1032429627937
44.05052370011324,-385.15692305177134,-133.1032429627937
43.70886712100986,-385.52198381528956,-133.1032429627937
43.36721054190648,-385.8870445788078,-134.73945566697188
43.015269030957725,-386.24220154072765,-134.73945566697188
42.66332752000897,-386.5973585026475,-134.73945566697188
42.311386009060215,-386.9525154645674,-136.4002599623245
41.949299980771855,-387.2973221966815,-136.4002599623245
41.587213952483495,-387.64212892879556,-136.4002599623245
41.225127924195135,-387.98693566090964,-138.0418643149016
40.85331176551268,-388.32122882795164,-138.0418643149016
40.48149560683022,-388.65552199499365,-138.0418643149016
40.109679448147766,-388.98981516203565,-139.116284366931
39.731660637368634,-389.31707731840646,-139.116284366931
39.3536418265895,-389.64433947477727,-139.116284366931
38.97562301581037,-389.9716016311481,-141.1284558633363
38.5863493199458,-390.2853868266119,-141.1284558633363
38.197075624081236,-390.5991720220757,-141.1284558633363
37.80780192821667,-390.91295721753954,-142.09127508659796
37.41330856013066,-391.2201584158369,-142.09127508659796
37.01881519204465,-391.5273596141343,-142.09127508659796
36.62432182395864,-391.8345608124317,-143.95332431350906
36.220054181070886,-392.1287819239428,-143.95332431350906
35.81578653818313,-392.423003035454,-143.95332431350906
35.41151889529538,-392.7172241469651,-145.3760169588716
35.00007196788004,-393.0013166295655,-145.3760169588716
34.5886250404647,-393.2854091121659,-146.38998890308062
34.1722138859263,-393.5621769093266,-146.38998890308062
33.755802731387895,-393.83894470648727,-146.38998890308062
33.33939157684949,-394.11571250364796,-146.38998890308062
32.92298042231109,-394.39248030080864,-148.30362507124636
32.49755926729029,-394.6551885795507,-148.30362507124636
32.07213811226949,-394.9178968582928,-148.30362507124636
31.646716957248692,-395.1806051370349,-149.90784053574197
31.21410815240068,-395.4313006038339,-149.90784053574197
30.781499347552668,-395.6819960706329,-151.44940317767797
30.342302823557297,-395.92096275119104,-151.44940317767797
29.903106299561927,-396.15992943174916,-151.44940317767797
29.463909775566556,-396.3988961123073,-153.3827764296827
29.016900724459703,-396.62290966665705,-153.3827764296827
28.56989167335285,-396.8469232210068,-154.2155651425989
28.119673608927428,-397.06441626679543,-154.2155651425989
27.669455544502007,-397.28190931258405,-154.2155651425989
27.219237480076586,-397.49940235837266,-156.24568808049204
26.76159693241934,-397.7008101288561,-156.24568808049204
26.303956384762095,-397.9022178993396,-156.24568808049204
25.84631583710485,-398.10362566982303,-156.24568808049204
25.388675289447605,-398.3050334403065,-158.3913133782811
24.923815205266365,-398.48916609819025,-158.3913133782811
24.458955121085125,-398.673298756074,-158.3913133782811
23.994095036903886,-398.8574314139578,-159.89718720918194
23.524556695913255,-399.02928418455383,-159.89718720918194
23.055018354922623,-399.2011369551499,-159.89718720918194
22.585480013931992,-399.3729897257459,-162.7093864525369
22.108075513797896,-399.52159887578443,-162.7093864525369
21.6306710136638,-399.67020802582294,-164.00962611996425
21.150017813551354,-399.8079457242032,-164.00962611996425
20.66936461343891,-399.94568342258344,-164.00962611996425
20.188711413326462,-400.0834211209637,-164.91435875412327
19.70594261154489,-400.2135523559129,-164.91435875412327
19.22317380976332,-400.3436835908621,-164.91435875412327
18.74040500798175,-400.4738148258113,-165.94963998106758
18.255363759289523,-400.5952021194517,-165.94963998106758
17.770322510597296,-400.7165894130921,-166.80340722485275
17.28352923904047,-400.83073520377366,-166.80340722485275
16.79673596748364,-400.9448809944552,-168.23988671806487
16.30723313893632,-401.04678787282137,-168.23988671806484
15.817730310388997,-401.1486947511875,-168.23988671806484
15.328227481841676,-401.25060162955367,-169.70682417786705
14.836274437252703,-401.33994412237035,-169.70682417786705
14.34432139266373,-401.42928661518704,-170.9539057070413
13.850540867068569,-401.5079010295398,-170.9539057070413
13.356760341473407,-401.5865154438926,-172.1779061620239
12.861413762775562,-401.6545640899639,-172.1779061620239
12.366067184077718,-401.7226127360352,-172.1779061620239
11.870720605379873,-401.7906613821065,-173.72829261340567
11.373713708447976,-401.84528305495013,-173.72829261340567
10.87670681151608,-401.89990472779374,-173.72829261340567
10.379699914584183,-401.95452640063735,-175.48014065149752
9.881255592146115,-401.99392866072105,-175.48014065149752
9.382811269708046,-402.03333092080476,-175.48014065149752
8.884366947269978,-402.07273318088846,-177.40217147335403
8.384880822782696,-402.0953957438722,-177.40217147335403
7.885394698295415,-402.1180583068559,-179.28327059754866
7.385434341983491,-402.12431278114246,-179.28327059754866
6.885473985671568,-402.130567255429,-179.28327059754866
6.385513629359644,-402.13682172971556,178.8962318714646
5.885607321871157,-402.12719014912426,178.8962318714646
5.385701014382669,-402.11755856853296,177.89584177588196
4.886038406929695,-402.09920046074234,177.89584177588196
4.386375799476721,-402.0808423529517,177.01051901211568
3.887056442973178,-402.05476605595896,177.01051901211568
3.3877370864696346,-402.0286897589662,177.01051901211568
2.888417729966091,-402.00261346197345,175.98206461455317
2.3896466477685956,-401.9675790923486,175.98206461455317
1.8908755655711,-401.9325447227238,175.09856798578613
1.3927043870653653,-401.8898238446328,175.09856798578613
0.8945332085596305,-401.84710296654185,175.09856798578613
0.39636203005389575,-401.8043820884509,173.4355829074888
-0.10035946072612517,-401.74722204180716,173.4355829074888
-0.5970809515061462,-401.69006199516343,173.4355829074888
-1.093802442286167,-401.6329019485197,171.88203834443854
-1.5887912071185029,-401.5622962908418,171.88203834443854
-2.0837799719508387,-401.4916906331639,171.88203834443854
-2.5787687367831746,-401.421084975486,169.73892080856015
-3.070771689298473,-401.33201809632965,169.73892080856018
-3.562774641813772,-401.2429512171733,169.73892080856018
-4.054777594329071,-401.15388433801695,168.25930506676931
-4.544316373633645,-401.0521430653968,168.25930506676931
-5.033855152938219,-400.9504017927767,167.28509983687732
-5.521593044199151,-400.84035202260407,167.28509983687732
-6.009330935460083,-400.73030225243144,166.35498083107026
-6.49521890170847,-400.61234938254825,166.35498083107026
-6.981106867956857,-400.49439651266505,166.35498083107026
-7.466994834205244,-400.37644364278185,165.1501746658152
-7.950294515667928,-400.24830063111176,165.15017466581517
-8.433594197130612,-400.12015761944167,163.7422664566491
-8.913600161677406,-399.98017834330216,163.7422664566491
-9.393606126224201,-399.84019906716264,162.42275352169167
-9.87025971700713,-399.68920395377035,162.42275352169167
-10.346913307790059,-399.53820884037805,160.78898626564416
-10.819069423238819,-399.3736849109444,160.78898626564416
-11.291225538687579,-399.20916098151076,159.705325003773
-11.760184896439238,-399.03573719428175,159.705325003773
-12.229144254190897,-398.86231340705274,158.31563622575575
-12.69375855392725,-398.67756777992554,158.31563622575575
-13.158372853663602,-398.49282215279834,156.94506029866866
-13.618437734407317,-398.29701535328144,156.94506029866866
-14.078502615151033,-398.10120855376454,156.32945801328003
-14.536436076126831,-397.9004705649004,156.32945801328003
-14.99436953710263,-397.69973257603624,154.96415843422847
-15.447388937678904,-397.4881410511011,154.96415843422847
-15.900408338255177,-397.2765495261659,154.96415843422838
-16.35342773883145,-397.06495800123076,154.20376610577716
-16.803600161545315,-396.84737265336634,154.20376610577716
-17.25377258425918,-396.6297873055019,154.20376610577716
-17.703945006973047,-396.4122019576375,153.40066964712602
-18.151022789747483,-396.18832861653743,153.40066964712602
-18.59810057252192,-395.9644552754374,153.40066964712602
-19.045178355296354,-395.74058193433734,152.62529945032477
-19.489185433029643,-395.51067920144123,152.62529945032477
-19.933192510762932,-395.2807764685451,152.62529945032477
-20.37719958849622,-395.050873735649,152.62529945032477
-20.82120666622951,-394.8209710027529,152.26460321732586
-21.26375804084514,-394.58827745914664,152.26460321732586
-21.70630941546077,-394.35558391554036,152.26460321732586
-22.148860790076398,-394.1228903719341,152.26460321732586
-22.591412164692027,-393.8901968283278,151.50002828691856
-23.03081881113949,-393.6516187660677,151.50002828691856
-23.470225457586952,-393.4130407038076,151.50002828691856
-23.909632104034415,-393.1744626415475,151.3822812679933
-24.3485423249776,-392.9349849095476,151.3822812679933
-24.787452545920786,-392.6955071775477,151.3822812679933
-25.22636276686397,-392.4560294455478,151.3822812679933
-25.665272987807157,-392.2165517135479,151.3822812679933
-26.104183208750342,-391.977073981548,151.3822812679933
-26.543093429693528,-391.7375962495481,151.3822812679933
-26.982003650636713,-391.4981185175482,150.97781393015106
-27.419216911927172,-391.25554588600784,152.01197998158506
-27.860733864919606,-391.0209055608819,152.01197998158506
-28.30225081791204,-390.78626523575593,150.4081805464725
-28.73702807110929,-390.5393594829211,150.4081805464725
-29.17180532430654,-390.29245373008627,150.7666805648654
-29.608119476219585,-390.04827290045375,150.9600284511344
-30.045253469606305,-389.8055667553308,150.9600284511344
-30.482387462993024,-389.56286061020785,150.8333450553201
-30.9189810450608,-389.31919004967216,150.8333450553201
-31.355574627128576,-389.07551948913647,150.70845028986213
-31.791640127779566,-388.8308955025245,150.70845028986213
-32.227705628430556,-388.5862715159126,150.70845028986213
-32.663771129081546,-388.34164752930064,151.0004440240414
-33.10107994395141,-388.09924772522356,151.0004440240414
-33.53838875882128,-387.8568479211465,151.0004440240414
-33.97569757369114,-387.6144481170694,150.97665902470595
-34.41290862318401,-387.37186518695574,150.97665902470595
-34.850119672676875,-387.1292822568421,150.97665902470595
-35.28733072216974,-386.88669932672843,151.15323663442712
-35.72528722262321,-386.6454650131956,151.15323663442712
-36.163243723076675,-386.4042306996627,151.07602424685555
-36.6008738165745,-386.16240691872656,151.07602424685555
-37.03850391007232,-385.9205831377904,151.07602424685555
-37.476134003570145,-385.67875935685424,149.11331240028161
-37.90522449364384,-385.4220893848293,149.11331240028161
-38.33431498371754,-385.16541941280434,149.11331240028161
-38.76340547379124,-384.9087494407794,149.11331240028161
-39.192495963864936,-384.65207946875444,149.11331240028161
-39.62158645393863,-384.3954094967295,149.11331240028161
-40.05067694401233,-384.13873952470453,149.11331240028161
-40.47976743408603,-383.8820695526796,149.11331240028161
-40.908857924159726,-383.62539958065463,149.11331240030677
-41.286738677241374,-383.3993618460372,146.33817176779144
-41.702896239166705,-383.1222196455977,146.33817176779144
-42.119053801092036,-382.84507744515815,146.33817176779144
-42.53521136301737,-382.5679352447186,146.33817176779144
-42.9513689249427,-382.2907930442791,146.33817176779144
-43.36752648686803,-382.01365084383957,144.15977509313288
-43.77284939478744,-381.7208899467397,144.15977509313288
-44.178172302706855,-381.42812904963984,144.15977509313288
-44.58349521062627,-381.13536815253997,144.15977509313288
-44.98881811854568,-380.8426072554401,144.15977509313288
-45.39414102646509,-380.54984635834023,144.15977509313288
-45.799463934384505,-380.25708546124037,142.96367152593334
-46.19859080590385,-379.9559248315045,142.96367152593334
-46.59771767742319,-379.6547642017686,142.96367152593334
-46.99684454894253,-379.35360357203274,142.96367152593334
-47.395971420461876,-379.05244294229686,142.96367152593334
-47.79509829198122,-378.751282312561,142.96367152593334
-48.19422516350056,-378.4501216828251,143.04852472204772
-48.59379476428808,-378.1495546149695,143.04852472204772
-48.99336436507559,-377.84898754711384,143.04852472204772
-49.39293396586311,-377.5484204792582,143.04852472204772
-49.79250356665062,-377.24785341140256,141.50613555632526
-50.18384095792627,-376.93663801072887,141.50613555632526
-50.57517834920192,-376.6254226100552,141.50613555632526
-50.96651574047757,-376.3142072093815,141.50613555632526
-51.35785313175322,-376.0029918087078,141.50613555632526
-51.749190523028865,-375.6917764080341,141.50613555632526
-52.14052791430451,-375.3805610073604,141.09132101338525
-52.52960183299191,-375.06652061198827,141.09132101338525
-52.9186757516793,-374.7524802166161,141.09132101338525
-53.3077496703667,-374.43843982124395,141.09132101338525
-53.69682358905409,-374.1243994258718,141.09132101338525
-54.085897507741485,-373.8103590304996,141.09132101338525
-54.47497142642888,-373.49631863512747,142.54995653965986
-54.87191050654579,-373.19228606917534,142.54995653965986
-55.2688495866627,-372.8882535032232,142.54995653965986
-55.665788666779605,-372.5842209372711,142.54995653965986
-56.06272774689651,-372.28018837131896,142.54995653965986
-56.45966682701342,-371.97615580536683,142.54995653965986
-56.85660590713033,-371.6721232394147,142.54995653965986
-57.25354498724724,-371.3680906734626,144.50964676659052
-57.66064214438131,-371.0778144962832,144.50964676659052
-58.06773930151539,-370.7875383191039,144.50964676659052
-58.47483645864946,-370.4972621419245,144.50964676659052
-58.88193361578354,-370.2069859647452,144.50964676659052
-59.28903077291761,-369.9167097875658,144.50964676659052
-59.69612793005169,-369.62643361038647,144.50964676659052
-60.10322508718576,-369.3361574332071,144.50964676659052
-60.51032224431984,-369.04588125602777,144.50964676659052
-60.91741940145391,-368.7556050788484,144.50964676658822
-60.92801438784227,-368.74805043963715,150.50895172478442
-61.363226990902376,-368.50190875006103,150.50895172478442
-61.798439593962485,-368.2557670604849,150.50895172478442
-62.23365219702259,-368.0096253709088,150.78596110339123
-62.670052665958536,-367.7655890452936,150.78596110339123
-63.10645313489448,-367.5215527196784,150.78596110339123
-63.54285360383042,-367.27751639406324,150.78596110339123
-63.979254072766366,-367.03348006844806,150.78596110339123
-64.41565454170231,-366.7894437428329,150.78596110339123
-64.85205501063825,-366.5454074172177,150.78596110339123
-65.2884554795742,-366.3013710916025,150.67164850246027
-65.7243689233694,-366.0564641672645,150.67164850246027
-66.1602823671646,-365.8115572429265,150.67164850246027
-66.5961958109598,-365.5666503185885,150.67164850246027
-67.032109254755,-365.32174339425046,150.67164850246027
-67.4680226985502,-365.07683646991245,150.92295129991282
-67.9050006508015,-364.83384688096413,150.92295129991282
-68.3419786030528,-364.5908572920158,150.92295129991282
-68.77895655530409,-364.3478677030675,150.92295129991282
-69.21593450755539,-364.1048781141192,150.92295129991282
-69.65291245980669,-363.86188852517085,151.0120562472401
-70.09027330651887,-363.61957574205826,151.0120562472401
-70.52763415323105,-363.37726295894566,151.0120562472401
-70.96499499994323,-363.13495017583307,151.0120562472401
-71.40235584665541,-362.8926373927205,151.0120562472401
-71.83971669336759,-362.6503246096079,150.73174477749532
-72.27588681458202,-362.40587501756147,150.73174477749532
-72.71205693579645,-362.16142542551506,150.73174477749532
-73.14822705701089,-361.91697583346865,150.73174477749532
-73.58439717822532,-361.67252624142225,150.73174477749532
-74.02056729943975,-361.42807664937584,150.73174477749532
-74.45673742065418,-361.18362705732943,150.6347788304052
-74.892489056598,-360.9384419932477,150.6347788304052
-75.32824069254181,-360.69325692916595,150.6347788304052
-75.76399232848563,-360.4480718650842,150.6347788304052
-76.19974396442944,-360.2028868010025,150.6347788304052
-76.63549560037326,-359.95770173692074,151.22822687819314
-77.07376590273971,-359.71704169383844,151.22822687819314
-77.51203620510616,-359.47638165075614,151.22822687819314
-77.9503065074726,-359.23572160767384,151.22822687819314
-78.38857680983905,-358.99506156459154,151.22822687819314
-78.8268471122055,-358.75440152150924,151.22822687819314
-79.26511741457195,-358.51374147842694,151.01185679983413
-79.70246642098455,-358.27143326550936,151.01185679983413
-80.13981542739715,-358.0291250525918,151.01185679983413
-80.57716443380976,-357.7868168396742,151.01185679983413
-81.01451344022236,-357.5445086267566,151.01185679983413
-81.45186244663496,-357.30220041383905,151.01185679979076
-81.57744390628068,-357.23262344300747,151.01185679979076
